source_file,TIME,DEPTH,TIME_QC,STATION,LATITUDE,LONGITUDE,DEPH,EWCT,EWCT_QC,NSCT,NSCT_QC,WSPD,WSPD_QC,WDIR,WDIR_QC,DRYT,DRYT_QC,RELH,RELH_QC,TEMP,TEMP_QC,PSAL,PSAL_QC
MO_TS_MO_VIDA_20250820.nc,2025-08-20 00:00:00,0,1.0,b'VIDA',45.5488,13.550525,-5.0,,,,,1.57,1.0,121.72001,1.0,,,,,,,,
MO_TS_MO_VIDA_20250820.nc,2025-08-20 00:00:00,1,1.0,b'VIDA',45.5488,13.550525,-3.5,,,,,,,,,24.330002,1.0,64.96001,1.0,,,,
MO_TS_MO_VIDA_20250820.nc,2025-08-20 00:00:00,2,1.0,b'VIDA',45.5488,13.550525,0.0,-0.075,1.0,-0.101,1.0,,,,,,,,,,,,
MO_TS_MO_VIDA_20250820.nc,2025-08-20 00:00:00,3,1.0,b'VIDA',45.5488,13.550525,1.0,-0.068,1.0,-0.039,1.0,,,,,,,,,,,,
MO_TS_MO_VIDA_20250820.nc,2025-08-20 00:00:00,4,1.0,b'VIDA',45.5488,13.550525,2.0,-0.069000006,1.0,-0.046000004,1.0,,,,,,,,,,,,
MO_TS_MO_VIDA_20250820.nc,2025-08-20 00:00:00,5,1.0,b'VIDA',45.5488,13.550525,2.5,,,,,,,,,,,,,25.890001,1.0,36.390003,1.0
MO_TS_MO_VIDA_20250820.nc,2025-08-20 00:00:00,6,1.0,b'VIDA',45.5488,13.550525,3.0,-0.09,1.0,-0.086,1.0,,,,,,,,,,,,
MO_TS_MO_VIDA_20250820.nc,2025-08-20 00:00:00,7,1.0,b'VIDA',45.5488,13.550525,4.0,-0.029000001,1.0,-0.054,1.0,,,,,,,,,,,,
MO_TS_MO_VIDA_20250820.nc,2025-08-20 00:00:00,8,1.0,b'VIDA',45.5488,13.550525,5.0,0.002,1.0,-0.018000001,1.0,,,,,,,,,,,,
MO_TS_MO_VIDA_20250820.nc,2025-08-20 00:00:00,9,1.0,b'VIDA',45.5488,13.550525,6.0,0.006,1.0,-0.014,1.0,,,,,,,,,,,,
MO_TS_MO_VIDA_20250820.nc,2025-08-20 00:00:00,10,1.0,b'VIDA',45.5488,13.550525,7.0,0.042000003,1.0,-0.062000003,1.0,,,,,,,,,,,,
MO_TS_MO_VIDA_20250820.nc,2025-08-20 00:00:00,11,1.0,b'VIDA',45.5488,13.550525,8.0,-0.015000001,1.0,-0.074,1.0,,,,,,,,,,,,
MO_TS_MO_VIDA_20250820.nc,2025-08-20 00:00:00,12,1.0,b'VIDA',45.5488,13.550525,9.0,-0.072000004,1.0,-0.098000005,1.0,,,,,,,,,,,,
MO_TS_MO_VIDA_20250820.nc,2025-08-20 00:00:00,13,1.0,b'VIDA',45.5488,13.550525,10.0,-0.07700001,1.0,-0.132,1.0,,,,,,,,,,,,
MO_TS_MO_VIDA_20250820.nc,2025-08-20 00:00:00,14,1.0,b'VIDA',45.5488,13.550525,11.0,-0.053000003,1.0,-0.13800001,1.0,,,,,,,,,,,,
MO_TS_MO_VIDA_20250820.nc,2025-08-20 00:00:00,15,1.0,b'VIDA',45.5488,13.550525,12.0,-0.064,1.0,-0.047000002,1.0,,,,,,,,,,,,
MO_TS_MO_VIDA_20250820.nc,2025-08-20 00:00:00,16,1.0,b'VIDA',45.5488,13.550525,13.0,-0.059000004,1.0,-0.024,1.0,,,,,,,,,,,,
MO_TS_MO_VIDA_20250820.nc,2025-08-20 00:00:00,17,1.0,b'VIDA',45.5488,13.550525,14.0,-0.028,1.0,0.004,1.0,,,,,,,,,,,,
MO_TS_MO_VIDA_20250820.nc,2025-08-20 00:00:00,18,1.0,b'VIDA',45.5488,13.550525,15.0,-0.018000001,1.0,-0.013,1.0,,,,,,,,,,,,
MO_TS_MO_VIDA_20250820.nc,2025-08-20 00:00:00,19,1.0,b'VIDA',45.5488,13.550525,16.0,-0.064,1.0,-0.056,1.0,,,,,,,,,,,,
MO_TS_MO_VIDA_20250820.nc,2025-08-20 00:00:00,20,1.0,b'VIDA',45.5488,13.550525,17.0,-0.135,1.0,-0.043,1.0,,,,,,,,,,,,
MO_TS_MO_VIDA_20250820.nc,2025-08-20 00:00:00,21,1.0,b'VIDA',45.5488,13.550525,18.0,-0.52000004,1.0,-0.119,1.0,,,,,,,,,,,,
MO_TS_MO_VIDA_20250820.nc,2025-08-20 00:00:00,22,1.0,b'VIDA',45.5488,13.550525,19.0,-0.513,1.0,-0.12200001,1.0,,,,,,,,,,,,
MO_TS_MO_VIDA_20250820.nc,2025-08-20 00:00:00,23,1.0,b'VIDA',45.5488,13.550525,20.0,-0.24000001,1.0,-0.086,1.0,,,,,,,,,,,,
MO_TS_MO_VIDA_20250820.nc,2025-08-20 00:30:00,0,1.0,b'VIDA',45.5488,13.550525,-5.0,,,,,0.8,1.0,135.38,1.0,,,,,,,,
MO_TS_MO_VIDA_20250820.nc,2025-08-20 00:30:00,1,1.0,b'VIDA',45.5488,13.550525,-3.5,,,,,,,,,24.2,1.0,66.12,1.0,,,,
MO_TS_MO_VIDA_20250820.nc,2025-08-20 00:30:00,2,1.0,b'VIDA',45.5488,13.550525,0.0,-0.052,1.0,-0.055000003,1.0,,,,,,,,,,,,
MO_TS_MO_VIDA_20250820.nc,2025-08-20 00:30:00,3,1.0,b'VIDA',45.5488,13.550525,1.0,-0.086,1.0,-0.024,1.0,,,,,,,,,,,,
MO_TS_MO_VIDA_20250820.nc,2025-08-20 00:30:00,4,1.0,b'VIDA',45.5488,13.550525,2.0,-0.120000005,1.0,-0.015000001,1.0,,,,,,,,,,,,
MO_TS_MO_VIDA_20250820.nc,2025-08-20 00:30:00,5,1.0,b'VIDA',45.5488,13.550525,2.5,,,,,,,,,,,,,25.830002,1.0,36.41,1.0
MO_TS_MO_VIDA_20250820.nc,2025-08-20 00:30:00,6,1.0,b'VIDA',45.5488,13.550525,3.0,-0.15,1.0,-0.053000003,1.0,,,,,,,,,,,,
MO_TS_MO_VIDA_20250820.nc,2025-08-20 00:30:00,7,1.0,b'VIDA',45.5488,13.550525,4.0,-0.123,1.0,-0.068,1.0,,,,,,,,,,,,
MO_TS_MO_VIDA_20250820.nc,2025-08-20 00:30:00,8,1.0,b'VIDA',45.5488,13.550525,5.0,-0.109000005,1.0,-0.064,1.0,,,,,,,,,,,,
MO_TS_MO_VIDA_20250820.nc,2025-08-20 00:30:00,9,1.0,b'VIDA',45.5488,13.550525,6.0,-0.078,1.0,-0.079,1.0,,,,,,,,,,,,
MO_TS_MO_VIDA_20250820.nc,2025-08-20 00:30:00,10,1.0,b'VIDA',45.5488,13.550525,7.0,-0.058000002,1.0,-0.108,1.0,,,,,,,,,,,,
MO_TS_MO_VIDA_20250820.nc,2025-08-20 00:30:00,11,1.0,b'VIDA',45.5488,13.550525,8.0,-0.076000005,1.0,-0.09900001,1.0,,,,,,,,,,,,
MO_TS_MO_VIDA_20250820.nc,2025-08-20 00:30:00,12,1.0,b'VIDA',45.5488,13.550525,9.0,-0.087000005,1.0,-0.091000006,1.0,,,,,,,,,,,,
MO_TS_MO_VIDA_20250820.nc,2025-08-20 00:30:00,13,1.0,b'VIDA',45.5488,13.550525,10.0,-0.07300001,1.0,-0.032,1.0,,,,,,,,,,,,
MO_TS_MO_VIDA_20250820.nc,2025-08-20 00:30:00,14,1.0,b'VIDA',45.5488,13.550525,11.0,-0.061000004,1.0,-0.047000002,1.0,,,,,,,,,,,,
MO_TS_MO_VIDA_20250820.nc,2025-08-20 00:30:00,15,1.0,b'VIDA',45.5488,13.550525,12.0,-0.051000003,1.0,-0.029000001,1.0,,,,,,,,,,,,
MO_TS_MO_VIDA_20250820.nc,2025-08-20 00:30:00,16,1.0,b'VIDA',45.5488,13.550525,13.0,-0.071,1.0,0.034,1.0,,,,,,,,,,,,
MO_TS_MO_VIDA_20250820.nc,2025-08-20 00:30:00,17,1.0,b'VIDA',45.5488,13.550525,14.0,-0.019000001,1.0,0.011000001,1.0,,,,,,,,,,,,
MO_TS_MO_VIDA_20250820.nc,2025-08-20 00:30:00,18,1.0,b'VIDA',45.5488,13.550525,15.0,-0.004,1.0,0.010000001,1.0,,,,,,,,,,,,
MO_TS_MO_VIDA_20250820.nc,2025-08-20 00:30:00,19,1.0,b'VIDA',45.5488,13.550525,16.0,-0.017,1.0,-0.006,1.0,,,,,,,,,,,,
MO_TS_MO_VIDA_20250820.nc,2025-08-20 00:30:00,20,1.0,b'VIDA',45.5488,13.550525,17.0,-0.104,1.0,-0.028,1.0,,,,,,,,,,,,
MO_TS_MO_VIDA_20250820.nc,2025-08-20 00:30:00,21,1.0,b'VIDA',45.5488,13.550525,18.0,-0.20600002,1.0,-0.14500001,1.0,,,,,,,,,,,,
MO_TS_MO_VIDA_20250820.nc,2025-08-20 00:30:00,22,1.0,b'VIDA',45.5488,13.550525,19.0,-0.12200001,1.0,-0.072000004,1.0,,,,,,,,,,,,
MO_TS_MO_VIDA_20250820.nc,2025-08-20 00:30:00,23,1.0,b'VIDA',45.5488,13.550525,20.0,-0.09900001,1.0,-0.136,1.0,,,,,,,,,,,,
MO_TS_MO_VIDA_20250820.nc,2025-08-20 01:00:00,0,1.0,b'VIDA',45.5488,13.550525,-5.0,,,,,0.57000005,1.0,118.840004,1.0,,,,,,,,
MO_TS_MO_VIDA_20250820.nc,2025-08-20 01:00:00,1,1.0,b'VIDA',45.5488,13.550525,-3.5,,,,,,,,,23.93,1.0,66.560005,1.0,,,,
MO_TS_MO_VIDA_20250820.nc,2025-08-20 01:00:00,2,1.0,b'VIDA',45.5488,13.550525,0.0,-0.079,1.0,-0.07700001,1.0,,,,,,,,,,,,
MO_TS_MO_VIDA_20250820.nc,2025-08-20 01:00:00,3,1.0,b'VIDA',45.5488,13.550525,1.0,-0.041,1.0,-0.072000004,1.0,,,,,,,,,,,,
MO_TS_MO_VIDA_20250820.nc,2025-08-20 01:00:00,4,1.0,b'VIDA',45.5488,13.550525,2.0,-0.057000004,1.0,-0.075,1.0,,,,,,,,,,,,
MO_TS_MO_VIDA_20250820.nc,2025-08-20 01:00:00,5,1.0,b'VIDA',45.5488,13.550525,2.5,,,,,,,,,,,,,25.77,1.0,36.43,1.0
MO_TS_MO_VIDA_20250820.nc,2025-08-20 01:00:00,6,1.0,b'VIDA',45.5488,13.550525,3.0,-0.034,1.0,-0.10700001,1.0,,,,,,,,,,,,
MO_TS_MO_VIDA_20250820.nc,2025-08-20 01:00:00,7,1.0,b'VIDA',45.5488,13.550525,4.0,-0.038000003,1.0,-0.083000004,1.0,,,,,,,,,,,,
MO_TS_MO_VIDA_20250820.nc,2025-08-20 01:00:00,8,1.0,b'VIDA',45.5488,13.550525,5.0,-0.009000001,1.0,-0.115,1.0,,,,,,,,,,,,
MO_TS_MO_VIDA_20250820.nc,2025-08-20 01:00:00,9,1.0,b'VIDA',45.5488,13.550525,6.0,-0.001,1.0,-0.106000006,1.0,,,,,,,,,,,,
MO_TS_MO_VIDA_20250820.nc,2025-08-20 01:00:00,10,1.0,b'VIDA',45.5488,13.550525,7.0,0.006,1.0,-0.09,1.0,,,,,,,,,,,,
MO_TS_MO_VIDA_20250820.nc,2025-08-20 01:00:00,11,1.0,b'VIDA',45.5488,13.550525,8.0,0.002,1.0,-0.125,1.0,,,,,,,,,,,,
MO_TS_MO_VIDA_20250820.nc,2025-08-20 01:00:00,12,1.0,b'VIDA',45.5488,13.550525,9.0,-0.013,1.0,-0.096,1.0,,,,,,,,,,,,
MO_TS_MO_VIDA_20250820.nc,2025-08-20 01:00:00,13,1.0,b'VIDA',45.5488,13.550525,10.0,0.002,1.0,-0.051000003,1.0,,,,,,,,,,,,
MO_TS_MO_VIDA_20250820.nc,2025-08-20 01:00:00,14,1.0,b'VIDA',45.5488,13.550525,11.0,-0.016,1.0,-0.061000004,1.0,,,,,,,,,,,,
MO_TS_MO_VIDA_20250820.nc,2025-08-20 01:00:00,15,1.0,b'VIDA',45.5488,13.550525,12.0,-0.003,1.0,-0.057000004,1.0,,,,,,,,,,,,
MO_TS_MO_VIDA_20250820.nc,2025-08-20 01:00:00,16,1.0,b'VIDA',45.5488,13.550525,13.0,-0.019000001,1.0,0.014,1.0,,,,,,,,,,,,
MO_TS_MO_VIDA_20250820.nc,2025-08-20 01:00:00,17,1.0,b'VIDA',45.5488,13.550525,14.0,0.008,1.0,0.05,1.0,,,,,,,,,,,,
MO_TS_MO_VIDA_20250820.nc,2025-08-20 01:00:00,18,1.0,b'VIDA',45.5488,13.550525,15.0,0.009000001,1.0,-0.017,1.0,,,,,,,,,,,,
MO_TS_MO_VIDA_20250820.nc,2025-08-20 01:00:00,19,1.0,b'VIDA',45.5488,13.550525,16.0,-0.051000003,1.0,-0.044000003,1.0,,,,,,,,,,,,
MO_TS_MO_VIDA_20250820.nc,2025-08-20 01:00:00,20,1.0,b'VIDA',45.5488,13.550525,17.0,-0.07300001,1.0,-0.029000001,1.0,,,,,,,,,,,,
MO_TS_MO_VIDA_20250820.nc,2025-08-20 01:00:00,21,1.0,b'VIDA',45.5488,13.550525,18.0,-0.046000004,1.0,-0.067,1.0,,,,,,,,,,,,
MO_TS_MO_VIDA_20250820.nc,2025-08-20 01:00:00,22,1.0,b'VIDA',45.5488,13.550525,19.0,-0.052,1.0,-0.072000004,1.0,,,,,,,,,,,,
MO_TS_MO_VIDA_20250820.nc,2025-08-20 01:00:00,23,1.0,b'VIDA',45.5488,13.550525,20.0,-0.061000004,1.0,-0.089,1.0,,,,,,,,,,,,
MO_TS_MO_VIDA_20250820.nc,2025-08-20 01:30:00,0,1.0,b'VIDA',45.5488,13.550525,-5.0,,,,,0.8,1.0,111.490005,1.0,,,,,,,,
MO_TS_MO_VIDA_20250820.nc,2025-08-20 01:30:00,1,1.0,b'VIDA',45.5488,13.550525,-3.5,,,,,,,,,23.890001,1.0,66.5,1.0,,,,
MO_TS_MO_VIDA_20250820.nc,2025-08-20 01:30:00,2,1.0,b'VIDA',45.5488,13.550525,0.0,-0.003,1.0,-0.047000002,1.0,,,,,,,,,,,,
MO_TS_MO_VIDA_20250820.nc,2025-08-20 01:30:00,3,1.0,b'VIDA',45.5488,13.550525,1.0,-0.029000001,1.0,-0.052,1.0,,,,,,,,,,,,
MO_TS_MO_VIDA_20250820.nc,2025-08-20 01:30:00,4,1.0,b'VIDA',45.5488,13.550525,2.0,-0.027,1.0,-0.035,1.0,,,,,,,,,,,,
MO_TS_MO_VIDA_20250820.nc,2025-08-20 01:30:00,5,1.0,b'VIDA',45.5488,13.550525,2.5,,,,,,,,,,,,,25.77,4.0,36.45,1.0
MO_TS_MO_VIDA_20250820.nc,2025-08-20 01:30:00,6,1.0,b'VIDA',45.5488,13.550525,3.0,-0.042000003,1.0,-0.052,1.0,,,,,,,,,,,,
MO_TS_MO_VIDA_20250820.nc,2025-08-20 01:30:00,7,1.0,b'VIDA',45.5488,13.550525,4.0,-0.080000006,1.0,-0.108,1.0,,,,,,,,,,,,
MO_TS_MO_VIDA_20250820.nc,2025-08-20 01:30:00,8,1.0,b'VIDA',45.5488,13.550525,5.0,-0.016,1.0,-0.066,1.0,,,,,,,,,,,,
MO_TS_MO_VIDA_20250820.nc,2025-08-20 01:30:00,9,1.0,b'VIDA',45.5488,13.550525,6.0,-0.004,1.0,-0.07,1.0,,,,,,,,,,,,
MO_TS_MO_VIDA_20250820.nc,2025-08-20 01:30:00,10,1.0,b'VIDA',45.5488,13.550525,7.0,-0.036000002,1.0,-0.083000004,1.0,,,,,,,,,,,,
MO_TS_MO_VIDA_20250820.nc,2025-08-20 01:30:00,11,1.0,b'VIDA',45.5488,13.550525,8.0,-0.012,1.0,-0.097,1.0,,,,,,,,,,,,
MO_TS_MO_VIDA_20250820.nc,2025-08-20 01:30:00,12,1.0,b'VIDA',45.5488,13.550525,9.0,-0.037,1.0,-0.094000004,1.0,,,,,,,,,,,,
MO_TS_MO_VIDA_20250820.nc,2025-08-20 01:30:00,13,1.0,b'VIDA',45.5488,13.550525,10.0,-0.034,1.0,-0.056,1.0,,,,,,,,,,,,
MO_TS_MO_VIDA_20250820.nc,2025-08-20 01:30:00,14,1.0,b'VIDA',45.5488,13.550525,11.0,0.010000001,1.0,-0.101,1.0,,,,,,,,,,,,
MO_TS_MO_VIDA_20250820.nc,2025-08-20 01:30:00,15,1.0,b'VIDA',45.5488,13.550525,12.0,-0.035,1.0,-0.028,1.0,,,,,,,,,,,,
MO_TS_MO_VIDA_20250820.nc,2025-08-20 01:30:00,16,1.0,b'VIDA',45.5488,13.550525,13.0,0.004,1.0,0.018000001,1.0,,,,,,,,,,,,
MO_TS_MO_VIDA_20250820.nc,2025-08-20 01:30:00,17,1.0,b'VIDA',45.5488,13.550525,14.0,-0.002,1.0,0.007,1.0,,,,,,,,,,,,
MO_TS_MO_VIDA_20250820.nc,2025-08-20 01:30:00,18,1.0,b'VIDA',45.5488,13.550525,15.0,0.021000002,1.0,-0.017,1.0,,,,,,,,,,,,
MO_TS_MO_VIDA_20250820.nc,2025-08-20 01:30:00,19,1.0,b'VIDA',45.5488,13.550525,16.0,-0.032,1.0,-0.026,1.0,,,,,,,,,,,,
MO_TS_MO_VIDA_20250820.nc,2025-08-20 01:30:00,20,1.0,b'VIDA',45.5488,13.550525,17.0,-0.078,1.0,0.016,1.0,,,,,,,,,,,,
MO_TS_MO_VIDA_20250820.nc,2025-08-20 01:30:00,21,1.0,b'VIDA',45.5488,13.550525,18.0,-0.027,1.0,-0.013,1.0,,,,,,,,,,,,
MO_TS_MO_VIDA_20250820.nc,2025-08-20 01:30:00,22,1.0,b'VIDA',45.5488,13.550525,19.0,-0.002,1.0,-0.037,1.0,,,,,,,,,,,,
MO_TS_MO_VIDA_20250820.nc,2025-08-20 01:30:00,23,1.0,b'VIDA',45.5488,13.550525,20.0,-0.024,1.0,-0.05,1.0,,,,,,,,,,,,
MO_TS_MO_VIDA_20250820.nc,2025-08-20 02:00:00,0,1.0,b'VIDA',45.5488,13.550525,-5.0,,,,,1.1,1.0,112.100006,1.0,,,,,,,,
MO_TS_MO_VIDA_20250820.nc,2025-08-20 02:00:00,1,1.0,b'VIDA',45.5488,13.550525,-3.5,,,,,,,,,23.76,1.0,65.89,1.0,,,,
MO_TS_MO_VIDA_20250820.nc,2025-08-20 02:00:00,2,1.0,b'VIDA',45.5488,13.550525,0.0,0.019000001,1.0,-0.040000003,1.0,,,,,,,,,,,,
MO_TS_MO_VIDA_20250820.nc,2025-08-20 02:00:00,3,1.0,b'VIDA',45.5488,13.550525,1.0,-0.020000001,1.0,-0.046000004,1.0,,,,,,,,,,,,
MO_TS_MO_VIDA_20250820.nc,2025-08-20 02:00:00,4,1.0,b'VIDA',45.5488,13.550525,2.0,-0.078,1.0,-0.054,1.0,,,,,,,,,,,,
MO_TS_MO_VIDA_20250820.nc,2025-08-20 02:00:00,5,1.0,b'VIDA',45.5488,13.550525,2.5,,,,,,,,,,,,,25.77,4.0,36.49,1.0
MO_TS_MO_VIDA_20250820.nc,2025-08-20 02:00:00,6,1.0,b'VIDA',45.5488,13.550525,3.0,-0.072000004,1.0,-0.055000003,1.0,,,,,,,,,,,,
MO_TS_MO_VIDA_20250820.nc,2025-08-20 02:00:00,7,1.0,b'VIDA',45.5488,13.550525,4.0,-0.079,1.0,-0.067,1.0,,,,,,,,,,,,
MO_TS_MO_VIDA_20250820.nc,2025-08-20 02:00:00,8,1.0,b'VIDA',45.5488,13.550525,5.0,-0.057000004,1.0,-0.07700001,1.0,,,,,,,,,,,,
MO_TS_MO_VIDA_20250820.nc,2025-08-20 02:00:00,9,1.0,b'VIDA',45.5488,13.550525,6.0,-0.039,1.0,-0.102000006,1.0,,,,,,,,,,,,
MO_TS_MO_VIDA_20250820.nc,2025-08-20 02:00:00,10,1.0,b'VIDA',45.5488,13.550525,7.0,-0.040000003,1.0,-0.13100001,1.0,,,,,,,,,,,,
MO_TS_MO_VIDA_20250820.nc,2025-08-20 02:00:00,11,1.0,b'VIDA',45.5488,13.550525,8.0,-0.042000003,1.0,-0.10700001,1.0,,,,,,,,,,,,
MO_TS_MO_VIDA_20250820.nc,2025-08-20 02:00:00,12,1.0,b'VIDA',45.5488,13.550525,9.0,-0.053000003,1.0,-0.108,1.0,,,,,,,,,,,,
MO_TS_MO_VIDA_20250820.nc,2025-08-20 02:00:00,13,1.0,b'VIDA',45.5488,13.550525,10.0,-0.004,1.0,-0.14600001,1.0,,,,,,,,,,,,
MO_TS_MO_VIDA_20250820.nc,2025-08-20 02:00:00,14,1.0,b'VIDA',45.5488,13.550525,11.0,-0.003,1.0,-0.080000006,1.0,,,,,,,,,,,,
MO_TS_MO_VIDA_20250820.nc,2025-08-20 02:00:00,15,1.0,b'VIDA',45.5488,13.550525,12.0,-0.027,1.0,-0.015000001,1.0,,,,,,,,,,,,
MO_TS_MO_VIDA_20250820.nc,2025-08-20 02:00:00,16,1.0,b'VIDA',45.5488,13.550525,13.0,-0.023000002,1.0,0.049000002,1.0,,,,,,,,,,,,
MO_TS_MO_VIDA_20250820.nc,2025-08-20 02:00:00,17,1.0,b'VIDA',45.5488,13.550525,14.0,0.026,1.0,0.053000003,1.0,,,,,,,,,,,,
MO_TS_MO_VIDA_20250820.nc,2025-08-20 02:00:00,18,1.0,b'VIDA',45.5488,13.550525,15.0,-0.001,1.0,0.016,1.0,,,,,,,,,,,,
MO_TS_MO_VIDA_20250820.nc,2025-08-20 02:00:00,19,1.0,b'VIDA',45.5488,13.550525,16.0,-0.025,1.0,-0.017,1.0,,,,,,,,,,,,
MO_TS_MO_VIDA_20250820.nc,2025-08-20 02:00:00,20,1.0,b'VIDA',45.5488,13.550525,17.0,-0.034,1.0,0.015000001,1.0,,,,,,,,,,,,
MO_TS_MO_VIDA_20250820.nc,2025-08-20 02:00:00,21,1.0,b'VIDA',45.5488,13.550525,18.0,0.021000002,1.0,-0.012,1.0,,,,,,,,,,,,
MO_TS_MO_VIDA_20250820.nc,2025-08-20 02:00:00,22,1.0,b'VIDA',45.5488,13.550525,19.0,-0.007,1.0,-0.048,1.0,,,,,,,,,,,,
MO_TS_MO_VIDA_20250820.nc,2025-08-20 02:00:00,23,1.0,b'VIDA',45.5488,13.550525,20.0,-0.039,1.0,-0.046000004,1.0,,,,,,,,,,,,
MO_TS_MO_VIDA_20250820.nc,2025-08-20 02:30:00,0,1.0,b'VIDA',45.5488,13.550525,-5.0,,,,,1.1700001,1.0,104.380005,1.0,,,,,,,,
MO_TS_MO_VIDA_20250820.nc,2025-08-20 02:30:00,1,1.0,b'VIDA',45.5488,13.550525,-3.5,,,,,,,,,23.470001,1.0,66.07,1.0,,,,
MO_TS_MO_VIDA_20250820.nc,2025-08-20 02:30:00,2,1.0,b'VIDA',45.5488,13.550525,0.0,0.043,1.0,-0.053000003,1.0,,,,,,,,,,,,
MO_TS_MO_VIDA_20250820.nc,2025-08-20 02:30:00,3,1.0,b'VIDA',45.5488,13.550525,1.0,-0.013,1.0,-0.079,1.0,,,,,,,,,,,,
MO_TS_MO_VIDA_20250820.nc,2025-08-20 02:30:00,4,1.0,b'VIDA',45.5488,13.550525,2.0,-0.040000003,1.0,-0.006,1.0,,,,,,,,,,,,
MO_TS_MO_VIDA_20250820.nc,2025-08-20 02:30:00,5,1.0,b'VIDA',45.5488,13.550525,2.5,,,,,,,,,,,,,25.750002,1.0,36.480003,1.0
MO_TS_MO_VIDA_20250820.nc,2025-08-20 02:30:00,6,1.0,b'VIDA',45.5488,13.550525,3.0,-0.08400001,1.0,-0.071,1.0,,,,,,,,,,,,
MO_TS_MO_VIDA_20250820.nc,2025-08-20 02:30:00,7,1.0,b'VIDA',45.5488,13.550525,4.0,-0.043,1.0,-0.098000005,1.0,,,,,,,,,,,,
MO_TS_MO_VIDA_20250820.nc,2025-08-20 02:30:00,8,1.0,b'VIDA',45.5488,13.550525,5.0,0.011000001,1.0,-0.09900001,1.0,,,,,,,,,,,,
MO_TS_MO_VIDA_20250820.nc,2025-08-20 02:30:00,9,1.0,b'VIDA',45.5488,13.550525,6.0,0.019000001,1.0,-0.091000006,1.0,,,,,,,,,,,,
MO_TS_MO_VIDA_20250820.nc,2025-08-20 02:30:00,10,1.0,b'VIDA',45.5488,13.550525,7.0,-0.001,1.0,-0.1,1.0,,,,,,,,,,,,
MO_TS_MO_VIDA_20250820.nc,2025-08-20 02:30:00,11,1.0,b'VIDA',45.5488,13.550525,8.0,0.007,1.0,-0.135,1.0,,,,,,,,,,,,
MO_TS_MO_VIDA_20250820.nc,2025-08-20 02:30:00,12,1.0,b'VIDA',45.5488,13.550525,9.0,0.013,1.0,-0.12100001,1.0,,,,,,,,,,,,
MO_TS_MO_VIDA_20250820.nc,2025-08-20 02:30:00,13,1.0,b'VIDA',45.5488,13.550525,10.0,0.015000001,1.0,-0.102000006,1.0,,,,,,,,,,,,
MO_TS_MO_VIDA_20250820.nc,2025-08-20 02:30:00,14,1.0,b'VIDA',45.5488,13.550525,11.0,0.029000001,1.0,-0.075,1.0,,,,,,,,,,,,
MO_TS_MO_VIDA_20250820.nc,2025-08-20 02:30:00,15,1.0,b'VIDA',45.5488,13.550525,12.0,0.038000003,1.0,0.035,1.0,,,,,,,,,,,,
MO_TS_MO_VIDA_20250820.nc,2025-08-20 02:30:00,16,1.0,b'VIDA',45.5488,13.550525,13.0,0.027,1.0,0.066,1.0,,,,,,,,,,,,
MO_TS_MO_VIDA_20250820.nc,2025-08-20 02:30:00,17,1.0,b'VIDA',45.5488,13.550525,14.0,0.048,1.0,0.065000005,1.0,,,,,,,,,,,,
MO_TS_MO_VIDA_20250820.nc,2025-08-20 02:30:00,18,1.0,b'VIDA',45.5488,13.550525,15.0,0.048,1.0,0.043,1.0,,,,,,,,,,,,
MO_TS_MO_VIDA_20250820.nc,2025-08-20 02:30:00,19,1.0,b'VIDA',45.5488,13.550525,16.0,-0.0050000004,1.0,0.048,1.0,,,,,,,,,,,,
MO_TS_MO_VIDA_20250820.nc,2025-08-20 02:30:00,20,1.0,b'VIDA',45.5488,13.550525,17.0,-0.030000001,1.0,0.039,1.0,,,,,,,,,,,,
MO_TS_MO_VIDA_20250820.nc,2025-08-20 02:30:00,21,1.0,b'VIDA',45.5488,13.550525,18.0,0.006,1.0,0.047000002,1.0,,,,,,,,,,,,
MO_TS_MO_VIDA_20250820.nc,2025-08-20 02:30:00,22,1.0,b'VIDA',45.5488,13.550525,19.0,0.021000002,1.0,0.052,1.0,,,,,,,,,,,,
MO_TS_MO_VIDA_20250820.nc,2025-08-20 02:30:00,23,1.0,b'VIDA',45.5488,13.550525,20.0,0.017,1.0,0.041,1.0,,,,,,,,,,,,
MO_TS_MO_VIDA_20250820.nc,2025-08-20 03:00:00,0,1.0,b'VIDA',45.5488,13.550525,-5.0,,,,,1.5500001,1.0,157.18001,1.0,,,,,,,,
MO_TS_MO_VIDA_20250820.nc,2025-08-20 03:00:00,1,1.0,b'VIDA',45.5488,13.550525,-3.5,,,,,,,,,23.36,1.0,66.11,1.0,,,,
MO_TS_MO_VIDA_20250820.nc,2025-08-20 03:00:00,2,1.0,b'VIDA',45.5488,13.550525,0.0,0.023000002,1.0,-0.043,1.0,,,,,,,,,,,,
MO_TS_MO_VIDA_20250820.nc,2025-08-20 03:00:00,3,1.0,b'VIDA',45.5488,13.550525,1.0,0.012,1.0,-0.059000004,1.0,,,,,,,,,,,,
MO_TS_MO_VIDA_20250820.nc,2025-08-20 03:00:00,4,1.0,b'VIDA',45.5488,13.550525,2.0,-0.049000002,1.0,-0.048,1.0,,,,,,,,,,,,
MO_TS_MO_VIDA_20250820.nc,2025-08-20 03:00:00,5,1.0,b'VIDA',45.5488,13.550525,2.5,,,,,,,,,,,,,25.7,1.0,36.440002,1.0
MO_TS_MO_VIDA_20250820.nc,2025-08-20 03:00:00,6,1.0,b'VIDA',45.5488,13.550525,3.0,-0.065000005,1.0,-0.048,1.0,,,,,,,,,,,,
MO_TS_MO_VIDA_20250820.nc,2025-08-20 03:00:00,7,1.0,b'VIDA',45.5488,13.550525,4.0,-0.039,1.0,-0.10300001,1.0,,,,,,,,,,,,
MO_TS_MO_VIDA_20250820.nc,2025-08-20 03:00:00,8,1.0,b'VIDA',45.5488,13.550525,5.0,0.054,1.0,-0.09200001,1.0,,,,,,,,,,,,
MO_TS_MO_VIDA_20250820.nc,2025-08-20 03:00:00,9,1.0,b'VIDA',45.5488,13.550525,6.0,0.018000001,1.0,-0.09200001,1.0,,,,,,,,,,,,
MO_TS_MO_VIDA_20250820.nc,2025-08-20 03:00:00,10,1.0,b'VIDA',45.5488,13.550525,7.0,0.046000004,1.0,-0.087000005,1.0,,,,,,,,,,,,
MO_TS_MO_VIDA_20250820.nc,2025-08-20 03:00:00,11,1.0,b'VIDA',45.5488,13.550525,8.0,0.037,1.0,-0.062000003,1.0,,,,,,,,,,,,
MO_TS_MO_VIDA_20250820.nc,2025-08-20 03:00:00,12,1.0,b'VIDA',45.5488,13.550525,9.0,0.012,1.0,-0.123,1.0,,,,,,,,,,,,
MO_TS_MO_VIDA_20250820.nc,2025-08-20 03:00:00,13,1.0,b'VIDA',45.5488,13.550525,10.0,0.012,1.0,-0.113000005,1.0,,,,,,,,,,,,
MO_TS_MO_VIDA_20250820.nc,2025-08-20 03:00:00,14,1.0,b'VIDA',45.5488,13.550525,11.0,0.044000003,1.0,-0.056,1.0,,,,,,,,,,,,
MO_TS_MO_VIDA_20250820.nc,2025-08-20 03:00:00,15,1.0,b'VIDA',45.5488,13.550525,12.0,-0.036000002,1.0,0.07700001,1.0,,,,,,,,,,,,
MO_TS_MO_VIDA_20250820.nc,2025-08-20 03:00:00,16,1.0,b'VIDA',45.5488,13.550525,13.0,0.004,1.0,0.079,1.0,,,,,,,,,,,,
MO_TS_MO_VIDA_20250820.nc,2025-08-20 03:00:00,17,1.0,b'VIDA',45.5488,13.550525,14.0,0.068,1.0,0.07700001,1.0,,,,,,,,,,,,
MO_TS_MO_VIDA_20250820.nc,2025-08-20 03:00:00,18,1.0,b'VIDA',45.5488,13.550525,15.0,0.083000004,1.0,0.048,1.0,,,,,,,,,,,,
MO_TS_MO_VIDA_20250820.nc,2025-08-20 03:00:00,19,1.0,b'VIDA',45.5488,13.550525,16.0,0.002,1.0,0.016,1.0,,,,,,,,,,,,
MO_TS_MO_VIDA_20250820.nc,2025-08-20 03:00:00,20,1.0,b'VIDA',45.5488,13.550525,17.0,-0.071,1.0,0.060000002,1.0,,,,,,,,,,,,
MO_TS_MO_VIDA_20250820.nc,2025-08-20 03:00:00,21,1.0,b'VIDA',45.5488,13.550525,18.0,0.019000001,1.0,0.07300001,1.0,,,,,,,,,,,,
MO_TS_MO_VIDA_20250820.nc,2025-08-20 03:00:00,22,1.0,b'VIDA',45.5488,13.550525,19.0,0.047000002,1.0,0.082,1.0,,,,,,,,,,,,
MO_TS_MO_VIDA_20250820.nc,2025-08-20 03:00:00,23,1.0,b'VIDA',45.5488,13.550525,20.0,0.025,1.0,0.072000004,1.0,,,,,,,,,,,,
MO_TS_MO_VIDA_20250820.nc,2025-08-20 03:30:00,0,1.0,b'VIDA',45.5488,13.550525,-5.0,,,,,1.95,1.0,165.69,1.0,,,,,,,,
MO_TS_MO_VIDA_20250820.nc,2025-08-20 03:30:00,1,1.0,b'VIDA',45.5488,13.550525,-3.5,,,,,,,,,22.93,1.0,66.28001,1.0,,,,
MO_TS_MO_VIDA_20250820.nc,2025-08-20 03:30:00,2,1.0,b'VIDA',45.5488,13.550525,0.0,0.023000002,1.0,-0.010000001,1.0,,,,,,,,,,,,
MO_TS_MO_VIDA_20250820.nc,2025-08-20 03:30:00,3,1.0,b'VIDA',45.5488,13.550525,1.0,-0.003,1.0,-0.029000001,1.0,,,,,,,,,,,,
MO_TS_MO_VIDA_20250820.nc,2025-08-20 03:30:00,4,1.0,b'VIDA',45.5488,13.550525,2.0,-0.025,1.0,-0.016,1.0,,,,,,,,,,,,
MO_TS_MO_VIDA_20250820.nc,2025-08-20 03:30:00,5,1.0,b'VIDA',45.5488,13.550525,2.5,,,,,,,,,,,,,25.69,1.0,36.43,1.0
MO_TS_MO_VIDA_20250820.nc,2025-08-20 03:30:00,6,1.0,b'VIDA',45.5488,13.550525,3.0,-0.040000003,1.0,-0.011000001,1.0,,,,,,,,,,,,
MO_TS_MO_VIDA_20250820.nc,2025-08-20 03:30:00,7,1.0,b'VIDA',45.5488,13.550525,4.0,-0.019000001,1.0,-0.034,1.0,,,,,,,,,,,,
MO_TS_MO_VIDA_20250820.nc,2025-08-20 03:30:00,8,1.0,b'VIDA',45.5488,13.550525,5.0,0.007,1.0,-0.086,1.0,,,,,,,,,,,,
MO_TS_MO_VIDA_20250820.nc,2025-08-20 03:30:00,9,1.0,b'VIDA',45.5488,13.550525,6.0,0.025,1.0,-0.042000003,1.0,,,,,,,,,,,,
MO_TS_MO_VIDA_20250820.nc,2025-08-20 03:30:00,10,1.0,b'VIDA',45.5488,13.550525,7.0,0.067,1.0,-0.055000003,1.0,,,,,,,,,,,,
MO_TS_MO_VIDA_20250820.nc,2025-08-20 03:30:00,11,1.0,b'VIDA',45.5488,13.550525,8.0,0.023000002,1.0,-0.034,1.0,,,,,,,,,,,,
MO_TS_MO_VIDA_20250820.nc,2025-08-20 03:30:00,12,1.0,b'VIDA',45.5488,13.550525,9.0,0.022000002,1.0,-0.060000002,1.0,,,,,,,,,,,,
MO_TS_MO_VIDA_20250820.nc,2025-08-20 03:30:00,13,1.0,b'VIDA',45.5488,13.550525,10.0,0.041,1.0,-0.066,1.0,,,,,,,,,,,,
MO_TS_MO_VIDA_20250820.nc,2025-08-20 03:30:00,14,1.0,b'VIDA',45.5488,13.550525,11.0,0.055000003,1.0,-0.049000002,1.0,,,,,,,,,,,,
MO_TS_MO_VIDA_20250820.nc,2025-08-20 03:30:00,15,1.0,b'VIDA',45.5488,13.550525,12.0,0.102000006,1.0,0.062000003,1.0,,,,,,,,,,,,
MO_TS_MO_VIDA_20250820.nc,2025-08-20 03:30:00,16,1.0,b'VIDA',45.5488,13.550525,13.0,0.11800001,1.0,0.108,1.0,,,,,,,,,,,,
MO_TS_MO_VIDA_20250820.nc,2025-08-20 03:30:00,17,1.0,b'VIDA',45.5488,13.550525,14.0,0.113000005,1.0,0.066,1.0,,,,,,,,,,,,
MO_TS_MO_VIDA_20250820.nc,2025-08-20 03:30:00,18,1.0,b'VIDA',45.5488,13.550525,15.0,0.123,1.0,0.071,1.0,,,,,,,,,,,,
MO_TS_MO_VIDA_20250820.nc,2025-08-20 03:30:00,19,1.0,b'VIDA',45.5488,13.550525,16.0,0.087000005,1.0,0.07700001,1.0,,,,,,,,,,,,
MO_TS_MO_VIDA_20250820.nc,2025-08-20 03:30:00,20,1.0,b'VIDA',45.5488,13.550525,17.0,-0.05,1.0,0.14,1.0,,,,,,,,,,,,
MO_TS_MO_VIDA_20250820.nc,2025-08-20 03:30:00,21,1.0,b'VIDA',45.5488,13.550525,18.0,0.022000002,1.0,0.47200003,1.0,,,,,,,,,,,,
MO_TS_MO_VIDA_20250820.nc,2025-08-20 03:30:00,22,1.0,b'VIDA',45.5488,13.550525,19.0,0.078,1.0,0.48700002,1.0,,,,,,,,,,,,
MO_TS_MO_VIDA_20250820.nc,2025-08-20 03:30:00,23,1.0,b'VIDA',45.5488,13.550525,20.0,0.101,1.0,0.187,1.0,,,,,,,,,,,,
MO_TS_MO_VIDA_20250820.nc,2025-08-20 04:00:00,0,1.0,b'VIDA',45.5488,13.550525,-5.0,,,,,2.13,1.0,160.58,1.0,,,,,,,,
MO_TS_MO_VIDA_20250820.nc,2025-08-20 04:00:00,1,1.0,b'VIDA',45.5488,13.550525,-3.5,,,,,,,,,23.12,1.0,66.16,1.0,,,,
MO_TS_MO_VIDA_20250820.nc,2025-08-20 04:00:00,2,1.0,b'VIDA',45.5488,13.550525,0.0,0.049000002,1.0,-0.081,1.0,,,,,,,,,,,,
MO_TS_MO_VIDA_20250820.nc,2025-08-20 04:00:00,3,1.0,b'VIDA',45.5488,13.550525,1.0,0.024,1.0,-0.067,1.0,,,,,,,,,,,,
MO_TS_MO_VIDA_20250820.nc,2025-08-20 04:00:00,4,1.0,b'VIDA',45.5488,13.550525,2.0,-0.007,1.0,-0.022000002,1.0,,,,,,,,,,,,
MO_TS_MO_VIDA_20250820.nc,2025-08-20 04:00:00,5,1.0,b'VIDA',45.5488,13.550525,2.5,,,,,,,,,,,,,25.68,1.0,36.41,1.0
MO_TS_MO_VIDA_20250820.nc,2025-08-20 04:00:00,6,1.0,b'VIDA',45.5488,13.550525,3.0,-0.019000001,1.0,-0.044000003,1.0,,,,,,,,,,,,
MO_TS_MO_VIDA_20250820.nc,2025-08-20 04:00:00,7,1.0,b'VIDA',45.5488,13.550525,4.0,-0.001,1.0,-0.054,1.0,,,,,,,,,,,,
MO_TS_MO_VIDA_20250820.nc,2025-08-20 04:00:00,8,1.0,b'VIDA',45.5488,13.550525,5.0,0.059000004,1.0,-0.042000003,1.0,,,,,,,,,,,,
MO_TS_MO_VIDA_20250820.nc,2025-08-20 04:00:00,9,1.0,b'VIDA',45.5488,13.550525,6.0,0.021000002,1.0,-0.029000001,1.0,,,,,,,,,,,,
MO_TS_MO_VIDA_20250820.nc,2025-08-20 04:00:00,10,1.0,b'VIDA',45.5488,13.550525,7.0,0.056,1.0,-0.048,1.0,,,,,,,,,,,,
MO_TS_MO_VIDA_20250820.nc,2025-08-20 04:00:00,11,1.0,b'VIDA',45.5488,13.550525,8.0,0.004,1.0,-0.040000003,1.0,,,,,,,,,,,,
MO_TS_MO_VIDA_20250820.nc,2025-08-20 04:00:00,12,1.0,b'VIDA',45.5488,13.550525,9.0,-0.0050000004,1.0,-0.056,1.0,,,,,,,,,,,,
MO_TS_MO_VIDA_20250820.nc,2025-08-20 04:00:00,13,1.0,b'VIDA',45.5488,13.550525,10.0,0.055000003,1.0,-0.034,1.0,,,,,,,,,,,,
MO_TS_MO_VIDA_20250820.nc,2025-08-20 04:00:00,14,1.0,b'VIDA',45.5488,13.550525,11.0,0.08800001,1.0,0.013,1.0,,,,,,,,,,,,
MO_TS_MO_VIDA_20250820.nc,2025-08-20 04:00:00,15,1.0,b'VIDA',45.5488,13.550525,12.0,0.109000005,1.0,0.076000005,1.0,,,,,,,,,,,,
MO_TS_MO_VIDA_20250820.nc,2025-08-20 04:00:00,16,1.0,b'VIDA',45.5488,13.550525,13.0,0.148,1.0,0.067,1.0,,,,,,,,,,,,
MO_TS_MO_VIDA_20250820.nc,2025-08-20 04:00:00,17,1.0,b'VIDA',45.5488,13.550525,14.0,0.115,1.0,0.097,1.0,,,,,,,,,,,,
MO_TS_MO_VIDA_20250820.nc,2025-08-20 04:00:00,18,1.0,b'VIDA',45.5488,13.550525,15.0,0.16100001,1.0,0.083000004,1.0,,,,,,,,,,,,
MO_TS_MO_VIDA_20250820.nc,2025-08-20 04:00:00,19,1.0,b'VIDA',45.5488,13.550525,16.0,0.061000004,1.0,0.057000004,1.0,,,,,,,,,,,,
MO_TS_MO_VIDA_20250820.nc,2025-08-20 04:00:00,20,1.0,b'VIDA',45.5488,13.550525,17.0,-0.046000004,1.0,0.117000006,1.0,,,,,,,,,,,,
MO_TS_MO_VIDA_20250820.nc,2025-08-20 04:00:00,21,1.0,b'VIDA',45.5488,13.550525,18.0,0.054,1.0,0.105000004,1.0,,,,,,,,,,,,
MO_TS_MO_VIDA_20250820.nc,2025-08-20 04:00:00,22,1.0,b'VIDA',45.5488,13.550525,19.0,0.134,1.0,0.149,1.0,,,,,,,,,,,,
MO_TS_MO_VIDA_20250820.nc,2025-08-20 04:00:00,23,1.0,b'VIDA',45.5488,13.550525,20.0,0.101,1.0,0.083000004,1.0,,,,,,,,,,,,
MO_TS_MO_VIDA_20250820.nc,2025-08-20 04:30:00,0,1.0,b'VIDA',45.5488,13.550525,-5.0,,,,,2.26,1.0,163.21,1.0,,,,,,,,
MO_TS_MO_VIDA_20250820.nc,2025-08-20 04:30:00,1,1.0,b'VIDA',45.5488,13.550525,-3.5,,,,,,,,,23.1,1.0,64.69,1.0,,,,
MO_TS_MO_VIDA_20250820.nc,2025-08-20 04:30:00,2,1.0,b'VIDA',45.5488,13.550525,0.0,0.026,1.0,-0.058000002,1.0,,,,,,,,,,,,
MO_TS_MO_VIDA_20250820.nc,2025-08-20 04:30:00,3,1.0,b'VIDA',45.5488,13.550525,1.0,0.015000001,1.0,-0.041,1.0,,,,,,,,,,,,
MO_TS_MO_VIDA_20250820.nc,2025-08-20 04:30:00,4,1.0,b'VIDA',45.5488,13.550525,2.0,-0.028,1.0,0.008,1.0,,,,,,,,,,,,
MO_TS_MO_VIDA_20250820.nc,2025-08-20 04:30:00,5,1.0,b'VIDA',45.5488,13.550525,2.5,,,,,,,,,,,,,25.710001,1.0,36.390003,1.0
MO_TS_MO_VIDA_20250820.nc,2025-08-20 04:30:00,6,1.0,b'VIDA',45.5488,13.550525,3.0,-0.028,1.0,-0.006,1.0,,,,,,,,,,,,
MO_TS_MO_VIDA_20250820.nc,2025-08-20 04:30:00,7,1.0,b'VIDA',45.5488,13.550525,4.0,-0.007,1.0,-0.048,1.0,,,,,,,,,,,,
MO_TS_MO_VIDA_20250820.nc,2025-08-20 04:30:00,8,1.0,b'VIDA',45.5488,13.550525,5.0,0.045,1.0,-0.055000003,1.0,,,,,,,,,,,,
MO_TS_MO_VIDA_20250820.nc,2025-08-20 04:30:00,9,1.0,b'VIDA',45.5488,13.550525,6.0,0.026,1.0,-0.060000002,1.0,,,,,,,,,,,,
MO_TS_MO_VIDA_20250820.nc,2025-08-20 04:30:00,10,1.0,b'VIDA',45.5488,13.550525,7.0,0.013,1.0,-0.060000002,1.0,,,,,,,,,,,,
MO_TS_MO_VIDA_20250820.nc,2025-08-20 04:30:00,11,1.0,b'VIDA',45.5488,13.550525,8.0,0.017,1.0,-0.106000006,1.0,,,,,,,,,,,,
MO_TS_MO_VIDA_20250820.nc,2025-08-20 04:30:00,12,1.0,b'VIDA',45.5488,13.550525,9.0,0.023000002,1.0,-0.113000005,1.0,,,,,,,,,,,,
MO_TS_MO_VIDA_20250820.nc,2025-08-20 04:30:00,13,1.0,b'VIDA',45.5488,13.550525,10.0,0.034,1.0,-0.069000006,1.0,,,,,,,,,,,,
MO_TS_MO_VIDA_20250820.nc,2025-08-20 04:30:00,14,1.0,b'VIDA',45.5488,13.550525,11.0,0.09,1.0,0.016,1.0,,,,,,,,,,,,
MO_TS_MO_VIDA_20250820.nc,2025-08-20 04:30:00,15,1.0,b'VIDA',45.5488,13.550525,12.0,0.124000005,1.0,0.09,1.0,,,,,,,,,,,,
MO_TS_MO_VIDA_20250820.nc,2025-08-20 04:30:00,16,1.0,b'VIDA',45.5488,13.550525,13.0,0.15200001,1.0,0.11100001,1.0,,,,,,,,,,,,
MO_TS_MO_VIDA_20250820.nc,2025-08-20 04:30:00,17,1.0,b'VIDA',45.5488,13.550525,14.0,0.17300001,1.0,0.098000005,1.0,,,,,,,,,,,,
MO_TS_MO_VIDA_20250820.nc,2025-08-20 04:30:00,18,1.0,b'VIDA',45.5488,13.550525,15.0,0.17400001,1.0,0.081,1.0,,,,,,,,,,,,
MO_TS_MO_VIDA_20250820.nc,2025-08-20 04:30:00,19,1.0,b'VIDA',45.5488,13.550525,16.0,0.141,1.0,0.072000004,1.0,,,,,,,,,,,,
MO_TS_MO_VIDA_20250820.nc,2025-08-20 04:30:00,20,1.0,b'VIDA',45.5488,13.550525,17.0,-0.018000001,1.0,0.17500001,1.0,,,,,,,,,,,,
MO_TS_MO_VIDA_20250820.nc,2025-08-20 04:30:00,21,1.0,b'VIDA',45.5488,13.550525,18.0,0.105000004,1.0,0.254,1.0,,,,,,,,,,,,
MO_TS_MO_VIDA_20250820.nc,2025-08-20 04:30:00,22,1.0,b'VIDA',45.5488,13.550525,19.0,0.135,1.0,0.186,1.0,,,,,,,,,,,,
MO_TS_MO_VIDA_20250820.nc,2025-08-20 04:30:00,23,1.0,b'VIDA',45.5488,13.550525,20.0,0.19900002,1.0,0.17300001,1.0,,,,,,,,,,,,
MO_TS_MO_VIDA_20250820.nc,2025-08-20 05:00:00,0,1.0,b'VIDA',45.5488,13.550525,-5.0,,,,,1.5000001,1.0,119.700005,1.0,,,,,,,,
MO_TS_MO_VIDA_20250820.nc,2025-08-20 05:00:00,1,1.0,b'VIDA',45.5488,13.550525,-3.5,,,,,,,,,23.550001,1.0,64.450005,1.0,,,,
MO_TS_MO_VIDA_20250820.nc,2025-08-20 05:00:00,2,1.0,b'VIDA',45.5488,13.550525,0.0,0.042000003,1.0,-0.061000004,1.0,,,,,,,,,,,,
MO_TS_MO_VIDA_20250820.nc,2025-08-20 05:00:00,3,1.0,b'VIDA',45.5488,13.550525,1.0,0.037,1.0,-0.009000001,1.0,,,,,,,,,,,,
MO_TS_MO_VIDA_20250820.nc,2025-08-20 05:00:00,4,1.0,b'VIDA',45.5488,13.550525,2.0,0.041,1.0,0.0050000004,1.0,,,,,,,,,,,,
MO_TS_MO_VIDA_20250820.nc,2025-08-20 05:00:00,5,1.0,b'VIDA',45.5488,13.550525,2.5,,,,,,,,,,,,,25.720001,1.0,36.38,1.0
MO_TS_MO_VIDA_20250820.nc,2025-08-20 05:00:00,6,1.0,b'VIDA',45.5488,13.550525,3.0,-0.009000001,1.0,-0.051000003,1.0,,,,,,,,,,,,
MO_TS_MO_VIDA_20250820.nc,2025-08-20 05:00:00,7,1.0,b'VIDA',45.5488,13.550525,4.0,0.085,1.0,-0.025,1.0,,,,,,,,,,,,
MO_TS_MO_VIDA_20250820.nc,2025-08-20 05:00:00,8,1.0,b'VIDA',45.5488,13.550525,5.0,0.074,1.0,0.008,1.0,,,,,,,,,,,,
MO_TS_MO_VIDA_20250820.nc,2025-08-20 05:00:00,9,1.0,b'VIDA',45.5488,13.550525,6.0,0.12100001,1.0,-0.016,1.0,,,,,,,,,,,,
MO_TS_MO_VIDA_20250820.nc,2025-08-20 05:00:00,10,1.0,b'VIDA',45.5488,13.550525,7.0,0.075,1.0,-0.09200001,1.0,,,,,,,,,,,,
MO_TS_MO_VIDA_20250820.nc,2025-08-20 05:00:00,11,1.0,b'VIDA',45.5488,13.550525,8.0,0.049000002,1.0,-0.087000005,1.0,,,,,,,,,,,,
MO_TS_MO_VIDA_20250820.nc,2025-08-20 05:00:00,12,1.0,b'VIDA',45.5488,13.550525,9.0,0.033,1.0,-0.064,1.0,,,,,,,,,,,,
MO_TS_MO_VIDA_20250820.nc,2025-08-20 05:00:00,13,1.0,b'VIDA',45.5488,13.550525,10.0,0.044000003,1.0,-0.055000003,1.0,,,,,,,,,,,,
MO_TS_MO_VIDA_20250820.nc,2025-08-20 05:00:00,14,1.0,b'VIDA',45.5488,13.550525,11.0,0.124000005,1.0,-0.010000001,1.0,,,,,,,,,,,,
MO_TS_MO_VIDA_20250820.nc,2025-08-20 05:00:00,15,1.0,b'VIDA',45.5488,13.550525,12.0,0.14600001,1.0,0.032,1.0,,,,,,,,,,,,
MO_TS_MO_VIDA_20250820.nc,2025-08-20 05:00:00,16,1.0,b'VIDA',45.5488,13.550525,13.0,0.17500001,1.0,0.108,1.0,,,,,,,,,,,,
MO_TS_MO_VIDA_20250820.nc,2025-08-20 05:00:00,17,1.0,b'VIDA',45.5488,13.550525,14.0,0.192,1.0,0.11000001,1.0,,,,,,,,,,,,
MO_TS_MO_VIDA_20250820.nc,2025-08-20 05:00:00,18,1.0,b'VIDA',45.5488,13.550525,15.0,0.13100001,1.0,0.1,1.0,,,,,,,,,,,,
MO_TS_MO_VIDA_20250820.nc,2025-08-20 05:00:00,19,1.0,b'VIDA',45.5488,13.550525,16.0,0.172,1.0,0.052,1.0,,,,,,,,,,,,
MO_TS_MO_VIDA_20250820.nc,2025-08-20 05:00:00,20,1.0,b'VIDA',45.5488,13.550525,17.0,-0.006,1.0,0.16900001,1.0,,,,,,,,,,,,
MO_TS_MO_VIDA_20250820.nc,2025-08-20 05:00:00,21,1.0,b'VIDA',45.5488,13.550525,18.0,0.023000002,1.0,0.374,1.0,,,,,,,,,,,,
MO_TS_MO_VIDA_20250820.nc,2025-08-20 05:00:00,22,1.0,b'VIDA',45.5488,13.550525,19.0,0.05,1.0,0.39600003,1.0,,,,,,,,,,,,
MO_TS_MO_VIDA_20250820.nc,2025-08-20 05:00:00,23,1.0,b'VIDA',45.5488,13.550525,20.0,0.12100001,1.0,0.24400002,1.0,,,,,,,,,,,,
MO_TS_MO_VIDA_20250820.nc,2025-08-20 05:30:00,0,1.0,b'VIDA',45.5488,13.550525,-5.0,,,,,2.1200001,1.0,162.64001,1.0,,,,,,,,
MO_TS_MO_VIDA_20250820.nc,2025-08-20 05:30:00,1,1.0,b'VIDA',45.5488,13.550525,-3.5,,,,,,,,,23.380001,1.0,64.670006,1.0,,,,
MO_TS_MO_VIDA_20250820.nc,2025-08-20 05:30:00,2,1.0,b'VIDA',45.5488,13.550525,0.0,0.020000001,1.0,-0.049000002,1.0,,,,,,,,,,,,
MO_TS_MO_VIDA_20250820.nc,2025-08-20 05:30:00,3,1.0,b'VIDA',45.5488,13.550525,1.0,0.040000003,1.0,-0.057000004,1.0,,,,,,,,,,,,
MO_TS_MO_VIDA_20250820.nc,2025-08-20 05:30:00,4,1.0,b'VIDA',45.5488,13.550525,2.0,0.022000002,1.0,-0.013,1.0,,,,,,,,,,,,
MO_TS_MO_VIDA_20250820.nc,2025-08-20 05:30:00,5,1.0,b'VIDA',45.5488,13.550525,2.5,,,,,,,,,,,,,25.77,1.0,36.390003,1.0
MO_TS_MO_VIDA_20250820.nc,2025-08-20 05:30:00,6,1.0,b'VIDA',45.5488,13.550525,3.0,0.022000002,1.0,0.002,1.0,,,,,,,,,,,,
MO_TS_MO_VIDA_20250820.nc,2025-08-20 05:30:00,7,1.0,b'VIDA',45.5488,13.550525,4.0,0.045,1.0,0.013,1.0,,,,,,,,,,,,
MO_TS_MO_VIDA_20250820.nc,2025-08-20 05:30:00,8,1.0,b'VIDA',45.5488,13.550525,5.0,0.027,1.0,0.022000002,1.0,,,,,,,,,,,,
MO_TS_MO_VIDA_20250820.nc,2025-08-20 05:30:00,9,1.0,b'VIDA',45.5488,13.550525,6.0,0.065000005,1.0,0.009000001,1.0,,,,,,,,,,,,
MO_TS_MO_VIDA_20250820.nc,2025-08-20 05:30:00,10,1.0,b'VIDA',45.5488,13.550525,7.0,0.026,1.0,0.002,1.0,,,,,,,,,,,,
MO_TS_MO_VIDA_20250820.nc,2025-08-20 05:30:00,11,1.0,b'VIDA',45.5488,13.550525,8.0,0.009000001,1.0,0.034,1.0,,,,,,,,,,,,
MO_TS_MO_VIDA_20250820.nc,2025-08-20 05:30:00,12,1.0,b'VIDA',45.5488,13.550525,9.0,0.041,1.0,0.040000003,1.0,,,,,,,,,,,,
MO_TS_MO_VIDA_20250820.nc,2025-08-20 05:30:00,13,1.0,b'VIDA',45.5488,13.550525,10.0,0.026,1.0,0.038000003,1.0,,,,,,,,,,,,
MO_TS_MO_VIDA_20250820.nc,2025-08-20 05:30:00,14,1.0,b'VIDA',45.5488,13.550525,11.0,0.046000004,1.0,0.048,1.0,,,,,,,,,,,,
MO_TS_MO_VIDA_20250820.nc,2025-08-20 05:30:00,15,1.0,b'VIDA',45.5488,13.550525,12.0,0.104,1.0,0.082,1.0,,,,,,,,,,,,
MO_TS_MO_VIDA_20250820.nc,2025-08-20 05:30:00,16,1.0,b'VIDA',45.5488,13.550525,13.0,0.17600001,1.0,0.080000006,1.0,,,,,,,,,,,,
MO_TS_MO_VIDA_20250820.nc,2025-08-20 05:30:00,17,1.0,b'VIDA',45.5488,13.550525,14.0,0.185,1.0,0.106000006,1.0,,,,,,,,,,,,
MO_TS_MO_VIDA_20250820.nc,2025-08-20 05:30:00,18,1.0,b'VIDA',45.5488,13.550525,15.0,0.16600001,1.0,0.091000006,1.0,,,,,,,,,,,,
MO_TS_MO_VIDA_20250820.nc,2025-08-20 05:30:00,19,1.0,b'VIDA',45.5488,13.550525,16.0,0.18800001,1.0,0.083000004,1.0,,,,,,,,,,,,
MO_TS_MO_VIDA_20250820.nc,2025-08-20 05:30:00,20,1.0,b'VIDA',45.5488,13.550525,17.0,-0.017,1.0,0.071,1.0,,,,,,,,,,,,
MO_TS_MO_VIDA_20250820.nc,2025-08-20 05:30:00,21,1.0,b'VIDA',45.5488,13.550525,18.0,0.067,1.0,0.13900001,1.0,,,,,,,,,,,,
MO_TS_MO_VIDA_20250820.nc,2025-08-20 05:30:00,22,1.0,b'VIDA',45.5488,13.550525,19.0,0.085,1.0,0.187,1.0,,,,,,,,,,,,
MO_TS_MO_VIDA_20250820.nc,2025-08-20 05:30:00,23,1.0,b'VIDA',45.5488,13.550525,20.0,0.13800001,1.0,0.135,1.0,,,,,,,,,,,,
MO_TS_MO_VIDA_20250820.nc,2025-08-20 06:00:00,0,1.0,b'VIDA',45.5488,13.550525,-5.0,,,,,1.6400001,1.0,157.35,1.0,,,,,,,,
MO_TS_MO_VIDA_20250820.nc,2025-08-20 06:00:00,1,1.0,b'VIDA',45.5488,13.550525,-3.5,,,,,,,,,23.220001,1.0,63.640003,1.0,,,,
MO_TS_MO_VIDA_20250820.nc,2025-08-20 06:00:00,2,1.0,b'VIDA',45.5488,13.550525,0.0,0.053000003,1.0,-0.057000004,1.0,,,,,,,,,,,,
MO_TS_MO_VIDA_20250820.nc,2025-08-20 06:00:00,3,1.0,b'VIDA',45.5488,13.550525,1.0,0.044000003,1.0,-0.074,1.0,,,,,,,,,,,,
MO_TS_MO_VIDA_20250820.nc,2025-08-20 06:00:00,4,1.0,b'VIDA',45.5488,13.550525,2.0,0.012,1.0,0.010000001,1.0,,,,,,,,,,,,
MO_TS_MO_VIDA_20250820.nc,2025-08-20 06:00:00,5,1.0,b'VIDA',45.5488,13.550525,2.5,,,,,,,,,,,,,25.720001,1.0,36.420002,1.0
MO_TS_MO_VIDA_20250820.nc,2025-08-20 06:00:00,6,1.0,b'VIDA',45.5488,13.550525,3.0,0.015000001,1.0,0.028,1.0,,,,,,,,,,,,
MO_TS_MO_VIDA_20250820.nc,2025-08-20 06:00:00,7,1.0,b'VIDA',45.5488,13.550525,4.0,0.044000003,1.0,-0.006,1.0,,,,,,,,,,,,
MO_TS_MO_VIDA_20250820.nc,2025-08-20 06:00:00,8,1.0,b'VIDA',45.5488,13.550525,5.0,0.057000004,1.0,0.017,1.0,,,,,,,,,,,,
MO_TS_MO_VIDA_20250820.nc,2025-08-20 06:00:00,9,1.0,b'VIDA',45.5488,13.550525,6.0,0.089,1.0,0.019000001,1.0,,,,,,,,,,,,
MO_TS_MO_VIDA_20250820.nc,2025-08-20 06:00:00,10,1.0,b'VIDA',45.5488,13.550525,7.0,0.032,1.0,-0.007,1.0,,,,,,,,,,,,
MO_TS_MO_VIDA_20250820.nc,2025-08-20 06:00:00,11,1.0,b'VIDA',45.5488,13.550525,8.0,0.044000003,1.0,0.011000001,1.0,,,,,,,,,,,,
MO_TS_MO_VIDA_20250820.nc,2025-08-20 06:00:00,12,1.0,b'VIDA',45.5488,13.550525,9.0,0.062000003,1.0,0.051000003,1.0,,,,,,,,,,,,
MO_TS_MO_VIDA_20250820.nc,2025-08-20 06:00:00,13,1.0,b'VIDA',45.5488,13.550525,10.0,0.051000003,1.0,0.026,1.0,,,,,,,,,,,,
MO_TS_MO_VIDA_20250820.nc,2025-08-20 06:00:00,14,1.0,b'VIDA',45.5488,13.550525,11.0,0.093,1.0,0.006,1.0,,,,,,,,,,,,
MO_TS_MO_VIDA_20250820.nc,2025-08-20 06:00:00,15,1.0,b'VIDA',45.5488,13.550525,12.0,0.072000004,1.0,0.07700001,1.0,,,,,,,,,,,,
MO_TS_MO_VIDA_20250820.nc,2025-08-20 06:00:00,16,1.0,b'VIDA',45.5488,13.550525,13.0,0.119,1.0,0.09200001,1.0,,,,,,,,,,,,
MO_TS_MO_VIDA_20250820.nc,2025-08-20 06:00:00,17,1.0,b'VIDA',45.5488,13.550525,14.0,0.15200001,1.0,0.105000004,1.0,,,,,,,,,,,,
MO_TS_MO_VIDA_20250820.nc,2025-08-20 06:00:00,18,1.0,b'VIDA',45.5488,13.550525,15.0,0.17,1.0,0.043,1.0,,,,,,,,,,,,
MO_TS_MO_VIDA_20250820.nc,2025-08-20 06:00:00,19,1.0,b'VIDA',45.5488,13.550525,16.0,0.18300001,1.0,0.064,1.0,,,,,,,,,,,,
MO_TS_MO_VIDA_20250820.nc,2025-08-20 06:00:00,20,1.0,b'VIDA',45.5488,13.550525,17.0,-0.018000001,1.0,0.14400001,1.0,,,,,,,,,,,,
MO_TS_MO_VIDA_20250820.nc,2025-08-20 06:00:00,21,1.0,b'VIDA',45.5488,13.550525,18.0,0.026,1.0,0.47200003,1.0,,,,,,,,,,,,
MO_TS_MO_VIDA_20250820.nc,2025-08-20 06:00:00,22,1.0,b'VIDA',45.5488,13.550525,19.0,0.068,1.0,0.60200006,1.0,,,,,,,,,,,,
MO_TS_MO_VIDA_20250820.nc,2025-08-20 06:00:00,23,1.0,b'VIDA',45.5488,13.550525,20.0,0.134,1.0,0.423,1.0,,,,,,,,,,,,
MO_TS_MO_VIDA_20250820.nc,2025-08-20 06:30:00,0,1.0,b'VIDA',45.5488,13.550525,-5.0,,,,,2.42,1.0,165.44,1.0,,,,,,,,
MO_TS_MO_VIDA_20250820.nc,2025-08-20 06:30:00,1,1.0,b'VIDA',45.5488,13.550525,-3.5,,,,,,,,,23.19,1.0,63.550003,1.0,,,,
MO_TS_MO_VIDA_20250820.nc,2025-08-20 06:30:00,2,1.0,b'VIDA',45.5488,13.550525,0.0,0.058000002,1.0,-0.083000004,1.0,,,,,,,,,,,,
MO_TS_MO_VIDA_20250820.nc,2025-08-20 06:30:00,3,1.0,b'VIDA',45.5488,13.550525,1.0,0.049000002,1.0,-0.076000005,1.0,,,,,,,,,,,,
MO_TS_MO_VIDA_20250820.nc,2025-08-20 06:30:00,4,1.0,b'VIDA',45.5488,13.550525,2.0,0.034,1.0,0.015000001,1.0,,,,,,,,,,,,
MO_TS_MO_VIDA_20250820.nc,2025-08-20 06:30:00,5,1.0,b'VIDA',45.5488,13.550525,2.5,,,,,,,,,,,,,25.660002,1.0,36.4,1.0
MO_TS_MO_VIDA_20250820.nc,2025-08-20 06:30:00,6,1.0,b'VIDA',45.5488,13.550525,3.0,0.0,1.0,0.032,1.0,,,,,,,,,,,,
MO_TS_MO_VIDA_20250820.nc,2025-08-20 06:30:00,7,1.0,b'VIDA',45.5488,13.550525,4.0,0.028,1.0,0.002,1.0,,,,,,,,,,,,
MO_TS_MO_VIDA_20250820.nc,2025-08-20 06:30:00,8,1.0,b'VIDA',45.5488,13.550525,5.0,0.062000003,1.0,0.053000003,1.0,,,,,,,,,,,,
MO_TS_MO_VIDA_20250820.nc,2025-08-20 06:30:00,9,1.0,b'VIDA',45.5488,13.550525,6.0,0.081,1.0,0.009000001,1.0,,,,,,,,,,,,
MO_TS_MO_VIDA_20250820.nc,2025-08-20 06:30:00,10,1.0,b'VIDA',45.5488,13.550525,7.0,0.040000003,1.0,0.014,1.0,,,,,,,,,,,,
MO_TS_MO_VIDA_20250820.nc,2025-08-20 06:30:00,11,1.0,b'VIDA',45.5488,13.550525,8.0,0.042000003,1.0,-0.015000001,1.0,,,,,,,,,,,,
MO_TS_MO_VIDA_20250820.nc,2025-08-20 06:30:00,12,1.0,b'VIDA',45.5488,13.550525,9.0,0.020000001,1.0,-0.001,1.0,,,,,,,,,,,,
MO_TS_MO_VIDA_20250820.nc,2025-08-20 06:30:00,13,1.0,b'VIDA',45.5488,13.550525,10.0,0.008,1.0,0.010000001,1.0,,,,,,,,,,,,
MO_TS_MO_VIDA_20250820.nc,2025-08-20 06:30:00,14,1.0,b'VIDA',45.5488,13.550525,11.0,0.037,1.0,-0.010000001,1.0,,,,,,,,,,,,
MO_TS_MO_VIDA_20250820.nc,2025-08-20 06:30:00,15,1.0,b'VIDA',45.5488,13.550525,12.0,0.046000004,1.0,0.034,1.0,,,,,,,,,,,,
MO_TS_MO_VIDA_20250820.nc,2025-08-20 06:30:00,16,1.0,b'VIDA',45.5488,13.550525,13.0,0.075,1.0,0.127,1.0,,,,,,,,,,,,
MO_TS_MO_VIDA_20250820.nc,2025-08-20 06:30:00,17,1.0,b'VIDA',45.5488,13.550525,14.0,0.120000005,1.0,0.10300001,1.0,,,,,,,,,,,,
MO_TS_MO_VIDA_20250820.nc,2025-08-20 06:30:00,18,1.0,b'VIDA',45.5488,13.550525,15.0,0.179,1.0,0.057000004,1.0,,,,,,,,,,,,
MO_TS_MO_VIDA_20250820.nc,2025-08-20 06:30:00,19,1.0,b'VIDA',45.5488,13.550525,16.0,0.16800001,1.0,0.07700001,1.0,,,,,,,,,,,,
MO_TS_MO_VIDA_20250820.nc,2025-08-20 06:30:00,20,1.0,b'VIDA',45.5488,13.550525,17.0,-0.012,1.0,0.13000001,1.0,,,,,,,,,,,,
MO_TS_MO_VIDA_20250820.nc,2025-08-20 06:30:00,21,1.0,b'VIDA',45.5488,13.550525,18.0,0.027,1.0,0.35300002,1.0,,,,,,,,,,,,
MO_TS_MO_VIDA_20250820.nc,2025-08-20 06:30:00,22,1.0,b'VIDA',45.5488,13.550525,19.0,0.066,1.0,0.606,1.0,,,,,,,,,,,,
MO_TS_MO_VIDA_20250820.nc,2025-08-20 06:30:00,23,1.0,b'VIDA',45.5488,13.550525,20.0,0.14,1.0,0.499,1.0,,,,,,,,,,,,
MO_TS_MO_VIDA_20250820.nc,2025-08-20 07:00:00,0,1.0,b'VIDA',45.5488,13.550525,-5.0,,,,,1.6200001,1.0,153.03001,1.0,,,,,,,,
MO_TS_MO_VIDA_20250820.nc,2025-08-20 07:00:00,1,1.0,b'VIDA',45.5488,13.550525,-3.5,,,,,,,,,23.18,1.0,61.860004,1.0,,,,
MO_TS_MO_VIDA_20250820.nc,2025-08-20 07:00:00,2,1.0,b'VIDA',45.5488,13.550525,0.0,-0.019000001,1.0,-0.064,1.0,,,,,,,,,,,,
MO_TS_MO_VIDA_20250820.nc,2025-08-20 07:00:00,3,1.0,b'VIDA',45.5488,13.550525,1.0,0.047000002,1.0,-0.049000002,1.0,,,,,,,,,,,,
MO_TS_MO_VIDA_20250820.nc,2025-08-20 07:00:00,4,1.0,b'VIDA',45.5488,13.550525,2.0,0.024,1.0,-0.001,1.0,,,,,,,,,,,,
MO_TS_MO_VIDA_20250820.nc,2025-08-20 07:00:00,5,1.0,b'VIDA',45.5488,13.550525,2.5,,,,,,,,,,,,,25.69,1.0,36.4,4.0
MO_TS_MO_VIDA_20250820.nc,2025-08-20 07:00:00,6,1.0,b'VIDA',45.5488,13.550525,3.0,0.014,1.0,0.049000002,1.0,,,,,,,,,,,,
MO_TS_MO_VIDA_20250820.nc,2025-08-20 07:00:00,7,1.0,b'VIDA',45.5488,13.550525,4.0,0.027,1.0,0.011000001,1.0,,,,,,,,,,,,
MO_TS_MO_VIDA_20250820.nc,2025-08-20 07:00:00,8,1.0,b'VIDA',45.5488,13.550525,5.0,0.078,1.0,-0.001,1.0,,,,,,,,,,,,
MO_TS_MO_VIDA_20250820.nc,2025-08-20 07:00:00,9,1.0,b'VIDA',45.5488,13.550525,6.0,0.065000005,1.0,-0.004,1.0,,,,,,,,,,,,
MO_TS_MO_VIDA_20250820.nc,2025-08-20 07:00:00,10,1.0,b'VIDA',45.5488,13.550525,7.0,0.078,1.0,-0.008,1.0,,,,,,,,,,,,
MO_TS_MO_VIDA_20250820.nc,2025-08-20 07:00:00,11,1.0,b'VIDA',45.5488,13.550525,8.0,0.09,1.0,0.008,1.0,,,,,,,,,,,,
MO_TS_MO_VIDA_20250820.nc,2025-08-20 07:00:00,12,1.0,b'VIDA',45.5488,13.550525,9.0,0.049000002,1.0,0.002,1.0,,,,,,,,,,,,
MO_TS_MO_VIDA_20250820.nc,2025-08-20 07:00:00,13,1.0,b'VIDA',45.5488,13.550525,10.0,0.020000001,1.0,0.006,1.0,,,,,,,,,,,,
MO_TS_MO_VIDA_20250820.nc,2025-08-20 07:00:00,14,1.0,b'VIDA',45.5488,13.550525,11.0,0.067,1.0,-0.002,1.0,,,,,,,,,,,,
MO_TS_MO_VIDA_20250820.nc,2025-08-20 07:00:00,15,1.0,b'VIDA',45.5488,13.550525,12.0,0.033,1.0,-0.011000001,1.0,,,,,,,,,,,,
MO_TS_MO_VIDA_20250820.nc,2025-08-20 07:00:00,16,1.0,b'VIDA',45.5488,13.550525,13.0,0.061000004,1.0,0.109000005,1.0,,,,,,,,,,,,
MO_TS_MO_VIDA_20250820.nc,2025-08-20 07:00:00,17,1.0,b'VIDA',45.5488,13.550525,14.0,0.117000006,1.0,0.117000006,1.0,,,,,,,,,,,,
MO_TS_MO_VIDA_20250820.nc,2025-08-20 07:00:00,18,1.0,b'VIDA',45.5488,13.550525,15.0,0.177,1.0,0.080000006,1.0,,,,,,,,,,,,
MO_TS_MO_VIDA_20250820.nc,2025-08-20 07:00:00,19,1.0,b'VIDA',45.5488,13.550525,16.0,0.172,1.0,0.082,1.0,,,,,,,,,,,,
MO_TS_MO_VIDA_20250820.nc,2025-08-20 07:00:00,20,1.0,b'VIDA',45.5488,13.550525,17.0,-0.002,1.0,0.17,1.0,,,,,,,,,,,,
MO_TS_MO_VIDA_20250820.nc,2025-08-20 07:00:00,21,1.0,b'VIDA',45.5488,13.550525,18.0,-0.036000002,1.0,0.43600002,1.0,,,,,,,,,,,,
MO_TS_MO_VIDA_20250820.nc,2025-08-20 07:00:00,22,1.0,b'VIDA',45.5488,13.550525,19.0,0.008,1.0,0.70600003,1.0,,,,,,,,,,,,
MO_TS_MO_VIDA_20250820.nc,2025-08-20 07:00:00,23,1.0,b'VIDA',45.5488,13.550525,20.0,0.102000006,1.0,0.587,1.0,,,,,,,,,,,,
MO_TS_MO_VIDA_20250820.nc,2025-08-20 07:30:00,0,1.0,b'VIDA',45.5488,13.550525,-5.0,,,,,0.56,1.0,146.47,1.0,,,,,,,,
MO_TS_MO_VIDA_20250820.nc,2025-08-20 07:30:00,1,1.0,b'VIDA',45.5488,13.550525,-3.5,,,,,,,,,23.980001,1.0,59.930004,1.0,,,,
MO_TS_MO_VIDA_20250820.nc,2025-08-20 07:30:00,2,1.0,b'VIDA',45.5488,13.550525,0.0,0.060000002,1.0,-0.10300001,1.0,,,,,,,,,,,,
MO_TS_MO_VIDA_20250820.nc,2025-08-20 07:30:00,3,1.0,b'VIDA',45.5488,13.550525,1.0,0.018000001,1.0,-0.030000001,1.0,,,,,,,,,,,,
MO_TS_MO_VIDA_20250820.nc,2025-08-20 07:30:00,4,1.0,b'VIDA',45.5488,13.550525,2.0,0.020000001,1.0,0.026,1.0,,,,,,,,,,,,
MO_TS_MO_VIDA_20250820.nc,2025-08-20 07:30:00,5,1.0,b'VIDA',45.5488,13.550525,2.5,,,,,,,,,,,,,25.69,4.0,36.4,4.0
MO_TS_MO_VIDA_20250820.nc,2025-08-20 07:30:00,6,1.0,b'VIDA',45.5488,13.550525,3.0,0.028,1.0,0.055000003,1.0,,,,,,,,,,,,
MO_TS_MO_VIDA_20250820.nc,2025-08-20 07:30:00,7,1.0,b'VIDA',45.5488,13.550525,4.0,0.033,1.0,0.023000002,1.0,,,,,,,,,,,,
MO_TS_MO_VIDA_20250820.nc,2025-08-20 07:30:00,8,1.0,b'VIDA',45.5488,13.550525,5.0,0.035,1.0,0.022000002,1.0,,,,,,,,,,,,
MO_TS_MO_VIDA_20250820.nc,2025-08-20 07:30:00,9,1.0,b'VIDA',45.5488,13.550525,6.0,0.047000002,1.0,0.003,1.0,,,,,,,,,,,,
MO_TS_MO_VIDA_20250820.nc,2025-08-20 07:30:00,10,1.0,b'VIDA',45.5488,13.550525,7.0,0.043,1.0,-0.043,1.0,,,,,,,,,,,,
MO_TS_MO_VIDA_20250820.nc,2025-08-20 07:30:00,11,1.0,b'VIDA',45.5488,13.550525,8.0,0.059000004,1.0,-0.048,1.0,,,,,,,,,,,,
MO_TS_MO_VIDA_20250820.nc,2025-08-20 07:30:00,12,1.0,b'VIDA',45.5488,13.550525,9.0,0.034,1.0,0.006,1.0,,,,,,,,,,,,
MO_TS_MO_VIDA_20250820.nc,2025-08-20 07:30:00,13,1.0,b'VIDA',45.5488,13.550525,10.0,0.034,1.0,-0.026,1.0,,,,,,,,,,,,
MO_TS_MO_VIDA_20250820.nc,2025-08-20 07:30:00,14,1.0,b'VIDA',45.5488,13.550525,11.0,0.028,1.0,-0.024,1.0,,,,,,,,,,,,
MO_TS_MO_VIDA_20250820.nc,2025-08-20 07:30:00,15,1.0,b'VIDA',45.5488,13.550525,12.0,0.055000003,1.0,-0.049000002,1.0,,,,,,,,,,,,
MO_TS_MO_VIDA_20250820.nc,2025-08-20 07:30:00,16,1.0,b'VIDA',45.5488,13.550525,13.0,0.063,1.0,0.062000003,1.0,,,,,,,,,,,,
MO_TS_MO_VIDA_20250820.nc,2025-08-20 07:30:00,17,1.0,b'VIDA',45.5488,13.550525,14.0,0.11100001,1.0,0.124000005,1.0,,,,,,,,,,,,
MO_TS_MO_VIDA_20250820.nc,2025-08-20 07:30:00,18,1.0,b'VIDA',45.5488,13.550525,15.0,0.10700001,1.0,0.038000003,1.0,,,,,,,,,,,,
MO_TS_MO_VIDA_20250820.nc,2025-08-20 07:30:00,19,1.0,b'VIDA',45.5488,13.550525,16.0,0.164,1.0,0.042000003,1.0,,,,,,,,,,,,
MO_TS_MO_VIDA_20250820.nc,2025-08-20 07:30:00,20,1.0,b'VIDA',45.5488,13.550525,17.0,-0.037,1.0,0.094000004,1.0,,,,,,,,,,,,
MO_TS_MO_VIDA_20250820.nc,2025-08-20 07:30:00,21,1.0,b'VIDA',45.5488,13.550525,18.0,-0.0050000004,1.0,0.11100001,1.0,,,,,,,,,,,,
MO_TS_MO_VIDA_20250820.nc,2025-08-20 07:30:00,22,1.0,b'VIDA',45.5488,13.550525,19.0,0.102000006,1.0,0.106000006,1.0,,,,,,,,,,,,
MO_TS_MO_VIDA_20250820.nc,2025-08-20 07:30:00,23,1.0,b'VIDA',45.5488,13.550525,20.0,0.147,1.0,0.089,1.0,,,,,,,,,,,,
MO_TS_MO_VIDA_20250820.nc,2025-08-20 08:00:00,0,1.0,b'VIDA',45.5488,13.550525,-5.0,,,,,2.7600002,1.0,235.39001,1.0,,,,,,,,
MO_TS_MO_VIDA_20250820.nc,2025-08-20 08:00:00,1,1.0,b'VIDA',45.5488,13.550525,-3.5,,,,,,,,,23.890001,1.0,60.370003,1.0,,,,
MO_TS_MO_VIDA_20250820.nc,2025-08-20 08:00:00,2,1.0,b'VIDA',45.5488,13.550525,0.0,-0.020000001,1.0,-0.011000001,1.0,,,,,,,,,,,,
MO_TS_MO_VIDA_20250820.nc,2025-08-20 08:00:00,3,1.0,b'VIDA',45.5488,13.550525,1.0,-0.039,1.0,-0.019000001,1.0,,,,,,,,,,,,
MO_TS_MO_VIDA_20250820.nc,2025-08-20 08:00:00,4,1.0,b'VIDA',45.5488,13.550525,2.0,0.010000001,1.0,0.040000003,1.0,,,,,,,,,,,,
MO_TS_MO_VIDA_20250820.nc,2025-08-20 08:00:00,5,1.0,b'VIDA',45.5488,13.550525,2.5,,,,,,,,,,,,,25.69,4.0,36.390003,1.0
MO_TS_MO_VIDA_20250820.nc,2025-08-20 08:00:00,6,1.0,b'VIDA',45.5488,13.550525,3.0,0.036000002,1.0,-0.014,1.0,,,,,,,,,,,,
MO_TS_MO_VIDA_20250820.nc,2025-08-20 08:00:00,7,1.0,b'VIDA',45.5488,13.550525,4.0,0.020000001,1.0,0.031000001,1.0,,,,,,,,,,,,
MO_TS_MO_VIDA_20250820.nc,2025-08-20 08:00:00,8,1.0,b'VIDA',45.5488,13.550525,5.0,0.019000001,1.0,0.034,1.0,,,,,,,,,,,,
MO_TS_MO_VIDA_20250820.nc,2025-08-20 08:00:00,9,1.0,b'VIDA',45.5488,13.550525,6.0,0.028,1.0,-0.006,1.0,,,,,,,,,,,,
MO_TS_MO_VIDA_20250820.nc,2025-08-20 08:00:00,10,1.0,b'VIDA',45.5488,13.550525,7.0,0.053000003,1.0,-0.010000001,1.0,,,,,,,,,,,,
MO_TS_MO_VIDA_20250820.nc,2025-08-20 08:00:00,11,1.0,b'VIDA',45.5488,13.550525,8.0,0.017,1.0,-0.062000003,1.0,,,,,,,,,,,,
MO_TS_MO_VIDA_20250820.nc,2025-08-20 08:00:00,12,1.0,b'VIDA',45.5488,13.550525,9.0,0.046000004,1.0,-0.07,1.0,,,,,,,,,,,,
MO_TS_MO_VIDA_20250820.nc,2025-08-20 08:00:00,13,1.0,b'VIDA',45.5488,13.550525,10.0,0.049000002,1.0,-0.065000005,1.0,,,,,,,,,,,,
MO_TS_MO_VIDA_20250820.nc,2025-08-20 08:00:00,14,1.0,b'VIDA',45.5488,13.550525,11.0,0.020000001,1.0,-0.043,1.0,,,,,,,,,,,,
MO_TS_MO_VIDA_20250820.nc,2025-08-20 08:00:00,15,1.0,b'VIDA',45.5488,13.550525,12.0,0.047000002,1.0,0.079,1.0,,,,,,,,,,,,
MO_TS_MO_VIDA_20250820.nc,2025-08-20 08:00:00,16,1.0,b'VIDA',45.5488,13.550525,13.0,0.091000006,1.0,0.13000001,1.0,,,,,,,,,,,,
MO_TS_MO_VIDA_20250820.nc,2025-08-20 08:00:00,17,1.0,b'VIDA',45.5488,13.550525,14.0,0.109000005,1.0,0.141,1.0,,,,,,,,,,,,
MO_TS_MO_VIDA_20250820.nc,2025-08-20 08:00:00,18,1.0,b'VIDA',45.5488,13.550525,15.0,0.09900001,1.0,0.089,1.0,,,,,,,,,,,,
MO_TS_MO_VIDA_20250820.nc,2025-08-20 08:00:00,19,1.0,b'VIDA',45.5488,13.550525,16.0,0.12100001,1.0,0.031000001,1.0,,,,,,,,,,,,
MO_TS_MO_VIDA_20250820.nc,2025-08-20 08:00:00,20,1.0,b'VIDA',45.5488,13.550525,17.0,-0.011000001,1.0,0.098000005,1.0,,,,,,,,,,,,
MO_TS_MO_VIDA_20250820.nc,2025-08-20 08:00:00,21,1.0,b'VIDA',45.5488,13.550525,18.0,0.006,1.0,0.098000005,1.0,,,,,,,,,,,,
MO_TS_MO_VIDA_20250820.nc,2025-08-20 08:00:00,22,1.0,b'VIDA',45.5488,13.550525,19.0,0.13700001,1.0,0.07,1.0,,,,,,,,,,,,
MO_TS_MO_VIDA_20250820.nc,2025-08-20 08:00:00,23,1.0,b'VIDA',45.5488,13.550525,20.0,0.143,1.0,0.057000004,1.0,,,,,,,,,,,,
MO_TS_MO_VIDA_20250820.nc,2025-08-20 08:30:00,0,1.0,b'VIDA',45.5488,13.550525,-5.0,,,,,4.8900003,1.0,213.24,1.0,,,,,,,,
MO_TS_MO_VIDA_20250820.nc,2025-08-20 08:30:00,1,1.0,b'VIDA',45.5488,13.550525,-3.5,,,,,,,,,21.95,1.0,69.170006,1.0,,,,
MO_TS_MO_VIDA_20250820.nc,2025-08-20 08:30:00,2,1.0,b'VIDA',45.5488,13.550525,0.0,-0.057000004,1.0,-0.035,1.0,,,,,,,,,,,,
MO_TS_MO_VIDA_20250820.nc,2025-08-20 08:30:00,3,1.0,b'VIDA',45.5488,13.550525,1.0,-0.022000002,1.0,-0.044000003,1.0,,,,,,,,,,,,
MO_TS_MO_VIDA_20250820.nc,2025-08-20 08:30:00,4,1.0,b'VIDA',45.5488,13.550525,2.0,-0.058000002,1.0,-0.058000002,1.0,,,,,,,,,,,,
MO_TS_MO_VIDA_20250820.nc,2025-08-20 08:30:00,5,1.0,b'VIDA',45.5488,13.550525,2.5,,,,,,,,,,,,,25.62,1.0,36.36,1.0
MO_TS_MO_VIDA_20250820.nc,2025-08-20 08:30:00,6,1.0,b'VIDA',45.5488,13.550525,3.0,0.002,1.0,-0.034,1.0,,,,,,,,,,,,
MO_TS_MO_VIDA_20250820.nc,2025-08-20 08:30:00,7,1.0,b'VIDA',45.5488,13.550525,4.0,0.001,1.0,-0.027,1.0,,,,,,,,,,,,
MO_TS_MO_VIDA_20250820.nc,2025-08-20 08:30:00,8,1.0,b'VIDA',45.5488,13.550525,5.0,-0.0050000004,1.0,-0.013,1.0,,,,,,,,,,,,
MO_TS_MO_VIDA_20250820.nc,2025-08-20 08:30:00,9,1.0,b'VIDA',45.5488,13.550525,6.0,0.010000001,1.0,-0.030000001,1.0,,,,,,,,,,,,
MO_TS_MO_VIDA_20250820.nc,2025-08-20 08:30:00,10,1.0,b'VIDA',45.5488,13.550525,7.0,0.007,1.0,-0.05,1.0,,,,,,,,,,,,
MO_TS_MO_VIDA_20250820.nc,2025-08-20 08:30:00,11,1.0,b'VIDA',45.5488,13.550525,8.0,-0.003,1.0,-0.040000003,1.0,,,,,,,,,,,,
MO_TS_MO_VIDA_20250820.nc,2025-08-20 08:30:00,12,1.0,b'VIDA',45.5488,13.550525,9.0,0.008,1.0,-0.044000003,1.0,,,,,,,,,,,,
MO_TS_MO_VIDA_20250820.nc,2025-08-20 08:30:00,13,1.0,b'VIDA',45.5488,13.550525,10.0,-0.028,1.0,-0.039,1.0,,,,,,,,,,,,
MO_TS_MO_VIDA_20250820.nc,2025-08-20 08:30:00,14,1.0,b'VIDA',45.5488,13.550525,11.0,0.018000001,1.0,-0.026,1.0,,,,,,,,,,,,
MO_TS_MO_VIDA_20250820.nc,2025-08-20 08:30:00,15,1.0,b'VIDA',45.5488,13.550525,12.0,0.052,1.0,0.094000004,1.0,,,,,,,,,,,,
MO_TS_MO_VIDA_20250820.nc,2025-08-20 08:30:00,16,1.0,b'VIDA',45.5488,13.550525,13.0,0.036000002,1.0,0.085,1.0,,,,,,,,,,,,
MO_TS_MO_VIDA_20250820.nc,2025-08-20 08:30:00,17,1.0,b'VIDA',45.5488,13.550525,14.0,0.05,1.0,0.108,1.0,,,,,,,,,,,,
MO_TS_MO_VIDA_20250820.nc,2025-08-20 08:30:00,18,1.0,b'VIDA',45.5488,13.550525,15.0,0.11100001,1.0,0.071,1.0,,,,,,,,,,,,
MO_TS_MO_VIDA_20250820.nc,2025-08-20 08:30:00,19,1.0,b'VIDA',45.5488,13.550525,16.0,0.087000005,1.0,0.082,1.0,,,,,,,,,,,,
MO_TS_MO_VIDA_20250820.nc,2025-08-20 08:30:00,20,1.0,b'VIDA',45.5488,13.550525,17.0,0.087000005,1.0,0.102000006,1.0,,,,,,,,,,,,
MO_TS_MO_VIDA_20250820.nc,2025-08-20 08:30:00,21,1.0,b'VIDA',45.5488,13.550525,18.0,0.23500001,1.0,0.185,1.0,,,,,,,,,,,,
MO_TS_MO_VIDA_20250820.nc,2025-08-20 08:30:00,22,1.0,b'VIDA',45.5488,13.550525,19.0,0.564,1.0,0.38900003,1.0,,,,,,,,,,,,
MO_TS_MO_VIDA_20250820.nc,2025-08-20 08:30:00,23,1.0,b'VIDA',45.5488,13.550525,20.0,0.615,1.0,0.50600004,1.0,,,,,,,,,,,,
MO_TS_MO_VIDA_20250820.nc,2025-08-20 09:00:00,0,1.0,b'VIDA',45.5488,13.550525,-5.0,,,,,4.8500004,1.0,278.22,1.0,,,,,,,,
MO_TS_MO_VIDA_20250820.nc,2025-08-20 09:00:00,1,1.0,b'VIDA',45.5488,13.550525,-3.5,,,,,,,,,20.93,1.0,74.39001,1.0,,,,
MO_TS_MO_VIDA_20250820.nc,2025-08-20 09:00:00,2,1.0,b'VIDA',45.5488,13.550525,0.0,-0.064,1.0,-0.010000001,1.0,,,,,,,,,,,,
MO_TS_MO_VIDA_20250820.nc,2025-08-20 09:00:00,3,1.0,b'VIDA',45.5488,13.550525,1.0,-0.067,1.0,-0.024,1.0,,,,,,,,,,,,
MO_TS_MO_VIDA_20250820.nc,2025-08-20 09:00:00,4,1.0,b'VIDA',45.5488,13.550525,2.0,-0.05,1.0,-0.078,1.0,,,,,,,,,,,,
MO_TS_MO_VIDA_20250820.nc,2025-08-20 09:00:00,5,1.0,b'VIDA',45.5488,13.550525,2.5,,,,,,,,,,,,,25.550001,1.0,36.320004,1.0
MO_TS_MO_VIDA_20250820.nc,2025-08-20 09:00:00,6,1.0,b'VIDA',45.5488,13.550525,3.0,-0.028,1.0,-0.065000005,1.0,,,,,,,,,,,,
MO_TS_MO_VIDA_20250820.nc,2025-08-20 09:00:00,7,1.0,b'VIDA',45.5488,13.550525,4.0,-0.014,1.0,0.039,1.0,,,,,,,,,,,,
MO_TS_MO_VIDA_20250820.nc,2025-08-20 09:00:00,8,1.0,b'VIDA',45.5488,13.550525,5.0,-0.003,1.0,-0.016,1.0,,,,,,,,,,,,
MO_TS_MO_VIDA_20250820.nc,2025-08-20 09:00:00,9,1.0,b'VIDA',45.5488,13.550525,6.0,0.037,1.0,0.013,1.0,,,,,,,,,,,,
MO_TS_MO_VIDA_20250820.nc,2025-08-20 09:00:00,10,1.0,b'VIDA',45.5488,13.550525,7.0,-0.020000001,1.0,0.042000003,1.0,,,,,,,,,,,,
MO_TS_MO_VIDA_20250820.nc,2025-08-20 09:00:00,11,1.0,b'VIDA',45.5488,13.550525,8.0,-0.043,1.0,-0.021000002,1.0,,,,,,,,,,,,
MO_TS_MO_VIDA_20250820.nc,2025-08-20 09:00:00,12,1.0,b'VIDA',45.5488,13.550525,9.0,-0.0050000004,1.0,-0.052,1.0,,,,,,,,,,,,
MO_TS_MO_VIDA_20250820.nc,2025-08-20 09:00:00,13,1.0,b'VIDA',45.5488,13.550525,10.0,-0.019000001,1.0,-0.026,1.0,,,,,,,,,,,,
MO_TS_MO_VIDA_20250820.nc,2025-08-20 09:00:00,14,1.0,b'VIDA',45.5488,13.550525,11.0,-0.003,1.0,-0.009000001,1.0,,,,,,,,,,,,
MO_TS_MO_VIDA_20250820.nc,2025-08-20 09:00:00,15,1.0,b'VIDA',45.5488,13.550525,12.0,0.042000003,1.0,0.033,1.0,,,,,,,,,,,,
MO_TS_MO_VIDA_20250820.nc,2025-08-20 09:00:00,16,1.0,b'VIDA',45.5488,13.550525,13.0,0.058000002,1.0,0.08400001,1.0,,,,,,,,,,,,
MO_TS_MO_VIDA_20250820.nc,2025-08-20 09:00:00,17,1.0,b'VIDA',45.5488,13.550525,14.0,0.085,1.0,0.085,1.0,,,,,,,,,,,,
MO_TS_MO_VIDA_20250820.nc,2025-08-20 09:00:00,18,1.0,b'VIDA',45.5488,13.550525,15.0,0.068,1.0,0.05,1.0,,,,,,,,,,,,
MO_TS_MO_VIDA_20250820.nc,2025-08-20 09:00:00,19,1.0,b'VIDA',45.5488,13.550525,16.0,0.064,1.0,0.034,1.0,,,,,,,,,,,,
MO_TS_MO_VIDA_20250820.nc,2025-08-20 09:00:00,20,1.0,b'VIDA',45.5488,13.550525,17.0,0.16100001,1.0,0.108,1.0,,,,,,,,,,,,
MO_TS_MO_VIDA_20250820.nc,2025-08-20 09:00:00,21,1.0,b'VIDA',45.5488,13.550525,18.0,0.18800001,1.0,0.12900001,1.0,,,,,,,,,,,,
MO_TS_MO_VIDA_20250820.nc,2025-08-20 09:00:00,22,1.0,b'VIDA',45.5488,13.550525,19.0,0.365,1.0,0.142,1.0,,,,,,,,,,,,
MO_TS_MO_VIDA_20250820.nc,2025-08-20 09:00:00,23,1.0,b'VIDA',45.5488,13.550525,20.0,0.33200002,1.0,0.13800001,1.0,,,,,,,,,,,,
MO_TS_MO_VIDA_20250820.nc,2025-08-20 09:30:00,0,1.0,b'VIDA',45.5488,13.550525,-5.0,,,,,2.6000001,1.0,323.90002,1.0,,,,,,,,
MO_TS_MO_VIDA_20250820.nc,2025-08-20 09:30:00,1,1.0,b'VIDA',45.5488,13.550525,-3.5,,,,,,,,,20.36,1.0,76.73,1.0,,,,
MO_TS_MO_VIDA_20250820.nc,2025-08-20 09:30:00,2,1.0,b'VIDA',45.5488,13.550525,0.0,-0.116000004,1.0,-0.049000002,1.0,,,,,,,,,,,,
MO_TS_MO_VIDA_20250820.nc,2025-08-20 09:30:00,3,1.0,b'VIDA',45.5488,13.550525,1.0,-0.10700001,1.0,-0.080000006,1.0,,,,,,,,,,,,
MO_TS_MO_VIDA_20250820.nc,2025-08-20 09:30:00,4,1.0,b'VIDA',45.5488,13.550525,2.0,-0.081,1.0,-0.094000004,1.0,,,,,,,,,,,,
MO_TS_MO_VIDA_20250820.nc,2025-08-20 09:30:00,5,1.0,b'VIDA',45.5488,13.550525,2.5,,,,,,,,,,,,,25.52,1.0,36.27,1.0
MO_TS_MO_VIDA_20250820.nc,2025-08-20 09:30:00,6,1.0,b'VIDA',45.5488,13.550525,3.0,-0.085,1.0,-0.058000002,1.0,,,,,,,,,,,,
MO_TS_MO_VIDA_20250820.nc,2025-08-20 09:30:00,7,1.0,b'VIDA',45.5488,13.550525,4.0,-0.08800001,1.0,0.0,1.0,,,,,,,,,,,,
MO_TS_MO_VIDA_20250820.nc,2025-08-20 09:30:00,8,1.0,b'VIDA',45.5488,13.550525,5.0,-0.071,1.0,-0.030000001,1.0,,,,,,,,,,,,
MO_TS_MO_VIDA_20250820.nc,2025-08-20 09:30:00,9,1.0,b'VIDA',45.5488,13.550525,6.0,-0.038000003,1.0,-0.019000001,1.0,,,,,,,,,,,,
MO_TS_MO_VIDA_20250820.nc,2025-08-20 09:30:00,10,1.0,b'VIDA',45.5488,13.550525,7.0,-0.019000001,1.0,-0.076000005,1.0,,,,,,,,,,,,
MO_TS_MO_VIDA_20250820.nc,2025-08-20 09:30:00,11,1.0,b'VIDA',45.5488,13.550525,8.0,-0.013,1.0,-0.072000004,1.0,,,,,,,,,,,,
MO_TS_MO_VIDA_20250820.nc,2025-08-20 09:30:00,12,1.0,b'VIDA',45.5488,13.550525,9.0,-0.042000003,1.0,-0.105000004,1.0,,,,,,,,,,,,
MO_TS_MO_VIDA_20250820.nc,2025-08-20 09:30:00,13,1.0,b'VIDA',45.5488,13.550525,10.0,-0.079,1.0,-0.093,1.0,,,,,,,,,,,,
MO_TS_MO_VIDA_20250820.nc,2025-08-20 09:30:00,14,1.0,b'VIDA',45.5488,13.550525,11.0,-0.054,1.0,-0.051000003,1.0,,,,,,,,,,,,
MO_TS_MO_VIDA_20250820.nc,2025-08-20 09:30:00,15,1.0,b'VIDA',45.5488,13.550525,12.0,0.018000001,1.0,0.031000001,1.0,,,,,,,,,,,,
MO_TS_MO_VIDA_20250820.nc,2025-08-20 09:30:00,16,1.0,b'VIDA',45.5488,13.550525,13.0,0.049000002,1.0,0.059000004,1.0,,,,,,,,,,,,
MO_TS_MO_VIDA_20250820.nc,2025-08-20 09:30:00,17,1.0,b'VIDA',45.5488,13.550525,14.0,0.052,1.0,0.064,1.0,,,,,,,,,,,,
MO_TS_MO_VIDA_20250820.nc,2025-08-20 09:30:00,18,1.0,b'VIDA',45.5488,13.550525,15.0,0.038000003,1.0,0.021000002,1.0,,,,,,,,,,,,
MO_TS_MO_VIDA_20250820.nc,2025-08-20 09:30:00,19,1.0,b'VIDA',45.5488,13.550525,16.0,0.068,1.0,0.001,1.0,,,,,,,,,,,,
MO_TS_MO_VIDA_20250820.nc,2025-08-20 09:30:00,20,1.0,b'VIDA',45.5488,13.550525,17.0,0.15100001,1.0,-0.012,1.0,,,,,,,,,,,,
MO_TS_MO_VIDA_20250820.nc,2025-08-20 09:30:00,21,1.0,b'VIDA',45.5488,13.550525,18.0,0.23400001,1.0,0.008,1.0,,,,,,,,,,,,
MO_TS_MO_VIDA_20250820.nc,2025-08-20 09:30:00,22,1.0,b'VIDA',45.5488,13.550525,19.0,0.39800003,1.0,-0.075,1.0,,,,,,,,,,,,
MO_TS_MO_VIDA_20250820.nc,2025-08-20 09:30:00,23,1.0,b'VIDA',45.5488,13.550525,20.0,0.531,1.0,-0.009000001,1.0,,,,,,,,,,,,
MO_TS_MO_VIDA_20250820.nc,2025-08-20 10:00:00,0,1.0,b'VIDA',45.5488,13.550525,-5.0,,,,,5.65,1.0,93.100006,1.0,,,,,,,,
MO_TS_MO_VIDA_20250820.nc,2025-08-20 10:00:00,1,1.0,b'VIDA',45.5488,13.550525,-3.5,,,,,,,,,20.7,1.0,76.23,1.0,,,,
MO_TS_MO_VIDA_20250820.nc,2025-08-20 10:00:00,2,1.0,b'VIDA',45.5488,13.550525,0.0,-0.15300001,1.0,-0.031000001,1.0,,,,,,,,,,,,
MO_TS_MO_VIDA_20250820.nc,2025-08-20 10:00:00,3,1.0,b'VIDA',45.5488,13.550525,1.0,-0.14400001,1.0,-0.052,1.0,,,,,,,,,,,,
MO_TS_MO_VIDA_20250820.nc,2025-08-20 10:00:00,4,1.0,b'VIDA',45.5488,13.550525,2.0,-0.12900001,1.0,-0.063,1.0,,,,,,,,,,,,
MO_TS_MO_VIDA_20250820.nc,2025-08-20 10:00:00,5,1.0,b'VIDA',45.5488,13.550525,2.5,,,,,,,,,,,,,25.410002,1.0,36.170002,1.0
MO_TS_MO_VIDA_20250820.nc,2025-08-20 10:00:00,6,1.0,b'VIDA',45.5488,13.550525,3.0,-0.15,1.0,-0.018000001,1.0,,,,,,,,,,,,
MO_TS_MO_VIDA_20250820.nc,2025-08-20 10:00:00,7,1.0,b'VIDA',45.5488,13.550525,4.0,-0.126,1.0,0.004,1.0,,,,,,,,,,,,
MO_TS_MO_VIDA_20250820.nc,2025-08-20 10:00:00,8,1.0,b'VIDA',45.5488,13.550525,5.0,-0.09,1.0,-0.055000003,1.0,,,,,,,,,,,,
MO_TS_MO_VIDA_20250820.nc,2025-08-20 10:00:00,9,1.0,b'VIDA',45.5488,13.550525,6.0,-0.058000002,1.0,-0.061000004,1.0,,,,,,,,,,,,
MO_TS_MO_VIDA_20250820.nc,2025-08-20 10:00:00,10,1.0,b'VIDA',45.5488,13.550525,7.0,-0.062000003,1.0,-0.047000002,1.0,,,,,,,,,,,,
MO_TS_MO_VIDA_20250820.nc,2025-08-20 10:00:00,11,1.0,b'VIDA',45.5488,13.550525,8.0,-0.083000004,1.0,-0.07,1.0,,,,,,,,,,,,
MO_TS_MO_VIDA_20250820.nc,2025-08-20 10:00:00,12,1.0,b'VIDA',45.5488,13.550525,9.0,-0.08800001,1.0,-0.046000004,1.0,,,,,,,,,,,,
MO_TS_MO_VIDA_20250820.nc,2025-08-20 10:00:00,13,1.0,b'VIDA',45.5488,13.550525,10.0,-0.102000006,1.0,-0.09,1.0,,,,,,,,,,,,
MO_TS_MO_VIDA_20250820.nc,2025-08-20 10:00:00,14,1.0,b'VIDA',45.5488,13.550525,11.0,-0.078,1.0,-0.047000002,1.0,,,,,,,,,,,,
MO_TS_MO_VIDA_20250820.nc,2025-08-20 10:00:00,15,1.0,b'VIDA',45.5488,13.550525,12.0,-0.033,1.0,0.023000002,1.0,,,,,,,,,,,,
MO_TS_MO_VIDA_20250820.nc,2025-08-20 10:00:00,16,1.0,b'VIDA',45.5488,13.550525,13.0,-0.025,1.0,-0.028,1.0,,,,,,,,,,,,
MO_TS_MO_VIDA_20250820.nc,2025-08-20 10:00:00,17,1.0,b'VIDA',45.5488,13.550525,14.0,-0.012,1.0,-0.043,1.0,,,,,,,,,,,,
MO_TS_MO_VIDA_20250820.nc,2025-08-20 10:00:00,18,1.0,b'VIDA',45.5488,13.550525,15.0,-0.018000001,1.0,-0.017,1.0,,,,,,,,,,,,
MO_TS_MO_VIDA_20250820.nc,2025-08-20 10:00:00,19,1.0,b'VIDA',45.5488,13.550525,16.0,0.006,1.0,-0.036000002,1.0,,,,,,,,,,,,
MO_TS_MO_VIDA_20250820.nc,2025-08-20 10:00:00,20,1.0,b'VIDA',45.5488,13.550525,17.0,0.025,1.0,-0.046000004,1.0,,,,,,,,,,,,
MO_TS_MO_VIDA_20250820.nc,2025-08-20 10:00:00,21,1.0,b'VIDA',45.5488,13.550525,18.0,0.020000001,1.0,-0.15200001,1.0,,,,,,,,,,,,
MO_TS_MO_VIDA_20250820.nc,2025-08-20 10:00:00,22,1.0,b'VIDA',45.5488,13.550525,19.0,0.053000003,1.0,-0.47800002,1.0,,,,,,,,,,,,
MO_TS_MO_VIDA_20250820.nc,2025-08-20 10:00:00,23,1.0,b'VIDA',45.5488,13.550525,20.0,0.082,1.0,-0.572,1.0,,,,,,,,,,,,
MO_TS_MO_VIDA_20250820.nc,2025-08-20 10:30:00,0,1.0,b'VIDA',45.5488,13.550525,-5.0,,,,,7.03,1.0,72.05,1.0,,,,,,,,
MO_TS_MO_VIDA_20250820.nc,2025-08-20 10:30:00,1,1.0,b'VIDA',45.5488,13.550525,-3.5,,,,,,,,,20.92,1.0,73.69,1.0,,,,
MO_TS_MO_VIDA_20250820.nc,2025-08-20 10:30:00,2,1.0,b'VIDA',45.5488,13.550525,0.0,-0.096,1.0,-0.094000004,1.0,,,,,,,,,,,,
MO_TS_MO_VIDA_20250820.nc,2025-08-20 10:30:00,3,1.0,b'VIDA',45.5488,13.550525,1.0,-0.135,1.0,-0.038000003,1.0,,,,,,,,,,,,
MO_TS_MO_VIDA_20250820.nc,2025-08-20 10:30:00,4,1.0,b'VIDA',45.5488,13.550525,2.0,-0.10300001,1.0,-0.020000001,1.0,,,,,,,,,,,,
MO_TS_MO_VIDA_20250820.nc,2025-08-20 10:30:00,5,1.0,b'VIDA',45.5488,13.550525,2.5,,,,,,,,,,,,,25.35,1.0,36.13,1.0
MO_TS_MO_VIDA_20250820.nc,2025-08-20 10:30:00,6,1.0,b'VIDA',45.5488,13.550525,3.0,-0.075,1.0,-0.051000003,1.0,,,,,,,,,,,,
MO_TS_MO_VIDA_20250820.nc,2025-08-20 10:30:00,7,1.0,b'VIDA',45.5488,13.550525,4.0,-0.098000005,1.0,-0.035,1.0,,,,,,,,,,,,
MO_TS_MO_VIDA_20250820.nc,2025-08-20 10:30:00,8,1.0,b'VIDA',45.5488,13.550525,5.0,-0.056,1.0,-0.072000004,1.0,,,,,,,,,,,,
MO_TS_MO_VIDA_20250820.nc,2025-08-20 10:30:00,9,1.0,b'VIDA',45.5488,13.550525,6.0,-0.055000003,1.0,-0.109000005,1.0,,,,,,,,,,,,
MO_TS_MO_VIDA_20250820.nc,2025-08-20 10:30:00,10,1.0,b'VIDA',45.5488,13.550525,7.0,-0.058000002,1.0,-0.10700001,1.0,,,,,,,,,,,,
MO_TS_MO_VIDA_20250820.nc,2025-08-20 10:30:00,11,1.0,b'VIDA',45.5488,13.550525,8.0,-0.047000002,1.0,-0.08400001,1.0,,,,,,,,,,,,
MO_TS_MO_VIDA_20250820.nc,2025-08-20 10:30:00,12,1.0,b'VIDA',45.5488,13.550525,9.0,-0.07700001,1.0,-0.058000002,1.0,,,,,,,,,,,,
MO_TS_MO_VIDA_20250820.nc,2025-08-20 10:30:00,13,1.0,b'VIDA',45.5488,13.550525,10.0,-0.062000003,1.0,-0.074,1.0,,,,,,,,,,,,
MO_TS_MO_VIDA_20250820.nc,2025-08-20 10:30:00,14,1.0,b'VIDA',45.5488,13.550525,11.0,-0.035,1.0,-0.062000003,1.0,,,,,,,,,,,,
MO_TS_MO_VIDA_20250820.nc,2025-08-20 10:30:00,15,1.0,b'VIDA',45.5488,13.550525,12.0,0.009000001,1.0,-0.049000002,1.0,,,,,,,,,,,,
MO_TS_MO_VIDA_20250820.nc,2025-08-20 10:30:00,16,1.0,b'VIDA',45.5488,13.550525,13.0,0.013,1.0,-0.038000003,1.0,,,,,,,,,,,,
MO_TS_MO_VIDA_20250820.nc,2025-08-20 10:30:00,17,1.0,b'VIDA',45.5488,13.550525,14.0,0.028,1.0,-0.015000001,1.0,,,,,,,,,,,,
MO_TS_MO_VIDA_20250820.nc,2025-08-20 10:30:00,18,1.0,b'VIDA',45.5488,13.550525,15.0,-0.006,1.0,0.008,1.0,,,,,,,,,,,,
MO_TS_MO_VIDA_20250820.nc,2025-08-20 10:30:00,19,1.0,b'VIDA',45.5488,13.550525,16.0,-0.025,1.0,-0.027,1.0,,,,,,,,,,,,
MO_TS_MO_VIDA_20250820.nc,2025-08-20 10:30:00,20,1.0,b'VIDA',45.5488,13.550525,17.0,0.033,1.0,-0.05,1.0,,,,,,,,,,,,
MO_TS_MO_VIDA_20250820.nc,2025-08-20 10:30:00,21,1.0,b'VIDA',45.5488,13.550525,18.0,0.004,1.0,-0.120000005,1.0,,,,,,,,,,,,
MO_TS_MO_VIDA_20250820.nc,2025-08-20 10:30:00,22,1.0,b'VIDA',45.5488,13.550525,19.0,-0.44900003,1.0,-0.34100002,1.0,,,,,,,,,,,,
MO_TS_MO_VIDA_20250820.nc,2025-08-20 10:30:00,23,1.0,b'VIDA',45.5488,13.550525,20.0,-0.44300002,1.0,-0.41700003,1.0,,,,,,,,,,,,
MO_TS_MO_VIDA_20250820.nc,2025-08-20 11:00:00,0,1.0,b'VIDA',45.5488,13.550525,-5.0,,,,,6.4600005,1.0,85.880005,1.0,,,,,,,,
MO_TS_MO_VIDA_20250820.nc,2025-08-20 11:00:00,1,1.0,b'VIDA',45.5488,13.550525,-3.5,,,,,,,,,20.76,1.0,77.19,1.0,,,,
MO_TS_MO_VIDA_20250820.nc,2025-08-20 11:00:00,2,1.0,b'VIDA',45.5488,13.550525,0.0,0.007,1.0,0.001,1.0,,,,,,,,,,,,
MO_TS_MO_VIDA_20250820.nc,2025-08-20 11:00:00,3,1.0,b'VIDA',45.5488,13.550525,1.0,-0.081,1.0,-0.029000001,1.0,,,,,,,,,,,,
MO_TS_MO_VIDA_20250820.nc,2025-08-20 11:00:00,4,1.0,b'VIDA',45.5488,13.550525,2.0,-0.051000003,1.0,-0.029000001,1.0,,,,,,,,,,,,
MO_TS_MO_VIDA_20250820.nc,2025-08-20 11:00:00,5,1.0,b'VIDA',45.5488,13.550525,2.5,,,,,,,,,,,,,25.37,1.0,36.13,4.0
MO_TS_MO_VIDA_20250820.nc,2025-08-20 11:00:00,6,1.0,b'VIDA',45.5488,13.550525,3.0,-0.023000002,1.0,-0.017,1.0,,,,,,,,,,,,
MO_TS_MO_VIDA_20250820.nc,2025-08-20 11:00:00,7,1.0,b'VIDA',45.5488,13.550525,4.0,-0.055000003,1.0,0.043,1.0,,,,,,,,,,,,
MO_TS_MO_VIDA_20250820.nc,2025-08-20 11:00:00,8,1.0,b'VIDA',45.5488,13.550525,5.0,-0.069000006,1.0,0.017,1.0,,,,,,,,,,,,
MO_TS_MO_VIDA_20250820.nc,2025-08-20 11:00:00,9,1.0,b'VIDA',45.5488,13.550525,6.0,-0.041,1.0,-0.058000002,1.0,,,,,,,,,,,,
MO_TS_MO_VIDA_20250820.nc,2025-08-20 11:00:00,10,1.0,b'VIDA',45.5488,13.550525,7.0,-0.033,1.0,-0.059000004,1.0,,,,,,,,,,,,
MO_TS_MO_VIDA_20250820.nc,2025-08-20 11:00:00,11,1.0,b'VIDA',45.5488,13.550525,8.0,-0.025,1.0,-0.074,1.0,,,,,,,,,,,,
MO_TS_MO_VIDA_20250820.nc,2025-08-20 11:00:00,12,1.0,b'VIDA',45.5488,13.550525,9.0,-0.021000002,1.0,-0.080000006,1.0,,,,,,,,,,,,
MO_TS_MO_VIDA_20250820.nc,2025-08-20 11:00:00,13,1.0,b'VIDA',45.5488,13.550525,10.0,-0.059000004,1.0,-0.085,1.0,,,,,,,,,,,,
MO_TS_MO_VIDA_20250820.nc,2025-08-20 11:00:00,14,1.0,b'VIDA',45.5488,13.550525,11.0,-0.068,1.0,-0.061000004,1.0,,,,,,,,,,,,
MO_TS_MO_VIDA_20250820.nc,2025-08-20 11:00:00,15,1.0,b'VIDA',45.5488,13.550525,12.0,-0.036000002,1.0,0.0,1.0,,,,,,,,,,,,
MO_TS_MO_VIDA_20250820.nc,2025-08-20 11:00:00,16,1.0,b'VIDA',45.5488,13.550525,13.0,0.039,1.0,-0.05,1.0,,,,,,,,,,,,
MO_TS_MO_VIDA_20250820.nc,2025-08-20 11:00:00,17,1.0,b'VIDA',45.5488,13.550525,14.0,-0.039,1.0,-0.053000003,1.0,,,,,,,,,,,,
MO_TS_MO_VIDA_20250820.nc,2025-08-20 11:00:00,18,1.0,b'VIDA',45.5488,13.550525,15.0,-0.052,1.0,-0.031000001,1.0,,,,,,,,,,,,
MO_TS_MO_VIDA_20250820.nc,2025-08-20 11:00:00,19,1.0,b'VIDA',45.5488,13.550525,16.0,-0.041,1.0,-0.049000002,1.0,,,,,,,,,,,,
MO_TS_MO_VIDA_20250820.nc,2025-08-20 11:00:00,20,1.0,b'VIDA',45.5488,13.550525,17.0,0.127,1.0,-0.086,1.0,,,,,,,,,,,,
MO_TS_MO_VIDA_20250820.nc,2025-08-20 11:00:00,21,1.0,b'VIDA',45.5488,13.550525,18.0,0.022000002,1.0,-0.054,1.0,,,,,,,,,,,,
MO_TS_MO_VIDA_20250820.nc,2025-08-20 11:00:00,22,1.0,b'VIDA',45.5488,13.550525,19.0,-0.47100002,1.0,-0.05,1.0,,,,,,,,,,,,
MO_TS_MO_VIDA_20250820.nc,2025-08-20 11:00:00,23,1.0,b'VIDA',45.5488,13.550525,20.0,-0.52400005,1.0,-0.075,1.0,,,,,,,,,,,,
MO_TS_MO_VIDA_20250820.nc,2025-08-20 11:30:00,0,1.0,b'VIDA',45.5488,13.550525,-5.0,,,,,6.11,1.0,85.310005,1.0,,,,,,,,
MO_TS_MO_VIDA_20250820.nc,2025-08-20 11:30:00,1,1.0,b'VIDA',45.5488,13.550525,-3.5,,,,,,,,,20.830002,1.0,76.86,1.0,,,,
MO_TS_MO_VIDA_20250820.nc,2025-08-20 11:30:00,2,1.0,b'VIDA',45.5488,13.550525,0.0,-0.038000003,1.0,-0.046000004,1.0,,,,,,,,,,,,
MO_TS_MO_VIDA_20250820.nc,2025-08-20 11:30:00,3,1.0,b'VIDA',45.5488,13.550525,1.0,-0.045,1.0,-0.033,1.0,,,,,,,,,,,,
MO_TS_MO_VIDA_20250820.nc,2025-08-20 11:30:00,4,1.0,b'VIDA',45.5488,13.550525,2.0,-0.042000003,1.0,-0.034,1.0,,,,,,,,,,,,
MO_TS_MO_VIDA_20250820.nc,2025-08-20 11:30:00,5,1.0,b'VIDA',45.5488,13.550525,2.5,,,,,,,,,,,,,25.400002,1.0,36.120003,1.0
MO_TS_MO_VIDA_20250820.nc,2025-08-20 11:30:00,6,1.0,b'VIDA',45.5488,13.550525,3.0,-0.009000001,1.0,-0.031000001,1.0,,,,,,,,,,,,
MO_TS_MO_VIDA_20250820.nc,2025-08-20 11:30:00,7,1.0,b'VIDA',45.5488,13.550525,4.0,-0.036000002,1.0,-0.010000001,1.0,,,,,,,,,,,,
MO_TS_MO_VIDA_20250820.nc,2025-08-20 11:30:00,8,1.0,b'VIDA',45.5488,13.550525,5.0,-0.046000004,1.0,-0.006,1.0,,,,,,,,,,,,
MO_TS_MO_VIDA_20250820.nc,2025-08-20 11:30:00,9,1.0,b'VIDA',45.5488,13.550525,6.0,-0.046000004,1.0,-0.049000002,1.0,,,,,,,,,,,,
MO_TS_MO_VIDA_20250820.nc,2025-08-20 11:30:00,10,1.0,b'VIDA',45.5488,13.550525,7.0,-0.035,1.0,-0.078,1.0,,,,,,,,,,,,
MO_TS_MO_VIDA_20250820.nc,2025-08-20 11:30:00,11,1.0,b'VIDA',45.5488,13.550525,8.0,-0.060000002,1.0,-0.049000002,1.0,,,,,,,,,,,,
MO_TS_MO_VIDA_20250820.nc,2025-08-20 11:30:00,12,1.0,b'VIDA',45.5488,13.550525,9.0,-0.062000003,1.0,-0.045,1.0,,,,,,,,,,,,
MO_TS_MO_VIDA_20250820.nc,2025-08-20 11:30:00,13,1.0,b'VIDA',45.5488,13.550525,10.0,-0.079,1.0,-0.052,1.0,,,,,,,,,,,,
MO_TS_MO_VIDA_20250820.nc,2025-08-20 11:30:00,14,1.0,b'VIDA',45.5488,13.550525,11.0,-0.014,1.0,0.0050000004,1.0,,,,,,,,,,,,
MO_TS_MO_VIDA_20250820.nc,2025-08-20 11:30:00,15,1.0,b'VIDA',45.5488,13.550525,12.0,0.028,1.0,0.007,1.0,,,,,,,,,,,,
MO_TS_MO_VIDA_20250820.nc,2025-08-20 11:30:00,16,1.0,b'VIDA',45.5488,13.550525,13.0,0.065000005,1.0,-0.001,1.0,,,,,,,,,,,,
MO_TS_MO_VIDA_20250820.nc,2025-08-20 11:30:00,17,1.0,b'VIDA',45.5488,13.550525,14.0,0.058000002,1.0,0.024,1.0,,,,,,,,,,,,
MO_TS_MO_VIDA_20250820.nc,2025-08-20 11:30:00,18,1.0,b'VIDA',45.5488,13.550525,15.0,0.013,1.0,-0.001,1.0,,,,,,,,,,,,
MO_TS_MO_VIDA_20250820.nc,2025-08-20 11:30:00,19,1.0,b'VIDA',45.5488,13.550525,16.0,0.043,1.0,-0.041,1.0,,,,,,,,,,,,
MO_TS_MO_VIDA_20250820.nc,2025-08-20 11:30:00,20,1.0,b'VIDA',45.5488,13.550525,17.0,0.08400001,1.0,-0.055000003,1.0,,,,,,,,,,,,
MO_TS_MO_VIDA_20250820.nc,2025-08-20 11:30:00,21,1.0,b'VIDA',45.5488,13.550525,18.0,-0.057000004,1.0,-0.059000004,1.0,,,,,,,,,,,,
MO_TS_MO_VIDA_20250820.nc,2025-08-20 11:30:00,22,1.0,b'VIDA',45.5488,13.550525,19.0,-0.545,1.0,-0.068,1.0,,,,,,,,,,,,
MO_TS_MO_VIDA_20250820.nc,2025-08-20 11:30:00,23,1.0,b'VIDA',45.5488,13.550525,20.0,-0.51600003,1.0,-0.031000001,1.0,,,,,,,,,,,,
MO_TS_MO_VIDA_20250820.nc,2025-08-20 12:00:00,0,1.0,b'VIDA',45.5488,13.550525,-5.0,,,,,4.4700003,1.0,76.380005,1.0,,,,,,,,
MO_TS_MO_VIDA_20250820.nc,2025-08-20 12:00:00,1,1.0,b'VIDA',45.5488,13.550525,-3.5,,,,,,,,,21.01,1.0,76.240005,1.0,,,,
MO_TS_MO_VIDA_20250820.nc,2025-08-20 12:00:00,2,1.0,b'VIDA',45.5488,13.550525,0.0,-0.012,1.0,-0.10300001,1.0,,,,,,,,,,,,
MO_TS_MO_VIDA_20250820.nc,2025-08-20 12:00:00,3,1.0,b'VIDA',45.5488,13.550525,1.0,-0.039,1.0,-0.104,1.0,,,,,,,,,,,,
MO_TS_MO_VIDA_20250820.nc,2025-08-20 12:00:00,4,1.0,b'VIDA',45.5488,13.550525,2.0,-0.07,1.0,-0.055000003,1.0,,,,,,,,,,,,
MO_TS_MO_VIDA_20250820.nc,2025-08-20 12:00:00,5,1.0,b'VIDA',45.5488,13.550525,2.5,,,,,,,,,,,,,25.44,1.0,36.09,1.0
MO_TS_MO_VIDA_20250820.nc,2025-08-20 12:00:00,6,1.0,b'VIDA',45.5488,13.550525,3.0,-0.054,1.0,-0.051000003,1.0,,,,,,,,,,,,
MO_TS_MO_VIDA_20250820.nc,2025-08-20 12:00:00,7,1.0,b'VIDA',45.5488,13.550525,4.0,-0.07700001,1.0,-0.015000001,1.0,,,,,,,,,,,,
MO_TS_MO_VIDA_20250820.nc,2025-08-20 12:00:00,8,1.0,b'VIDA',45.5488,13.550525,5.0,-0.044000003,1.0,-0.043,1.0,,,,,,,,,,,,
MO_TS_MO_VIDA_20250820.nc,2025-08-20 12:00:00,9,1.0,b'VIDA',45.5488,13.550525,6.0,-0.022000002,1.0,-0.058000002,1.0,,,,,,,,,,,,
MO_TS_MO_VIDA_20250820.nc,2025-08-20 12:00:00,10,1.0,b'VIDA',45.5488,13.550525,7.0,-0.039,1.0,-0.1,1.0,,,,,,,,,,,,
MO_TS_MO_VIDA_20250820.nc,2025-08-20 12:00:00,11,1.0,b'VIDA',45.5488,13.550525,8.0,-0.05,1.0,-0.046000004,1.0,,,,,,,,,,,,
MO_TS_MO_VIDA_20250820.nc,2025-08-20 12:00:00,12,1.0,b'VIDA',45.5488,13.550525,9.0,-0.059000004,1.0,-0.037,1.0,,,,,,,,,,,,
MO_TS_MO_VIDA_20250820.nc,2025-08-20 12:00:00,13,1.0,b'VIDA',45.5488,13.550525,10.0,-0.078,1.0,-0.053000003,1.0,,,,,,,,,,,,
MO_TS_MO_VIDA_20250820.nc,2025-08-20 12:00:00,14,1.0,b'VIDA',45.5488,13.550525,11.0,-0.012,1.0,-0.044000003,1.0,,,,,,,,,,,,
MO_TS_MO_VIDA_20250820.nc,2025-08-20 12:00:00,15,1.0,b'VIDA',45.5488,13.550525,12.0,0.015000001,1.0,-0.017,1.0,,,,,,,,,,,,
MO_TS_MO_VIDA_20250820.nc,2025-08-20 12:00:00,16,1.0,b'VIDA',45.5488,13.550525,13.0,0.028,1.0,-0.041,1.0,,,,,,,,,,,,
MO_TS_MO_VIDA_20250820.nc,2025-08-20 12:00:00,17,1.0,b'VIDA',45.5488,13.550525,14.0,-0.006,1.0,-0.046000004,1.0,,,,,,,,,,,,
MO_TS_MO_VIDA_20250820.nc,2025-08-20 12:00:00,18,1.0,b'VIDA',45.5488,13.550525,15.0,0.024,1.0,-0.024,1.0,,,,,,,,,,,,
MO_TS_MO_VIDA_20250820.nc,2025-08-20 12:00:00,19,1.0,b'VIDA',45.5488,13.550525,16.0,0.036000002,1.0,-0.086,1.0,,,,,,,,,,,,
MO_TS_MO_VIDA_20250820.nc,2025-08-20 12:00:00,20,1.0,b'VIDA',45.5488,13.550525,17.0,0.021000002,1.0,-0.044000003,1.0,,,,,,,,,,,,
MO_TS_MO_VIDA_20250820.nc,2025-08-20 12:00:00,21,1.0,b'VIDA',45.5488,13.550525,18.0,-0.102000006,1.0,-0.069000006,1.0,,,,,,,,,,,,
MO_TS_MO_VIDA_20250820.nc,2025-08-20 12:00:00,22,1.0,b'VIDA',45.5488,13.550525,19.0,-0.61,1.0,-0.105000004,1.0,,,,,,,,,,,,
MO_TS_MO_VIDA_20250820.nc,2025-08-20 12:00:00,23,1.0,b'VIDA',45.5488,13.550525,20.0,-0.48900002,1.0,-0.060000002,1.0,,,,,,,,,,,,
MO_TS_MO_VIDA_20250820.nc,2025-08-20 12:30:00,0,1.0,b'VIDA',45.5488,13.550525,-5.0,,,,,1.5100001,1.0,89.05,1.0,,,,,,,,
MO_TS_MO_VIDA_20250820.nc,2025-08-20 12:30:00,1,1.0,b'VIDA',45.5488,13.550525,-3.5,,,,,,,,,21.67,1.0,74.36,1.0,,,,
MO_TS_MO_VIDA_20250820.nc,2025-08-20 12:30:00,2,1.0,b'VIDA',45.5488,13.550525,0.0,-0.046000004,1.0,-0.072000004,1.0,,,,,,,,,,,,
MO_TS_MO_VIDA_20250820.nc,2025-08-20 12:30:00,3,1.0,b'VIDA',45.5488,13.550525,1.0,-0.009000001,1.0,-0.028,1.0,,,,,,,,,,,,
MO_TS_MO_VIDA_20250820.nc,2025-08-20 12:30:00,4,1.0,b'VIDA',45.5488,13.550525,2.0,-0.061000004,1.0,-0.021000002,1.0,,,,,,,,,,,,
MO_TS_MO_VIDA_20250820.nc,2025-08-20 12:30:00,5,1.0,b'VIDA',45.5488,13.550525,2.5,,,,,,,,,,,,,25.510002,1.0,36.070004,1.0
MO_TS_MO_VIDA_20250820.nc,2025-08-20 12:30:00,6,1.0,b'VIDA',45.5488,13.550525,3.0,0.0050000004,1.0,-0.027,1.0,,,,,,,,,,,,
MO_TS_MO_VIDA_20250820.nc,2025-08-20 12:30:00,7,1.0,b'VIDA',45.5488,13.550525,4.0,-0.021000002,1.0,-0.027,1.0,,,,,,,,,,,,
MO_TS_MO_VIDA_20250820.nc,2025-08-20 12:30:00,8,1.0,b'VIDA',45.5488,13.550525,5.0,-0.028,1.0,-0.08800001,1.0,,,,,,,,,,,,
MO_TS_MO_VIDA_20250820.nc,2025-08-20 12:30:00,9,1.0,b'VIDA',45.5488,13.550525,6.0,-0.024,1.0,-0.080000006,1.0,,,,,,,,,,,,
MO_TS_MO_VIDA_20250820.nc,2025-08-20 12:30:00,10,1.0,b'VIDA',45.5488,13.550525,7.0,-0.043,1.0,-0.1,1.0,,,,,,,,,,,,
MO_TS_MO_VIDA_20250820.nc,2025-08-20 12:30:00,11,1.0,b'VIDA',45.5488,13.550525,8.0,-0.062000003,1.0,-0.074,1.0,,,,,,,,,,,,
MO_TS_MO_VIDA_20250820.nc,2025-08-20 12:30:00,12,1.0,b'VIDA',45.5488,13.550525,9.0,-0.034,1.0,-0.049000002,1.0,,,,,,,,,,,,
MO_TS_MO_VIDA_20250820.nc,2025-08-20 12:30:00,13,1.0,b'VIDA',45.5488,13.550525,10.0,-0.05,1.0,-0.068,1.0,,,,,,,,,,,,
MO_TS_MO_VIDA_20250820.nc,2025-08-20 12:30:00,14,1.0,b'VIDA',45.5488,13.550525,11.0,-0.035,1.0,-0.010000001,1.0,,,,,,,,,,,,
MO_TS_MO_VIDA_20250820.nc,2025-08-20 12:30:00,15,1.0,b'VIDA',45.5488,13.550525,12.0,0.041,1.0,-0.018000001,1.0,,,,,,,,,,,,
MO_TS_MO_VIDA_20250820.nc,2025-08-20 12:30:00,16,1.0,b'VIDA',45.5488,13.550525,13.0,0.018000001,1.0,-0.0050000004,1.0,,,,,,,,,,,,
MO_TS_MO_VIDA_20250820.nc,2025-08-20 12:30:00,17,1.0,b'VIDA',45.5488,13.550525,14.0,0.028,1.0,-0.006,1.0,,,,,,,,,,,,
MO_TS_MO_VIDA_20250820.nc,2025-08-20 12:30:00,18,1.0,b'VIDA',45.5488,13.550525,15.0,0.034,1.0,0.033,1.0,,,,,,,,,,,,
MO_TS_MO_VIDA_20250820.nc,2025-08-20 12:30:00,19,1.0,b'VIDA',45.5488,13.550525,16.0,0.048,1.0,0.018000001,1.0,,,,,,,,,,,,
MO_TS_MO_VIDA_20250820.nc,2025-08-20 12:30:00,20,1.0,b'VIDA',45.5488,13.550525,17.0,-0.013,1.0,0.002,1.0,,,,,,,,,,,,
MO_TS_MO_VIDA_20250820.nc,2025-08-20 12:30:00,21,1.0,b'VIDA',45.5488,13.550525,18.0,-0.381,1.0,0.011000001,1.0,,,,,,,,,,,,
MO_TS_MO_VIDA_20250820.nc,2025-08-20 12:30:00,22,1.0,b'VIDA',45.5488,13.550525,19.0,-0.66200006,1.0,-0.07300001,1.0,,,,,,,,,,,,
MO_TS_MO_VIDA_20250820.nc,2025-08-20 12:30:00,23,1.0,b'VIDA',45.5488,13.550525,20.0,-0.544,1.0,-0.022000002,1.0,,,,,,,,,,,,
MO_TS_MO_VIDA_20250820.nc,2025-08-20 13:00:00,0,1.0,b'VIDA',45.5488,13.550525,-5.0,,,,,0.70000005,1.0,237.52,1.0,,,,,,,,
MO_TS_MO_VIDA_20250820.nc,2025-08-20 13:00:00,1,1.0,b'VIDA',45.5488,13.550525,-3.5,,,,,,,,,22.640001,1.0,71.520004,1.0,,,,
MO_TS_MO_VIDA_20250820.nc,2025-08-20 13:00:00,2,1.0,b'VIDA',45.5488,13.550525,0.0,-0.020000001,1.0,-0.065000005,1.0,,,,,,,,,,,,
MO_TS_MO_VIDA_20250820.nc,2025-08-20 13:00:00,3,1.0,b'VIDA',45.5488,13.550525,1.0,-0.011000001,1.0,-0.082,1.0,,,,,,,,,,,,
MO_TS_MO_VIDA_20250820.nc,2025-08-20 13:00:00,4,1.0,b'VIDA',45.5488,13.550525,2.0,-0.008,1.0,-0.035,1.0,,,,,,,,,,,,
MO_TS_MO_VIDA_20250820.nc,2025-08-20 13:00:00,5,1.0,b'VIDA',45.5488,13.550525,2.5,,,,,,,,,,,,,25.570002,1.0,36.04,1.0
MO_TS_MO_VIDA_20250820.nc,2025-08-20 13:00:00,6,1.0,b'VIDA',45.5488,13.550525,3.0,-0.010000001,1.0,-0.035,1.0,,,,,,,,,,,,
MO_TS_MO_VIDA_20250820.nc,2025-08-20 13:00:00,7,1.0,b'VIDA',45.5488,13.550525,4.0,-0.040000003,1.0,-0.026,1.0,,,,,,,,,,,,
MO_TS_MO_VIDA_20250820.nc,2025-08-20 13:00:00,8,1.0,b'VIDA',45.5488,13.550525,5.0,-0.062000003,1.0,-0.043,1.0,,,,,,,,,,,,
MO_TS_MO_VIDA_20250820.nc,2025-08-20 13:00:00,9,1.0,b'VIDA',45.5488,13.550525,6.0,0.007,1.0,-0.048,1.0,,,,,,,,,,,,
MO_TS_MO_VIDA_20250820.nc,2025-08-20 13:00:00,10,1.0,b'VIDA',45.5488,13.550525,7.0,-0.037,1.0,-0.064,1.0,,,,,,,,,,,,
MO_TS_MO_VIDA_20250820.nc,2025-08-20 13:00:00,11,1.0,b'VIDA',45.5488,13.550525,8.0,-0.055000003,1.0,-0.058000002,1.0,,,,,,,,,,,,
MO_TS_MO_VIDA_20250820.nc,2025-08-20 13:00:00,12,1.0,b'VIDA',45.5488,13.550525,9.0,-0.093,1.0,-0.045,1.0,,,,,,,,,,,,
MO_TS_MO_VIDA_20250820.nc,2025-08-20 13:00:00,13,1.0,b'VIDA',45.5488,13.550525,10.0,-0.07300001,1.0,-0.038000003,1.0,,,,,,,,,,,,
MO_TS_MO_VIDA_20250820.nc,2025-08-20 13:00:00,14,1.0,b'VIDA',45.5488,13.550525,11.0,-0.006,1.0,-0.024,1.0,,,,,,,,,,,,
MO_TS_MO_VIDA_20250820.nc,2025-08-20 13:00:00,15,1.0,b'VIDA',45.5488,13.550525,12.0,0.058000002,1.0,0.014,1.0,,,,,,,,,,,,
MO_TS_MO_VIDA_20250820.nc,2025-08-20 13:00:00,16,1.0,b'VIDA',45.5488,13.550525,13.0,0.062000003,1.0,0.015000001,1.0,,,,,,,,,,,,
MO_TS_MO_VIDA_20250820.nc,2025-08-20 13:00:00,17,1.0,b'VIDA',45.5488,13.550525,14.0,0.010000001,1.0,0.033,1.0,,,,,,,,,,,,
MO_TS_MO_VIDA_20250820.nc,2025-08-20 13:00:00,18,1.0,b'VIDA',45.5488,13.550525,15.0,-0.0050000004,1.0,-0.001,1.0,,,,,,,,,,,,
MO_TS_MO_VIDA_20250820.nc,2025-08-20 13:00:00,19,1.0,b'VIDA',45.5488,13.550525,16.0,0.018000001,1.0,-0.051000003,1.0,,,,,,,,,,,,
MO_TS_MO_VIDA_20250820.nc,2025-08-20 13:00:00,20,1.0,b'VIDA',45.5488,13.550525,17.0,-0.058000002,1.0,-0.024,1.0,,,,,,,,,,,,
MO_TS_MO_VIDA_20250820.nc,2025-08-20 13:00:00,21,1.0,b'VIDA',45.5488,13.550525,18.0,-0.186,1.0,-0.045,1.0,,,,,,,,,,,,
MO_TS_MO_VIDA_20250820.nc,2025-08-20 13:00:00,22,1.0,b'VIDA',45.5488,13.550525,19.0,-0.21200001,1.0,0.001,1.0,,,,,,,,,,,,
MO_TS_MO_VIDA_20250820.nc,2025-08-20 13:00:00,23,1.0,b'VIDA',45.5488,13.550525,20.0,-0.104,1.0,-0.042000003,1.0,,,,,,,,,,,,
MO_TS_MO_VIDA_20250820.nc,2025-08-20 13:30:00,0,1.0,b'VIDA',45.5488,13.550525,-5.0,,,,,1.0500001,1.0,267.86002,1.0,,,,,,,,
MO_TS_MO_VIDA_20250820.nc,2025-08-20 13:30:00,1,1.0,b'VIDA',45.5488,13.550525,-3.5,,,,,,,,,22.570002,1.0,71.69,1.0,,,,
MO_TS_MO_VIDA_20250820.nc,2025-08-20 13:30:00,2,1.0,b'VIDA',45.5488,13.550525,0.0,-0.009000001,1.0,-0.147,1.0,,,,,,,,,,,,
MO_TS_MO_VIDA_20250820.nc,2025-08-20 13:30:00,3,1.0,b'VIDA',45.5488,13.550525,1.0,0.0,1.0,-0.066,1.0,,,,,,,,,,,,
MO_TS_MO_VIDA_20250820.nc,2025-08-20 13:30:00,4,1.0,b'VIDA',45.5488,13.550525,2.0,-0.044000003,1.0,-0.11800001,1.0,,,,,,,,,,,,
MO_TS_MO_VIDA_20250820.nc,2025-08-20 13:30:00,5,1.0,b'VIDA',45.5488,13.550525,2.5,,,,,,,,,,,,,25.640001,1.0,36.04,4.0
MO_TS_MO_VIDA_20250820.nc,2025-08-20 13:30:00,6,1.0,b'VIDA',45.5488,13.550525,3.0,0.028,1.0,-0.08400001,1.0,,,,,,,,,,,,
MO_TS_MO_VIDA_20250820.nc,2025-08-20 13:30:00,7,1.0,b'VIDA',45.5488,13.550525,4.0,-0.006,1.0,-0.086,1.0,,,,,,,,,,,,
MO_TS_MO_VIDA_20250820.nc,2025-08-20 13:30:00,8,1.0,b'VIDA',45.5488,13.550525,5.0,-0.057000004,1.0,-0.052,1.0,,,,,,,,,,,,
MO_TS_MO_VIDA_20250820.nc,2025-08-20 13:30:00,9,1.0,b'VIDA',45.5488,13.550525,6.0,-0.0050000004,1.0,-0.085,1.0,,,,,,,,,,,,
MO_TS_MO_VIDA_20250820.nc,2025-08-20 13:30:00,10,1.0,b'VIDA',45.5488,13.550525,7.0,-0.049000002,1.0,-0.07700001,1.0,,,,,,,,,,,,
MO_TS_MO_VIDA_20250820.nc,2025-08-20 13:30:00,11,1.0,b'VIDA',45.5488,13.550525,8.0,-0.063,1.0,-0.061000004,1.0,,,,,,,,,,,,
MO_TS_MO_VIDA_20250820.nc,2025-08-20 13:30:00,12,1.0,b'VIDA',45.5488,13.550525,9.0,-0.065000005,1.0,-0.075,1.0,,,,,,,,,,,,
MO_TS_MO_VIDA_20250820.nc,2025-08-20 13:30:00,13,1.0,b'VIDA',45.5488,13.550525,10.0,-0.042000003,1.0,-0.078,1.0,,,,,,,,,,,,
MO_TS_MO_VIDA_20250820.nc,2025-08-20 13:30:00,14,1.0,b'VIDA',45.5488,13.550525,11.0,-0.039,1.0,-0.07700001,1.0,,,,,,,,,,,,
MO_TS_MO_VIDA_20250820.nc,2025-08-20 13:30:00,15,1.0,b'VIDA',45.5488,13.550525,12.0,0.059000004,1.0,-0.052,1.0,,,,,,,,,,,,
MO_TS_MO_VIDA_20250820.nc,2025-08-20 13:30:00,16,1.0,b'VIDA',45.5488,13.550525,13.0,0.072000004,1.0,-0.039,1.0,,,,,,,,,,,,
MO_TS_MO_VIDA_20250820.nc,2025-08-20 13:30:00,17,1.0,b'VIDA',45.5488,13.550525,14.0,0.011000001,1.0,-0.07700001,1.0,,,,,,,,,,,,
MO_TS_MO_VIDA_20250820.nc,2025-08-20 13:30:00,18,1.0,b'VIDA',45.5488,13.550525,15.0,-0.015000001,1.0,-0.07300001,1.0,,,,,,,,,,,,
MO_TS_MO_VIDA_20250820.nc,2025-08-20 13:30:00,19,1.0,b'VIDA',45.5488,13.550525,16.0,-0.010000001,1.0,-0.059000004,1.0,,,,,,,,,,,,
MO_TS_MO_VIDA_20250820.nc,2025-08-20 13:30:00,20,1.0,b'VIDA',45.5488,13.550525,17.0,0.002,1.0,-0.035,1.0,,,,,,,,,,,,
MO_TS_MO_VIDA_20250820.nc,2025-08-20 13:30:00,21,1.0,b'VIDA',45.5488,13.550525,18.0,-0.045,1.0,-0.027,1.0,,,,,,,,,,,,
MO_TS_MO_VIDA_20250820.nc,2025-08-20 13:30:00,22,1.0,b'VIDA',45.5488,13.550525,19.0,-0.014,1.0,-0.026,1.0,,,,,,,,,,,,
MO_TS_MO_VIDA_20250820.nc,2025-08-20 13:30:00,23,1.0,b'VIDA',45.5488,13.550525,20.0,-0.049000002,1.0,-0.051000003,1.0,,,,,,,,,,,,
MO_TS_MO_VIDA_20250820.nc,2025-08-20 14:00:00,0,1.0,b'VIDA',45.5488,13.550525,-5.0,,,,,1.71,1.0,303.62003,1.0,,,,,,,,
MO_TS_MO_VIDA_20250820.nc,2025-08-20 14:00:00,1,1.0,b'VIDA',45.5488,13.550525,-3.5,,,,,,,,,22.910002,1.0,71.26,1.0,,,,
MO_TS_MO_VIDA_20250820.nc,2025-08-20 14:00:00,2,1.0,b'VIDA',45.5488,13.550525,0.0,0.0,1.0,-0.017,1.0,,,,,,,,,,,,
MO_TS_MO_VIDA_20250820.nc,2025-08-20 14:00:00,3,1.0,b'VIDA',45.5488,13.550525,1.0,0.020000001,1.0,-0.037,1.0,,,,,,,,,,,,
MO_TS_MO_VIDA_20250820.nc,2025-08-20 14:00:00,4,1.0,b'VIDA',45.5488,13.550525,2.0,-0.026,1.0,-0.071,1.0,,,,,,,,,,,,
MO_TS_MO_VIDA_20250820.nc,2025-08-20 14:00:00,5,1.0,b'VIDA',45.5488,13.550525,2.5,,,,,,,,,,,,,25.69,1.0,36.010002,1.0
MO_TS_MO_VIDA_20250820.nc,2025-08-20 14:00:00,6,1.0,b'VIDA',45.5488,13.550525,3.0,-0.004,1.0,-0.064,1.0,,,,,,,,,,,,
MO_TS_MO_VIDA_20250820.nc,2025-08-20 14:00:00,7,1.0,b'VIDA',45.5488,13.550525,4.0,0.003,1.0,-0.062000003,1.0,,,,,,,,,,,,
MO_TS_MO_VIDA_20250820.nc,2025-08-20 14:00:00,8,1.0,b'VIDA',45.5488,13.550525,5.0,-0.040000003,1.0,-0.044000003,1.0,,,,,,,,,,,,
MO_TS_MO_VIDA_20250820.nc,2025-08-20 14:00:00,9,1.0,b'VIDA',45.5488,13.550525,6.0,-0.014,1.0,-0.036000002,1.0,,,,,,,,,,,,
MO_TS_MO_VIDA_20250820.nc,2025-08-20 14:00:00,10,1.0,b'VIDA',45.5488,13.550525,7.0,-0.026,1.0,-0.034,1.0,,,,,,,,,,,,
MO_TS_MO_VIDA_20250820.nc,2025-08-20 14:00:00,11,1.0,b'VIDA',45.5488,13.550525,8.0,-0.059000004,1.0,-0.046000004,1.0,,,,,,,,,,,,
MO_TS_MO_VIDA_20250820.nc,2025-08-20 14:00:00,12,1.0,b'VIDA',45.5488,13.550525,9.0,-0.047000002,1.0,-0.038000003,1.0,,,,,,,,,,,,
MO_TS_MO_VIDA_20250820.nc,2025-08-20 14:00:00,13,1.0,b'VIDA',45.5488,13.550525,10.0,-0.046000004,1.0,-0.002,1.0,,,,,,,,,,,,
MO_TS_MO_VIDA_20250820.nc,2025-08-20 14:00:00,14,1.0,b'VIDA',45.5488,13.550525,11.0,-0.003,1.0,0.046000004,1.0,,,,,,,,,,,,
MO_TS_MO_VIDA_20250820.nc,2025-08-20 14:00:00,15,1.0,b'VIDA',45.5488,13.550525,12.0,0.069000006,1.0,0.051000003,1.0,,,,,,,,,,,,
MO_TS_MO_VIDA_20250820.nc,2025-08-20 14:00:00,16,1.0,b'VIDA',45.5488,13.550525,13.0,0.09,1.0,0.055000003,1.0,,,,,,,,,,,,
MO_TS_MO_VIDA_20250820.nc,2025-08-20 14:00:00,17,1.0,b'VIDA',45.5488,13.550525,14.0,0.030000001,1.0,0.026,1.0,,,,,,,,,,,,
MO_TS_MO_VIDA_20250820.nc,2025-08-20 14:00:00,18,1.0,b'VIDA',45.5488,13.550525,15.0,0.076000005,1.0,-0.017,1.0,,,,,,,,,,,,
MO_TS_MO_VIDA_20250820.nc,2025-08-20 14:00:00,19,1.0,b'VIDA',45.5488,13.550525,16.0,0.021000002,1.0,-0.015000001,1.0,,,,,,,,,,,,
MO_TS_MO_VIDA_20250820.nc,2025-08-20 14:00:00,20,1.0,b'VIDA',45.5488,13.550525,17.0,0.025,1.0,-0.008,1.0,,,,,,,,,,,,
MO_TS_MO_VIDA_20250820.nc,2025-08-20 14:00:00,21,1.0,b'VIDA',45.5488,13.550525,18.0,-0.039,1.0,0.004,1.0,,,,,,,,,,,,
MO_TS_MO_VIDA_20250820.nc,2025-08-20 14:00:00,22,1.0,b'VIDA',45.5488,13.550525,19.0,-0.008,1.0,-0.020000001,1.0,,,,,,,,,,,,
MO_TS_MO_VIDA_20250820.nc,2025-08-20 14:00:00,23,1.0,b'VIDA',45.5488,13.550525,20.0,0.004,1.0,-0.064,1.0,,,,,,,,,,,,
MO_TS_MO_VIDA_20250820.nc,2025-08-20 14:30:00,0,1.0,b'VIDA',45.5488,13.550525,-5.0,,,,,2.7900002,1.0,315.42,1.0,,,,,,,,
MO_TS_MO_VIDA_20250820.nc,2025-08-20 14:30:00,1,1.0,b'VIDA',45.5488,13.550525,-3.5,,,,,,,,,23.1,1.0,70.33,1.0,,,,
MO_TS_MO_VIDA_20250820.nc,2025-08-20 14:30:00,2,1.0,b'VIDA',45.5488,13.550525,0.0,0.023000002,1.0,-0.040000003,1.0,,,,,,,,,,,,
MO_TS_MO_VIDA_20250820.nc,2025-08-20 14:30:00,3,1.0,b'VIDA',45.5488,13.550525,1.0,-0.004,1.0,-0.083000004,1.0,,,,,,,,,,,,
MO_TS_MO_VIDA_20250820.nc,2025-08-20 14:30:00,4,1.0,b'VIDA',45.5488,13.550525,2.0,-0.061000004,1.0,-0.054,1.0,,,,,,,,,,,,
MO_TS_MO_VIDA_20250820.nc,2025-08-20 14:30:00,5,1.0,b'VIDA',45.5488,13.550525,2.5,,,,,,,,,,,,,25.77,1.0,35.99,1.0
MO_TS_MO_VIDA_20250820.nc,2025-08-20 14:30:00,6,1.0,b'VIDA',45.5488,13.550525,3.0,-0.053000003,1.0,-0.060000002,1.0,,,,,,,,,,,,
MO_TS_MO_VIDA_20250820.nc,2025-08-20 14:30:00,7,1.0,b'VIDA',45.5488,13.550525,4.0,0.033,1.0,-0.061000004,1.0,,,,,,,,,,,,
MO_TS_MO_VIDA_20250820.nc,2025-08-20 14:30:00,8,1.0,b'VIDA',45.5488,13.550525,5.0,-0.009000001,1.0,-0.063,1.0,,,,,,,,,,,,
MO_TS_MO_VIDA_20250820.nc,2025-08-20 14:30:00,9,1.0,b'VIDA',45.5488,13.550525,6.0,-0.035,1.0,-0.078,1.0,,,,,,,,,,,,
MO_TS_MO_VIDA_20250820.nc,2025-08-20 14:30:00,10,1.0,b'VIDA',45.5488,13.550525,7.0,-0.037,1.0,-0.023000002,1.0,,,,,,,,,,,,
MO_TS_MO_VIDA_20250820.nc,2025-08-20 14:30:00,11,1.0,b'VIDA',45.5488,13.550525,8.0,-0.044000003,1.0,-0.056,1.0,,,,,,,,,,,,
MO_TS_MO_VIDA_20250820.nc,2025-08-20 14:30:00,12,1.0,b'VIDA',45.5488,13.550525,9.0,-0.055000003,1.0,-0.059000004,1.0,,,,,,,,,,,,
MO_TS_MO_VIDA_20250820.nc,2025-08-20 14:30:00,13,1.0,b'VIDA',45.5488,13.550525,10.0,-0.040000003,1.0,-0.043,1.0,,,,,,,,,,,,
MO_TS_MO_VIDA_20250820.nc,2025-08-20 14:30:00,14,1.0,b'VIDA',45.5488,13.550525,11.0,-0.027,1.0,0.010000001,1.0,,,,,,,,,,,,
MO_TS_MO_VIDA_20250820.nc,2025-08-20 14:30:00,15,1.0,b'VIDA',45.5488,13.550525,12.0,0.07300001,1.0,-0.027,1.0,,,,,,,,,,,,
MO_TS_MO_VIDA_20250820.nc,2025-08-20 14:30:00,16,1.0,b'VIDA',45.5488,13.550525,13.0,0.05,1.0,-0.037,1.0,,,,,,,,,,,,
MO_TS_MO_VIDA_20250820.nc,2025-08-20 14:30:00,17,1.0,b'VIDA',45.5488,13.550525,14.0,0.033,1.0,-0.021000002,1.0,,,,,,,,,,,,
MO_TS_MO_VIDA_20250820.nc,2025-08-20 14:30:00,18,1.0,b'VIDA',45.5488,13.550525,15.0,0.030000001,1.0,-0.037,1.0,,,,,,,,,,,,
MO_TS_MO_VIDA_20250820.nc,2025-08-20 14:30:00,19,1.0,b'VIDA',45.5488,13.550525,16.0,-0.024,1.0,-0.046000004,1.0,,,,,,,,,,,,
MO_TS_MO_VIDA_20250820.nc,2025-08-20 14:30:00,20,1.0,b'VIDA',45.5488,13.550525,17.0,-0.003,1.0,0.016,1.0,,,,,,,,,,,,
MO_TS_MO_VIDA_20250820.nc,2025-08-20 14:30:00,21,1.0,b'VIDA',45.5488,13.550525,18.0,0.044000003,1.0,-0.09,1.0,,,,,,,,,,,,
MO_TS_MO_VIDA_20250820.nc,2025-08-20 14:30:00,22,1.0,b'VIDA',45.5488,13.550525,19.0,0.231,1.0,-0.31800002,1.0,,,,,,,,,,,,
MO_TS_MO_VIDA_20250820.nc,2025-08-20 14:30:00,23,1.0,b'VIDA',45.5488,13.550525,20.0,0.17500001,1.0,-0.29900002,1.0,,,,,,,,,,,,
MO_TS_MO_VIDA_20250820.nc,2025-08-20 15:00:00,0,1.0,b'VIDA',45.5488,13.550525,-5.0,,,,,2.49,1.0,331.93002,1.0,,,,,,,,
MO_TS_MO_VIDA_20250820.nc,2025-08-20 15:00:00,1,1.0,b'VIDA',45.5488,13.550525,-3.5,,,,,,,,,23.11,1.0,70.08,1.0,,,,
MO_TS_MO_VIDA_20250820.nc,2025-08-20 15:00:00,2,1.0,b'VIDA',45.5488,13.550525,0.0,-0.009000001,1.0,0.019000001,1.0,,,,,,,,,,,,
MO_TS_MO_VIDA_20250820.nc,2025-08-20 15:00:00,3,1.0,b'VIDA',45.5488,13.550525,1.0,0.021000002,1.0,-0.071,1.0,,,,,,,,,,,,
MO_TS_MO_VIDA_20250820.nc,2025-08-20 15:00:00,4,1.0,b'VIDA',45.5488,13.550525,2.0,-0.025,1.0,-0.021000002,1.0,,,,,,,,,,,,
MO_TS_MO_VIDA_20250820.nc,2025-08-20 15:00:00,5,1.0,b'VIDA',45.5488,13.550525,2.5,,,,,,,,,,,,,25.79,1.0,36.0,1.0
MO_TS_MO_VIDA_20250820.nc,2025-08-20 15:00:00,6,1.0,b'VIDA',45.5488,13.550525,3.0,-0.05,1.0,-0.068,1.0,,,,,,,,,,,,
MO_TS_MO_VIDA_20250820.nc,2025-08-20 15:00:00,7,1.0,b'VIDA',45.5488,13.550525,4.0,-0.0050000004,1.0,-0.069000006,1.0,,,,,,,,,,,,
MO_TS_MO_VIDA_20250820.nc,2025-08-20 15:00:00,8,1.0,b'VIDA',45.5488,13.550525,5.0,-0.030000001,1.0,-0.056,1.0,,,,,,,,,,,,
MO_TS_MO_VIDA_20250820.nc,2025-08-20 15:00:00,9,1.0,b'VIDA',45.5488,13.550525,6.0,-0.029000001,1.0,-0.065000005,1.0,,,,,,,,,,,,
MO_TS_MO_VIDA_20250820.nc,2025-08-20 15:00:00,10,1.0,b'VIDA',45.5488,13.550525,7.0,-0.043,1.0,-0.063,1.0,,,,,,,,,,,,
MO_TS_MO_VIDA_20250820.nc,2025-08-20 15:00:00,11,1.0,b'VIDA',45.5488,13.550525,8.0,-0.075,1.0,-0.021000002,1.0,,,,,,,,,,,,
MO_TS_MO_VIDA_20250820.nc,2025-08-20 15:00:00,12,1.0,b'VIDA',45.5488,13.550525,9.0,-0.019000001,1.0,-0.075,1.0,,,,,,,,,,,,
MO_TS_MO_VIDA_20250820.nc,2025-08-20 15:00:00,13,1.0,b'VIDA',45.5488,13.550525,10.0,-0.042000003,1.0,-0.027,1.0,,,,,,,,,,,,
MO_TS_MO_VIDA_20250820.nc,2025-08-20 15:00:00,14,1.0,b'VIDA',45.5488,13.550525,11.0,0.048,1.0,-0.001,1.0,,,,,,,,,,,,
MO_TS_MO_VIDA_20250820.nc,2025-08-20 15:00:00,15,1.0,b'VIDA',45.5488,13.550525,12.0,0.09200001,1.0,-0.003,1.0,,,,,,,,,,,,
MO_TS_MO_VIDA_20250820.nc,2025-08-20 15:00:00,16,1.0,b'VIDA',45.5488,13.550525,13.0,0.097,1.0,0.043,1.0,,,,,,,,,,,,
MO_TS_MO_VIDA_20250820.nc,2025-08-20 15:00:00,17,1.0,b'VIDA',45.5488,13.550525,14.0,0.08800001,1.0,0.012,1.0,,,,,,,,,,,,
MO_TS_MO_VIDA_20250820.nc,2025-08-20 15:00:00,18,1.0,b'VIDA',45.5488,13.550525,15.0,0.097,1.0,0.038000003,1.0,,,,,,,,,,,,
MO_TS_MO_VIDA_20250820.nc,2025-08-20 15:00:00,19,1.0,b'VIDA',45.5488,13.550525,16.0,0.066,1.0,0.043,1.0,,,,,,,,,,,,
MO_TS_MO_VIDA_20250820.nc,2025-08-20 15:00:00,20,1.0,b'VIDA',45.5488,13.550525,17.0,0.085,1.0,-0.010000001,1.0,,,,,,,,,,,,
MO_TS_MO_VIDA_20250820.nc,2025-08-20 15:00:00,21,1.0,b'VIDA',45.5488,13.550525,18.0,0.14400001,1.0,-0.21400002,1.0,,,,,,,,,,,,
MO_TS_MO_VIDA_20250820.nc,2025-08-20 15:00:00,22,1.0,b'VIDA',45.5488,13.550525,19.0,0.264,1.0,-0.53900003,1.0,,,,,,,,,,,,
MO_TS_MO_VIDA_20250820.nc,2025-08-20 15:00:00,23,1.0,b'VIDA',45.5488,13.550525,20.0,0.19500001,1.0,-0.44900003,1.0,,,,,,,,,,,,
MO_TS_MO_VIDA_20250820.nc,2025-08-20 15:30:00,0,1.0,b'VIDA',45.5488,13.550525,-5.0,,,,,2.2800002,1.0,344.62003,1.0,,,,,,,,
MO_TS_MO_VIDA_20250820.nc,2025-08-20 15:30:00,1,1.0,b'VIDA',45.5488,13.550525,-3.5,,,,,,,,,23.330002,1.0,68.9,1.0,,,,
MO_TS_MO_VIDA_20250820.nc,2025-08-20 15:30:00,2,1.0,b'VIDA',45.5488,13.550525,0.0,0.030000001,1.0,-0.010000001,1.0,,,,,,,,,,,,
MO_TS_MO_VIDA_20250820.nc,2025-08-20 15:30:00,3,1.0,b'VIDA',45.5488,13.550525,1.0,0.061000004,1.0,0.0,1.0,,,,,,,,,,,,
MO_TS_MO_VIDA_20250820.nc,2025-08-20 15:30:00,4,1.0,b'VIDA',45.5488,13.550525,2.0,0.015000001,1.0,-0.015000001,1.0,,,,,,,,,,,,
MO_TS_MO_VIDA_20250820.nc,2025-08-20 15:30:00,5,1.0,b'VIDA',45.5488,13.550525,2.5,,,,,,,,,,,,,25.660002,1.0,36.170002,1.0
MO_TS_MO_VIDA_20250820.nc,2025-08-20 15:30:00,6,1.0,b'VIDA',45.5488,13.550525,3.0,-0.030000001,1.0,-0.022000002,1.0,,,,,,,,,,,,
MO_TS_MO_VIDA_20250820.nc,2025-08-20 15:30:00,7,1.0,b'VIDA',45.5488,13.550525,4.0,0.024,1.0,-0.038000003,1.0,,,,,,,,,,,,
MO_TS_MO_VIDA_20250820.nc,2025-08-20 15:30:00,8,1.0,b'VIDA',45.5488,13.550525,5.0,0.027,1.0,-0.069000006,1.0,,,,,,,,,,,,
MO_TS_MO_VIDA_20250820.nc,2025-08-20 15:30:00,9,1.0,b'VIDA',45.5488,13.550525,6.0,0.006,1.0,-0.054,1.0,,,,,,,,,,,,
MO_TS_MO_VIDA_20250820.nc,2025-08-20 15:30:00,10,1.0,b'VIDA',45.5488,13.550525,7.0,-0.018000001,1.0,-0.042000003,1.0,,,,,,,,,,,,
MO_TS_MO_VIDA_20250820.nc,2025-08-20 15:30:00,11,1.0,b'VIDA',45.5488,13.550525,8.0,-0.043,1.0,-0.023000002,1.0,,,,,,,,,,,,
MO_TS_MO_VIDA_20250820.nc,2025-08-20 15:30:00,12,1.0,b'VIDA',45.5488,13.550525,9.0,-0.023000002,1.0,-0.003,1.0,,,,,,,,,,,,
MO_TS_MO_VIDA_20250820.nc,2025-08-20 15:30:00,13,1.0,b'VIDA',45.5488,13.550525,10.0,0.015000001,1.0,0.05,1.0,,,,,,,,,,,,
MO_TS_MO_VIDA_20250820.nc,2025-08-20 15:30:00,14,1.0,b'VIDA',45.5488,13.550525,11.0,0.034,1.0,0.080000006,1.0,,,,,,,,,,,,
MO_TS_MO_VIDA_20250820.nc,2025-08-20 15:30:00,15,1.0,b'VIDA',45.5488,13.550525,12.0,0.095000006,1.0,0.081,1.0,,,,,,,,,,,,
MO_TS_MO_VIDA_20250820.nc,2025-08-20 15:30:00,16,1.0,b'VIDA',45.5488,13.550525,13.0,0.071,1.0,0.08400001,1.0,,,,,,,,,,,,
MO_TS_MO_VIDA_20250820.nc,2025-08-20 15:30:00,17,1.0,b'VIDA',45.5488,13.550525,14.0,0.09,1.0,0.081,1.0,,,,,,,,,,,,
MO_TS_MO_VIDA_20250820.nc,2025-08-20 15:30:00,18,1.0,b'VIDA',45.5488,13.550525,15.0,0.11800001,1.0,0.025,1.0,,,,,,,,,,,,
MO_TS_MO_VIDA_20250820.nc,2025-08-20 15:30:00,19,1.0,b'VIDA',45.5488,13.550525,16.0,0.087000005,1.0,0.035,1.0,,,,,,,,,,,,
MO_TS_MO_VIDA_20250820.nc,2025-08-20 15:30:00,20,1.0,b'VIDA',45.5488,13.550525,17.0,0.025,1.0,0.014,1.0,,,,,,,,,,,,
MO_TS_MO_VIDA_20250820.nc,2025-08-20 15:30:00,21,1.0,b'VIDA',45.5488,13.550525,18.0,0.044000003,1.0,-0.263,1.0,,,,,,,,,,,,
MO_TS_MO_VIDA_20250820.nc,2025-08-20 15:30:00,22,1.0,b'VIDA',45.5488,13.550525,19.0,0.12100001,1.0,-0.58100003,1.0,,,,,,,,,,,,
MO_TS_MO_VIDA_20250820.nc,2025-08-20 15:30:00,23,1.0,b'VIDA',45.5488,13.550525,20.0,0.15200001,1.0,-0.372,1.0,,,,,,,,,,,,
MO_TS_MO_VIDA_20250820.nc,2025-08-20 16:00:00,0,1.0,b'VIDA',45.5488,13.550525,-5.0,,,,,1.8600001,1.0,357.1,1.0,,,,,,,,
MO_TS_MO_VIDA_20250820.nc,2025-08-20 16:00:00,1,1.0,b'VIDA',45.5488,13.550525,-3.5,,,,,,,,,23.550001,1.0,67.590004,1.0,,,,
MO_TS_MO_VIDA_20250820.nc,2025-08-20 16:00:00,2,1.0,b'VIDA',45.5488,13.550525,0.0,0.017,1.0,0.0,1.0,,,,,,,,,,,,
MO_TS_MO_VIDA_20250820.nc,2025-08-20 16:00:00,3,1.0,b'VIDA',45.5488,13.550525,1.0,0.037,1.0,0.055000003,1.0,,,,,,,,,,,,
MO_TS_MO_VIDA_20250820.nc,2025-08-20 16:00:00,4,1.0,b'VIDA',45.5488,13.550525,2.0,0.020000001,1.0,0.0050000004,1.0,,,,,,,,,,,,
MO_TS_MO_VIDA_20250820.nc,2025-08-20 16:00:00,5,1.0,b'VIDA',45.5488,13.550525,2.5,,,,,,,,,,,,,25.560001,1.0,36.47,1.0
MO_TS_MO_VIDA_20250820.nc,2025-08-20 16:00:00,6,1.0,b'VIDA',45.5488,13.550525,3.0,0.034,1.0,0.016,1.0,,,,,,,,,,,,
MO_TS_MO_VIDA_20250820.nc,2025-08-20 16:00:00,7,1.0,b'VIDA',45.5488,13.550525,4.0,0.037,1.0,-0.052,1.0,,,,,,,,,,,,
MO_TS_MO_VIDA_20250820.nc,2025-08-20 16:00:00,8,1.0,b'VIDA',45.5488,13.550525,5.0,0.049000002,1.0,-0.07300001,1.0,,,,,,,,,,,,
MO_TS_MO_VIDA_20250820.nc,2025-08-20 16:00:00,9,1.0,b'VIDA',45.5488,13.550525,6.0,0.044000003,1.0,-0.055000003,1.0,,,,,,,,,,,,
MO_TS_MO_VIDA_20250820.nc,2025-08-20 16:00:00,10,1.0,b'VIDA',45.5488,13.550525,7.0,0.020000001,1.0,-0.067,1.0,,,,,,,,,,,,
MO_TS_MO_VIDA_20250820.nc,2025-08-20 16:00:00,11,1.0,b'VIDA',45.5488,13.550525,8.0,-0.007,1.0,-0.055000003,1.0,,,,,,,,,,,,
MO_TS_MO_VIDA_20250820.nc,2025-08-20 16:00:00,12,1.0,b'VIDA',45.5488,13.550525,9.0,0.021000002,1.0,-0.034,1.0,,,,,,,,,,,,
MO_TS_MO_VIDA_20250820.nc,2025-08-20 16:00:00,13,1.0,b'VIDA',45.5488,13.550525,10.0,0.025,1.0,0.038000003,1.0,,,,,,,,,,,,
MO_TS_MO_VIDA_20250820.nc,2025-08-20 16:00:00,14,1.0,b'VIDA',45.5488,13.550525,11.0,0.078,1.0,0.054,1.0,,,,,,,,,,,,
MO_TS_MO_VIDA_20250820.nc,2025-08-20 16:00:00,15,1.0,b'VIDA',45.5488,13.550525,12.0,0.081,1.0,0.136,1.0,,,,,,,,,,,,
MO_TS_MO_VIDA_20250820.nc,2025-08-20 16:00:00,16,1.0,b'VIDA',45.5488,13.550525,13.0,0.098000005,1.0,0.119,1.0,,,,,,,,,,,,
MO_TS_MO_VIDA_20250820.nc,2025-08-20 16:00:00,17,1.0,b'VIDA',45.5488,13.550525,14.0,0.116000004,1.0,0.079,1.0,,,,,,,,,,,,
MO_TS_MO_VIDA_20250820.nc,2025-08-20 16:00:00,18,1.0,b'VIDA',45.5488,13.550525,15.0,0.13900001,1.0,0.062000003,1.0,,,,,,,,,,,,
MO_TS_MO_VIDA_20250820.nc,2025-08-20 16:00:00,19,1.0,b'VIDA',45.5488,13.550525,16.0,0.16000001,1.0,0.060000002,1.0,,,,,,,,,,,,
MO_TS_MO_VIDA_20250820.nc,2025-08-20 16:00:00,20,1.0,b'VIDA',45.5488,13.550525,17.0,0.048,1.0,-0.095000006,1.0,,,,,,,,,,,,
MO_TS_MO_VIDA_20250820.nc,2025-08-20 16:00:00,21,1.0,b'VIDA',45.5488,13.550525,18.0,0.05,1.0,-0.27800003,1.0,,,,,,,,,,,,
MO_TS_MO_VIDA_20250820.nc,2025-08-20 16:00:00,22,1.0,b'VIDA',45.5488,13.550525,19.0,0.074,1.0,-0.554,1.0,,,,,,,,,,,,
MO_TS_MO_VIDA_20250820.nc,2025-08-20 16:00:00,23,1.0,b'VIDA',45.5488,13.550525,20.0,0.13000001,1.0,-0.36800003,1.0,,,,,,,,,,,,
MO_TS_MO_VIDA_20250820.nc,2025-08-20 16:30:00,0,1.0,b'VIDA',45.5488,13.550525,-5.0,,,,,1.84,1.0,4.57,1.0,,,,,,,,
MO_TS_MO_VIDA_20250820.nc,2025-08-20 16:30:00,1,1.0,b'VIDA',45.5488,13.550525,-3.5,,,,,,,,,23.95,1.0,66.5,1.0,,,,
MO_TS_MO_VIDA_20250820.nc,2025-08-20 16:30:00,2,1.0,b'VIDA',45.5488,13.550525,0.0,0.018000001,1.0,-0.012,1.0,,,,,,,,,,,,
MO_TS_MO_VIDA_20250820.nc,2025-08-20 16:30:00,3,1.0,b'VIDA',45.5488,13.550525,1.0,0.009000001,1.0,0.007,1.0,,,,,,,,,,,,
MO_TS_MO_VIDA_20250820.nc,2025-08-20 16:30:00,4,1.0,b'VIDA',45.5488,13.550525,2.0,0.009000001,1.0,0.019000001,1.0,,,,,,,,,,,,
MO_TS_MO_VIDA_20250820.nc,2025-08-20 16:30:00,5,1.0,b'VIDA',45.5488,13.550525,2.5,,,,,,,,,,,,,25.61,1.0,36.300003,1.0
MO_TS_MO_VIDA_20250820.nc,2025-08-20 16:30:00,6,1.0,b'VIDA',45.5488,13.550525,3.0,-0.025,1.0,0.0,1.0,,,,,,,,,,,,
MO_TS_MO_VIDA_20250820.nc,2025-08-20 16:30:00,7,1.0,b'VIDA',45.5488,13.550525,4.0,-0.015000001,1.0,0.011000001,1.0,,,,,,,,,,,,
MO_TS_MO_VIDA_20250820.nc,2025-08-20 16:30:00,8,1.0,b'VIDA',45.5488,13.550525,5.0,-0.014,1.0,-0.108,1.0,,,,,,,,,,,,
MO_TS_MO_VIDA_20250820.nc,2025-08-20 16:30:00,9,1.0,b'VIDA',45.5488,13.550525,6.0,0.024,1.0,-0.108,1.0,,,,,,,,,,,,
MO_TS_MO_VIDA_20250820.nc,2025-08-20 16:30:00,10,1.0,b'VIDA',45.5488,13.550525,7.0,0.027,1.0,-0.060000002,1.0,,,,,,,,,,,,
MO_TS_MO_VIDA_20250820.nc,2025-08-20 16:30:00,11,1.0,b'VIDA',45.5488,13.550525,8.0,-0.001,1.0,-0.057000004,1.0,,,,,,,,,,,,
MO_TS_MO_VIDA_20250820.nc,2025-08-20 16:30:00,12,1.0,b'VIDA',45.5488,13.550525,9.0,-0.010000001,1.0,-0.036000002,1.0,,,,,,,,,,,,
MO_TS_MO_VIDA_20250820.nc,2025-08-20 16:30:00,13,1.0,b'VIDA',45.5488,13.550525,10.0,0.030000001,1.0,0.030000001,1.0,,,,,,,,,,,,
MO_TS_MO_VIDA_20250820.nc,2025-08-20 16:30:00,14,1.0,b'VIDA',45.5488,13.550525,11.0,0.037,1.0,0.072000004,1.0,,,,,,,,,,,,
MO_TS_MO_VIDA_20250820.nc,2025-08-20 16:30:00,15,1.0,b'VIDA',45.5488,13.550525,12.0,0.048,1.0,0.102000006,1.0,,,,,,,,,,,,
MO_TS_MO_VIDA_20250820.nc,2025-08-20 16:30:00,16,1.0,b'VIDA',45.5488,13.550525,13.0,0.057000004,1.0,0.09900001,1.0,,,,,,,,,,,,
MO_TS_MO_VIDA_20250820.nc,2025-08-20 16:30:00,17,1.0,b'VIDA',45.5488,13.550525,14.0,0.102000006,1.0,0.089,1.0,,,,,,,,,,,,
MO_TS_MO_VIDA_20250820.nc,2025-08-20 16:30:00,18,1.0,b'VIDA',45.5488,13.550525,15.0,0.087000005,1.0,0.066,1.0,,,,,,,,,,,,
MO_TS_MO_VIDA_20250820.nc,2025-08-20 16:30:00,19,1.0,b'VIDA',45.5488,13.550525,16.0,0.13800001,1.0,0.056,1.0,,,,,,,,,,,,
MO_TS_MO_VIDA_20250820.nc,2025-08-20 16:30:00,20,1.0,b'VIDA',45.5488,13.550525,17.0,0.049000002,1.0,-0.066,1.0,,,,,,,,,,,,
MO_TS_MO_VIDA_20250820.nc,2025-08-20 16:30:00,21,1.0,b'VIDA',45.5488,13.550525,18.0,0.040000003,1.0,-0.16700001,1.0,,,,,,,,,,,,
MO_TS_MO_VIDA_20250820.nc,2025-08-20 16:30:00,22,1.0,b'VIDA',45.5488,13.550525,19.0,0.071,1.0,-0.245,1.0,,,,,,,,,,,,
MO_TS_MO_VIDA_20250820.nc,2025-08-20 16:30:00,23,1.0,b'VIDA',45.5488,13.550525,20.0,0.105000004,1.0,-0.20700002,1.0,,,,,,,,,,,,
MO_TS_MO_VIDA_20250820.nc,2025-08-20 17:00:00,0,1.0,b'VIDA',45.5488,13.550525,-5.0,,,,,1.8600001,1.0,37.38,1.0,,,,,,,,
MO_TS_MO_VIDA_20250820.nc,2025-08-20 17:00:00,1,1.0,b'VIDA',45.5488,13.550525,-3.5,,,,,,,,,24.130001,1.0,66.07,1.0,,,,
MO_TS_MO_VIDA_20250820.nc,2025-08-20 17:00:00,2,1.0,b'VIDA',45.5488,13.550525,0.0,0.013,1.0,-0.030000001,1.0,,,,,,,,,,,,
MO_TS_MO_VIDA_20250820.nc,2025-08-20 17:00:00,3,1.0,b'VIDA',45.5488,13.550525,1.0,-0.020000001,1.0,-0.021000002,1.0,,,,,,,,,,,,
MO_TS_MO_VIDA_20250820.nc,2025-08-20 17:00:00,4,1.0,b'VIDA',45.5488,13.550525,2.0,-0.006,1.0,0.062000003,1.0,,,,,,,,,,,,
MO_TS_MO_VIDA_20250820.nc,2025-08-20 17:00:00,5,1.0,b'VIDA',45.5488,13.550525,2.5,,,,,,,,,,,,,25.670002,1.0,36.11,1.0
MO_TS_MO_VIDA_20250820.nc,2025-08-20 17:00:00,6,1.0,b'VIDA',45.5488,13.550525,3.0,0.0,1.0,0.033,1.0,,,,,,,,,,,,
MO_TS_MO_VIDA_20250820.nc,2025-08-20 17:00:00,7,1.0,b'VIDA',45.5488,13.550525,4.0,-0.055000003,1.0,-0.030000001,1.0,,,,,,,,,,,,
MO_TS_MO_VIDA_20250820.nc,2025-08-20 17:00:00,8,1.0,b'VIDA',45.5488,13.550525,5.0,0.006,1.0,-0.087000005,1.0,,,,,,,,,,,,
MO_TS_MO_VIDA_20250820.nc,2025-08-20 17:00:00,9,1.0,b'VIDA',45.5488,13.550525,6.0,-0.004,1.0,-0.104,1.0,,,,,,,,,,,,
MO_TS_MO_VIDA_20250820.nc,2025-08-20 17:00:00,10,1.0,b'VIDA',45.5488,13.550525,7.0,-0.0050000004,1.0,-0.080000006,1.0,,,,,,,,,,,,
MO_TS_MO_VIDA_20250820.nc,2025-08-20 17:00:00,11,1.0,b'VIDA',45.5488,13.550525,8.0,-0.018000001,1.0,-0.082,1.0,,,,,,,,,,,,
MO_TS_MO_VIDA_20250820.nc,2025-08-20 17:00:00,12,1.0,b'VIDA',45.5488,13.550525,9.0,0.034,1.0,-0.031000001,1.0,,,,,,,,,,,,
MO_TS_MO_VIDA_20250820.nc,2025-08-20 17:00:00,13,1.0,b'VIDA',45.5488,13.550525,10.0,0.003,1.0,0.014,1.0,,,,,,,,,,,,
MO_TS_MO_VIDA_20250820.nc,2025-08-20 17:00:00,14,1.0,b'VIDA',45.5488,13.550525,11.0,0.054,1.0,0.075,1.0,,,,,,,,,,,,
MO_TS_MO_VIDA_20250820.nc,2025-08-20 17:00:00,15,1.0,b'VIDA',45.5488,13.550525,12.0,0.067,1.0,0.112,1.0,,,,,,,,,,,,
MO_TS_MO_VIDA_20250820.nc,2025-08-20 17:00:00,16,1.0,b'VIDA',45.5488,13.550525,13.0,0.102000006,1.0,0.08400001,1.0,,,,,,,,,,,,
MO_TS_MO_VIDA_20250820.nc,2025-08-20 17:00:00,17,1.0,b'VIDA',45.5488,13.550525,14.0,0.13100001,1.0,0.069000006,1.0,,,,,,,,,,,,
MO_TS_MO_VIDA_20250820.nc,2025-08-20 17:00:00,18,1.0,b'VIDA',45.5488,13.550525,15.0,0.125,1.0,0.059000004,1.0,,,,,,,,,,,,
MO_TS_MO_VIDA_20250820.nc,2025-08-20 17:00:00,19,1.0,b'VIDA',45.5488,13.550525,16.0,0.12900001,1.0,0.048,1.0,,,,,,,,,,,,
MO_TS_MO_VIDA_20250820.nc,2025-08-20 17:00:00,20,1.0,b'VIDA',45.5488,13.550525,17.0,0.087000005,1.0,-0.041,1.0,,,,,,,,,,,,
MO_TS_MO_VIDA_20250820.nc,2025-08-20 17:00:00,21,1.0,b'VIDA',45.5488,13.550525,18.0,-0.046000004,1.0,-0.18100001,1.0,,,,,,,,,,,,
MO_TS_MO_VIDA_20250820.nc,2025-08-20 17:00:00,22,1.0,b'VIDA',45.5488,13.550525,19.0,-0.119,1.0,-0.36800003,1.0,,,,,,,,,,,,
MO_TS_MO_VIDA_20250820.nc,2025-08-20 17:00:00,23,1.0,b'VIDA',45.5488,13.550525,20.0,-0.076000005,1.0,-0.266,1.0,,,,,,,,,,,,
MO_TS_MO_VIDA_20250820.nc,2025-08-20 17:30:00,0,1.0,b'VIDA',45.5488,13.550525,-5.0,,,,,2.26,1.0,62.140003,1.0,,,,,,,,
MO_TS_MO_VIDA_20250820.nc,2025-08-20 17:30:00,1,1.0,b'VIDA',45.5488,13.550525,-3.5,,,,,,,,,24.18,1.0,66.54,1.0,,,,
MO_TS_MO_VIDA_20250820.nc,2025-08-20 17:30:00,2,1.0,b'VIDA',45.5488,13.550525,0.0,0.023000002,1.0,0.018000001,1.0,,,,,,,,,,,,
MO_TS_MO_VIDA_20250820.nc,2025-08-20 17:30:00,3,1.0,b'VIDA',45.5488,13.550525,1.0,0.0050000004,1.0,0.020000001,1.0,,,,,,,,,,,,
MO_TS_MO_VIDA_20250820.nc,2025-08-20 17:30:00,4,1.0,b'VIDA',45.5488,13.550525,2.0,-0.0050000004,1.0,0.067,1.0,,,,,,,,,,,,
MO_TS_MO_VIDA_20250820.nc,2025-08-20 17:30:00,5,1.0,b'VIDA',45.5488,13.550525,2.5,,,,,,,,,,,,,25.670002,4.0,36.09,1.0
MO_TS_MO_VIDA_20250820.nc,2025-08-20 17:30:00,6,1.0,b'VIDA',45.5488,13.550525,3.0,0.024,1.0,0.033,1.0,,,,,,,,,,,,
MO_TS_MO_VIDA_20250820.nc,2025-08-20 17:30:00,7,1.0,b'VIDA',45.5488,13.550525,4.0,-0.0050000004,1.0,0.022000002,1.0,,,,,,,,,,,,
MO_TS_MO_VIDA_20250820.nc,2025-08-20 17:30:00,8,1.0,b'VIDA',45.5488,13.550525,5.0,-0.039,1.0,-0.063,1.0,,,,,,,,,,,,
MO_TS_MO_VIDA_20250820.nc,2025-08-20 17:30:00,9,1.0,b'VIDA',45.5488,13.550525,6.0,0.008,1.0,-0.064,1.0,,,,,,,,,,,,
MO_TS_MO_VIDA_20250820.nc,2025-08-20 17:30:00,10,1.0,b'VIDA',45.5488,13.550525,7.0,-0.003,1.0,-0.063,1.0,,,,,,,,,,,,
MO_TS_MO_VIDA_20250820.nc,2025-08-20 17:30:00,11,1.0,b'VIDA',45.5488,13.550525,8.0,-0.0050000004,1.0,-0.035,1.0,,,,,,,,,,,,
MO_TS_MO_VIDA_20250820.nc,2025-08-20 17:30:00,12,1.0,b'VIDA',45.5488,13.550525,9.0,0.025,1.0,-0.002,1.0,,,,,,,,,,,,
MO_TS_MO_VIDA_20250820.nc,2025-08-20 17:30:00,13,1.0,b'VIDA',45.5488,13.550525,10.0,0.040000003,1.0,0.008,1.0,,,,,,,,,,,,
MO_TS_MO_VIDA_20250820.nc,2025-08-20 17:30:00,14,1.0,b'VIDA',45.5488,13.550525,11.0,0.055000003,1.0,0.078,1.0,,,,,,,,,,,,
MO_TS_MO_VIDA_20250820.nc,2025-08-20 17:30:00,15,1.0,b'VIDA',45.5488,13.550525,12.0,0.09,1.0,0.106000006,1.0,,,,,,,,,,,,
MO_TS_MO_VIDA_20250820.nc,2025-08-20 17:30:00,16,1.0,b'VIDA',45.5488,13.550525,13.0,0.12900001,1.0,0.07700001,1.0,,,,,,,,,,,,
MO_TS_MO_VIDA_20250820.nc,2025-08-20 17:30:00,17,1.0,b'VIDA',45.5488,13.550525,14.0,0.142,1.0,0.078,1.0,,,,,,,,,,,,
MO_TS_MO_VIDA_20250820.nc,2025-08-20 17:30:00,18,1.0,b'VIDA',45.5488,13.550525,15.0,0.15400001,1.0,0.048,1.0,,,,,,,,,,,,
MO_TS_MO_VIDA_20250820.nc,2025-08-20 17:30:00,19,1.0,b'VIDA',45.5488,13.550525,16.0,0.134,1.0,0.057000004,1.0,,,,,,,,,,,,
MO_TS_MO_VIDA_20250820.nc,2025-08-20 17:30:00,20,1.0,b'VIDA',45.5488,13.550525,17.0,0.009000001,1.0,-0.061000004,1.0,,,,,,,,,,,,
MO_TS_MO_VIDA_20250820.nc,2025-08-20 17:30:00,21,1.0,b'VIDA',45.5488,13.550525,18.0,-0.15,1.0,-0.192,1.0,,,,,,,,,,,,
MO_TS_MO_VIDA_20250820.nc,2025-08-20 17:30:00,22,1.0,b'VIDA',45.5488,13.550525,19.0,-0.36400002,1.0,-0.314,1.0,,,,,,,,,,,,
MO_TS_MO_VIDA_20250820.nc,2025-08-20 17:30:00,23,1.0,b'VIDA',45.5488,13.550525,20.0,-0.22800002,1.0,-0.22500001,1.0,,,,,,,,,,,,
MO_TS_MO_VIDA_20250820.nc,2025-08-20 18:00:00,0,1.0,b'VIDA',45.5488,13.550525,-5.0,,,,,3.13,1.0,66.94,1.0,,,,,,,,
MO_TS_MO_VIDA_20250820.nc,2025-08-20 18:00:00,1,1.0,b'VIDA',45.5488,13.550525,-3.5,,,,,,,,,24.170002,1.0,68.060005,1.0,,,,
MO_TS_MO_VIDA_20250820.nc,2025-08-20 18:00:00,2,1.0,b'VIDA',45.5488,13.550525,0.0,0.002,1.0,-0.0050000004,1.0,,,,,,,,,,,,
MO_TS_MO_VIDA_20250820.nc,2025-08-20 18:00:00,3,1.0,b'VIDA',45.5488,13.550525,1.0,0.017,1.0,0.030000001,1.0,,,,,,,,,,,,
MO_TS_MO_VIDA_20250820.nc,2025-08-20 18:00:00,4,1.0,b'VIDA',45.5488,13.550525,2.0,0.0,1.0,0.064,1.0,,,,,,,,,,,,
MO_TS_MO_VIDA_20250820.nc,2025-08-20 18:00:00,5,1.0,b'VIDA',45.5488,13.550525,2.5,,,,,,,,,,,,,25.650002,1.0,36.11,1.0
MO_TS_MO_VIDA_20250820.nc,2025-08-20 18:00:00,6,1.0,b'VIDA',45.5488,13.550525,3.0,-0.016,1.0,0.009000001,1.0,,,,,,,,,,,,
MO_TS_MO_VIDA_20250820.nc,2025-08-20 18:00:00,7,1.0,b'VIDA',45.5488,13.550525,4.0,-0.061000004,1.0,-0.018000001,1.0,,,,,,,,,,,,
MO_TS_MO_VIDA_20250820.nc,2025-08-20 18:00:00,8,1.0,b'VIDA',45.5488,13.550525,5.0,-0.022000002,1.0,-0.033,1.0,,,,,,,,,,,,
MO_TS_MO_VIDA_20250820.nc,2025-08-20 18:00:00,9,1.0,b'VIDA',45.5488,13.550525,6.0,-0.022000002,1.0,-0.042000003,1.0,,,,,,,,,,,,
MO_TS_MO_VIDA_20250820.nc,2025-08-20 18:00:00,10,1.0,b'VIDA',45.5488,13.550525,7.0,0.002,1.0,-0.026,1.0,,,,,,,,,,,,
MO_TS_MO_VIDA_20250820.nc,2025-08-20 18:00:00,11,1.0,b'VIDA',45.5488,13.550525,8.0,-0.011000001,1.0,0.021000002,1.0,,,,,,,,,,,,
MO_TS_MO_VIDA_20250820.nc,2025-08-20 18:00:00,12,1.0,b'VIDA',45.5488,13.550525,9.0,0.022000002,1.0,-0.009000001,1.0,,,,,,,,,,,,
MO_TS_MO_VIDA_20250820.nc,2025-08-20 18:00:00,13,1.0,b'VIDA',45.5488,13.550525,10.0,0.036000002,1.0,0.083000004,1.0,,,,,,,,,,,,
MO_TS_MO_VIDA_20250820.nc,2025-08-20 18:00:00,14,1.0,b'VIDA',45.5488,13.550525,11.0,0.079,1.0,0.059000004,1.0,,,,,,,,,,,,
MO_TS_MO_VIDA_20250820.nc,2025-08-20 18:00:00,15,1.0,b'VIDA',45.5488,13.550525,12.0,0.14,1.0,0.065000005,1.0,,,,,,,,,,,,
MO_TS_MO_VIDA_20250820.nc,2025-08-20 18:00:00,16,1.0,b'VIDA',45.5488,13.550525,13.0,0.16600001,1.0,0.049000002,1.0,,,,,,,,,,,,
MO_TS_MO_VIDA_20250820.nc,2025-08-20 18:00:00,17,1.0,b'VIDA',45.5488,13.550525,14.0,0.15200001,1.0,0.068,1.0,,,,,,,,,,,,
MO_TS_MO_VIDA_20250820.nc,2025-08-20 18:00:00,18,1.0,b'VIDA',45.5488,13.550525,15.0,0.128,1.0,0.062000003,1.0,,,,,,,,,,,,
MO_TS_MO_VIDA_20250820.nc,2025-08-20 18:00:00,19,1.0,b'VIDA',45.5488,13.550525,16.0,0.13800001,1.0,0.085,1.0,,,,,,,,,,,,
MO_TS_MO_VIDA_20250820.nc,2025-08-20 18:00:00,20,1.0,b'VIDA',45.5488,13.550525,17.0,0.009000001,1.0,0.017,1.0,,,,,,,,,,,,
MO_TS_MO_VIDA_20250820.nc,2025-08-20 18:00:00,21,1.0,b'VIDA',45.5488,13.550525,18.0,-0.29200003,1.0,-0.1,1.0,,,,,,,,,,,,
MO_TS_MO_VIDA_20250820.nc,2025-08-20 18:00:00,22,1.0,b'VIDA',45.5488,13.550525,19.0,-0.586,1.0,-0.101,1.0,,,,,,,,,,,,
MO_TS_MO_VIDA_20250820.nc,2025-08-20 18:00:00,23,1.0,b'VIDA',45.5488,13.550525,20.0,-0.499,1.0,-0.071,1.0,,,,,,,,,,,,
MO_TS_MO_VIDA_20250820.nc,2025-08-20 18:30:00,0,1.0,b'VIDA',45.5488,13.550525,-5.0,,,,,2.68,1.0,46.210003,1.0,,,,,,,,
MO_TS_MO_VIDA_20250820.nc,2025-08-20 18:30:00,1,1.0,b'VIDA',45.5488,13.550525,-3.5,,,,,,,,,24.36,1.0,68.420006,1.0,,,,
MO_TS_MO_VIDA_20250820.nc,2025-08-20 18:30:00,2,1.0,b'VIDA',45.5488,13.550525,0.0,0.010000001,1.0,0.033,1.0,,,,,,,,,,,,
MO_TS_MO_VIDA_20250820.nc,2025-08-20 18:30:00,3,1.0,b'VIDA',45.5488,13.550525,1.0,0.015000001,1.0,0.027,1.0,,,,,,,,,,,,
MO_TS_MO_VIDA_20250820.nc,2025-08-20 18:30:00,4,1.0,b'VIDA',45.5488,13.550525,2.0,0.061000004,1.0,0.066,1.0,,,,,,,,,,,,
MO_TS_MO_VIDA_20250820.nc,2025-08-20 18:30:00,5,1.0,b'VIDA',45.5488,13.550525,2.5,,,,,,,,,,,,,25.640001,1.0,36.280003,1.0
MO_TS_MO_VIDA_20250820.nc,2025-08-20 18:30:00,6,1.0,b'VIDA',45.5488,13.550525,3.0,0.004,1.0,0.052,1.0,,,,,,,,,,,,
MO_TS_MO_VIDA_20250820.nc,2025-08-20 18:30:00,7,1.0,b'VIDA',45.5488,13.550525,4.0,0.018000001,1.0,-0.031000001,1.0,,,,,,,,,,,,
MO_TS_MO_VIDA_20250820.nc,2025-08-20 18:30:00,8,1.0,b'VIDA',45.5488,13.550525,5.0,0.012,1.0,-0.063,1.0,,,,,,,,,,,,
MO_TS_MO_VIDA_20250820.nc,2025-08-20 18:30:00,9,1.0,b'VIDA',45.5488,13.550525,6.0,0.008,1.0,-0.018000001,1.0,,,,,,,,,,,,
MO_TS_MO_VIDA_20250820.nc,2025-08-20 18:30:00,10,1.0,b'VIDA',45.5488,13.550525,7.0,0.013,1.0,-0.0050000004,1.0,,,,,,,,,,,,
MO_TS_MO_VIDA_20250820.nc,2025-08-20 18:30:00,11,1.0,b'VIDA',45.5488,13.550525,8.0,0.015000001,1.0,0.014,1.0,,,,,,,,,,,,
MO_TS_MO_VIDA_20250820.nc,2025-08-20 18:30:00,12,1.0,b'VIDA',45.5488,13.550525,9.0,0.012,1.0,-0.015000001,1.0,,,,,,,,,,,,
MO_TS_MO_VIDA_20250820.nc,2025-08-20 18:30:00,13,1.0,b'VIDA',45.5488,13.550525,10.0,0.040000003,1.0,0.045,1.0,,,,,,,,,,,,
MO_TS_MO_VIDA_20250820.nc,2025-08-20 18:30:00,14,1.0,b'VIDA',45.5488,13.550525,11.0,0.059000004,1.0,0.043,1.0,,,,,,,,,,,,
MO_TS_MO_VIDA_20250820.nc,2025-08-20 18:30:00,15,1.0,b'VIDA',45.5488,13.550525,12.0,0.079,1.0,0.041,1.0,,,,,,,,,,,,
MO_TS_MO_VIDA_20250820.nc,2025-08-20 18:30:00,16,1.0,b'VIDA',45.5488,13.550525,13.0,0.16900001,1.0,0.035,1.0,,,,,,,,,,,,
MO_TS_MO_VIDA_20250820.nc,2025-08-20 18:30:00,17,1.0,b'VIDA',45.5488,13.550525,14.0,0.162,1.0,0.041,1.0,,,,,,,,,,,,
MO_TS_MO_VIDA_20250820.nc,2025-08-20 18:30:00,18,1.0,b'VIDA',45.5488,13.550525,15.0,0.158,1.0,0.074,1.0,,,,,,,,,,,,
MO_TS_MO_VIDA_20250820.nc,2025-08-20 18:30:00,19,1.0,b'VIDA',45.5488,13.550525,16.0,0.141,1.0,0.067,1.0,,,,,,,,,,,,
MO_TS_MO_VIDA_20250820.nc,2025-08-20 18:30:00,20,1.0,b'VIDA',45.5488,13.550525,17.0,-0.026,1.0,-0.042000003,1.0,,,,,,,,,,,,
MO_TS_MO_VIDA_20250820.nc,2025-08-20 18:30:00,21,1.0,b'VIDA',45.5488,13.550525,18.0,-0.32500002,1.0,-0.143,1.0,,,,,,,,,,,,
MO_TS_MO_VIDA_20250820.nc,2025-08-20 18:30:00,22,1.0,b'VIDA',45.5488,13.550525,19.0,-0.546,1.0,-0.24800001,1.0,,,,,,,,,,,,
MO_TS_MO_VIDA_20250820.nc,2025-08-20 18:30:00,23,1.0,b'VIDA',45.5488,13.550525,20.0,-0.51000005,1.0,-0.231,1.0,,,,,,,,,,,,
MO_TS_MO_VIDA_20250820.nc,2025-08-20 19:00:00,0,1.0,b'VIDA',45.5488,13.550525,-5.0,,,,,2.7400002,1.0,53.690002,1.0,,,,,,,,
MO_TS_MO_VIDA_20250820.nc,2025-08-20 19:00:00,1,1.0,b'VIDA',45.5488,13.550525,-3.5,,,,,,,,,24.550001,1.0,68.950005,1.0,,,,
MO_TS_MO_VIDA_20250820.nc,2025-08-20 19:00:00,2,1.0,b'VIDA',45.5488,13.550525,0.0,0.039,1.0,0.011000001,1.0,,,,,,,,,,,,
MO_TS_MO_VIDA_20250820.nc,2025-08-20 19:00:00,3,1.0,b'VIDA',45.5488,13.550525,1.0,0.009000001,1.0,-0.019000001,1.0,,,,,,,,,,,,
MO_TS_MO_VIDA_20250820.nc,2025-08-20 19:00:00,4,1.0,b'VIDA',45.5488,13.550525,2.0,-0.015000001,1.0,0.025,1.0,,,,,,,,,,,,
MO_TS_MO_VIDA_20250820.nc,2025-08-20 19:00:00,5,1.0,b'VIDA',45.5488,13.550525,2.5,,,,,,,,,,,,,25.69,1.0,36.260002,1.0
MO_TS_MO_VIDA_20250820.nc,2025-08-20 19:00:00,6,1.0,b'VIDA',45.5488,13.550525,3.0,-0.037,1.0,0.011000001,1.0,,,,,,,,,,,,
MO_TS_MO_VIDA_20250820.nc,2025-08-20 19:00:00,7,1.0,b'VIDA',45.5488,13.550525,4.0,0.003,1.0,-0.011000001,1.0,,,,,,,,,,,,
MO_TS_MO_VIDA_20250820.nc,2025-08-20 19:00:00,8,1.0,b'VIDA',45.5488,13.550525,5.0,0.001,1.0,0.024,1.0,,,,,,,,,,,,
MO_TS_MO_VIDA_20250820.nc,2025-08-20 19:00:00,9,1.0,b'VIDA',45.5488,13.550525,6.0,-0.013,1.0,0.011000001,1.0,,,,,,,,,,,,
MO_TS_MO_VIDA_20250820.nc,2025-08-20 19:00:00,10,1.0,b'VIDA',45.5488,13.550525,7.0,0.006,1.0,0.034,1.0,,,,,,,,,,,,
MO_TS_MO_VIDA_20250820.nc,2025-08-20 19:00:00,11,1.0,b'VIDA',45.5488,13.550525,8.0,0.0050000004,1.0,0.036000002,1.0,,,,,,,,,,,,
MO_TS_MO_VIDA_20250820.nc,2025-08-20 19:00:00,12,1.0,b'VIDA',45.5488,13.550525,9.0,0.035,1.0,0.008,1.0,,,,,,,,,,,,
MO_TS_MO_VIDA_20250820.nc,2025-08-20 19:00:00,13,1.0,b'VIDA',45.5488,13.550525,10.0,0.003,1.0,0.05,1.0,,,,,,,,,,,,
MO_TS_MO_VIDA_20250820.nc,2025-08-20 19:00:00,14,1.0,b'VIDA',45.5488,13.550525,11.0,0.022000002,1.0,0.031000001,1.0,,,,,,,,,,,,
MO_TS_MO_VIDA_20250820.nc,2025-08-20 19:00:00,15,1.0,b'VIDA',45.5488,13.550525,12.0,0.120000005,1.0,0.001,1.0,,,,,,,,,,,,
MO_TS_MO_VIDA_20250820.nc,2025-08-20 19:00:00,16,1.0,b'VIDA',45.5488,13.550525,13.0,0.14400001,1.0,-0.003,1.0,,,,,,,,,,,,
MO_TS_MO_VIDA_20250820.nc,2025-08-20 19:00:00,17,1.0,b'VIDA',45.5488,13.550525,14.0,0.15200001,1.0,0.05,1.0,,,,,,,,,,,,
MO_TS_MO_VIDA_20250820.nc,2025-08-20 19:00:00,18,1.0,b'VIDA',45.5488,13.550525,15.0,0.155,1.0,0.07,1.0,,,,,,,,,,,,
MO_TS_MO_VIDA_20250820.nc,2025-08-20 19:00:00,19,1.0,b'VIDA',45.5488,13.550525,16.0,0.17300001,1.0,0.062000003,1.0,,,,,,,,,,,,
MO_TS_MO_VIDA_20250820.nc,2025-08-20 19:00:00,20,1.0,b'VIDA',45.5488,13.550525,17.0,0.012,1.0,-0.044000003,1.0,,,,,,,,,,,,
MO_TS_MO_VIDA_20250820.nc,2025-08-20 19:00:00,21,1.0,b'VIDA',45.5488,13.550525,18.0,-0.26900002,1.0,-0.136,1.0,,,,,,,,,,,,
MO_TS_MO_VIDA_20250820.nc,2025-08-20 19:00:00,22,1.0,b'VIDA',45.5488,13.550525,19.0,-0.60300004,1.0,-0.284,1.0,,,,,,,,,,,,
MO_TS_MO_VIDA_20250820.nc,2025-08-20 19:00:00,23,1.0,b'VIDA',45.5488,13.550525,20.0,-0.55,1.0,-0.30600002,1.0,,,,,,,,,,,,
MO_TS_MO_VIDA_20250820.nc,2025-08-20 19:30:00,0,1.0,b'VIDA',45.5488,13.550525,-5.0,,,,,1.58,1.0,331.87003,1.0,,,,,,,,
MO_TS_MO_VIDA_20250820.nc,2025-08-20 19:30:00,1,1.0,b'VIDA',45.5488,13.550525,-3.5,,,,,,,,,24.390001,1.0,70.310005,1.0,,,,
MO_TS_MO_VIDA_20250820.nc,2025-08-20 19:30:00,2,1.0,b'VIDA',45.5488,13.550525,0.0,-0.045,1.0,-0.014,1.0,,,,,,,,,,,,
MO_TS_MO_VIDA_20250820.nc,2025-08-20 19:30:00,3,1.0,b'VIDA',45.5488,13.550525,1.0,0.024,1.0,0.044000003,1.0,,,,,,,,,,,,
MO_TS_MO_VIDA_20250820.nc,2025-08-20 19:30:00,4,1.0,b'VIDA',45.5488,13.550525,2.0,-0.004,1.0,0.056,1.0,,,,,,,,,,,,
MO_TS_MO_VIDA_20250820.nc,2025-08-20 19:30:00,5,1.0,b'VIDA',45.5488,13.550525,2.5,,,,,,,,,,,,,25.550001,1.0,36.600002,1.0
MO_TS_MO_VIDA_20250820.nc,2025-08-20 19:30:00,6,1.0,b'VIDA',45.5488,13.550525,3.0,-0.043,1.0,0.022000002,1.0,,,,,,,,,,,,
MO_TS_MO_VIDA_20250820.nc,2025-08-20 19:30:00,7,1.0,b'VIDA',45.5488,13.550525,4.0,-0.009000001,1.0,-0.0050000004,1.0,,,,,,,,,,,,
MO_TS_MO_VIDA_20250820.nc,2025-08-20 19:30:00,8,1.0,b'VIDA',45.5488,13.550525,5.0,0.024,1.0,0.053000003,1.0,,,,,,,,,,,,
MO_TS_MO_VIDA_20250820.nc,2025-08-20 19:30:00,9,1.0,b'VIDA',45.5488,13.550525,6.0,0.047000002,1.0,0.052,1.0,,,,,,,,,,,,
MO_TS_MO_VIDA_20250820.nc,2025-08-20 19:30:00,10,1.0,b'VIDA',45.5488,13.550525,7.0,-0.004,1.0,0.036000002,1.0,,,,,,,,,,,,
MO_TS_MO_VIDA_20250820.nc,2025-08-20 19:30:00,11,1.0,b'VIDA',45.5488,13.550525,8.0,-0.001,1.0,0.002,1.0,,,,,,,,,,,,
MO_TS_MO_VIDA_20250820.nc,2025-08-20 19:30:00,12,1.0,b'VIDA',45.5488,13.550525,9.0,0.007,1.0,-0.002,1.0,,,,,,,,,,,,
MO_TS_MO_VIDA_20250820.nc,2025-08-20 19:30:00,13,1.0,b'VIDA',45.5488,13.550525,10.0,0.0,1.0,0.082,1.0,,,,,,,,,,,,
MO_TS_MO_VIDA_20250820.nc,2025-08-20 19:30:00,14,1.0,b'VIDA',45.5488,13.550525,11.0,0.016,1.0,0.048,1.0,,,,,,,,,,,,
MO_TS_MO_VIDA_20250820.nc,2025-08-20 19:30:00,15,1.0,b'VIDA',45.5488,13.550525,12.0,0.086,1.0,0.035,1.0,,,,,,,,,,,,
MO_TS_MO_VIDA_20250820.nc,2025-08-20 19:30:00,16,1.0,b'VIDA',45.5488,13.550525,13.0,0.15100001,1.0,0.021000002,1.0,,,,,,,,,,,,
MO_TS_MO_VIDA_20250820.nc,2025-08-20 19:30:00,17,1.0,b'VIDA',45.5488,13.550525,14.0,0.115,1.0,0.040000003,1.0,,,,,,,,,,,,
MO_TS_MO_VIDA_20250820.nc,2025-08-20 19:30:00,18,1.0,b'VIDA',45.5488,13.550525,15.0,0.12100001,1.0,0.065000005,1.0,,,,,,,,,,,,
MO_TS_MO_VIDA_20250820.nc,2025-08-20 19:30:00,19,1.0,b'VIDA',45.5488,13.550525,16.0,0.11800001,1.0,0.030000001,1.0,,,,,,,,,,,,
MO_TS_MO_VIDA_20250820.nc,2025-08-20 19:30:00,20,1.0,b'VIDA',45.5488,13.550525,17.0,0.009000001,1.0,-0.040000003,1.0,,,,,,,,,,,,
MO_TS_MO_VIDA_20250820.nc,2025-08-20 19:30:00,21,1.0,b'VIDA',45.5488,13.550525,18.0,-0.098000005,1.0,-0.08800001,1.0,,,,,,,,,,,,
MO_TS_MO_VIDA_20250820.nc,2025-08-20 19:30:00,22,1.0,b'VIDA',45.5488,13.550525,19.0,-0.193,1.0,-0.14400001,1.0,,,,,,,,,,,,
MO_TS_MO_VIDA_20250820.nc,2025-08-20 19:30:00,23,1.0,b'VIDA',45.5488,13.550525,20.0,-0.133,1.0,-0.109000005,1.0,,,,,,,,,,,,
MO_TS_MO_VIDA_20250820.nc,2025-08-20 20:00:00,0,1.0,b'VIDA',45.5488,13.550525,-5.0,,,,,1.4200001,1.0,324.41,1.0,,,,,,,,
MO_TS_MO_VIDA_20250820.nc,2025-08-20 20:00:00,1,1.0,b'VIDA',45.5488,13.550525,-3.5,,,,,,,,,23.130001,1.0,78.16,1.0,,,,
MO_TS_MO_VIDA_20250820.nc,2025-08-20 20:00:00,2,1.0,b'VIDA',45.5488,13.550525,0.0,-0.048,1.0,-0.042000003,1.0,,,,,,,,,,,,
MO_TS_MO_VIDA_20250820.nc,2025-08-20 20:00:00,3,1.0,b'VIDA',45.5488,13.550525,1.0,-0.053000003,1.0,-0.003,1.0,,,,,,,,,,,,
MO_TS_MO_VIDA_20250820.nc,2025-08-20 20:00:00,4,1.0,b'VIDA',45.5488,13.550525,2.0,-0.071,1.0,0.035,1.0,,,,,,,,,,,,
MO_TS_MO_VIDA_20250820.nc,2025-08-20 20:00:00,5,1.0,b'VIDA',45.5488,13.550525,2.5,,,,,,,,,,,,,25.590002,1.0,36.570004,1.0
MO_TS_MO_VIDA_20250820.nc,2025-08-20 20:00:00,6,1.0,b'VIDA',45.5488,13.550525,3.0,-0.082,1.0,0.003,1.0,,,,,,,,,,,,
MO_TS_MO_VIDA_20250820.nc,2025-08-20 20:00:00,7,1.0,b'VIDA',45.5488,13.550525,4.0,-0.076000005,1.0,-0.029000001,1.0,,,,,,,,,,,,
MO_TS_MO_VIDA_20250820.nc,2025-08-20 20:00:00,8,1.0,b'VIDA',45.5488,13.550525,5.0,-0.012,1.0,0.001,1.0,,,,,,,,,,,,
MO_TS_MO_VIDA_20250820.nc,2025-08-20 20:00:00,9,1.0,b'VIDA',45.5488,13.550525,6.0,-0.027,1.0,0.056,1.0,,,,,,,,,,,,
MO_TS_MO_VIDA_20250820.nc,2025-08-20 20:00:00,10,1.0,b'VIDA',45.5488,13.550525,7.0,-0.009000001,1.0,0.053000003,1.0,,,,,,,,,,,,
MO_TS_MO_VIDA_20250820.nc,2025-08-20 20:00:00,11,1.0,b'VIDA',45.5488,13.550525,8.0,-0.063,1.0,-0.002,1.0,,,,,,,,,,,,
MO_TS_MO_VIDA_20250820.nc,2025-08-20 20:00:00,12,1.0,b'VIDA',45.5488,13.550525,9.0,-0.036000002,1.0,0.0,1.0,,,,,,,,,,,,
MO_TS_MO_VIDA_20250820.nc,2025-08-20 20:00:00,13,1.0,b'VIDA',45.5488,13.550525,10.0,-0.044000003,1.0,0.029000001,1.0,,,,,,,,,,,,
MO_TS_MO_VIDA_20250820.nc,2025-08-20 20:00:00,14,1.0,b'VIDA',45.5488,13.550525,11.0,-0.019000001,1.0,0.017,1.0,,,,,,,,,,,,
MO_TS_MO_VIDA_20250820.nc,2025-08-20 20:00:00,15,1.0,b'VIDA',45.5488,13.550525,12.0,0.05,1.0,0.023000002,1.0,,,,,,,,,,,,
MO_TS_MO_VIDA_20250820.nc,2025-08-20 20:00:00,16,1.0,b'VIDA',45.5488,13.550525,13.0,0.082,1.0,-0.020000001,1.0,,,,,,,,,,,,
MO_TS_MO_VIDA_20250820.nc,2025-08-20 20:00:00,17,1.0,b'VIDA',45.5488,13.550525,14.0,0.07,1.0,-0.009000001,1.0,,,,,,,,,,,,
MO_TS_MO_VIDA_20250820.nc,2025-08-20 20:00:00,18,1.0,b'VIDA',45.5488,13.550525,15.0,0.12900001,1.0,-0.013,1.0,,,,,,,,,,,,
MO_TS_MO_VIDA_20250820.nc,2025-08-20 20:00:00,19,1.0,b'VIDA',45.5488,13.550525,16.0,0.11100001,1.0,-0.004,1.0,,,,,,,,,,,,
MO_TS_MO_VIDA_20250820.nc,2025-08-20 20:00:00,20,1.0,b'VIDA',45.5488,13.550525,17.0,0.098000005,1.0,0.017,1.0,,,,,,,,,,,,
MO_TS_MO_VIDA_20250820.nc,2025-08-20 20:00:00,21,1.0,b'VIDA',45.5488,13.550525,18.0,0.11000001,1.0,-0.082,1.0,,,,,,,,,,,,
MO_TS_MO_VIDA_20250820.nc,2025-08-20 20:00:00,22,1.0,b'VIDA',45.5488,13.550525,19.0,0.19500001,1.0,-0.21700001,1.0,,,,,,,,,,,,
MO_TS_MO_VIDA_20250820.nc,2025-08-20 20:00:00,23,1.0,b'VIDA',45.5488,13.550525,20.0,0.24700001,1.0,-0.18800001,1.0,,,,,,,,,,,,
MO_TS_MO_VIDA_20250820.nc,2025-08-20 20:30:00,0,1.0,b'VIDA',45.5488,13.550525,-5.0,,,,,2.5300002,1.0,359.96002,1.0,,,,,,,,
MO_TS_MO_VIDA_20250820.nc,2025-08-20 20:30:00,1,1.0,b'VIDA',45.5488,13.550525,-3.5,,,,,,,,,22.800001,1.0,80.16,1.0,,,,
MO_TS_MO_VIDA_20250820.nc,2025-08-20 20:30:00,2,1.0,b'VIDA',45.5488,13.550525,0.0,-0.067,1.0,-0.064,1.0,,,,,,,,,,,,
MO_TS_MO_VIDA_20250820.nc,2025-08-20 20:30:00,3,1.0,b'VIDA',45.5488,13.550525,1.0,-0.043,1.0,0.0,1.0,,,,,,,,,,,,
MO_TS_MO_VIDA_20250820.nc,2025-08-20 20:30:00,4,1.0,b'VIDA',45.5488,13.550525,2.0,-0.046000004,1.0,-0.041,1.0,,,,,,,,,,,,
MO_TS_MO_VIDA_20250820.nc,2025-08-20 20:30:00,5,1.0,b'VIDA',45.5488,13.550525,2.5,,,,,,,,,,,,,25.650002,1.0,36.550003,1.0
MO_TS_MO_VIDA_20250820.nc,2025-08-20 20:30:00,6,1.0,b'VIDA',45.5488,13.550525,3.0,-0.094000004,1.0,-0.012,1.0,,,,,,,,,,,,
MO_TS_MO_VIDA_20250820.nc,2025-08-20 20:30:00,7,1.0,b'VIDA',45.5488,13.550525,4.0,-0.069000006,1.0,-0.033,1.0,,,,,,,,,,,,
MO_TS_MO_VIDA_20250820.nc,2025-08-20 20:30:00,8,1.0,b'VIDA',45.5488,13.550525,5.0,-0.036000002,1.0,-0.014,1.0,,,,,,,,,,,,
MO_TS_MO_VIDA_20250820.nc,2025-08-20 20:30:00,9,1.0,b'VIDA',45.5488,13.550525,6.0,0.002,1.0,0.011000001,1.0,,,,,,,,,,,,
MO_TS_MO_VIDA_20250820.nc,2025-08-20 20:30:00,10,1.0,b'VIDA',45.5488,13.550525,7.0,-0.047000002,1.0,0.062000003,1.0,,,,,,,,,,,,
MO_TS_MO_VIDA_20250820.nc,2025-08-20 20:30:00,11,1.0,b'VIDA',45.5488,13.550525,8.0,-0.022000002,1.0,0.056,1.0,,,,,,,,,,,,
MO_TS_MO_VIDA_20250820.nc,2025-08-20 20:30:00,12,1.0,b'VIDA',45.5488,13.550525,9.0,-0.038000003,1.0,0.019000001,1.0,,,,,,,,,,,,
MO_TS_MO_VIDA_20250820.nc,2025-08-20 20:30:00,13,1.0,b'VIDA',45.5488,13.550525,10.0,-0.065000005,1.0,0.016,1.0,,,,,,,,,,,,
MO_TS_MO_VIDA_20250820.nc,2025-08-20 20:30:00,14,1.0,b'VIDA',45.5488,13.550525,11.0,-0.062000003,1.0,0.048,1.0,,,,,,,,,,,,
MO_TS_MO_VIDA_20250820.nc,2025-08-20 20:30:00,15,1.0,b'VIDA',45.5488,13.550525,12.0,0.007,1.0,0.021000002,1.0,,,,,,,,,,,,
MO_TS_MO_VIDA_20250820.nc,2025-08-20 20:30:00,16,1.0,b'VIDA',45.5488,13.550525,13.0,0.020000001,1.0,-0.045,1.0,,,,,,,,,,,,
MO_TS_MO_VIDA_20250820.nc,2025-08-20 20:30:00,17,1.0,b'VIDA',45.5488,13.550525,14.0,0.031000001,1.0,-0.027,1.0,,,,,,,,,,,,
MO_TS_MO_VIDA_20250820.nc,2025-08-20 20:30:00,18,1.0,b'VIDA',45.5488,13.550525,15.0,0.10300001,1.0,-0.023000002,1.0,,,,,,,,,,,,
MO_TS_MO_VIDA_20250820.nc,2025-08-20 20:30:00,19,1.0,b'VIDA',45.5488,13.550525,16.0,0.123,1.0,-0.008,1.0,,,,,,,,,,,,
MO_TS_MO_VIDA_20250820.nc,2025-08-20 20:30:00,20,1.0,b'VIDA',45.5488,13.550525,17.0,0.1,1.0,-0.053000003,1.0,,,,,,,,,,,,
MO_TS_MO_VIDA_20250820.nc,2025-08-20 20:30:00,21,1.0,b'VIDA',45.5488,13.550525,18.0,0.132,1.0,-0.21800001,1.0,,,,,,,,,,,,
MO_TS_MO_VIDA_20250820.nc,2025-08-20 20:30:00,22,1.0,b'VIDA',45.5488,13.550525,19.0,0.19600001,1.0,-0.467,1.0,,,,,,,,,,,,
MO_TS_MO_VIDA_20250820.nc,2025-08-20 20:30:00,23,1.0,b'VIDA',45.5488,13.550525,20.0,0.19800001,1.0,-0.507,1.0,,,,,,,,,,,,
MO_TS_MO_VIDA_20250820.nc,2025-08-20 21:00:00,0,1.0,b'VIDA',45.5488,13.550525,-5.0,,,,,1.08,1.0,45.190002,1.0,,,,,,,,
MO_TS_MO_VIDA_20250820.nc,2025-08-20 21:00:00,1,1.0,b'VIDA',45.5488,13.550525,-3.5,,,,,,,,,23.070002,1.0,80.0,1.0,,,,
MO_TS_MO_VIDA_20250820.nc,2025-08-20 21:00:00,2,1.0,b'VIDA',45.5488,13.550525,0.0,-0.07700001,1.0,-0.035,1.0,,,,,,,,,,,,
MO_TS_MO_VIDA_20250820.nc,2025-08-20 21:00:00,3,1.0,b'VIDA',45.5488,13.550525,1.0,-0.071,1.0,-0.047000002,1.0,,,,,,,,,,,,
MO_TS_MO_VIDA_20250820.nc,2025-08-20 21:00:00,4,1.0,b'VIDA',45.5488,13.550525,2.0,-0.09,1.0,-0.029000001,1.0,,,,,,,,,,,,
MO_TS_MO_VIDA_20250820.nc,2025-08-20 21:00:00,5,1.0,b'VIDA',45.5488,13.550525,2.5,,,,,,,,,,,,,25.650002,4.0,36.22,1.0
MO_TS_MO_VIDA_20250820.nc,2025-08-20 21:00:00,6,1.0,b'VIDA',45.5488,13.550525,3.0,-0.10300001,1.0,-0.047000002,1.0,,,,,,,,,,,,
MO_TS_MO_VIDA_20250820.nc,2025-08-20 21:00:00,7,1.0,b'VIDA',45.5488,13.550525,4.0,-0.028,1.0,-0.055000003,1.0,,,,,,,,,,,,
MO_TS_MO_VIDA_20250820.nc,2025-08-20 21:00:00,8,1.0,b'VIDA',45.5488,13.550525,5.0,0.004,1.0,-0.051000003,1.0,,,,,,,,,,,,
MO_TS_MO_VIDA_20250820.nc,2025-08-20 21:00:00,9,1.0,b'VIDA',45.5488,13.550525,6.0,0.004,1.0,0.007,1.0,,,,,,,,,,,,
MO_TS_MO_VIDA_20250820.nc,2025-08-20 21:00:00,10,1.0,b'VIDA',45.5488,13.550525,7.0,-0.049000002,1.0,-0.006,1.0,,,,,,,,,,,,
MO_TS_MO_VIDA_20250820.nc,2025-08-20 21:00:00,11,1.0,b'VIDA',45.5488,13.550525,8.0,-0.003,1.0,0.011000001,1.0,,,,,,,,,,,,
MO_TS_MO_VIDA_20250820.nc,2025-08-20 21:00:00,12,1.0,b'VIDA',45.5488,13.550525,9.0,-0.019000001,1.0,0.010000001,1.0,,,,,,,,,,,,
MO_TS_MO_VIDA_20250820.nc,2025-08-20 21:00:00,13,1.0,b'VIDA',45.5488,13.550525,10.0,-0.011000001,1.0,0.068,1.0,,,,,,,,,,,,
MO_TS_MO_VIDA_20250820.nc,2025-08-20 21:00:00,14,1.0,b'VIDA',45.5488,13.550525,11.0,-0.009000001,1.0,0.054,1.0,,,,,,,,,,,,
MO_TS_MO_VIDA_20250820.nc,2025-08-20 21:00:00,15,1.0,b'VIDA',45.5488,13.550525,12.0,0.019000001,1.0,-0.003,1.0,,,,,,,,,,,,
MO_TS_MO_VIDA_20250820.nc,2025-08-20 21:00:00,16,1.0,b'VIDA',45.5488,13.550525,13.0,0.060000002,1.0,-0.013,1.0,,,,,,,,,,,,
MO_TS_MO_VIDA_20250820.nc,2025-08-20 21:00:00,17,1.0,b'VIDA',45.5488,13.550525,14.0,0.085,1.0,-0.05,1.0,,,,,,,,,,,,
MO_TS_MO_VIDA_20250820.nc,2025-08-20 21:00:00,18,1.0,b'VIDA',45.5488,13.550525,15.0,0.072000004,1.0,-0.030000001,1.0,,,,,,,,,,,,
MO_TS_MO_VIDA_20250820.nc,2025-08-20 21:00:00,19,1.0,b'VIDA',45.5488,13.550525,16.0,0.105000004,1.0,-0.023000002,1.0,,,,,,,,,,,,
MO_TS_MO_VIDA_20250820.nc,2025-08-20 21:00:00,20,1.0,b'VIDA',45.5488,13.550525,17.0,0.117000006,1.0,-0.08800001,1.0,,,,,,,,,,,,
MO_TS_MO_VIDA_20250820.nc,2025-08-20 21:00:00,21,1.0,b'VIDA',45.5488,13.550525,18.0,0.097,1.0,-0.156,1.0,,,,,,,,,,,,
MO_TS_MO_VIDA_20250820.nc,2025-08-20 21:00:00,22,1.0,b'VIDA',45.5488,13.550525,19.0,0.056,1.0,-0.3,1.0,,,,,,,,,,,,
MO_TS_MO_VIDA_20250820.nc,2025-08-20 21:00:00,23,1.0,b'VIDA',45.5488,13.550525,20.0,0.054,1.0,-0.29700002,1.0,,,,,,,,,,,,
MO_TS_MO_VIDA_20250820.nc,2025-08-20 21:30:00,0,1.0,b'VIDA',45.5488,13.550525,-5.0,,,,,2.7,1.0,118.86001,1.0,,,,,,,,
MO_TS_MO_VIDA_20250820.nc,2025-08-20 21:30:00,1,1.0,b'VIDA',45.5488,13.550525,-3.5,,,,,,,,,23.140001,1.0,79.07001,1.0,,,,
MO_TS_MO_VIDA_20250820.nc,2025-08-20 21:30:00,2,1.0,b'VIDA',45.5488,13.550525,0.0,-0.075,1.0,-0.006,1.0,,,,,,,,,,,,
MO_TS_MO_VIDA_20250820.nc,2025-08-20 21:30:00,3,1.0,b'VIDA',45.5488,13.550525,1.0,-0.064,1.0,-0.060000002,1.0,,,,,,,,,,,,
MO_TS_MO_VIDA_20250820.nc,2025-08-20 21:30:00,4,1.0,b'VIDA',45.5488,13.550525,2.0,-0.120000005,1.0,-0.012,1.0,,,,,,,,,,,,
MO_TS_MO_VIDA_20250820.nc,2025-08-20 21:30:00,5,1.0,b'VIDA',45.5488,13.550525,2.5,,,,,,,,,,,,,25.650002,4.0,36.18,1.0
MO_TS_MO_VIDA_20250820.nc,2025-08-20 21:30:00,6,1.0,b'VIDA',45.5488,13.550525,3.0,-0.164,1.0,-0.006,1.0,,,,,,,,,,,,
MO_TS_MO_VIDA_20250820.nc,2025-08-20 21:30:00,7,1.0,b'VIDA',45.5488,13.550525,4.0,-0.116000004,1.0,-0.039,1.0,,,,,,,,,,,,
MO_TS_MO_VIDA_20250820.nc,2025-08-20 21:30:00,8,1.0,b'VIDA',45.5488,13.550525,5.0,-0.081,1.0,-0.036000002,1.0,,,,,,,,,,,,
MO_TS_MO_VIDA_20250820.nc,2025-08-20 21:30:00,9,1.0,b'VIDA',45.5488,13.550525,6.0,-0.027,1.0,-0.018000001,1.0,,,,,,,,,,,,
MO_TS_MO_VIDA_20250820.nc,2025-08-20 21:30:00,10,1.0,b'VIDA',45.5488,13.550525,7.0,-0.022000002,1.0,0.003,1.0,,,,,,,,,,,,
MO_TS_MO_VIDA_20250820.nc,2025-08-20 21:30:00,11,1.0,b'VIDA',45.5488,13.550525,8.0,-0.003,1.0,-0.0050000004,1.0,,,,,,,,,,,,
MO_TS_MO_VIDA_20250820.nc,2025-08-20 21:30:00,12,1.0,b'VIDA',45.5488,13.550525,9.0,-0.001,1.0,0.023000002,1.0,,,,,,,,,,,,
MO_TS_MO_VIDA_20250820.nc,2025-08-20 21:30:00,13,1.0,b'VIDA',45.5488,13.550525,10.0,-0.030000001,1.0,0.059000004,1.0,,,,,,,,,,,,
MO_TS_MO_VIDA_20250820.nc,2025-08-20 21:30:00,14,1.0,b'VIDA',45.5488,13.550525,11.0,-0.025,1.0,0.044000003,1.0,,,,,,,,,,,,
MO_TS_MO_VIDA_20250820.nc,2025-08-20 21:30:00,15,1.0,b'VIDA',45.5488,13.550525,12.0,0.041,1.0,-0.028,1.0,,,,,,,,,,,,
MO_TS_MO_VIDA_20250820.nc,2025-08-20 21:30:00,16,1.0,b'VIDA',45.5488,13.550525,13.0,0.052,1.0,-0.058000002,1.0,,,,,,,,,,,,
MO_TS_MO_VIDA_20250820.nc,2025-08-20 21:30:00,17,1.0,b'VIDA',45.5488,13.550525,14.0,0.068,1.0,-0.025,1.0,,,,,,,,,,,,
MO_TS_MO_VIDA_20250820.nc,2025-08-20 21:30:00,18,1.0,b'VIDA',45.5488,13.550525,15.0,0.058000002,1.0,-0.051000003,1.0,,,,,,,,,,,,
MO_TS_MO_VIDA_20250820.nc,2025-08-20 21:30:00,19,1.0,b'VIDA',45.5488,13.550525,16.0,0.094000004,1.0,-0.053000003,1.0,,,,,,,,,,,,
MO_TS_MO_VIDA_20250820.nc,2025-08-20 21:30:00,20,1.0,b'VIDA',45.5488,13.550525,17.0,0.054,1.0,-0.040000003,1.0,,,,,,,,,,,,
MO_TS_MO_VIDA_20250820.nc,2025-08-20 21:30:00,21,1.0,b'VIDA',45.5488,13.550525,18.0,0.038000003,1.0,-0.037,1.0,,,,,,,,,,,,
MO_TS_MO_VIDA_20250820.nc,2025-08-20 21:30:00,22,1.0,b'VIDA',45.5488,13.550525,19.0,0.016,1.0,-0.044000003,1.0,,,,,,,,,,,,
MO_TS_MO_VIDA_20250820.nc,2025-08-20 21:30:00,23,1.0,b'VIDA',45.5488,13.550525,20.0,0.011000001,1.0,-0.045,1.0,,,,,,,,,,,,
MO_TS_MO_VIDA_20250820.nc,2025-08-20 22:00:00,0,1.0,b'VIDA',45.5488,13.550525,-5.0,,,,,3.65,1.0,171.76001,1.0,,,,,,,,
MO_TS_MO_VIDA_20250820.nc,2025-08-20 22:00:00,1,1.0,b'VIDA',45.5488,13.550525,-3.5,,,,,,,,,22.59,1.0,69.600006,1.0,,,,
MO_TS_MO_VIDA_20250820.nc,2025-08-20 22:00:00,2,1.0,b'VIDA',45.5488,13.550525,0.0,-0.053000003,1.0,-0.046000004,1.0,,,,,,,,,,,,
MO_TS_MO_VIDA_20250820.nc,2025-08-20 22:00:00,3,1.0,b'VIDA',45.5488,13.550525,1.0,-0.062000003,1.0,-0.094000004,1.0,,,,,,,,,,,,
MO_TS_MO_VIDA_20250820.nc,2025-08-20 22:00:00,4,1.0,b'VIDA',45.5488,13.550525,2.0,-0.089,1.0,-0.024,1.0,,,,,,,,,,,,
MO_TS_MO_VIDA_20250820.nc,2025-08-20 22:00:00,5,1.0,b'VIDA',45.5488,13.550525,2.5,,,,,,,,,,,,,25.630001,1.0,36.170002,1.0
MO_TS_MO_VIDA_20250820.nc,2025-08-20 22:00:00,6,1.0,b'VIDA',45.5488,13.550525,3.0,-0.093,1.0,-0.028,1.0,,,,,,,,,,,,
MO_TS_MO_VIDA_20250820.nc,2025-08-20 22:00:00,7,1.0,b'VIDA',45.5488,13.550525,4.0,-0.053000003,1.0,-0.086,1.0,,,,,,,,,,,,
MO_TS_MO_VIDA_20250820.nc,2025-08-20 22:00:00,8,1.0,b'VIDA',45.5488,13.550525,5.0,-0.028,1.0,-0.042000003,1.0,,,,,,,,,,,,
MO_TS_MO_VIDA_20250820.nc,2025-08-20 22:00:00,9,1.0,b'VIDA',45.5488,13.550525,6.0,-0.025,1.0,-0.039,1.0,,,,,,,,,,,,
MO_TS_MO_VIDA_20250820.nc,2025-08-20 22:00:00,10,1.0,b'VIDA',45.5488,13.550525,7.0,-0.043,1.0,-0.052,1.0,,,,,,,,,,,,
MO_TS_MO_VIDA_20250820.nc,2025-08-20 22:00:00,11,1.0,b'VIDA',45.5488,13.550525,8.0,-0.017,1.0,-0.021000002,1.0,,,,,,,,,,,,
MO_TS_MO_VIDA_20250820.nc,2025-08-20 22:00:00,12,1.0,b'VIDA',45.5488,13.550525,9.0,-0.010000001,1.0,0.020000001,1.0,,,,,,,,,,,,
MO_TS_MO_VIDA_20250820.nc,2025-08-20 22:00:00,13,1.0,b'VIDA',45.5488,13.550525,10.0,-0.024,1.0,0.041,1.0,,,,,,,,,,,,
MO_TS_MO_VIDA_20250820.nc,2025-08-20 22:00:00,14,1.0,b'VIDA',45.5488,13.550525,11.0,-0.025,1.0,-0.019000001,1.0,,,,,,,,,,,,
MO_TS_MO_VIDA_20250820.nc,2025-08-20 22:00:00,15,1.0,b'VIDA',45.5488,13.550525,12.0,0.009000001,1.0,-0.024,1.0,,,,,,,,,,,,
MO_TS_MO_VIDA_20250820.nc,2025-08-20 22:00:00,16,1.0,b'VIDA',45.5488,13.550525,13.0,0.048,1.0,-0.042000003,1.0,,,,,,,,,,,,
MO_TS_MO_VIDA_20250820.nc,2025-08-20 22:00:00,17,1.0,b'VIDA',45.5488,13.550525,14.0,0.033,1.0,-0.038000003,1.0,,,,,,,,,,,,
MO_TS_MO_VIDA_20250820.nc,2025-08-20 22:00:00,18,1.0,b'VIDA',45.5488,13.550525,15.0,0.001,1.0,-0.049000002,1.0,,,,,,,,,,,,
MO_TS_MO_VIDA_20250820.nc,2025-08-20 22:00:00,19,1.0,b'VIDA',45.5488,13.550525,16.0,0.07,1.0,-0.016,1.0,,,,,,,,,,,,
MO_TS_MO_VIDA_20250820.nc,2025-08-20 22:00:00,20,1.0,b'VIDA',45.5488,13.550525,17.0,-0.045,1.0,0.101,1.0,,,,,,,,,,,,
MO_TS_MO_VIDA_20250820.nc,2025-08-20 22:00:00,21,1.0,b'VIDA',45.5488,13.550525,18.0,-0.157,1.0,0.21400002,1.0,,,,,,,,,,,,
MO_TS_MO_VIDA_20250820.nc,2025-08-20 22:00:00,22,1.0,b'VIDA',45.5488,13.550525,19.0,-0.29000002,1.0,0.324,1.0,,,,,,,,,,,,
MO_TS_MO_VIDA_20250820.nc,2025-08-20 22:00:00,23,1.0,b'VIDA',45.5488,13.550525,20.0,-0.16700001,1.0,0.279,1.0,,,,,,,,,,,,
MO_TS_MO_VIDA_20250820.nc,2025-08-20 22:30:00,0,1.0,b'VIDA',45.5488,13.550525,-5.0,,,,,7.2400002,1.0,185.40001,1.0,,,,,,,,
MO_TS_MO_VIDA_20250820.nc,2025-08-20 22:30:00,1,1.0,b'VIDA',45.5488,13.550525,-3.5,,,,,,,,,21.320002,1.0,75.770004,1.0,,,,
MO_TS_MO_VIDA_20250820.nc,2025-08-20 22:30:00,2,1.0,b'VIDA',45.5488,13.550525,0.0,-0.028,1.0,-0.011000001,1.0,,,,,,,,,,,,
MO_TS_MO_VIDA_20250820.nc,2025-08-20 22:30:00,3,1.0,b'VIDA',45.5488,13.550525,1.0,-0.08400001,1.0,-0.037,1.0,,,,,,,,,,,,
MO_TS_MO_VIDA_20250820.nc,2025-08-20 22:30:00,4,1.0,b'VIDA',45.5488,13.550525,2.0,-0.101,1.0,-0.036000002,1.0,,,,,,,,,,,,
MO_TS_MO_VIDA_20250820.nc,2025-08-20 22:30:00,5,1.0,b'VIDA',45.5488,13.550525,2.5,,,,,,,,,,,,,25.52,1.0,35.920002,1.0
MO_TS_MO_VIDA_20250820.nc,2025-08-20 22:30:00,6,1.0,b'VIDA',45.5488,13.550525,3.0,-0.09,1.0,-0.044000003,1.0,,,,,,,,,,,,
MO_TS_MO_VIDA_20250820.nc,2025-08-20 22:30:00,7,1.0,b'VIDA',45.5488,13.550525,4.0,-0.079,1.0,-0.069000006,1.0,,,,,,,,,,,,
MO_TS_MO_VIDA_20250820.nc,2025-08-20 22:30:00,8,1.0,b'VIDA',45.5488,13.550525,5.0,-0.024,1.0,-0.08800001,1.0,,,,,,,,,,,,
MO_TS_MO_VIDA_20250820.nc,2025-08-20 22:30:00,9,1.0,b'VIDA',45.5488,13.550525,6.0,-0.031000001,1.0,-0.083000004,1.0,,,,,,,,,,,,
MO_TS_MO_VIDA_20250820.nc,2025-08-20 22:30:00,10,1.0,b'VIDA',45.5488,13.550525,7.0,-0.041,1.0,-0.060000002,1.0,,,,,,,,,,,,
MO_TS_MO_VIDA_20250820.nc,2025-08-20 22:30:00,11,1.0,b'VIDA',45.5488,13.550525,8.0,-0.043,1.0,-0.05,1.0,,,,,,,,,,,,
MO_TS_MO_VIDA_20250820.nc,2025-08-20 22:30:00,12,1.0,b'VIDA',45.5488,13.550525,9.0,-0.017,1.0,-0.019000001,1.0,,,,,,,,,,,,
MO_TS_MO_VIDA_20250820.nc,2025-08-20 22:30:00,13,1.0,b'VIDA',45.5488,13.550525,10.0,-0.012,1.0,-0.008,1.0,,,,,,,,,,,,
MO_TS_MO_VIDA_20250820.nc,2025-08-20 22:30:00,14,1.0,b'VIDA',45.5488,13.550525,11.0,-0.028,1.0,-0.044000003,1.0,,,,,,,,,,,,
MO_TS_MO_VIDA_20250820.nc,2025-08-20 22:30:00,15,1.0,b'VIDA',45.5488,13.550525,12.0,0.018000001,1.0,-0.079,1.0,,,,,,,,,,,,
MO_TS_MO_VIDA_20250820.nc,2025-08-20 22:30:00,16,1.0,b'VIDA',45.5488,13.550525,13.0,0.059000004,1.0,-0.058000002,1.0,,,,,,,,,,,,
MO_TS_MO_VIDA_20250820.nc,2025-08-20 22:30:00,17,1.0,b'VIDA',45.5488,13.550525,14.0,0.068,1.0,-0.014,1.0,,,,,,,,,,,,
MO_TS_MO_VIDA_20250820.nc,2025-08-20 22:30:00,18,1.0,b'VIDA',45.5488,13.550525,15.0,0.015000001,1.0,-0.011000001,1.0,,,,,,,,,,,,
MO_TS_MO_VIDA_20250820.nc,2025-08-20 22:30:00,19,1.0,b'VIDA',45.5488,13.550525,16.0,0.056,1.0,0.025,1.0,,,,,,,,,,,,
MO_TS_MO_VIDA_20250820.nc,2025-08-20 22:30:00,20,1.0,b'VIDA',45.5488,13.550525,17.0,0.102000006,1.0,0.024,1.0,,,,,,,,,,,,
MO_TS_MO_VIDA_20250820.nc,2025-08-20 22:30:00,21,1.0,b'VIDA',45.5488,13.550525,18.0,0.047000002,1.0,0.055000003,1.0,,,,,,,,,,,,
MO_TS_MO_VIDA_20250820.nc,2025-08-20 22:30:00,22,1.0,b'VIDA',45.5488,13.550525,19.0,0.177,1.0,0.273,1.0,,,,,,,,,,,,
MO_TS_MO_VIDA_20250820.nc,2025-08-20 22:30:00,23,1.0,b'VIDA',45.5488,13.550525,20.0,0.15100001,1.0,0.33200002,1.0,,,,,,,,,,,,
MO_TS_MO_VIDA_20250820.nc,2025-08-20 23:00:00,0,1.0,b'VIDA',45.5488,13.550525,-5.0,,,,,5.17,1.0,191.27,1.0,,,,,,,,
MO_TS_MO_VIDA_20250820.nc,2025-08-20 23:00:00,1,1.0,b'VIDA',45.5488,13.550525,-3.5,,,,,,,,,20.78,1.0,80.990005,1.0,,,,
MO_TS_MO_VIDA_20250820.nc,2025-08-20 23:00:00,2,1.0,b'VIDA',45.5488,13.550525,0.0,-0.047000002,1.0,-0.078,1.0,,,,,,,,,,,,
MO_TS_MO_VIDA_20250820.nc,2025-08-20 23:00:00,3,1.0,b'VIDA',45.5488,13.550525,1.0,-0.11100001,1.0,-0.041,1.0,,,,,,,,,,,,
MO_TS_MO_VIDA_20250820.nc,2025-08-20 23:00:00,4,1.0,b'VIDA',45.5488,13.550525,2.0,-0.1,1.0,-0.071,1.0,,,,,,,,,,,,
MO_TS_MO_VIDA_20250820.nc,2025-08-20 23:00:00,5,1.0,b'VIDA',45.5488,13.550525,2.5,,,,,,,,,,,,,25.390001,1.0,35.86,1.0
MO_TS_MO_VIDA_20250820.nc,2025-08-20 23:00:00,6,1.0,b'VIDA',45.5488,13.550525,3.0,-0.12900001,1.0,-0.021000002,1.0,,,,,,,,,,,,
MO_TS_MO_VIDA_20250820.nc,2025-08-20 23:00:00,7,1.0,b'VIDA',45.5488,13.550525,4.0,-0.123,1.0,-0.09900001,1.0,,,,,,,,,,,,
MO_TS_MO_VIDA_20250820.nc,2025-08-20 23:00:00,8,1.0,b'VIDA',45.5488,13.550525,5.0,-0.098000005,1.0,-0.075,1.0,,,,,,,,,,,,
MO_TS_MO_VIDA_20250820.nc,2025-08-20 23:00:00,9,1.0,b'VIDA',45.5488,13.550525,6.0,-0.067,1.0,-0.104,1.0,,,,,,,,,,,,
MO_TS_MO_VIDA_20250820.nc,2025-08-20 23:00:00,10,1.0,b'VIDA',45.5488,13.550525,7.0,-0.058000002,1.0,-0.113000005,1.0,,,,,,,,,,,,
MO_TS_MO_VIDA_20250820.nc,2025-08-20 23:00:00,11,1.0,b'VIDA',45.5488,13.550525,8.0,-0.0050000004,1.0,-0.072000004,1.0,,,,,,,,,,,,
MO_TS_MO_VIDA_20250820.nc,2025-08-20 23:00:00,12,1.0,b'VIDA',45.5488,13.550525,9.0,-0.022000002,1.0,-0.040000003,1.0,,,,,,,,,,,,
MO_TS_MO_VIDA_20250820.nc,2025-08-20 23:00:00,13,1.0,b'VIDA',45.5488,13.550525,10.0,-0.033,1.0,-0.068,1.0,,,,,,,,,,,,
MO_TS_MO_VIDA_20250820.nc,2025-08-20 23:00:00,14,1.0,b'VIDA',45.5488,13.550525,11.0,-0.047000002,1.0,-0.076000005,1.0,,,,,,,,,,,,
MO_TS_MO_VIDA_20250820.nc,2025-08-20 23:00:00,15,1.0,b'VIDA',45.5488,13.550525,12.0,-0.026,1.0,-0.091000006,1.0,,,,,,,,,,,,
MO_TS_MO_VIDA_20250820.nc,2025-08-20 23:00:00,16,1.0,b'VIDA',45.5488,13.550525,13.0,-0.001,1.0,-0.109000005,1.0,,,,,,,,,,,,
MO_TS_MO_VIDA_20250820.nc,2025-08-20 23:00:00,17,1.0,b'VIDA',45.5488,13.550525,14.0,-0.036000002,1.0,-0.07700001,1.0,,,,,,,,,,,,
MO_TS_MO_VIDA_20250820.nc,2025-08-20 23:00:00,18,1.0,b'VIDA',45.5488,13.550525,15.0,0.022000002,1.0,-0.033,1.0,,,,,,,,,,,,
MO_TS_MO_VIDA_20250820.nc,2025-08-20 23:00:00,19,1.0,b'VIDA',45.5488,13.550525,16.0,0.036000002,1.0,-0.068,1.0,,,,,,,,,,,,
MO_TS_MO_VIDA_20250820.nc,2025-08-20 23:00:00,20,1.0,b'VIDA',45.5488,13.550525,17.0,0.038000003,1.0,0.026,1.0,,,,,,,,,,,,
MO_TS_MO_VIDA_20250820.nc,2025-08-20 23:00:00,21,1.0,b'VIDA',45.5488,13.550525,18.0,0.094000004,1.0,0.23200001,1.0,,,,,,,,,,,,
MO_TS_MO_VIDA_20250820.nc,2025-08-20 23:00:00,22,1.0,b'VIDA',45.5488,13.550525,19.0,0.23200001,1.0,0.39800003,1.0,,,,,,,,,,,,
MO_TS_MO_VIDA_20250820.nc,2025-08-20 23:00:00,23,1.0,b'VIDA',45.5488,13.550525,20.0,0.21700001,1.0,0.42900002,1.0,,,,,,,,,,,,
MO_TS_MO_VIDA_20250820.nc,2025-08-20 23:30:00,0,1.0,b'VIDA',45.5488,13.550525,-5.0,,,,,7.2500005,1.0,136.14,1.0,,,,,,,,
MO_TS_MO_VIDA_20250820.nc,2025-08-20 23:30:00,1,1.0,b'VIDA',45.5488,13.550525,-3.5,,,,,,,,,21.070002,1.0,81.450005,1.0,,,,
MO_TS_MO_VIDA_20250820.nc,2025-08-20 23:30:00,2,1.0,b'VIDA',45.5488,13.550525,0.0,-0.07300001,1.0,-0.079,1.0,,,,,,,,,,,,
MO_TS_MO_VIDA_20250820.nc,2025-08-20 23:30:00,3,1.0,b'VIDA',45.5488,13.550525,1.0,-0.106000006,1.0,-0.085,1.0,,,,,,,,,,,,
MO_TS_MO_VIDA_20250820.nc,2025-08-20 23:30:00,4,1.0,b'VIDA',45.5488,13.550525,2.0,-0.108,1.0,-0.031000001,1.0,,,,,,,,,,,,
MO_TS_MO_VIDA_20250820.nc,2025-08-20 23:30:00,5,1.0,b'VIDA',45.5488,13.550525,2.5,,,,,,,,,,,,,25.340002,1.0,35.93,1.0
MO_TS_MO_VIDA_20250820.nc,2025-08-20 23:30:00,6,1.0,b'VIDA',45.5488,13.550525,3.0,-0.143,1.0,-0.055000003,1.0,,,,,,,,,,,,
MO_TS_MO_VIDA_20250820.nc,2025-08-20 23:30:00,7,1.0,b'VIDA',45.5488,13.550525,4.0,-0.127,1.0,-0.09,1.0,,,,,,,,,,,,
MO_TS_MO_VIDA_20250820.nc,2025-08-20 23:30:00,8,1.0,b'VIDA',45.5488,13.550525,5.0,-0.095000006,1.0,-0.098000005,1.0,,,,,,,,,,,,
MO_TS_MO_VIDA_20250820.nc,2025-08-20 23:30:00,9,1.0,b'VIDA',45.5488,13.550525,6.0,-0.051000003,1.0,-0.082,1.0,,,,,,,,,,,,
MO_TS_MO_VIDA_20250820.nc,2025-08-20 23:30:00,10,1.0,b'VIDA',45.5488,13.550525,7.0,-0.014,1.0,-0.079,1.0,,,,,,,,,,,,
MO_TS_MO_VIDA_20250820.nc,2025-08-20 23:30:00,11,1.0,b'VIDA',45.5488,13.550525,8.0,-0.014,1.0,-0.061000004,1.0,,,,,,,,,,,,
MO_TS_MO_VIDA_20250820.nc,2025-08-20 23:30:00,12,1.0,b'VIDA',45.5488,13.550525,9.0,-0.016,1.0,-0.027,1.0,,,,,,,,,,,,
MO_TS_MO_VIDA_20250820.nc,2025-08-20 23:30:00,13,1.0,b'VIDA',45.5488,13.550525,10.0,-0.027,1.0,-0.021000002,1.0,,,,,,,,,,,,
MO_TS_MO_VIDA_20250820.nc,2025-08-20 23:30:00,14,1.0,b'VIDA',45.5488,13.550525,11.0,-0.038000003,1.0,-0.056,1.0,,,,,,,,,,,,
MO_TS_MO_VIDA_20250820.nc,2025-08-20 23:30:00,15,1.0,b'VIDA',45.5488,13.550525,12.0,-0.003,1.0,-0.10700001,1.0,,,,,,,,,,,,
MO_TS_MO_VIDA_20250820.nc,2025-08-20 23:30:00,16,1.0,b'VIDA',45.5488,13.550525,13.0,0.022000002,1.0,-0.09200001,1.0,,,,,,,,,,,,
MO_TS_MO_VIDA_20250820.nc,2025-08-20 23:30:00,17,1.0,b'VIDA',45.5488,13.550525,14.0,0.023000002,1.0,-0.026,1.0,,,,,,,,,,,,
MO_TS_MO_VIDA_20250820.nc,2025-08-20 23:30:00,18,1.0,b'VIDA',45.5488,13.550525,15.0,0.037,1.0,-0.055000003,1.0,,,,,,,,,,,,
MO_TS_MO_VIDA_20250820.nc,2025-08-20 23:30:00,19,1.0,b'VIDA',45.5488,13.550525,16.0,0.078,1.0,-0.002,1.0,,,,,,,,,,,,
MO_TS_MO_VIDA_20250820.nc,2025-08-20 23:30:00,20,1.0,b'VIDA',45.5488,13.550525,17.0,0.046000004,1.0,0.066,1.0,,,,,,,,,,,,
MO_TS_MO_VIDA_20250820.nc,2025-08-20 23:30:00,21,1.0,b'VIDA',45.5488,13.550525,18.0,0.008,1.0,0.27100003,1.0,,,,,,,,,,,,
MO_TS_MO_VIDA_20250820.nc,2025-08-20 23:30:00,22,1.0,b'VIDA',45.5488,13.550525,19.0,-0.012,1.0,0.44400004,1.0,,,,,,,,,,,,
MO_TS_MO_VIDA_20250820.nc,2025-08-20 23:30:00,23,1.0,b'VIDA',45.5488,13.550525,20.0,-0.048,1.0,0.453,1.0,,,,,,,,,,,,
