station_id,sensor_name,sensor_code,quantity,unit,dt,value,lat,lon,codseqst,point,quota,aggiornamento,gestore,provincia
1,Fiames di Cortina Pomagagnon INADEF,PREC,Precipitazione,mm,2026-06-21T16:00:00,0.0,46.5703678,12.1398756,300006240,"{""type"": ""Point"", ""coordinates"": [12.1398756, 46.5703678]}",1805.0,2026-06-21T17:43:01,ARPAV,BELLUNO
3,Arabba,PREC,Precipitazione,mm,2026-06-21T16:00:00,1.2,46.49998395,11.87607301,300000158,"{""type"": ""Point"", ""coordinates"": [11.87607301, 46.49998395]}",1642.0,2026-06-21T17:43:02,ARPAV,BELLUNO
3,Arabba,UMID2M,Umidità relativa a 2m,%,2026-06-21T16:00:00,39.0,46.49998395,11.87607301,300000158,"{""type"": ""Point"", ""coordinates"": [11.87607301, 46.49998395]}",1642.0,2026-06-21T17:43:02,ARPAV,BELLUNO
3,Arabba,TARIA2M,Temperatura aria a 2m,°C,2026-06-21T17:00:00,20.7,46.49998395,11.87607301,300000158,"{""type"": ""Point"", ""coordinates"": [11.87607301, 46.49998395]}",1642.0,2026-06-21T17:43:02,ARPAV,BELLUNO
11,Malga Ciapela,PREC,Precipitazione,mm,2026-06-21T16:00:00,4.0,46.42867129,11.90478762,300000166,"{""type"": ""Point"", ""coordinates"": [11.90478762, 46.42867129]}",1475.0,2026-06-21T17:43:02,ARPAV,BELLUNO
11,Malga Ciapela,TARIA2M,Temperatura aria a 2m,°C,2026-06-21T17:00:00,21.5,46.42867129,11.90478762,300000166,"{""type"": ""Point"", ""coordinates"": [11.90478762, 46.42867129]}",1475.0,2026-06-21T17:43:02,ARPAV,BELLUNO
15,Gares,PREC,Precipitazione,mm,2026-06-21T16:00:00,4.2,46.3131289,11.88273666,300000020,"{""type"": ""Point"", ""coordinates"": [11.88273666, 46.3131289]}",1365.0,2026-06-21T17:43:02,ARPAV,BELLUNO
15,Gares,TARIA2M,Temperatura aria a 2m,°C,2026-06-21T17:00:00,22.1,46.3131289,11.88273666,300000020,"{""type"": ""Point"", ""coordinates"": [11.88273666, 46.3131289]}",1365.0,2026-06-21T17:43:03,ARPAV,BELLUNO
17,Perarolo,PREC,Precipitazione,mm,2026-06-21T16:00:00,0.2,46.39415044,12.35657766,300001140,"{""type"": ""Point"", ""coordinates"": [12.35657766, 46.39415044]}",525.0,2026-06-21T17:43:03,ARPAV,BELLUNO
17,Perarolo,UMID2M,Umidità relativa a 2m,%,2026-06-21T16:00:00,47.0,46.39415044,12.35657766,300001140,"{""type"": ""Point"", ""coordinates"": [12.35657766, 46.39415044]}",525.0,2026-06-21T17:43:03,ARPAV,BELLUNO
17,Perarolo,TARIA2M,Temperatura aria a 2m,°C,2026-06-21T17:00:00,20.1,46.39415044,12.35657766,300001140,"{""type"": ""Point"", ""coordinates"": [12.35657766, 46.39415044]}",525.0,2026-06-21T17:43:03,ARPAV,BELLUNO
19,Agordo,PREC,Precipitazione,mm,2026-06-21T16:00:00,1.8,46.27804651,12.03319083,300000170,"{""type"": ""Point"", ""coordinates"": [12.03319083, 46.27804651]}",585.0,2026-06-21T17:43:03,ARPAV,BELLUNO
19,Agordo,UMID2M,Umidità relativa a 2m,%,2026-06-21T16:00:00,57.0,46.27804651,12.03319083,300000170,"{""type"": ""Point"", ""coordinates"": [12.03319083, 46.27804651]}",585.0,2026-06-21T17:43:03,ARPAV,BELLUNO
19,Agordo,TARIA2M,Temperatura aria a 2m,°C,2026-06-21T17:00:00,27.4,46.27804651,12.03319083,300000170,"{""type"": ""Point"", ""coordinates"": [12.03319083, 46.27804651]}",585.0,2026-06-21T17:43:03,ARPAV,BELLUNO
21,Sant'Andrea (Gosaldo),PREC,Precipitazione,mm,2026-06-21T16:00:00,3.2,46.22965097,11.95772698,300000172,"{""type"": ""Point"", ""coordinates"": [11.95772698, 46.22965097]}",1254.0,2026-06-21T17:43:04,ARPAV,BELLUNO
21,Sant'Andrea (Gosaldo),UMID2M,Umidità relativa a 2m,%,2026-06-21T16:00:00,59.0,46.22965097,11.95772698,300000172,"{""type"": ""Point"", ""coordinates"": [11.95772698, 46.22965097]}",1254.0,2026-06-21T17:43:04,ARPAV,BELLUNO
21,Sant'Andrea (Gosaldo),TARIA2M,Temperatura aria a 2m,°C,2026-06-21T17:00:00,23.7,46.22965097,11.95772698,300000172,"{""type"": ""Point"", ""coordinates"": [11.95772698, 46.22965097]}",1254.0,2026-06-21T17:43:04,ARPAV,BELLUNO
22,Sant'Antonio Tortal,PREC,Precipitazione,mm,2026-06-21T16:00:00,0.0,46.04834616,12.15448034,300000173,"{""type"": ""Point"", ""coordinates"": [12.15448034, 46.04834616]}",544.0,2026-06-21T17:43:04,ARPAV,BELLUNO
22,Sant'Antonio Tortal,TARIA2M,Temperatura aria a 2m,°C,2026-06-21T17:00:00,30.3,46.04834616,12.15448034,300000173,"{""type"": ""Point"", ""coordinates"": [12.15448034, 46.04834616]}",544.0,2026-06-21T17:43:04,ARPAV,BELLUNO
25,Sospirolo,PREC,Precipitazione,mm,2026-06-21T16:00:00,0.0,46.14063559,12.07539462,300001060,"{""type"": ""Point"", ""coordinates"": [12.07539462, 46.14063559]}",426.0,2026-06-21T17:43:04,ARPAV,BELLUNO
25,Sospirolo,TARIA2M,Temperatura aria a 2m,°C,2026-06-21T17:00:00,30.4,46.14063559,12.07539462,300001060,"{""type"": ""Point"", ""coordinates"": [12.07539462, 46.14063559]}",426.0,2026-06-21T17:43:04,ARPAV,BELLUNO
28,Monte Cesen,UMID2M,Umidità relativa a 2m,%,2026-06-21T16:00:00,65.0,45.945242,12.020877,300000175,"{""type"": ""Point"", ""coordinates"": [12.020877, 45.945242]}",1552.0,2026-06-21T17:43:05,ARPAV,TREVISO
28,Monte Cesen,TARIA2M,Temperatura aria a 2m,°C,2026-06-21T17:00:00,20.7,45.945242,12.020877,300000175,"{""type"": ""Point"", ""coordinates"": [12.020877, 45.945242]}",1552.0,2026-06-21T17:43:05,ARPAV,TREVISO
37,Passo Falzarego,PREC,Precipitazione,mm,2026-06-21T16:00:00,1.4,46.51873107,12.00683651,300000177,"{""type"": ""Point"", ""coordinates"": [12.00683651, 46.51873107]}",2090.0,2026-06-21T17:43:05,ARPAV,BELLUNO
37,Passo Falzarego,TARIA2M,Temperatura aria a 2m,°C,2026-06-21T17:00:00,18.8,46.51873107,12.00683651,300000177,"{""type"": ""Point"", ""coordinates"": [12.00683651, 46.51873107]}",2090.0,2026-06-21T17:43:05,ARPAV,BELLUNO
41,Marmolada - Punta Rocca,TARIA2M,Temperatura aria a 2m,°C,2026-06-21T17:00:00,8.7,46.4335743,11.86279487,300001061,"{""type"": ""Point"", ""coordinates"": [11.86279487, 46.4335743]}",3250.0,2026-06-21T17:43:05,ARPAV,BELLUNO
47,Faloria,PREC,Precipitazione,mm,2026-06-21T16:00:00,0.0,46.52744551,12.17508664,300000178,"{""type"": ""Point"", ""coordinates"": [12.17508664, 46.52744551]}",2235.0,2026-06-21T17:43:06,ARPAV,BELLUNO
47,Faloria,UMID2M,Umidità relativa a 2m,%,2026-06-21T16:00:00,56.0,46.52744551,12.17508664,300000178,"{""type"": ""Point"", ""coordinates"": [12.17508664, 46.52744551]}",2235.0,2026-06-21T17:43:06,ARPAV,BELLUNO
47,Faloria,TARIA2M,Temperatura aria a 2m,°C,2026-06-21T17:00:00,17.2,46.52744551,12.17508664,300000178,"{""type"": ""Point"", ""coordinates"": [12.17508664, 46.52744551]}",2235.0,2026-06-21T17:43:06,ARPAV,BELLUNO
48,Podestagno (Cortina d'Ampezzo),PREC,Precipitazione,mm,2026-06-21T16:00:00,0.2,46.59362172,12.11232905,300000179,"{""type"": ""Point"", ""coordinates"": [12.11232905, 46.59362172]}",1316.0,2026-06-21T17:43:06,ARPAV,BELLUNO
48,Podestagno (Cortina d'Ampezzo),TARIA2M,Temperatura aria a 2m,°C,2026-06-21T17:00:00,22.8,46.59362172,12.11232905,300000179,"{""type"": ""Point"", ""coordinates"": [12.11232905, 46.59362172]}",1316.0,2026-06-21T17:43:06,ARPAV,BELLUNO
50,Villanova (Borca di Cadore),PREC,Precipitazione,mm,2026-06-21T16:00:00,0.2,46.44327375,12.20626034,300000181,"{""type"": ""Point"", ""coordinates"": [12.20626034, 46.44327375]}",967.0,2026-06-21T17:43:06,ARPAV,BELLUNO
50,Villanova (Borca di Cadore),UMID2M,Umidità relativa a 2m,%,2026-06-21T16:00:00,43.0,46.44327375,12.20626034,300000181,"{""type"": ""Point"", ""coordinates"": [12.20626034, 46.44327375]}",967.0,2026-06-21T17:43:06,ARPAV,BELLUNO
50,Villanova (Borca di Cadore),TARIA2M,Temperatura aria a 2m,°C,2026-06-21T17:00:00,19.0,46.44327375,12.20626034,300000181,"{""type"": ""Point"", ""coordinates"": [12.20626034, 46.44327375]}",967.0,2026-06-21T17:43:06,ARPAV,BELLUNO
53,Auronzo,PREC,Precipitazione,mm,2026-06-21T16:00:00,1.4,46.55625348,12.42593677,300000183,"{""type"": ""Point"", ""coordinates"": [12.42593677, 46.55625348]}",849.0,2026-06-21T17:43:07,ARPAV,BELLUNO
53,Auronzo,UMID2M,Umidità relativa a 2m,%,2026-06-21T16:00:00,81.0,46.55625348,12.42593677,300000183,"{""type"": ""Point"", ""coordinates"": [12.42593677, 46.55625348]}",849.0,2026-06-21T17:43:07,ARPAV,BELLUNO
53,Auronzo,TARIA2M,Temperatura aria a 2m,°C,2026-06-21T17:00:00,19.5,46.55625348,12.42593677,300000183,"{""type"": ""Point"", ""coordinates"": [12.42593677, 46.55625348]}",849.0,2026-06-21T17:43:07,ARPAV,BELLUNO
55,Pian del Crep (Val di Zoldo),PREC,Precipitazione,mm,2026-06-21T16:00:00,1.0,46.37934829,12.09312208,300000185,"{""type"": ""Point"", ""coordinates"": [12.09312208, 46.37934829]}",1741.0,2026-06-21T17:43:07,ARPAV,BELLUNO
55,Pian del Crep (Val di Zoldo),TARIA2M,Temperatura aria a 2m,°C,2026-06-21T17:00:00,20.9,46.37934829,12.09312208,300000185,"{""type"": ""Point"", ""coordinates"": [12.09312208, 46.37934829]}",1741.0,2026-06-21T17:43:07,ARPAV,BELLUNO
56,Forno di Zoldo - Campo,PREC,Precipitazione,mm,2026-06-21T16:00:00,0.8,46.34666725,12.1845653,300000186,"{""type"": ""Point"", ""coordinates"": [12.1845653, 46.34666725]}",872.0,2026-06-21T17:43:07,ARPAV,BELLUNO
56,Forno di Zoldo - Campo,UMID2M,Umidità relativa a 2m,%,2026-06-21T16:00:00,63.0,46.34666725,12.1845653,300000186,"{""type"": ""Point"", ""coordinates"": [12.1845653, 46.34666725]}",872.0,2026-06-21T17:43:07,ARPAV,BELLUNO
56,Forno di Zoldo - Campo,TARIA2M,Temperatura aria a 2m,°C,2026-06-21T17:00:00,25.4,46.34666725,12.1845653,300000186,"{""type"": ""Point"", ""coordinates"": [12.1845653, 46.34666725]}",872.0,2026-06-21T17:43:07,ARPAV,BELLUNO
58,Santo Stefano di Cadore,PREC,Precipitazione,mm,2026-06-21T16:00:00,0.0,46.55719592,12.55254488,300000188,"{""type"": ""Point"", ""coordinates"": [12.55254488, 46.55719592]}",902.0,2026-06-21T17:43:08,ARPAV,BELLUNO
58,Santo Stefano di Cadore,UMID2M,Umidità relativa a 2m,%,2026-06-21T16:00:00,61.0,46.55719592,12.55254488,300000188,"{""type"": ""Point"", ""coordinates"": [12.55254488, 46.55719592]}",902.0,2026-06-21T17:43:08,ARPAV,BELLUNO
58,Santo Stefano di Cadore,TARIA2M,Temperatura aria a 2m,°C,2026-06-21T17:00:00,20.4,46.55719592,12.55254488,300000188,"{""type"": ""Point"", ""coordinates"": [12.55254488, 46.55719592]}",902.0,2026-06-21T17:43:08,ARPAV,BELLUNO
59,Domegge di Cadore,PREC,Precipitazione,mm,2026-06-21T16:00:00,0.2,46.46094955,12.41035969,300001062,"{""type"": ""Point"", ""coordinates"": [12.41035969, 46.46094955]}",822.0,2026-06-21T17:43:08,ARPAV,BELLUNO
59,Domegge di Cadore,UMID2M,Umidità relativa a 2m,%,2026-06-21T16:00:00,48.0,46.46094955,12.41035969,300001062,"{""type"": ""Point"", ""coordinates"": [12.41035969, 46.46094955]}",822.0,2026-06-21T17:43:08,ARPAV,BELLUNO
59,Domegge di Cadore,TARIA2M,Temperatura aria a 2m,°C,2026-06-21T17:00:00,22.0,46.46094955,12.41035969,300001062,"{""type"": ""Point"", ""coordinates"": [12.41035969, 46.46094955]}",822.0,2026-06-21T17:43:08,ARPAV,BELLUNO
60,Malga Campobon (San Pietro di Cadore),PREC,Precipitazione,mm,2026-06-21T16:00:00,0.0,46.64463814,12.60365549,300000189,"{""type"": ""Point"", ""coordinates"": [12.60365549, 46.64463814]}",1939.0,2026-06-21T17:43:09,ARPAV,BELLUNO
60,Malga Campobon (San Pietro di Cadore),TARIA2M,Temperatura aria a 2m,°C,2026-06-21T17:00:00,19.4,46.64463814,12.60365549,300000189,"{""type"": ""Point"", ""coordinates"": [12.60365549, 46.64463814]}",1939.0,2026-06-21T17:43:09,ARPAV,BELLUNO
61,Cordevole di Visdende a Cima Canale,PREC,Precipitazione,mm,2026-06-21T16:00:00,0.2,46.6020538,12.63080725,300000190,"{""type"": ""Point"", ""coordinates"": [12.63080725, 46.6020538]}",1246.0,2026-06-21T17:43:09,ARPAV,BELLUNO
61,Cordevole di Visdende a Cima Canale,TARIA2M,Temperatura aria a 2m,°C,2026-06-21T17:00:00,22.5,46.6020538,12.63080725,300000190,"{""type"": ""Point"", ""coordinates"": [12.63080725, 46.6020538]}",1246.0,2026-06-21T17:43:09,ARPAV,BELLUNO
67,Monte Avena,PREC,Precipitazione,mm,2026-06-21T16:00:00,0.4,46.03210396,11.82713557,300000194,"{""type"": ""Point"", ""coordinates"": [11.82713557, 46.03210396]}",1415.0,2026-06-21T17:43:09,ARPAV,BELLUNO
67,Monte Avena,UMID2M,Umidità relativa a 2m,%,2026-06-21T16:00:00,53.0,46.03210396,11.82713557,300000194,"{""type"": ""Point"", ""coordinates"": [11.82713557, 46.03210396]}",1415.0,2026-06-21T17:43:10,ARPAV,BELLUNO
67,Monte Avena,TARIA2M,Temperatura aria a 2m,°C,2026-06-21T17:00:00,23.1,46.03210396,11.82713557,300000194,"{""type"": ""Point"", ""coordinates"": [11.82713557, 46.03210396]}",1415.0,2026-06-21T17:43:10,ARPAV,BELLUNO
68,Castana,PREC,Precipitazione,mm,2026-06-21T16:00:00,0.0,45.81551626,11.30843985,300000195,"{""type"": ""Point"", ""coordinates"": [11.30843985, 45.81551626]}",420.0,2026-06-21T17:43:10,ARPAV,VICENZA
68,Castana,UMID2M,Umidità relativa a 2m,%,2026-06-21T16:00:00,66.0,45.81551626,11.30843985,300000195,"{""type"": ""Point"", ""coordinates"": [11.30843985, 45.81551626]}",420.0,2026-06-21T17:43:10,ARPAV,VICENZA
68,Castana,TARIA2M,Temperatura aria a 2m,°C,2026-06-21T17:00:00,28.7,45.81551626,11.30843985,300000195,"{""type"": ""Point"", ""coordinates"": [11.30843985, 45.81551626]}",420.0,2026-06-21T17:43:10,ARPAV,VICENZA
71,San Giovanni Ilarione,PREC,Precipitazione,mm,2026-06-21T16:00:00,0.0,45.54832483,11.22486099,300000197,"{""type"": ""Point"", ""coordinates"": [11.22486099, 45.54832483]}",317.0,2026-06-21T17:43:10,ARPAV,VERONA
71,San Giovanni Ilarione,TARIA2M,Temperatura aria a 2m,°C,2026-06-21T17:00:00,28.9,45.54832483,11.22486099,300000197,"{""type"": ""Point"", ""coordinates"": [11.22486099, 45.54832483]}",317.0,2026-06-21T17:43:11,ARPAV,VERONA
73,Contra' Doppio (Posina),PREC,Precipitazione,mm,2026-06-21T16:00:00,0.0,45.80699205,11.2251192,300000199,"{""type"": ""Point"", ""coordinates"": [11.2251192, 45.80699205]}",724.0,2026-06-21T17:43:11,ARPAV,VICENZA
73,Contra' Doppio (Posina),TARIA2M,Temperatura aria a 2m,°C,2026-06-21T17:00:00,22.8,45.80699205,11.2251192,300000199,"{""type"": ""Point"", ""coordinates"": [11.2251192, 45.80699205]}",724.0,2026-06-21T17:43:11,ARPAV,VICENZA
74,Monte Verena,TARIA2M,Temperatura aria a 2m,°C,2026-06-21T17:00:00,19.1,45.93058669,11.41388886,300001180,"{""type"": ""Point"", ""coordinates"": [11.41388886, 45.93058669]}",2008.0,2026-06-21T17:43:11,ARPAV,VICENZA
76,Turcati (Recoaro Terme),PREC,Precipitazione,mm,2026-06-21T16:00:00,0.0,45.70401092,11.18480016,300000200,"{""type"": ""Point"", ""coordinates"": [11.18480016, 45.70401092]}",714.0,2026-06-21T17:43:11,ARPAV,VICENZA
76,Turcati (Recoaro Terme),UMID2M,Umidità relativa a 2m,%,2026-06-21T16:00:00,45.0,45.70401092,11.18480016,300000200,"{""type"": ""Point"", ""coordinates"": [11.18480016, 45.70401092]}",714.0,2026-06-21T17:43:11,ARPAV,VICENZA
76,Turcati (Recoaro Terme),TARIA2M,Temperatura aria a 2m,°C,2026-06-21T17:00:00,25.7,45.70401092,11.18480016,300000200,"{""type"": ""Point"", ""coordinates"": [11.18480016, 45.70401092]}",714.0,2026-06-21T17:43:11,ARPAV,VICENZA
77,Recoaro Mille,PREC,Precipitazione,mm,2026-06-21T16:00:00,0.0,45.68038956,11.2255215,300000201,"{""type"": ""Point"", ""coordinates"": [11.2255215, 45.68038956]}",1073.0,2026-06-21T17:43:12,ARPAV,VICENZA
77,Recoaro Mille,UMID2M,Umidità relativa a 2m,%,2026-06-21T16:00:00,42.0,45.68038956,11.2255215,300000201,"{""type"": ""Point"", ""coordinates"": [11.2255215, 45.68038956]}",1073.0,2026-06-21T17:43:12,ARPAV,VICENZA
77,Recoaro Mille,TARIA2M,Temperatura aria a 2m,°C,2026-06-21T17:00:00,24.6,45.68038956,11.2255215,300000201,"{""type"": ""Point"", ""coordinates"": [11.2255215, 45.68038956]}",1073.0,2026-06-21T17:43:12,ARPAV,VICENZA
79,Valdagno,PREC,Precipitazione,mm,2026-06-21T16:00:00,0.0,45.63129614,11.30863411,300000205,"{""type"": ""Point"", ""coordinates"": [11.30863411, 45.63129614]}",229.0,2026-06-21T17:43:12,ARPAV,VICENZA
79,Valdagno,TARIA2M,Temperatura aria a 2m,°C,2026-06-21T17:00:00,32.7,45.63129614,11.30863411,300000205,"{""type"": ""Point"", ""coordinates"": [11.30863411, 45.63129614]}",229.0,2026-06-21T17:43:12,ARPAV,VICENZA
80,Passo Pordoi,PREC,Precipitazione,mm,2026-06-21T16:00:00,1.4,46.48343791,11.82249512,300000206,"{""type"": ""Point"", ""coordinates"": [11.82249512, 46.48343791]}",2154.0,2026-06-21T17:43:12,ARPAV,BELLUNO
80,Passo Pordoi,UMID2M,Umidità relativa a 2m,%,2026-06-21T16:00:00,45.0,46.48343791,11.82249512,300000206,"{""type"": ""Point"", ""coordinates"": [11.82249512, 46.48343791]}",2154.0,2026-06-21T17:43:13,ARPAV,BELLUNO
80,Passo Pordoi,TARIA2M,Temperatura aria a 2m,°C,2026-06-21T17:00:00,17.6,46.48343791,11.82249512,300000206,"{""type"": ""Point"", ""coordinates"": [11.82249512, 46.48343791]}",2154.0,2026-06-21T17:43:13,ARPAV,BELLUNO
81,Monte Summano,PREC,Precipitazione,mm,2026-06-21T16:00:00,0.0,45.7509777,11.41482813,300000207,"{""type"": ""Point"", ""coordinates"": [11.41482813, 45.7509777]}",597.0,2026-06-21T17:43:13,ARPAV,VICENZA
81,Monte Summano,UMID2M,Umidità relativa a 2m,%,2026-06-21T16:00:00,57.0,45.7509777,11.41482813,300000207,"{""type"": ""Point"", ""coordinates"": [11.41482813, 45.7509777]}",597.0,2026-06-21T17:43:13,ARPAV,VICENZA
81,Monte Summano,TARIA2M,Temperatura aria a 2m,°C,2026-06-21T17:00:00,26.1,45.7509777,11.41482813,300000207,"{""type"": ""Point"", ""coordinates"": [11.41482813, 45.7509777]}",597.0,2026-06-21T17:43:13,ARPAV,VICENZA
82,Pove del Grappa - Costalunga,PREC,Precipitazione,mm,2026-06-21T16:00:00,0.2,45.80571942,11.74011907,300000208,"{""type"": ""Point"", ""coordinates"": [11.74011907, 45.80571942]}",669.0,2026-06-21T17:43:13,ARPAV,VICENZA
82,Pove del Grappa - Costalunga,UMID2M,Umidità relativa a 2m,%,2026-06-21T16:00:00,41.0,45.80571942,11.74011907,300000208,"{""type"": ""Point"", ""coordinates"": [11.74011907, 45.80571942]}",669.0,2026-06-21T17:43:13,ARPAV,VICENZA
82,Pove del Grappa - Costalunga,TARIA2M,Temperatura aria a 2m,°C,2026-06-21T17:00:00,30.0,45.80571942,11.74011907,300000208,"{""type"": ""Point"", ""coordinates"": [11.74011907, 45.80571942]}",669.0,2026-06-21T17:43:13,ARPAV,VICENZA
83,Montecchio Precalcino,PREC,Precipitazione,mm,2026-06-21T16:00:00,0.0,45.65882861,11.54773196,300000002,"{""type"": ""Point"", ""coordinates"": [11.54773196, 45.65882861]}",75.0,2026-06-21T17:43:13,ARPAV,VICENZA
83,Montecchio Precalcino,UMID2M,Umidità relativa a 2m,%,2026-06-21T16:00:00,39.0,45.65882861,11.54773196,300000002,"{""type"": ""Point"", ""coordinates"": [11.54773196, 45.65882861]}",75.0,2026-06-21T17:43:14,ARPAV,VICENZA
83,Montecchio Precalcino,TARIA2M,Temperatura aria a 2m,°C,2026-06-21T17:00:00,32.4,45.65882861,11.54773196,300000002,"{""type"": ""Point"", ""coordinates"": [11.54773196, 45.65882861]}",75.0,2026-06-21T17:43:14,ARPAV,VICENZA
87,San Bortolo,PREC,Precipitazione,mm,2026-06-21T16:00:00,0.0,45.6085427,11.18136996,300000331,"{""type"": ""Point"", ""coordinates"": [11.18136996, 45.6085427]}",935.0,2026-06-21T17:43:14,ARPAV,VERONA
87,San Bortolo,TARIA2M,Temperatura aria a 2m,°C,2026-06-21T17:00:00,27.0,45.6085427,11.18136996,300000331,"{""type"": ""Point"", ""coordinates"": [11.18136996, 45.6085427]}",935.0,2026-06-21T17:43:14,ARPAV,VERONA
88,Crespadoro,PREC,Precipitazione,mm,2026-06-21T16:00:00,0.0,45.62621136,11.20907007,300000212,"{""type"": ""Point"", ""coordinates"": [11.20907007, 45.62621136]}",374.0,2026-06-21T17:43:14,ARPAV,VICENZA
88,Crespadoro,UMID2M,Umidità relativa a 2m,%,2026-06-21T16:00:00,58.0,45.62621136,11.20907007,300000212,"{""type"": ""Point"", ""coordinates"": [11.20907007, 45.62621136]}",374.0,2026-06-21T17:43:14,ARPAV,VICENZA
88,Crespadoro,TARIA2M,Temperatura aria a 2m,°C,2026-06-21T17:00:00,28.1,45.62621136,11.20907007,300000212,"{""type"": ""Point"", ""coordinates"": [11.20907007, 45.62621136]}",374.0,2026-06-21T17:43:14,ARPAV,VICENZA
91,Passo Monte Croce Comelico,PREC,Precipitazione,mm,2026-06-21T16:00:00,0.0,46.65215334,12.42397152,300000213,"{""type"": ""Point"", ""coordinates"": [12.42397152, 46.65215334]}",1621.0,2026-06-21T17:43:15,ARPAV,BELLUNO
91,Passo Monte Croce Comelico,UMID2M,Umidità relativa a 2m,%,2026-06-21T16:00:00,44.0,46.65215334,12.42397152,300000213,"{""type"": ""Point"", ""coordinates"": [12.42397152, 46.65215334]}",1621.0,2026-06-21T17:43:15,ARPAV,BELLUNO
91,Passo Monte Croce Comelico,TARIA2M,Temperatura aria a 2m,°C,2026-06-21T17:00:00,19.9,46.65215334,12.42397152,300000213,"{""type"": ""Point"", ""coordinates"": [12.42397152, 46.65215334]}",1621.0,2026-06-21T17:43:15,ARPAV,BELLUNO
92,Col Indes (Tambre),PREC,Precipitazione,mm,2026-06-21T16:00:00,0.4,46.11907392,12.44015627,300000214,"{""type"": ""Point"", ""coordinates"": [12.44015627, 46.11907392]}",1181.0,2026-06-21T17:43:15,ARPAV,BELLUNO
92,Col Indes (Tambre),UMID2M,Umidità relativa a 2m,%,2026-06-21T16:00:00,49.0,46.11907392,12.44015627,300000214,"{""type"": ""Point"", ""coordinates"": [12.44015627, 46.11907392]}",1181.0,2026-06-21T17:43:15,ARPAV,BELLUNO
92,Col Indes (Tambre),TARIA2M,Temperatura aria a 2m,°C,2026-06-21T17:00:00,25.9,46.11907392,12.44015627,300000214,"{""type"": ""Point"", ""coordinates"": [12.44015627, 46.11907392]}",1181.0,2026-06-21T17:43:15,ARPAV,BELLUNO
93,Torch,PREC,Precipitazione,mm,2026-06-21T16:00:00,0.0,46.15155195,12.36301566,300000230,"{""type"": ""Point"", ""coordinates"": [12.36301566, 46.15155195]}",593.0,2026-06-21T17:43:16,ARPAV,BELLUNO
93,Torch,UMID2M,Umidità relativa a 2m,%,2026-06-21T16:00:00,50.0,46.15155195,12.36301566,300000230,"{""type"": ""Point"", ""coordinates"": [12.36301566, 46.15155195]}",593.0,2026-06-21T17:43:16,ARPAV,BELLUNO
93,Torch,TARIA2M,Temperatura aria a 2m,°C,2026-06-21T17:00:00,29.9,46.15155195,12.36301566,300000230,"{""type"": ""Point"", ""coordinates"": [12.36301566, 46.15155195]}",593.0,2026-06-21T17:43:16,ARPAV,BELLUNO
96,Bagnolo di Po - Pellizzare,PREC,Precipitazione,mm,2026-06-21T16:00:00,0.0,44.98944662,11.52950565,300000090,"{""type"": ""Point"", ""coordinates"": [11.52950565, 44.98944662]}",6.0,2026-06-21T17:43:16,ARPAV,ROVIGO
96,Bagnolo di Po - Pellizzare,UMID2M,Umidità relativa a 2m,%,2026-06-21T16:00:00,34.0,44.98944662,11.52950565,300000090,"{""type"": ""Point"", ""coordinates"": [11.52950565, 44.98944662]}",6.0,2026-06-21T17:43:16,ARPAV,ROVIGO
96,Bagnolo di Po - Pellizzare,TARIA2M,Temperatura aria a 2m,°C,2026-06-21T17:00:00,35.5,44.98944662,11.52950565,300000090,"{""type"": ""Point"", ""coordinates"": [11.52950565, 44.98944662]}",6.0,2026-06-21T17:43:16,ARPAV,ROVIGO
98,Concadirame (Rovigo),PREC,Precipitazione,mm,2026-06-21T16:00:00,0.0,45.09313663,11.72081886,300000003,"{""type"": ""Point"", ""coordinates"": [11.72081886, 45.09313663]}",6.0,2026-06-21T17:43:17,ARPAV,ROVIGO
98,Concadirame (Rovigo),UMID2M,Umidità relativa a 2m,%,2026-06-21T16:00:00,32.0,45.09313663,11.72081886,300000003,"{""type"": ""Point"", ""coordinates"": [11.72081886, 45.09313663]}",6.0,2026-06-21T17:43:17,ARPAV,ROVIGO
98,Concadirame (Rovigo),TARIA2M,Temperatura aria a 2m,°C,2026-06-21T17:00:00,34.8,45.09313663,11.72081886,300000003,"{""type"": ""Point"", ""coordinates"": [11.72081886, 45.09313663]}",6.0,2026-06-21T17:43:17,ARPAV,ROVIGO
99,San Bellino,PREC,Precipitazione,mm,2026-06-21T16:00:00,0.0,45.03150148,11.57662814,300000091,"{""type"": ""Point"", ""coordinates"": [11.57662814, 45.03150148]}",6.0,2026-06-21T17:43:17,ARPAV,ROVIGO
99,San Bellino,UMID2M,Umidità relativa a 2m,%,2026-06-21T16:00:00,33.0,45.03150148,11.57662814,300000091,"{""type"": ""Point"", ""coordinates"": [11.57662814, 45.03150148]}",6.0,2026-06-21T17:43:17,ARPAV,ROVIGO
99,San Bellino,TARIA2M,Temperatura aria a 2m,°C,2026-06-21T17:00:00,35.9,45.03150148,11.57662814,300000091,"{""type"": ""Point"", ""coordinates"": [11.57662814, 45.03150148]}",6.0,2026-06-21T17:43:17,ARPAV,ROVIGO
100,Conegliano,PREC,Precipitazione,mm,2026-06-21T16:00:00,0.0,45.88132477,12.28232702,300000092,"{""type"": ""Point"", ""coordinates"": [12.28232702, 45.88132477]}",90.0,2026-06-21T17:43:18,ARPAV,TREVISO
100,Conegliano,UMID2M,Umidità relativa a 2m,%,2026-06-21T16:00:00,38.0,45.88132477,12.28232702,300000092,"{""type"": ""Point"", ""coordinates"": [12.28232702, 45.88132477]}",90.0,2026-06-21T17:43:18,ARPAV,TREVISO
100,Conegliano,TARIA2M,Temperatura aria a 2m,°C,2026-06-21T17:00:00,34.2,45.88132477,12.28232702,300000092,"{""type"": ""Point"", ""coordinates"": [12.28232702, 45.88132477]}",90.0,2026-06-21T17:43:18,ARPAV,TREVISO
101,Porto Tolle - Pradon,PREC,Precipitazione,mm,2026-06-21T16:00:00,0.0,44.9173386,12.36910037,300000009,"{""type"": ""Point"", ""coordinates"": [12.36910037, 44.9173386]}",-3.0,2026-06-21T17:43:18,ARPAV,ROVIGO
101,Porto Tolle - Pradon,PRESS,Pressione atmosferica,hPa,2026-06-21T16:00:00,1020.6,44.9173386,12.36910037,300000009,"{""type"": ""Point"", ""coordinates"": [12.36910037, 44.9173386]}",-3.0,2026-06-21T17:43:18,ARPAV,ROVIGO
101,Porto Tolle - Pradon,UMID2M,Umidità relativa a 2m,%,2026-06-21T16:00:00,53.0,44.9173386,12.36910037,300000009,"{""type"": ""Point"", ""coordinates"": [12.36910037, 44.9173386]}",-3.0,2026-06-21T17:43:19,ARPAV,ROVIGO
101,Porto Tolle - Pradon,TARIA2M,Temperatura aria a 2m,°C,2026-06-21T17:00:00,34.2,44.9173386,12.36910037,300000009,"{""type"": ""Point"", ""coordinates"": [12.36910037, 44.9173386]}",-3.0,2026-06-21T17:43:19,ARPAV,ROVIGO
102,Castelfranco Veneto,PREC,Precipitazione,mm,2026-06-21T16:00:00,0.0,45.69492112,11.94778216,300000047,"{""type"": ""Point"", ""coordinates"": [11.94778216, 45.69492112]}",49.0,2026-06-21T17:43:19,ARPAV,TREVISO
102,Castelfranco Veneto,UMID2M,Umidità relativa a 2m,%,2026-06-21T16:00:00,38.0,45.69492112,11.94778216,300000047,"{""type"": ""Point"", ""coordinates"": [11.94778216, 45.69492112]}",49.0,2026-06-21T17:43:19,ARPAV,TREVISO
102,Castelfranco Veneto,TARIA2M,Temperatura aria a 2m,°C,2026-06-21T17:00:00,34.2,45.69492112,11.94778216,300000047,"{""type"": ""Point"", ""coordinates"": [11.94778216, 45.69492112]}",49.0,2026-06-21T17:43:19,ARPAV,TREVISO
104,Villafranca di Verona,PREC,Precipitazione,mm,2026-06-21T16:00:00,11.6,45.3724202,10.83262812,300000049,"{""type"": ""Point"", ""coordinates"": [10.83262812, 45.3724202]}",67.0,2026-06-21T17:43:20,ARPAV,VERONA
104,Villafranca di Verona,UMID2M,Umidità relativa a 2m,%,2026-06-21T16:00:00,42.0,45.3724202,10.83262812,300000049,"{""type"": ""Point"", ""coordinates"": [10.83262812, 45.3724202]}",67.0,2026-06-21T17:43:20,ARPAV,VERONA
104,Villafranca di Verona,TARIA2M,Temperatura aria a 2m,°C,2026-06-21T17:00:00,34.2,45.3724202,10.83262812,300000049,"{""type"": ""Point"", ""coordinates"": [10.83262812, 45.3724202]}",67.0,2026-06-21T17:43:20,ARPAV,VERONA
105,Lonigo,PREC,Precipitazione,mm,2026-06-21T16:00:00,0.0,45.39045584,11.37964132,300000050,"{""type"": ""Point"", ""coordinates"": [11.37964132, 45.39045584]}",29.0,2026-06-21T17:43:20,ARPAV,VICENZA
105,Lonigo,UMID2M,Umidità relativa a 2m,%,2026-06-21T16:00:00,40.0,45.39045584,11.37964132,300000050,"{""type"": ""Point"", ""coordinates"": [11.37964132, 45.39045584]}",29.0,2026-06-21T17:43:21,ARPAV,VICENZA
105,Lonigo,TARIA2M,Temperatura aria a 2m,°C,2026-06-21T17:00:00,35.0,45.39045584,11.37964132,300000050,"{""type"": ""Point"", ""coordinates"": [11.37964132, 45.39045584]}",29.0,2026-06-21T17:43:20,ARPAV,VICENZA
106,Montagnana,PREC,Precipitazione,mm,2026-06-21T16:00:00,0.0,45.24776886,11.4227919,300000051,"{""type"": ""Point"", ""coordinates"": [11.4227919, 45.24776886]}",12.0,2026-06-21T17:43:21,ARPAV,PADOVA
106,Montagnana,UMID2M,Umidità relativa a 2m,%,2026-06-21T16:00:00,34.0,45.24776886,11.4227919,300000051,"{""type"": ""Point"", ""coordinates"": [11.4227919, 45.24776886]}",12.0,2026-06-21T17:43:21,ARPAV,PADOVA
106,Montagnana,TARIA2M,Temperatura aria a 2m,°C,2026-06-21T17:00:00,34.7,45.24776886,11.4227919,300000051,"{""type"": ""Point"", ""coordinates"": [11.4227919, 45.24776886]}",12.0,2026-06-21T17:43:21,ARPAV,PADOVA
108,Salizzole,PREC,Precipitazione,mm,2026-06-21T16:00:00,0.0,45.22973697,11.10933964,300000053,"{""type"": ""Point"", ""coordinates"": [11.10933964, 45.22973697]}",21.0,2026-06-21T17:43:22,ARPAV,VERONA
108,Salizzole,UMID2M,Umidità relativa a 2m,%,2026-06-21T16:00:00,37.0,45.22973697,11.10933964,300000053,"{""type"": ""Point"", ""coordinates"": [11.10933964, 45.22973697]}",21.0,2026-06-21T17:43:22,ARPAV,VERONA
108,Salizzole,TARIA2M,Temperatura aria a 2m,°C,2026-06-21T17:00:00,35.9,45.22973697,11.10933964,300000053,"{""type"": ""Point"", ""coordinates"": [11.10933964, 45.22973697]}",21.0,2026-06-21T17:43:22,ARPAV,VERONA
110,Cittadella,PREC,Precipitazione,mm,2026-06-21T16:00:00,2.6,45.65219,11.82044,300000054,"{""type"": ""Point"", ""coordinates"": [11.82044, 45.65219]}",46.0,2026-06-21T17:43:23,ARPAV,PADOVA
110,Cittadella,UMID2M,Umidità relativa a 2m,%,2026-06-21T16:00:00,39.0,45.65219,11.82044,300000054,"{""type"": ""Point"", ""coordinates"": [11.82044, 45.65219]}",46.0,2026-06-21T17:43:23,ARPAV,PADOVA
110,Cittadella,TARIA2M,Temperatura aria a 2m,°C,2026-06-21T17:00:00,35.1,45.65219,11.82044,300000054,"{""type"": ""Point"", ""coordinates"": [11.82044, 45.65219]}",46.0,2026-06-21T17:43:23,ARPAV,PADOVA
111,Legnaro,PREC,Precipitazione,mm,2026-06-21T16:00:00,0.0,45.34701615,11.94947073,300000055,"{""type"": ""Point"", ""coordinates"": [11.94947073, 45.34701615]}",7.0,2026-06-21T17:43:23,ARPAV,PADOVA
111,Legnaro,UMID2M,Umidità relativa a 2m,%,2026-06-21T16:00:00,29.0,45.34701615,11.94947073,300000055,"{""type"": ""Point"", ""coordinates"": [11.94947073, 45.34701615]}",7.0,2026-06-21T17:43:23,ARPAV,PADOVA
111,Legnaro,TARIA2M,Temperatura aria a 2m,°C,2026-06-21T17:00:00,35.1,45.34701615,11.94947073,300000055,"{""type"": ""Point"", ""coordinates"": [11.94947073, 45.34701615]}",7.0,2026-06-21T17:43:23,ARPAV,PADOVA
112,Rosolina - Po di Tramontana,PREC,Precipitazione,mm,2026-06-21T16:00:00,0.0,45.07114136,12.26177816,300000056,"{""type"": ""Point"", ""coordinates"": [12.26177816, 45.07114136]}",-2.0,2026-06-21T17:43:24,ARPAV,ROVIGO
112,Rosolina - Po di Tramontana,UMID2M,Umidità relativa a 2m,%,2026-06-21T16:00:00,45.0,45.07114136,12.26177816,300000056,"{""type"": ""Point"", ""coordinates"": [12.26177816, 45.07114136]}",-2.0,2026-06-21T17:43:24,ARPAV,ROVIGO
112,Rosolina - Po di Tramontana,TARIA2M,Temperatura aria a 2m,°C,2026-06-21T17:00:00,32.7,45.07114136,12.26177816,300000056,"{""type"": ""Point"", ""coordinates"": [12.26177816, 45.07114136]}",-2.0,2026-06-21T17:43:24,ARPAV,ROVIGO
113,Castelnovo Bariano,PREC,Precipitazione,mm,2026-06-21T16:00:00,0.0,45.03101641,11.30253145,300000067,"{""type"": ""Point"", ""coordinates"": [11.30253145, 45.03101641]}",10.0,2026-06-21T17:43:24,ARPAV,ROVIGO
113,Castelnovo Bariano,UMID2M,Umidità relativa a 2m,%,2026-06-21T16:00:00,33.0,45.03101641,11.30253145,300000067,"{""type"": ""Point"", ""coordinates"": [11.30253145, 45.03101641]}",10.0,2026-06-21T17:43:25,ARPAV,ROVIGO
113,Castelnovo Bariano,TARIA2M,Temperatura aria a 2m,°C,2026-06-21T17:00:00,36.2,45.03101641,11.30253145,300000067,"{""type"": ""Point"", ""coordinates"": [11.30253145, 45.03101641]}",10.0,2026-06-21T17:43:25,ARPAV,ROVIGO
114,Villadose,PREC,Precipitazione,mm,2026-06-21T16:00:00,0.0,45.07144877,11.92220596,300000068,"{""type"": ""Point"", ""coordinates"": [11.92220596, 45.07144877]}",0.0,2026-06-21T17:43:25,ARPAV,ROVIGO
114,Villadose,UMID2M,Umidità relativa a 2m,%,2026-06-21T16:00:00,28.0,45.07144877,11.92220596,300000068,"{""type"": ""Point"", ""coordinates"": [11.92220596, 45.07144877]}",0.0,2026-06-21T17:43:25,ARPAV,ROVIGO
114,Villadose,TARIA2M,Temperatura aria a 2m,°C,2026-06-21T17:00:00,36.8,45.07144877,11.92220596,300000068,"{""type"": ""Point"", ""coordinates"": [11.92220596, 45.07144877]}",0.0,2026-06-21T17:43:25,ARPAV,ROVIGO
115,Adria - Bellombra,PREC,Precipitazione,mm,2026-06-21T16:00:00,0.0,45.01567605,12.0076803,300000069,"{""type"": ""Point"", ""coordinates"": [12.0076803, 45.01567605]}",-1.0,2026-06-21T17:43:25,ARPAV,ROVIGO
115,Adria - Bellombra,UMID2M,Umidità relativa a 2m,%,2026-06-21T16:00:00,38.0,45.01567605,12.0076803,300000069,"{""type"": ""Point"", ""coordinates"": [12.0076803, 45.01567605]}",-1.0,2026-06-21T17:43:26,ARPAV,ROVIGO
115,Adria - Bellombra,TARIA2M,Temperatura aria a 2m,°C,2026-06-21T17:00:00,33.9,45.01567605,12.0076803,300000069,"{""type"": ""Point"", ""coordinates"": [12.0076803, 45.01567605]}",-1.0,2026-06-21T17:43:26,ARPAV,ROVIGO
116,Frassinelle Polesine,PREC,Precipitazione,mm,2026-06-21T16:00:00,0.0,44.99058314,11.6786399,300000070,"{""type"": ""Point"", ""coordinates"": [11.6786399, 44.99058314]}",4.0,2026-06-21T17:43:26,ARPAV,ROVIGO
116,Frassinelle Polesine,UMID2M,Umidità relativa a 2m,%,2026-06-21T16:00:00,31.0,44.99058314,11.6786399,300000070,"{""type"": ""Point"", ""coordinates"": [11.6786399, 44.99058314]}",4.0,2026-06-21T17:43:26,ARPAV,ROVIGO
116,Frassinelle Polesine,TARIA2M,Temperatura aria a 2m,°C,2026-06-21T17:00:00,35.6,44.99058314,11.6786399,300000070,"{""type"": ""Point"", ""coordinates"": [11.6786399, 44.99058314]}",4.0,2026-06-21T17:43:26,ARPAV,ROVIGO
117,Sorga',PREC,Precipitazione,mm,2026-06-21T16:00:00,13.8,45.21753966,11.00830055,300000071,"{""type"": ""Point"", ""coordinates"": [11.00830055, 45.21753966]}",24.0,2026-06-21T17:43:26,ARPAV,VERONA
117,Sorga',UMID2M,Umidità relativa a 2m,%,2026-06-21T16:00:00,38.0,45.21753966,11.00830055,300000071,"{""type"": ""Point"", ""coordinates"": [11.00830055, 45.21753966]}",24.0,2026-06-21T17:43:27,ARPAV,VERONA
117,Sorga',TARIA2M,Temperatura aria a 2m,°C,2026-06-21T17:00:00,34.8,45.21753966,11.00830055,300000071,"{""type"": ""Point"", ""coordinates"": [11.00830055, 45.21753966]}",24.0,2026-06-21T17:43:27,ARPAV,VERONA
118,Bardolino - Calmasino,PREC,Precipitazione,mm,2026-06-21T16:00:00,7.2,45.51796066,10.7659099,300000072,"{""type"": ""Point"", ""coordinates"": [10.7659099, 45.51796066]}",160.0,2026-06-21T17:43:27,ARPAV,VERONA
118,Bardolino - Calmasino,PRESS,Pressione atmosferica,hPa,2026-06-21T16:00:00,1021.0,45.51796066,10.7659099,300000072,"{""type"": ""Point"", ""coordinates"": [10.7659099, 45.51796066]}",160.0,2026-06-21T17:43:27,ARPAV,VERONA
118,Bardolino - Calmasino,UMID2M,Umidità relativa a 2m,%,2026-06-21T16:00:00,42.0,45.51796066,10.7659099,300000072,"{""type"": ""Point"", ""coordinates"": [10.7659099, 45.51796066]}",160.0,2026-06-21T17:43:27,ARPAV,VERONA
118,Bardolino - Calmasino,TARIA2M,Temperatura aria a 2m,°C,2026-06-21T17:00:00,31.4,45.51796066,10.7659099,300000072,"{""type"": ""Point"", ""coordinates"": [10.7659099, 45.51796066]}",160.0,2026-06-21T17:43:27,ARPAV,VERONA
119,Roverchiara,PREC,Precipitazione,mm,2026-06-21T16:00:00,0.0,45.2658043,11.25118706,300000073,"{""type"": ""Point"", ""coordinates"": [11.25118706, 45.2658043]}",17.0,2026-06-21T17:43:28,ARPAV,VERONA
119,Roverchiara,UMID2M,Umidità relativa a 2m,%,2026-06-21T16:00:00,48.0,45.2658043,11.25118706,300000073,"{""type"": ""Point"", ""coordinates"": [11.25118706, 45.2658043]}",17.0,2026-06-21T17:43:28,ARPAV,VERONA
119,Roverchiara,TARIA2M,Temperatura aria a 2m,°C,2026-06-21T17:00:00,35.0,45.2658043,11.25118706,300000073,"{""type"": ""Point"", ""coordinates"": [11.25118706, 45.2658043]}",17.0,2026-06-21T17:43:28,ARPAV,VERONA
120,Dolce',PREC,Precipitazione,mm,2026-06-21T16:00:00,0.0,45.59957097,10.84874997,300000074,"{""type"": ""Point"", ""coordinates"": [10.84874997, 45.59957097]}",105.0,2026-06-21T17:43:28,ARPAV,VERONA
120,Dolce',UMID2M,Umidità relativa a 2m,%,2026-06-21T16:00:00,36.0,45.59957097,10.84874997,300000074,"{""type"": ""Point"", ""coordinates"": [10.84874997, 45.59957097]}",105.0,2026-06-21T17:43:28,ARPAV,VERONA
120,Dolce',TARIA2M,Temperatura aria a 2m,°C,2026-06-21T17:00:00,32.5,45.59957097,10.84874997,300000074,"{""type"": ""Point"", ""coordinates"": [10.84874997, 45.59957097]}",105.0,2026-06-21T17:43:28,ARPAV,VERONA
121,Lusia,PREC,Precipitazione,mm,2026-06-21T16:00:00,0.0,45.09241907,11.63364487,300000075,"{""type"": ""Point"", ""coordinates"": [11.63364487, 45.09241907]}",6.0,2026-06-21T17:43:29,ARPAV,ROVIGO
121,Lusia,UMID2M,Umidità relativa a 2m,%,2026-06-21T16:00:00,36.0,45.09241907,11.63364487,300000075,"{""type"": ""Point"", ""coordinates"": [11.63364487, 45.09241907]}",6.0,2026-06-21T17:43:29,ARPAV,ROVIGO
121,Lusia,TARIA2M,Temperatura aria a 2m,°C,2026-06-21T17:00:00,35.2,45.09241907,11.63364487,300000075,"{""type"": ""Point"", ""coordinates"": [11.63364487, 45.09241907]}",6.0,2026-06-21T17:43:29,ARPAV,ROVIGO
122,Trebaseleghe,PREC,Precipitazione,mm,2026-06-21T16:00:00,0.0,45.60240419,12.02573694,300000076,"{""type"": ""Point"", ""coordinates"": [12.02573694, 45.60240419]}",23.0,2026-06-21T17:43:29,ARPAV,PADOVA
122,Trebaseleghe,UMID2M,Umidità relativa a 2m,%,2026-06-21T16:00:00,50.0,45.60240419,12.02573694,300000076,"{""type"": ""Point"", ""coordinates"": [12.02573694, 45.60240419]}",23.0,2026-06-21T17:43:29,ARPAV,PADOVA
122,Trebaseleghe,TARIA2M,Temperatura aria a 2m,°C,2026-06-21T17:00:00,33.0,45.60240419,12.02573694,300000076,"{""type"": ""Point"", ""coordinates"": [12.02573694, 45.60240419]}",23.0,2026-06-21T17:43:29,ARPAV,PADOVA
123,Arcole,PREC,Precipitazione,mm,2026-06-21T16:00:00,0.0,45.37550277,11.29582046,300000077,"{""type"": ""Point"", ""coordinates"": [11.29582046, 45.37550277]}",27.0,2026-06-21T17:43:30,ARPAV,VERONA
123,Arcole,UMID2M,Umidità relativa a 2m,%,2026-06-21T16:00:00,41.0,45.37550277,11.29582046,300000077,"{""type"": ""Point"", ""coordinates"": [11.29582046, 45.37550277]}",27.0,2026-06-21T17:43:30,ARPAV,VERONA
123,Arcole,TARIA2M,Temperatura aria a 2m,°C,2026-06-21T17:00:00,33.0,45.37550277,11.29582046,300000077,"{""type"": ""Point"", ""coordinates"": [11.29582046, 45.37550277]}",27.0,2026-06-21T17:43:30,ARPAV,VERONA
124,Marano di Valpolicella,PREC,Precipitazione,mm,2026-06-21T16:00:00,0.0,45.54788884,10.92332541,300000078,"{""type"": ""Point"", ""coordinates"": [10.92332541, 45.54788884]}",284.0,2026-06-21T17:43:30,ARPAV,VERONA
124,Marano di Valpolicella,UMID2M,Umidità relativa a 2m,%,2026-06-21T16:00:00,39.0,45.54788884,10.92332541,300000078,"{""type"": ""Point"", ""coordinates"": [10.92332541, 45.54788884]}",284.0,2026-06-21T17:43:30,ARPAV,VERONA
124,Marano di Valpolicella,TARIA2M,Temperatura aria a 2m,°C,2026-06-21T17:00:00,32.5,45.54788884,10.92332541,300000078,"{""type"": ""Point"", ""coordinates"": [10.92332541, 45.54788884]}",284.0,2026-06-21T17:43:30,ARPAV,VERONA
125,San Pietro in Cariano,PREC,Precipitazione,mm,2026-06-21T16:00:00,0.0,45.50931262,10.88807026,300000079,"{""type"": ""Point"", ""coordinates"": [10.88807026, 45.50931262]}",127.0,2026-06-21T17:43:30,ARPAV,VERONA
125,San Pietro in Cariano,UMID2M,Umidità relativa a 2m,%,2026-06-21T16:00:00,43.0,45.50931262,10.88807026,300000079,"{""type"": ""Point"", ""coordinates"": [10.88807026, 45.50931262]}",127.0,2026-06-21T17:43:31,ARPAV,VERONA
125,San Pietro in Cariano,TARIA2M,Temperatura aria a 2m,°C,2026-06-21T17:00:00,34.0,45.50931262,10.88807026,300000079,"{""type"": ""Point"", ""coordinates"": [10.88807026, 45.50931262]}",127.0,2026-06-21T17:43:31,ARPAV,VERONA
126,Illasi,PREC,Precipitazione,mm,2026-06-21T16:00:00,0.0,45.46030398,11.17156147,300000080,"{""type"": ""Point"", ""coordinates"": [11.17156147, 45.46030398]}",144.0,2026-06-21T17:43:31,ARPAV,VERONA
126,Illasi,UMID2M,Umidità relativa a 2m,%,2026-06-21T16:00:00,34.0,45.46030398,11.17156147,300000080,"{""type"": ""Point"", ""coordinates"": [11.17156147, 45.46030398]}",144.0,2026-06-21T17:43:31,ARPAV,VERONA
126,Illasi,TARIA2M,Temperatura aria a 2m,°C,2026-06-21T17:00:00,35.3,45.46030398,11.17156147,300000080,"{""type"": ""Point"", ""coordinates"": [11.17156147, 45.46030398]}",144.0,2026-06-21T17:43:31,ARPAV,VERONA
127,Buttapietra,PREC,Precipitazione,mm,2026-06-21T16:00:00,0.0,45.35084342,11.01059728,300000081,"{""type"": ""Point"", ""coordinates"": [11.01059728, 45.35084342]}",39.0,2026-06-21T17:43:32,ARPAV,VERONA
127,Buttapietra,UMID2M,Umidità relativa a 2m,%,2026-06-21T16:00:00,38.0,45.35084342,11.01059728,300000081,"{""type"": ""Point"", ""coordinates"": [11.01059728, 45.35084342]}",39.0,2026-06-21T17:43:32,ARPAV,VERONA
127,Buttapietra,TARIA2M,Temperatura aria a 2m,°C,2026-06-21T17:00:00,34.7,45.35084342,11.01059728,300000081,"{""type"": ""Point"", ""coordinates"": [11.01059728, 45.35084342]}",39.0,2026-06-21T17:43:32,ARPAV,VERONA
128,Grezzana,UMID2M,Umidità relativa a 2m,%,2026-06-21T16:00:00,35.0,45.50976063,11.0135023,300000082,"{""type"": ""Point"", ""coordinates"": [11.0135023, 45.50976063]}",156.0,2026-06-21T17:43:32,ARPAV,VERONA
128,Grezzana,TARIA2M,Temperatura aria a 2m,°C,2026-06-21T17:00:00,35.8,45.50976063,11.0135023,300000082,"{""type"": ""Point"", ""coordinates"": [11.0135023, 45.50976063]}",156.0,2026-06-21T17:43:32,ARPAV,VERONA
129,Castelnuovo del Garda,PREC,Precipitazione,mm,2026-06-21T16:00:00,7.0,45.45487236,10.77166288,300000087,"{""type"": ""Point"", ""coordinates"": [10.77166288, 45.45487236]}",120.0,2026-06-21T17:43:32,ARPAV,VERONA
129,Castelnuovo del Garda,UMID2M,Umidità relativa a 2m,%,2026-06-21T16:00:00,39.0,45.45487236,10.77166288,300000087,"{""type"": ""Point"", ""coordinates"": [10.77166288, 45.45487236]}",120.0,2026-06-21T17:43:33,ARPAV,VERONA
129,Castelnuovo del Garda,TARIA2M,Temperatura aria a 2m,°C,2026-06-21T17:00:00,32.7,45.45487236,10.77166288,300000087,"{""type"": ""Point"", ""coordinates"": [10.77166288, 45.45487236]}",120.0,2026-06-21T17:43:32,ARPAV,VERONA
131,Vangadizza (Legnago),PREC,Precipitazione,mm,2026-06-21T16:00:00,0.0,45.15740933,11.28774164,300001040,"{""type"": ""Point"", ""coordinates"": [11.28774164, 45.15740933]}",12.0,2026-06-21T17:43:33,ARPAV,VERONA
131,Vangadizza (Legnago),UMID2M,Umidità relativa a 2m,%,2026-06-21T16:00:00,39.0,45.15740933,11.28774164,300001040,"{""type"": ""Point"", ""coordinates"": [11.28774164, 45.15740933]}",12.0,2026-06-21T17:43:33,ARPAV,VERONA
131,Vangadizza (Legnago),TARIA2M,Temperatura aria a 2m,°C,2026-06-21T17:00:00,35.6,45.15740933,11.28774164,300001040,"{""type"": ""Point"", ""coordinates"": [11.28774164, 45.15740933]}",12.0,2026-06-21T17:43:33,ARPAV,VERONA
132,Pescul,PREC,Precipitazione,mm,2026-06-21T16:00:00,1.4,46.4371972,12.06900907,300001120,"{""type"": ""Point"", ""coordinates"": [12.06900907, 46.4371972]}",1402.0,2026-06-21T17:43:33,ARPAV,BELLUNO
132,Pescul,UMID2M,Umidità relativa a 2m,%,2026-06-21T16:00:00,65.0,46.4371972,12.06900907,300001120,"{""type"": ""Point"", ""coordinates"": [12.06900907, 46.4371972]}",1402.0,2026-06-21T17:43:33,ARPAV,BELLUNO
132,Pescul,TARIA2M,Temperatura aria a 2m,°C,2026-06-21T17:00:00,22.5,46.4371972,12.06900907,300001120,"{""type"": ""Point"", ""coordinates"": [12.06900907, 46.4371972]}",1402.0,2026-06-21T17:43:33,ARPAV,BELLUNO
134,Malo,PREC,Precipitazione,mm,2026-06-21T16:00:00,0.0,45.66931288,11.46439144,300000094,"{""type"": ""Point"", ""coordinates"": [11.46439144, 45.66931288]}",98.0,2026-06-21T17:43:34,ARPAV,VICENZA
134,Malo,PRESS,Pressione atmosferica,hPa,2026-06-21T16:00:00,1021.3,45.66931288,11.46439144,300000094,"{""type"": ""Point"", ""coordinates"": [11.46439144, 45.66931288]}",98.0,2026-06-21T17:43:34,ARPAV,VICENZA
134,Malo,UMID2M,Umidità relativa a 2m,%,2026-06-21T16:00:00,40.0,45.66931288,11.46439144,300000094,"{""type"": ""Point"", ""coordinates"": [11.46439144, 45.66931288]}",98.0,2026-06-21T17:43:34,ARPAV,VICENZA
134,Malo,TARIA2M,Temperatura aria a 2m,°C,2026-06-21T17:00:00,34.0,45.66931288,11.46439144,300000094,"{""type"": ""Point"", ""coordinates"": [11.46439144, 45.66931288]}",98.0,2026-06-21T17:43:34,ARPAV,VICENZA
135,Rifugio la Guardia (Recoaro Terme),PREC,Precipitazione,mm,2026-06-21T16:00:00,0.0,45.71889138,11.18131677,300000232,"{""type"": ""Point"", ""coordinates"": [11.18131677, 45.71889138]}",1130.0,2026-06-21T17:43:34,ARPAV,VICENZA
135,Rifugio la Guardia (Recoaro Terme),UMID2M,Umidità relativa a 2m,%,2026-06-21T16:00:00,51.0,45.71889138,11.18131677,300000232,"{""type"": ""Point"", ""coordinates"": [11.18131677, 45.71889138]}",1130.0,2026-06-21T17:43:34,ARPAV,VICENZA
135,Rifugio la Guardia (Recoaro Terme),TARIA2M,Temperatura aria a 2m,°C,2026-06-21T17:00:00,22.2,45.71889138,11.18131677,300000232,"{""type"": ""Point"", ""coordinates"": [11.18131677, 45.71889138]}",1130.0,2026-06-21T17:43:34,ARPAV,VICENZA
136,Sappada,PREC,Precipitazione,mm,2026-06-21T16:00:00,0.0,46.57067886,12.7081344,300000233,"{""type"": ""Point"", ""coordinates"": [12.7081344, 46.57067886]}",1265.0,2026-06-21T17:43:35,ARPAV,UDINE
136,Sappada,UMID2M,Umidità relativa a 2m,%,2026-06-21T16:00:00,51.0,46.57067886,12.7081344,300000233,"{""type"": ""Point"", ""coordinates"": [12.7081344, 46.57067886]}",1265.0,2026-06-21T17:43:35,ARPAV,UDINE
136,Sappada,TARIA2M,Temperatura aria a 2m,°C,2026-06-21T17:00:00,23.5,46.57067886,12.7081344,300000233,"{""type"": ""Point"", ""coordinates"": [12.7081344, 46.57067886]}",1265.0,2026-06-21T17:43:35,ARPAV,UDINE
137,Valli del Pasubio,PREC,Precipitazione,mm,2026-06-21T16:00:00,0.2,45.75778254,11.21365428,300001063,"{""type"": ""Point"", ""coordinates"": [11.21365428, 45.75778254]}",602.0,2026-06-21T17:43:35,ARPAV,VICENZA
137,Valli del Pasubio,UMID2M,Umidità relativa a 2m,%,2026-06-21T16:00:00,66.0,45.75778254,11.21365428,300001063,"{""type"": ""Point"", ""coordinates"": [11.21365428, 45.75778254]}",602.0,2026-06-21T17:43:35,ARPAV,VICENZA
137,Valli del Pasubio,TARIA2M,Temperatura aria a 2m,°C,2026-06-21T17:00:00,24.3,45.75778254,11.21365428,300001063,"{""type"": ""Point"", ""coordinates"": [11.21365428, 45.75778254]}",602.0,2026-06-21T17:43:35,ARPAV,VICENZA
139,Lusiana,PREC,Precipitazione,mm,2026-06-21T16:00:00,1.0,45.78414598,11.58812049,300000234,"{""type"": ""Point"", ""coordinates"": [11.58812049, 45.78414598]}",767.0,2026-06-21T17:43:35,ARPAV,VICENZA
139,Lusiana,UMID2M,Umidità relativa a 2m,%,2026-06-21T16:00:00,48.0,45.78414598,11.58812049,300000234,"{""type"": ""Point"", ""coordinates"": [11.58812049, 45.78414598]}",767.0,2026-06-21T17:43:36,ARPAV,VICENZA
139,Lusiana,TARIA2M,Temperatura aria a 2m,°C,2026-06-21T17:00:00,28.6,45.78414598,11.58812049,300000234,"{""type"": ""Point"", ""coordinates"": [11.58812049, 45.78414598]}",767.0,2026-06-21T17:43:36,ARPAV,VICENZA
140,Passo Santa Caterina (Valdagno),PREC,Precipitazione,mm,2026-06-21T16:00:00,0.0,45.6198264,11.25910319,300000235,"{""type"": ""Point"", ""coordinates"": [11.25910319, 45.6198264]}",807.0,2026-06-21T17:43:36,ARPAV,VICENZA
140,Passo Santa Caterina (Valdagno),UMID2M,Umidità relativa a 2m,%,2026-06-21T16:00:00,40.0,45.6198264,11.25910319,300000235,"{""type"": ""Point"", ""coordinates"": [11.25910319, 45.6198264]}",807.0,2026-06-21T17:43:36,ARPAV,VICENZA
140,Passo Santa Caterina (Valdagno),TARIA2M,Temperatura aria a 2m,°C,2026-06-21T17:00:00,26.5,45.6198264,11.25910319,300000235,"{""type"": ""Point"", ""coordinates"": [11.25910319, 45.6198264]}",807.0,2026-06-21T17:43:36,ARPAV,VICENZA
142,Faedo (Cinto Euganeo),PREC,Precipitazione,mm,2026-06-21T16:00:00,0.0,45.30471743,11.69771962,300000095,"{""type"": ""Point"", ""coordinates"": [11.69771962, 45.30471743]}",250.0,2026-06-21T17:43:36,ARPAV,PADOVA
142,Faedo (Cinto Euganeo),UMID2M,Umidità relativa a 2m,%,2026-06-21T16:00:00,47.0,45.30471743,11.69771962,300000095,"{""type"": ""Point"", ""coordinates"": [11.69771962, 45.30471743]}",250.0,2026-06-21T17:43:36,ARPAV,PADOVA
142,Faedo (Cinto Euganeo),TARIA2M,Temperatura aria a 2m,°C,2026-06-21T17:00:00,33.4,45.30471743,11.69771962,300000095,"{""type"": ""Point"", ""coordinates"": [11.69771962, 45.30471743]}",250.0,2026-06-21T17:43:36,ARPAV,PADOVA
144,Rosa',PREC,Precipitazione,mm,2026-06-21T16:00:00,16.0,45.71658505,11.77625641,300000096,"{""type"": ""Point"", ""coordinates"": [11.77625641, 45.71658505]}",88.0,2026-06-21T17:43:37,ARPAV,VICENZA
144,Rosa',UMID2M,Umidità relativa a 2m,%,2026-06-21T16:00:00,45.0,45.71658505,11.77625641,300000096,"{""type"": ""Point"", ""coordinates"": [11.77625641, 45.71658505]}",88.0,2026-06-21T17:43:37,ARPAV,VICENZA
144,Rosa',TARIA2M,Temperatura aria a 2m,°C,2026-06-21T17:00:00,34.8,45.71658505,11.77625641,300000096,"{""type"": ""Point"", ""coordinates"": [11.77625641, 45.71658505]}",88.0,2026-06-21T17:43:37,ARPAV,VICENZA
145,Barbarano Vicentino,PREC,Precipitazione,mm,2026-06-21T16:00:00,0.0,45.39775173,11.57053751,300000097,"{""type"": ""Point"", ""coordinates"": [11.57053751, 45.39775173]}",16.0,2026-06-21T17:43:37,ARPAV,VICENZA
145,Barbarano Vicentino,UMID2M,Umidità relativa a 2m,%,2026-06-21T16:00:00,32.0,45.39775173,11.57053751,300000097,"{""type"": ""Point"", ""coordinates"": [11.57053751, 45.39775173]}",16.0,2026-06-21T17:43:38,ARPAV,VICENZA
145,Barbarano Vicentino,TARIA2M,Temperatura aria a 2m,°C,2026-06-21T17:00:00,34.7,45.39775173,11.57053751,300000097,"{""type"": ""Point"", ""coordinates"": [11.57053751, 45.39775173]}",16.0,2026-06-21T17:43:37,ARPAV,VICENZA
146,Trissino,PREC,Precipitazione,mm,2026-06-21T16:00:00,0.0,45.57923698,11.35788495,300000098,"{""type"": ""Point"", ""coordinates"": [11.35788495, 45.57923698]}",264.0,2026-06-21T17:43:38,ARPAV,VICENZA
146,Trissino,UMID2M,Umidità relativa a 2m,%,2026-06-21T16:00:00,35.0,45.57923698,11.35788495,300000098,"{""type"": ""Point"", ""coordinates"": [11.35788495, 45.57923698]}",264.0,2026-06-21T17:43:38,ARPAV,VICENZA
146,Trissino,TARIA2M,Temperatura aria a 2m,°C,2026-06-21T17:00:00,32.6,45.57923698,11.35788495,300000098,"{""type"": ""Point"", ""coordinates"": [11.35788495, 45.57923698]}",264.0,2026-06-21T17:43:38,ARPAV,VICENZA
147,Breganze,PREC,Precipitazione,mm,2026-06-21T16:00:00,0.0,45.72042777,11.57629665,300000099,"{""type"": ""Point"", ""coordinates"": [11.57629665, 45.72042777]}",196.0,2026-06-21T17:43:38,ARPAV,VICENZA
147,Breganze,UMID2M,Umidità relativa a 2m,%,2026-06-21T16:00:00,41.0,45.72042777,11.57629665,300000099,"{""type"": ""Point"", ""coordinates"": [11.57629665, 45.72042777]}",196.0,2026-06-21T17:43:38,ARPAV,VICENZA
147,Breganze,TARIA2M,Temperatura aria a 2m,°C,2026-06-21T17:00:00,32.7,45.72042777,11.57629665,300000099,"{""type"": ""Point"", ""coordinates"": [11.57629665, 45.72042777]}",196.0,2026-06-21T17:43:38,ARPAV,VICENZA
148,Brendola,PREC,Precipitazione,mm,2026-06-21T16:00:00,0.0,45.472077,11.470371,300000100,"{""type"": ""Point"", ""coordinates"": [11.470371, 45.472077]}",84.0,2026-06-21T17:43:39,ARPAV,VICENZA
148,Brendola,UMID2M,Umidità relativa a 2m,%,2026-06-21T16:00:00,38.0,45.472077,11.470371,300000100,"{""type"": ""Point"", ""coordinates"": [11.470371, 45.472077]}",84.0,2026-06-21T17:43:39,ARPAV,VICENZA
148,Brendola,TARIA2M,Temperatura aria a 2m,°C,2026-06-21T17:00:00,33.5,45.472077,11.470371,300000100,"{""type"": ""Point"", ""coordinates"": [11.470371, 45.472077]}",84.0,2026-06-21T17:43:39,ARPAV,VICENZA
149,Montegalda,PREC,Precipitazione,mm,2026-06-21T16:00:00,0.0,45.44957583,11.66198536,300000101,"{""type"": ""Point"", ""coordinates"": [11.66198536, 45.44957583]}",22.0,2026-06-21T17:43:39,ARPAV,VICENZA
149,Montegalda,UMID2M,Umidità relativa a 2m,%,2026-06-21T16:00:00,40.0,45.44957583,11.66198536,300000101,"{""type"": ""Point"", ""coordinates"": [11.66198536, 45.44957583]}",22.0,2026-06-21T17:43:39,ARPAV,VICENZA
149,Montegalda,TARIA2M,Temperatura aria a 2m,°C,2026-06-21T17:00:00,35.1,45.44957583,11.66198536,300000101,"{""type"": ""Point"", ""coordinates"": [11.66198536, 45.44957583]}",22.0,2026-06-21T17:43:39,ARPAV,VICENZA
151,Masi,PREC,Precipitazione,mm,2026-06-21T16:00:00,0.0,45.11740196,11.48088305,300000103,"{""type"": ""Point"", ""coordinates"": [11.48088305, 45.11740196]}",9.0,2026-06-21T17:43:40,ARPAV,PADOVA
151,Masi,UMID2M,Umidità relativa a 2m,%,2026-06-21T16:00:00,33.0,45.11740196,11.48088305,300000103,"{""type"": ""Point"", ""coordinates"": [11.48088305, 45.11740196]}",9.0,2026-06-21T17:43:40,ARPAV,PADOVA
151,Masi,TARIA2M,Temperatura aria a 2m,°C,2026-06-21T17:00:00,35.1,45.11740196,11.48088305,300000103,"{""type"": ""Point"", ""coordinates"": [11.48088305, 45.11740196]}",9.0,2026-06-21T17:43:40,ARPAV,PADOVA
152,Balduina (Sant'Urbano),PREC,Precipitazione,mm,2026-06-21T16:00:00,0.0,45.13472648,11.58415552,300000104,"{""type"": ""Point"", ""coordinates"": [11.58415552, 45.13472648]}",7.0,2026-06-21T17:43:40,ARPAV,PADOVA
152,Balduina (Sant'Urbano),UMID2M,Umidità relativa a 2m,%,2026-06-21T16:00:00,41.0,45.13472648,11.58415552,300000104,"{""type"": ""Point"", ""coordinates"": [11.58415552, 45.13472648]}",7.0,2026-06-21T17:43:40,ARPAV,PADOVA
152,Balduina (Sant'Urbano),TARIA2M,Temperatura aria a 2m,°C,2026-06-21T17:00:00,34.8,45.13472648,11.58415552,300000104,"{""type"": ""Point"", ""coordinates"": [11.58415552, 45.13472648]}",7.0,2026-06-21T17:43:40,ARPAV,PADOVA
156,Crespano del Grappa,PREC,Precipitazione,mm,2026-06-21T16:00:00,0.0,45.84169964,11.84066348,300001122,"{""type"": ""Point"", ""coordinates"": [11.84066348, 45.84169964]}",404.0,2026-06-21T17:43:41,ARPAV,TREVISO
156,Crespano del Grappa,UMID2M,Umidità relativa a 2m,%,2026-06-21T16:00:00,46.0,45.84169964,11.84066348,300001122,"{""type"": ""Point"", ""coordinates"": [11.84066348, 45.84169964]}",404.0,2026-06-21T17:43:41,ARPAV,TREVISO
156,Crespano del Grappa,TARIA2M,Temperatura aria a 2m,°C,2026-06-21T17:00:00,29.8,45.84169964,11.84066348,300001122,"{""type"": ""Point"", ""coordinates"": [11.84066348, 45.84169964]}",404.0,2026-06-21T17:43:41,ARPAV,TREVISO
159,Portogruaro - Lison,PREC,Precipitazione,mm,2026-06-21T16:00:00,0.0,45.74548888,12.76128681,300000107,"{""type"": ""Point"", ""coordinates"": [12.76128681, 45.74548888]}",2.0,2026-06-21T17:43:41,ARPAV,VENEZIA
159,Portogruaro - Lison,UMID2M,Umidità relativa a 2m,%,2026-06-21T16:00:00,42.0,45.74548888,12.76128681,300000107,"{""type"": ""Point"", ""coordinates"": [12.76128681, 45.74548888]}",2.0,2026-06-21T17:43:41,ARPAV,VENEZIA
159,Portogruaro - Lison,TARIA2M,Temperatura aria a 2m,°C,2026-06-21T17:00:00,34.5,45.74548888,12.76128681,300000107,"{""type"": ""Point"", ""coordinates"": [12.76128681, 45.74548888]}",2.0,2026-06-21T17:43:41,ARPAV,VENEZIA
160,Cavallino Treporti,PREC,Precipitazione,mm,2026-06-21T16:00:00,0.0,45.45871531,12.48626171,300000108,"{""type"": ""Point"", ""coordinates"": [12.48626171, 45.45871531]}",1.0,2026-06-21T17:43:42,ARPAV,VENEZIA
160,Cavallino Treporti,PRESS,Pressione atmosferica,hPa,2026-06-21T16:00:00,1021.3,45.45871531,12.48626171,300000108,"{""type"": ""Point"", ""coordinates"": [12.48626171, 45.45871531]}",1.0,2026-06-21T17:43:42,ARPAV,VENEZIA
160,Cavallino Treporti,UMID2M,Umidità relativa a 2m,%,2026-06-21T16:00:00,56.0,45.45871531,12.48626171,300000108,"{""type"": ""Point"", ""coordinates"": [12.48626171, 45.45871531]}",1.0,2026-06-21T17:43:42,ARPAV,VENEZIA
160,Cavallino Treporti,TARIA2M,Temperatura aria a 2m,°C,2026-06-21T17:00:00,33.5,45.45871531,12.48626171,300000108,"{""type"": ""Point"", ""coordinates"": [12.48626171, 45.45871531]}",1.0,2026-06-21T17:43:42,ARPAV,VENEZIA
163,Noventa di Piave - Grassaga,PREC,Precipitazione,mm,2026-06-21T16:00:00,0.0,45.66841156,12.58851069,300000109,"{""type"": ""Point"", ""coordinates"": [12.58851069, 45.66841156]}",1.0,2026-06-21T17:43:42,ARPAV,VENEZIA
163,Noventa di Piave - Grassaga,UMID2M,Umidità relativa a 2m,%,2026-06-21T16:00:00,36.0,45.66841156,12.58851069,300000109,"{""type"": ""Point"", ""coordinates"": [12.58851069, 45.66841156]}",1.0,2026-06-21T17:43:42,ARPAV,VENEZIA
163,Noventa di Piave - Grassaga,TARIA2M,Temperatura aria a 2m,°C,2026-06-21T17:00:00,35.9,45.66841156,12.58851069,300000109,"{""type"": ""Point"", ""coordinates"": [12.58851069, 45.66841156]}",1.0,2026-06-21T17:43:42,ARPAV,VENEZIA
164,Eraclea,PREC,Precipitazione,mm,2026-06-21T16:00:00,0.0,45.60316601,12.70706142,300000110,"{""type"": ""Point"", ""coordinates"": [12.70706142, 45.60316601]}",-1.0,2026-06-21T17:43:43,ARPAV,VENEZIA
164,Eraclea,UMID2M,Umidità relativa a 2m,%,2026-06-21T16:00:00,50.0,45.60316601,12.70706142,300000110,"{""type"": ""Point"", ""coordinates"": [12.70706142, 45.60316601]}",-1.0,2026-06-21T17:43:43,ARPAV,VENEZIA
164,Eraclea,TARIA2M,Temperatura aria a 2m,°C,2026-06-21T17:00:00,34.0,45.60316601,12.70706142,300000110,"{""type"": ""Point"", ""coordinates"": [12.70706142, 45.60316601]}",-1.0,2026-06-21T17:43:43,ARPAV,VENEZIA
165,Fossalta di Portogruaro,PREC,Precipitazione,mm,2026-06-21T16:00:00,0.0,45.77566742,12.89394125,300000111,"{""type"": ""Point"", ""coordinates"": [12.89394125, 45.77566742]}",3.0,2026-06-21T17:43:44,ARPAV,VENEZIA
165,Fossalta di Portogruaro,UMID2M,Umidità relativa a 2m,%,2026-06-21T16:00:00,45.0,45.77566742,12.89394125,300000111,"{""type"": ""Point"", ""coordinates"": [12.89394125, 45.77566742]}",3.0,2026-06-21T17:43:44,ARPAV,VENEZIA
165,Fossalta di Portogruaro,TARIA2M,Temperatura aria a 2m,°C,2026-06-21T17:00:00,34.6,45.77566742,12.89394125,300000111,"{""type"": ""Point"", ""coordinates"": [12.89394125, 45.77566742]}",3.0,2026-06-21T17:43:44,ARPAV,VENEZIA
166,Lugugnana (Portogruaro),PREC,Precipitazione,mm,2026-06-21T16:00:00,0.0,45.70491156,12.94668823,300000112,"{""type"": ""Point"", ""coordinates"": [12.94668823, 45.70491156]}",0.0,2026-06-21T17:43:44,ARPAV,VENEZIA
166,Lugugnana (Portogruaro),UMID2M,Umidità relativa a 2m,%,2026-06-21T16:00:00,42.0,45.70491156,12.94668823,300000112,"{""type"": ""Point"", ""coordinates"": [12.94668823, 45.70491156]}",0.0,2026-06-21T17:43:44,ARPAV,VENEZIA
166,Lugugnana (Portogruaro),TARIA2M,Temperatura aria a 2m,°C,2026-06-21T17:00:00,34.4,45.70491156,12.94668823,300000112,"{""type"": ""Point"", ""coordinates"": [12.94668823, 45.70491156]}",0.0,2026-06-21T17:43:44,ARPAV,VENEZIA
167,Mira,PREC,Precipitazione,mm,2026-06-21T16:00:00,0.0,45.43934709,12.1169216,300000113,"{""type"": ""Point"", ""coordinates"": [12.1169216, 45.43934709]}",3.0,2026-06-21T17:43:45,ARPAV,VENEZIA
167,Mira,UMID2M,Umidità relativa a 2m,%,2026-06-21T16:00:00,41.0,45.43934709,12.1169216,300000113,"{""type"": ""Point"", ""coordinates"": [12.1169216, 45.43934709]}",3.0,2026-06-21T17:43:45,ARPAV,VENEZIA
167,Mira,TARIA2M,Temperatura aria a 2m,°C,2026-06-21T17:00:00,34.8,45.43934709,12.1169216,300000113,"{""type"": ""Point"", ""coordinates"": [12.1169216, 45.43934709]}",3.0,2026-06-21T17:43:45,ARPAV,VENEZIA
168,Chioggia - Sant'Anna,PREC,Precipitazione,mm,2026-06-21T16:00:00,0.0,45.14632401,12.27596996,300000114,"{""type"": ""Point"", ""coordinates"": [12.27596996, 45.14632401]}",0.0,2026-06-21T17:43:45,ARPAV,VENEZIA
168,Chioggia - Sant'Anna,UMID2M,Umidità relativa a 2m,%,2026-06-21T16:00:00,51.0,45.14632401,12.27596996,300000114,"{""type"": ""Point"", ""coordinates"": [12.27596996, 45.14632401]}",0.0,2026-06-21T17:43:45,ARPAV,VENEZIA
168,Chioggia - Sant'Anna,TARIA2M,Temperatura aria a 2m,°C,2026-06-21T17:00:00,32.4,45.14632401,12.27596996,300000114,"{""type"": ""Point"", ""coordinates"": [12.27596996, 45.14632401]}",0.0,2026-06-21T17:43:45,ARPAV,VENEZIA
169,Agna,PREC,Precipitazione,mm,2026-06-21T16:00:00,0.0,45.15926189,11.95775646,300000115,"{""type"": ""Point"", ""coordinates"": [11.95775646, 45.15926189]}",1.0,2026-06-21T17:43:46,ARPAV,PADOVA
169,Agna,UMID2M,Umidità relativa a 2m,%,2026-06-21T16:00:00,36.0,45.15926189,11.95775646,300000115,"{""type"": ""Point"", ""coordinates"": [11.95775646, 45.15926189]}",1.0,2026-06-21T17:43:46,ARPAV,PADOVA
169,Agna,TARIA2M,Temperatura aria a 2m,°C,2026-06-21T17:00:00,35.7,45.15926189,11.95775646,300000115,"{""type"": ""Point"", ""coordinates"": [11.95775646, 45.15926189]}",1.0,2026-06-21T17:43:46,ARPAV,PADOVA
170,Teolo,PREC,Precipitazione,mm,2026-06-21T16:00:00,0.0,45.34272761,11.67713457,300000127,"{""type"": ""Point"", ""coordinates"": [11.67713457, 45.34272761]}",155.0,2026-06-21T17:43:46,ARPAV,PADOVA
170,Teolo,PRESS,Pressione atmosferica,hPa,2026-06-21T16:00:00,1021.3,45.34272761,11.67713457,300000127,"{""type"": ""Point"", ""coordinates"": [11.67713457, 45.34272761]}",155.0,2026-06-21T17:43:46,ARPAV,PADOVA
170,Teolo,UMID2M,Umidità relativa a 2m,%,2026-06-21T16:00:00,38.0,45.34272761,11.67713457,300000127,"{""type"": ""Point"", ""coordinates"": [11.67713457, 45.34272761]}",155.0,2026-06-21T17:43:46,ARPAV,PADOVA
170,Teolo,TARIA2M,Temperatura aria a 2m,°C,2026-06-21T17:00:00,34.7,45.34272761,11.67713457,300000127,"{""type"": ""Point"", ""coordinates"": [11.67713457, 45.34272761]}",155.0,2026-06-21T17:43:46,ARPAV,PADOVA
175,Codevigo,PREC,Precipitazione,mm,2026-06-21T16:00:00,0.0,45.24367259,12.09970856,300000129,"{""type"": ""Point"", ""coordinates"": [12.09970856, 45.24367259]}",0.0,2026-06-21T17:43:47,ARPAV,PADOVA
175,Codevigo,UMID2M,Umidità relativa a 2m,%,2026-06-21T16:00:00,38.0,45.24367259,12.09970856,300000129,"{""type"": ""Point"", ""coordinates"": [12.09970856, 45.24367259]}",0.0,2026-06-21T17:43:47,ARPAV,PADOVA
175,Codevigo,TARIA2M,Temperatura aria a 2m,°C,2026-06-21T17:00:00,35.7,45.24367259,12.09970856,300000129,"{""type"": ""Point"", ""coordinates"": [12.09970856, 45.24367259]}",0.0,2026-06-21T17:43:47,ARPAV,PADOVA
177,Grantorto,PREC,Precipitazione,mm,2026-06-21T16:00:00,0.0,45.59472035,11.75218331,300000131,"{""type"": ""Point"", ""coordinates"": [11.75218331, 45.59472035]}",32.0,2026-06-21T17:43:47,ARPAV,PADOVA
177,Grantorto,UMID2M,Umidità relativa a 2m,%,2026-06-21T16:00:00,44.0,45.59472035,11.75218331,300000131,"{""type"": ""Point"", ""coordinates"": [11.75218331, 45.59472035]}",32.0,2026-06-21T17:43:48,ARPAV,PADOVA
177,Grantorto,TARIA2M,Temperatura aria a 2m,°C,2026-06-21T17:00:00,34.2,45.59472035,11.75218331,300000131,"{""type"": ""Point"", ""coordinates"": [11.75218331, 45.59472035]}",32.0,2026-06-21T17:43:47,ARPAV,PADOVA
178,Cavarzere,PREC,Precipitazione,mm,2026-06-21T16:00:00,0.0,45.16150338,12.08720348,300000155,"{""type"": ""Point"", ""coordinates"": [12.08720348, 45.16150338]}",-2.0,2026-06-21T17:43:48,ARPAV,VENEZIA
178,Cavarzere,UMID2M,Umidità relativa a 2m,%,2026-06-21T16:00:00,41.0,45.16150338,12.08720348,300000155,"{""type"": ""Point"", ""coordinates"": [12.08720348, 45.16150338]}",-2.0,2026-06-21T17:43:48,ARPAV,VENEZIA
178,Cavarzere,TARIA2M,Temperatura aria a 2m,°C,2026-06-21T17:00:00,34.3,45.16150338,12.08720348,300000155,"{""type"": ""Point"", ""coordinates"": [12.08720348, 45.16150338]}",-2.0,2026-06-21T17:43:48,ARPAV,VENEZIA
179,Campodarsego,PREC,Precipitazione,mm,2026-06-21T16:00:00,0.0,45.49551578,11.91336346,300000267,"{""type"": ""Point"", ""coordinates"": [11.91336346, 45.49551578]}",16.0,2026-06-21T17:43:48,ARPAV,PADOVA
179,Campodarsego,UMID2M,Umidità relativa a 2m,%,2026-06-21T16:00:00,39.0,45.49551578,11.91336346,300000267,"{""type"": ""Point"", ""coordinates"": [11.91336346, 45.49551578]}",16.0,2026-06-21T17:43:49,ARPAV,PADOVA
179,Campodarsego,TARIA2M,Temperatura aria a 2m,°C,2026-06-21T17:00:00,34.4,45.49551578,11.91336346,300000267,"{""type"": ""Point"", ""coordinates"": [11.91336346, 45.49551578]}",16.0,2026-06-21T17:43:49,ARPAV,PADOVA
182,Tribano,PREC,Precipitazione,mm,2026-06-21T16:00:00,0.0,45.18668992,11.8487995,300000006,"{""type"": ""Point"", ""coordinates"": [11.8487995, 45.18668992]}",3.0,2026-06-21T17:43:49,ARPAV,PADOVA
182,Tribano,UMID2M,Umidità relativa a 2m,%,2026-06-21T16:00:00,36.0,45.18668992,11.8487995,300000006,"{""type"": ""Point"", ""coordinates"": [11.8487995, 45.18668992]}",3.0,2026-06-21T17:43:49,ARPAV,PADOVA
182,Tribano,TARIA2M,Temperatura aria a 2m,°C,2026-06-21T17:00:00,35.2,45.18668992,11.8487995,300000006,"{""type"": ""Point"", ""coordinates"": [11.8487995, 45.18668992]}",3.0,2026-06-21T17:43:49,ARPAV,PADOVA
183,Volpago del Montello,PREC,Precipitazione,mm,2026-06-21T16:00:00,0.0,45.78502414,12.11304779,300000133,"{""type"": ""Point"", ""coordinates"": [12.11304779, 45.78502414]}",122.0,2026-06-21T17:43:49,ARPAV,TREVISO
183,Volpago del Montello,UMID2M,Umidità relativa a 2m,%,2026-06-21T16:00:00,43.0,45.78502414,12.11304779,300000133,"{""type"": ""Point"", ""coordinates"": [12.11304779, 45.78502414]}",122.0,2026-06-21T17:43:50,ARPAV,TREVISO
183,Volpago del Montello,TARIA2M,Temperatura aria a 2m,°C,2026-06-21T17:00:00,34.1,45.78502414,12.11304779,300000133,"{""type"": ""Point"", ""coordinates"": [12.11304779, 45.78502414]}",122.0,2026-06-21T17:43:49,ARPAV,TREVISO
184,Zero Branco,PREC,Precipitazione,mm,2026-06-21T16:00:00,0.0,45.60991,12.12088,300000134,"{""type"": ""Point"", ""coordinates"": [12.12088, 45.60991]}",18.0,2026-06-21T17:43:50,ARPAV,TREVISO
184,Zero Branco,UMID2M,Umidità relativa a 2m,%,2026-06-21T16:00:00,31.0,45.60991,12.12088,300000134,"{""type"": ""Point"", ""coordinates"": [12.12088, 45.60991]}",18.0,2026-06-21T17:43:50,ARPAV,TREVISO
184,Zero Branco,TARIA2M,Temperatura aria a 2m,°C,2026-06-21T17:00:00,35.6,45.60991,12.12088,300000134,"{""type"": ""Point"", ""coordinates"": [12.12088, 45.60991]}",18.0,2026-06-21T17:43:50,ARPAV,TREVISO
185,Vazzola - Tezze,PREC,Precipitazione,mm,2026-06-21T16:00:00,0.0,45.81168647,12.34189762,300000135,"{""type"": ""Point"", ""coordinates"": [12.34189762, 45.81168647]}",40.0,2026-06-21T17:43:50,ARPAV,TREVISO
185,Vazzola - Tezze,UMID2M,Umidità relativa a 2m,%,2026-06-21T16:00:00,41.0,45.81168647,12.34189762,300000135,"{""type"": ""Point"", ""coordinates"": [12.34189762, 45.81168647]}",40.0,2026-06-21T17:43:51,ARPAV,TREVISO
185,Vazzola - Tezze,TARIA2M,Temperatura aria a 2m,°C,2026-06-21T17:00:00,34.8,45.81168647,12.34189762,300000135,"{""type"": ""Point"", ""coordinates"": [12.34189762, 45.81168647]}",40.0,2026-06-21T17:43:50,ARPAV,TREVISO
186,Gaiarine,PREC,Precipitazione,mm,2026-06-21T16:00:00,0.0,45.89217558,12.49348723,300000136,"{""type"": ""Point"", ""coordinates"": [12.49348723, 45.89217558]}",17.0,2026-06-21T17:43:51,ARPAV,TREVISO
186,Gaiarine,UMID2M,Umidità relativa a 2m,%,2026-06-21T16:00:00,35.0,45.89217558,12.49348723,300000136,"{""type"": ""Point"", ""coordinates"": [12.49348723, 45.89217558]}",17.0,2026-06-21T17:43:51,ARPAV,TREVISO
186,Gaiarine,TARIA2M,Temperatura aria a 2m,°C,2026-06-21T17:00:00,35.1,45.89217558,12.49348723,300000136,"{""type"": ""Point"", ""coordinates"": [12.49348723, 45.89217558]}",17.0,2026-06-21T17:43:51,ARPAV,TREVISO
187,Roncade,PREC,Precipitazione,mm,2026-06-21T16:00:00,0.0,45.64140487,12.39588815,300000137,"{""type"": ""Point"", ""coordinates"": [12.39588815, 45.64140487]}",7.0,2026-06-21T17:43:51,ARPAV,TREVISO
187,Roncade,UMID2M,Umidità relativa a 2m,%,2026-06-21T16:00:00,42.0,45.64140487,12.39588815,300000137,"{""type"": ""Point"", ""coordinates"": [12.39588815, 45.64140487]}",7.0,2026-06-21T17:43:52,ARPAV,TREVISO
187,Roncade,TARIA2M,Temperatura aria a 2m,°C,2026-06-21T17:00:00,35.4,45.64140487,12.39588815,300000137,"{""type"": ""Point"", ""coordinates"": [12.39588815, 45.64140487]}",7.0,2026-06-21T17:43:51,ARPAV,TREVISO
188,Villorba,PREC,Precipitazione,mm,2026-06-21T16:00:00,0.0,45.74894328,12.23496228,300000138,"{""type"": ""Point"", ""coordinates"": [12.23496228, 45.74894328]}",41.0,2026-06-21T17:43:52,ARPAV,TREVISO
188,Villorba,UMID2M,Umidità relativa a 2m,%,2026-06-21T16:00:00,44.0,45.74894328,12.23496228,300000138,"{""type"": ""Point"", ""coordinates"": [12.23496228, 45.74894328]}",41.0,2026-06-21T17:43:52,ARPAV,TREVISO
188,Villorba,TARIA2M,Temperatura aria a 2m,°C,2026-06-21T17:00:00,35.1,45.74894328,12.23496228,300000138,"{""type"": ""Point"", ""coordinates"": [12.23496228, 45.74894328]}",41.0,2026-06-21T17:43:52,ARPAV,TREVISO
189,Valdobbiadene - Bigolino,PREC,Precipitazione,mm,2026-06-21T16:00:00,0.0,45.88205751,12.0070972,300000139,"{""type"": ""Point"", ""coordinates"": [12.0070972, 45.88205751]}",225.0,2026-06-21T17:43:52,ARPAV,TREVISO
189,Valdobbiadene - Bigolino,UMID2M,Umidità relativa a 2m,%,2026-06-21T16:00:00,42.0,45.88205751,12.0070972,300000139,"{""type"": ""Point"", ""coordinates"": [12.0070972, 45.88205751]}",225.0,2026-06-21T17:43:52,ARPAV,TREVISO
189,Valdobbiadene - Bigolino,TARIA2M,Temperatura aria a 2m,°C,2026-06-21T17:00:00,32.9,45.88205751,12.0070972,300000139,"{""type"": ""Point"", ""coordinates"": [12.0070972, 45.88205751]}",225.0,2026-06-21T17:43:52,ARPAV,TREVISO
190,Brustole' (Velo d'Astico),PREC,Precipitazione,mm,2026-06-21T16:00:00,0.8,45.80132477,11.34330714,300000237,"{""type"": ""Point"", ""coordinates"": [11.34330714, 45.80132477]}",331.0,2026-06-21T17:43:52,ARPAV,VICENZA
190,Brustole' (Velo d'Astico),TARIA2M,Temperatura aria a 2m,°C,2026-06-21T17:00:00,25.4,45.80132477,11.34330714,300000237,"{""type"": ""Point"", ""coordinates"": [11.34330714, 45.80132477]}",331.0,2026-06-21T17:43:53,ARPAV,VICENZA
191,Molini (Laghi),PREC,Precipitazione,mm,2026-06-21T16:00:00,0.2,45.83331375,11.25603835,300000238,"{""type"": ""Point"", ""coordinates"": [11.25603835, 45.83331375]}",623.0,2026-06-21T17:43:53,ARPAV,VICENZA
191,Molini (Laghi),UMID2M,Umidità relativa a 2m,%,2026-06-21T16:00:00,71.0,45.83331375,11.25603835,300000238,"{""type"": ""Point"", ""coordinates"": [11.25603835, 45.83331375]}",623.0,2026-06-21T17:43:53,ARPAV,VICENZA
191,Molini (Laghi),TARIA2M,Temperatura aria a 2m,°C,2026-06-21T17:00:00,23.3,45.83331375,11.25603835,300000238,"{""type"": ""Point"", ""coordinates"": [11.25603835, 45.83331375]}",623.0,2026-06-21T17:43:53,ARPAV,VICENZA
192,Passo Xomo (Posina),PREC,Precipitazione,mm,2026-06-21T16:00:00,0.0,45.77777304,11.2376662,300000239,"{""type"": ""Point"", ""coordinates"": [11.2376662, 45.77777304]}",1051.0,2026-06-21T17:43:53,ARPAV,VICENZA
192,Passo Xomo (Posina),UMID2M,Umidità relativa a 2m,%,2026-06-21T16:00:00,56.0,45.77777304,11.2376662,300000239,"{""type"": ""Point"", ""coordinates"": [11.2376662, 45.77777304]}",1051.0,2026-06-21T17:43:53,ARPAV,VICENZA
192,Passo Xomo (Posina),TARIA2M,Temperatura aria a 2m,°C,2026-06-21T17:00:00,24.2,45.77777304,11.2376662,300000239,"{""type"": ""Point"", ""coordinates"": [11.2376662, 45.77777304]}",1051.0,2026-06-21T17:43:53,ARPAV,VICENZA
195,Farra di Soligo,PREC,Precipitazione,mm,2026-06-21T16:00:00,0.4,45.9021246,12.10445916,300000140,"{""type"": ""Point"", ""coordinates"": [12.10445916, 45.9021246]}",169.0,2026-06-21T17:43:54,ARPAV,TREVISO
195,Farra di Soligo,UMID2M,Umidità relativa a 2m,%,2026-06-21T16:00:00,41.0,45.9021246,12.10445916,300000140,"{""type"": ""Point"", ""coordinates"": [12.10445916, 45.9021246]}",169.0,2026-06-21T17:43:54,ARPAV,TREVISO
195,Farra di Soligo,TARIA2M,Temperatura aria a 2m,°C,2026-06-21T17:00:00,33.8,45.9021246,12.10445916,300000140,"{""type"": ""Point"", ""coordinates"": [12.10445916, 45.9021246]}",169.0,2026-06-21T17:43:54,ARPAV,TREVISO
196,Oderzo,PREC,Precipitazione,mm,2026-06-21T16:00:00,0.0,45.76569434,12.52427035,300000141,"{""type"": ""Point"", ""coordinates"": [12.52427035, 45.76569434]}",7.0,2026-06-21T17:43:54,ARPAV,TREVISO
197,Maser,PREC,Precipitazione,mm,2026-06-21T16:00:00,0.0,45.77892133,11.94236996,300000142,"{""type"": ""Point"", ""coordinates"": [11.94236996, 45.77892133]}",100.0,2026-06-21T17:43:54,ARPAV,TREVISO
197,Maser,UMID2M,Umidità relativa a 2m,%,2026-06-21T16:00:00,41.0,45.77892133,11.94236996,300000142,"{""type"": ""Point"", ""coordinates"": [11.94236996, 45.77892133]}",100.0,2026-06-21T17:43:54,ARPAV,TREVISO
197,Maser,TARIA2M,Temperatura aria a 2m,°C,2026-06-21T17:00:00,35.0,45.77892133,11.94236996,300000142,"{""type"": ""Point"", ""coordinates"": [11.94236996, 45.77892133]}",100.0,2026-06-21T17:43:54,ARPAV,TREVISO
199,Longarone,PREC,Precipitazione,mm,2026-06-21T16:00:00,0.0,46.26152058,12.30351169,300000242,"{""type"": ""Point"", ""coordinates"": [12.30351169, 46.26152058]}",435.0,2026-06-21T17:43:55,ARPAV,BELLUNO
199,Longarone,UMID2M,Umidità relativa a 2m,%,2026-06-21T16:00:00,44.0,46.26152058,12.30351169,300000242,"{""type"": ""Point"", ""coordinates"": [12.30351169, 46.26152058]}",435.0,2026-06-21T17:43:55,ARPAV,BELLUNO
199,Longarone,TARIA2M,Temperatura aria a 2m,°C,2026-06-21T17:00:00,28.9,46.26152058,12.30351169,300000242,"{""type"": ""Point"", ""coordinates"": [12.30351169, 46.26152058]}",435.0,2026-06-21T17:43:55,ARPAV,BELLUNO
200,Lamon - Sala,PREC,Precipitazione,mm,2026-06-21T16:00:00,1.6,46.04985912,11.74647606,300000243,"{""type"": ""Point"", ""coordinates"": [11.74647606, 46.04985912]}",650.0,2026-06-21T17:43:55,ARPAV,BELLUNO
200,Lamon - Sala,UMID2M,Umidità relativa a 2m,%,2026-06-21T16:00:00,41.0,46.04985912,11.74647606,300000243,"{""type"": ""Point"", ""coordinates"": [11.74647606, 46.04985912]}",650.0,2026-06-21T17:43:55,ARPAV,BELLUNO
200,Lamon - Sala,TARIA2M,Temperatura aria a 2m,°C,2026-06-21T17:00:00,31.0,46.04985912,11.74647606,300000243,"{""type"": ""Point"", ""coordinates"": [11.74647606, 46.04985912]}",650.0,2026-06-21T17:43:55,ARPAV,BELLUNO
201,Monte Grande (Teolo),TARIA2M,Temperatura aria a 2m,°C,2026-06-21T17:00:00,30.0,45.36192058,11.67281842,300000144,"{""type"": ""Point"", ""coordinates"": [11.67281842, 45.36192058]}",465.0,2026-06-21T17:43:56,ARPAV,PADOVA
203,Passo Valles,PREC,Precipitazione,mm,2026-06-21T16:00:00,5.0,46.33914263,11.80160227,300000244,"{""type"": ""Point"", ""coordinates"": [11.80160227, 46.33914263]}",2042.0,2026-06-21T17:43:56,ARPAV,BELLUNO
203,Passo Valles,UMID2M,Umidità relativa a 2m,%,2026-06-21T16:00:00,54.0,46.33914263,11.80160227,300000244,"{""type"": ""Point"", ""coordinates"": [11.80160227, 46.33914263]}",2042.0,2026-06-21T17:43:56,ARPAV,BELLUNO
203,Passo Valles,TARIA2M,Temperatura aria a 2m,°C,2026-06-21T17:00:00,18.2,46.33914263,11.80160227,300000244,"{""type"": ""Point"", ""coordinates"": [11.80160227, 46.33914263]}",2042.0,2026-06-21T17:43:56,ARPAV,BELLUNO
204,Ponte di Piave,PREC,Precipitazione,mm,2026-06-21T16:00:00,0.0,45.71711766,12.5239352,300000145,"{""type"": ""Point"", ""coordinates"": [12.5239352, 45.71711766]}",3.0,2026-06-21T17:43:56,ARPAV,TREVISO
204,Ponte di Piave,UMID2M,Umidità relativa a 2m,%,2026-06-21T16:00:00,40.0,45.71711766,12.5239352,300000145,"{""type"": ""Point"", ""coordinates"": [12.5239352, 45.71711766]}",3.0,2026-06-21T17:43:56,ARPAV,TREVISO
204,Ponte di Piave,TARIA2M,Temperatura aria a 2m,°C,2026-06-21T17:00:00,34.7,45.71711766,12.5239352,300000145,"{""type"": ""Point"", ""coordinates"": [12.5239352, 45.71711766]}",3.0,2026-06-21T17:43:56,ARPAV,TREVISO
211,Codevigo - Ca' di Mezzo,PREC,Precipitazione,mm,2026-06-21T16:00:00,0.0,45.22690363,12.14506095,300000146,"{""type"": ""Point"", ""coordinates"": [12.14506095, 45.22690363]}",1.0,2026-06-21T17:43:57,ARPAV,PADOVA
211,Codevigo - Ca' di Mezzo,UMID2M,Umidità relativa a 2m,%,2026-06-21T16:00:00,46.0,45.22690363,12.14506095,300000146,"{""type"": ""Point"", ""coordinates"": [12.14506095, 45.22690363]}",1.0,2026-06-21T17:43:57,ARPAV,PADOVA
211,Codevigo - Ca' di Mezzo,TARIA2M,Temperatura aria a 2m,°C,2026-06-21T17:00:00,33.5,45.22690363,12.14506095,300000146,"{""type"": ""Point"", ""coordinates"": [12.14506095, 45.22690363]}",1.0,2026-06-21T17:43:57,ARPAV,PADOVA
216,Cansiglio - Tramedere,PREC,Precipitazione,mm,2026-06-21T16:00:00,0.6,46.07747932,12.41476528,300000250,"{""type"": ""Point"", ""coordinates"": [12.41476528, 46.07747932]}",1022.0,2026-06-21T17:43:57,ARPAV,BELLUNO
216,Cansiglio - Tramedere,UMID2M,Umidità relativa a 2m,%,2026-06-21T16:00:00,55.0,46.07747932,12.41476528,300000250,"{""type"": ""Point"", ""coordinates"": [12.41476528, 46.07747932]}",1022.0,2026-06-21T17:43:57,ARPAV,BELLUNO
216,Cansiglio - Tramedere,TARIA2M,Temperatura aria a 2m,°C,2026-06-21T17:00:00,26.3,46.07747932,12.41476528,300000250,"{""type"": ""Point"", ""coordinates"": [12.41476528, 46.07747932]}",1022.0,2026-06-21T17:43:57,ARPAV,BELLUNO
217,Feltre,PREC,Precipitazione,mm,2026-06-21T16:00:00,0.0,46.01620135,11.89462516,300000251,"{""type"": ""Point"", ""coordinates"": [11.89462516, 46.01620135]}",264.0,2026-06-21T17:43:58,ARPAV,BELLUNO
217,Feltre,UMID2M,Umidità relativa a 2m,%,2026-06-21T16:00:00,40.0,46.01620135,11.89462516,300000251,"{""type"": ""Point"", ""coordinates"": [11.89462516, 46.01620135]}",264.0,2026-06-21T17:43:58,ARPAV,BELLUNO
217,Feltre,TARIA2M,Temperatura aria a 2m,°C,2026-06-21T17:00:00,33.6,46.01620135,11.89462516,300000251,"{""type"": ""Point"", ""coordinates"": [11.89462516, 46.01620135]}",264.0,2026-06-21T17:43:58,ARPAV,BELLUNO
218,Asiago - aeroporto,PREC,Precipitazione,mm,2026-06-21T16:00:00,3.4,45.88342502,11.51100804,300000252,"{""type"": ""Point"", ""coordinates"": [11.51100804, 45.88342502]}",1016.0,2026-06-21T17:43:58,ARPAV,VICENZA
218,Asiago - aeroporto,PRESS,Pressione atmosferica,hPa,2026-06-21T16:00:00,1020.7,45.88342502,11.51100804,300000252,"{""type"": ""Point"", ""coordinates"": [11.51100804, 45.88342502]}",1016.0,2026-06-21T17:43:58,ARPAV,VICENZA
218,Asiago - aeroporto,UMID2M,Umidità relativa a 2m,%,2026-06-21T16:00:00,49.0,45.88342502,11.51100804,300000252,"{""type"": ""Point"", ""coordinates"": [11.51100804, 45.88342502]}",1016.0,2026-06-21T17:43:59,ARPAV,VICENZA
218,Asiago - aeroporto,TARIA2M,Temperatura aria a 2m,°C,2026-06-21T17:00:00,26.8,45.88342502,11.51100804,300000252,"{""type"": ""Point"", ""coordinates"": [11.51100804, 45.88342502]}",1016.0,2026-06-21T17:43:59,ARPAV,VICENZA
219,Rovina di Cancia (Borca di Cadore Q1373),PREC,Precipitazione,mm,2026-06-21T16:00:00,0.0,46.43717725,12.24264349,300000253,"{""type"": ""Point"", ""coordinates"": [12.24264349, 46.43717725]}",1373.0,2026-06-21T17:43:59,ARPAV,BELLUNO
220,Treviso,PREC,Precipitazione,mm,2026-06-21T16:00:00,0.0,45.68093386,12.22154715,300001123,"{""type"": ""Point"", ""coordinates"": [12.22154715, 45.68093386]}",19.0,2026-06-21T17:43:59,ARPAV,TREVISO
220,Treviso,PRESS,Pressione atmosferica,hPa,2026-06-21T16:00:00,1020.9,45.68093386,12.22154715,300001123,"{""type"": ""Point"", ""coordinates"": [12.22154715, 45.68093386]}",19.0,2026-06-21T17:43:59,ARPAV,TREVISO
220,Treviso,UMID2M,Umidità relativa a 2m,%,2026-06-21T16:00:00,35.0,45.68093386,12.22154715,300001123,"{""type"": ""Point"", ""coordinates"": [12.22154715, 45.68093386]}",19.0,2026-06-21T17:43:59,ARPAV,TREVISO
220,Treviso,TARIA2M,Temperatura aria a 2m,°C,2026-06-21T17:00:00,35.7,45.68093386,12.22154715,300001123,"{""type"": ""Point"", ""coordinates"": [12.22154715, 45.68093386]}",19.0,2026-06-21T17:43:59,ARPAV,TREVISO
221,Trecenta,PREC,Precipitazione,mm,2026-06-21T16:00:00,0.0,45.02166616,11.42663109,300000147,"{""type"": ""Point"", ""coordinates"": [11.42663109, 45.02166616]}",9.0,2026-06-21T17:43:59,ARPAV,ROVIGO
221,Trecenta,UMID2M,Umidità relativa a 2m,%,2026-06-21T16:00:00,34.0,45.02166616,11.42663109,300000147,"{""type"": ""Point"", ""coordinates"": [11.42663109, 45.02166616]}",9.0,2026-06-21T17:44:00,ARPAV,ROVIGO
221,Trecenta,TARIA2M,Temperatura aria a 2m,°C,2026-06-21T17:00:00,36.2,45.02166616,11.42663109,300000147,"{""type"": ""Point"", ""coordinates"": [11.42663109, 45.02166616]}",9.0,2026-06-21T17:44:00,ARPAV,ROVIGO
223,Falcade,PREC,Precipitazione,mm,2026-06-21T16:00:00,5.8,46.355567,11.869723,300000254,"{""type"": ""Point"", ""coordinates"": [11.869723, 46.355567]}",1150.0,2026-06-21T17:44:00,ARPAV,BELLUNO
223,Falcade,UMID2M,Umidità relativa a 2m,%,2026-06-21T16:00:00,47.0,46.355567,11.869723,300000254,"{""type"": ""Point"", ""coordinates"": [11.869723, 46.355567]}",1150.0,2026-06-21T17:44:00,ARPAV,BELLUNO
223,Falcade,TARIA2M,Temperatura aria a 2m,°C,2026-06-21T17:00:00,24.4,46.355567,11.869723,300000254,"{""type"": ""Point"", ""coordinates"": [11.869723, 46.355567]}",1150.0,2026-06-21T17:44:00,ARPAV,BELLUNO
224,Valle di Cadore,PREC,Precipitazione,mm,2026-06-21T16:00:00,0.2,46.41544389,12.3323414,300000255,"{""type"": ""Point"", ""coordinates"": [12.3323414, 46.41544389]}",794.0,2026-06-21T17:44:01,ARPAV,BELLUNO
224,Valle di Cadore,TARIA2M,Temperatura aria a 2m,°C,2026-06-21T17:00:00,17.1,46.41544389,12.3323414,300000255,"{""type"": ""Point"", ""coordinates"": [12.3323414, 46.41544389]}",794.0,2026-06-21T17:44:01,ARPAV,BELLUNO
227,Mogliano Veneto,PREC,Precipitazione,mm,2026-06-21T16:00:00,0.0,45.5807425,12.30779083,300000150,"{""type"": ""Point"", ""coordinates"": [12.30779083, 45.5807425]}",5.0,2026-06-21T17:44:01,ARPAV,TREVISO
227,Mogliano Veneto,UMID2M,Umidità relativa a 2m,%,2026-06-21T16:00:00,34.0,45.5807425,12.30779083,300000150,"{""type"": ""Point"", ""coordinates"": [12.30779083, 45.5807425]}",5.0,2026-06-21T17:44:01,ARPAV,TREVISO
227,Mogliano Veneto,TARIA2M,Temperatura aria a 2m,°C,2026-06-21T17:00:00,35.3,45.5807425,12.30779083,300000150,"{""type"": ""Point"", ""coordinates"": [12.30779083, 45.5807425]}",5.0,2026-06-21T17:44:01,ARPAV,TREVISO
230,Campagna Lupia - Valle Averto,PREC,Precipitazione,mm,2026-06-21T16:00:00,0.0,45.34941987,12.14155693,300000203,"{""type"": ""Point"", ""coordinates"": [12.14155693, 45.34941987]}",0.0,2026-06-21T17:44:02,ARPAV,VENEZIA
230,Campagna Lupia - Valle Averto,UMID2M,Umidità relativa a 2m,%,2026-06-21T16:00:00,39.0,45.34941987,12.14155693,300000203,"{""type"": ""Point"", ""coordinates"": [12.14155693, 45.34941987]}",0.0,2026-06-21T17:44:02,ARPAV,VENEZIA
230,Campagna Lupia - Valle Averto,TARIA2M,Temperatura aria a 2m,°C,2026-06-21T17:00:00,36.0,45.34941987,12.14155693,300000203,"{""type"": ""Point"", ""coordinates"": [12.14155693, 45.34941987]}",0.0,2026-06-21T17:44:02,ARPAV,VENEZIA
231,Sant'Apollinare (Rovigo),PREC,Precipitazione,mm,2026-06-21T16:00:00,0.0,45.03340149,11.8259685,300000151,"{""type"": ""Point"", ""coordinates"": [11.8259685, 45.03340149]}",2.0,2026-06-21T17:44:02,ARPAV,ROVIGO
231,Sant'Apollinare (Rovigo),UMID2M,Umidità relativa a 2m,%,2026-06-21T16:00:00,36.0,45.03340149,11.8259685,300000151,"{""type"": ""Point"", ""coordinates"": [11.8259685, 45.03340149]}",2.0,2026-06-21T17:44:03,ARPAV,ROVIGO
231,Sant'Apollinare (Rovigo),TARIA2M,Temperatura aria a 2m,°C,2026-06-21T17:00:00,36.6,45.03340149,11.8259685,300000151,"{""type"": ""Point"", ""coordinates"": [11.8259685, 45.03340149]}",2.0,2026-06-21T17:44:02,ARPAV,ROVIGO
232,Bassano del Grappa,PREC,Precipitazione,mm,2026-06-21T16:00:00,0.0,45.78504906,11.73017735,300000152,"{""type"": ""Point"", ""coordinates"": [11.73017735, 45.78504906]}",127.0,2026-06-21T17:44:03,ARPAV,VICENZA
232,Bassano del Grappa,UMID2M,Umidità relativa a 2m,%,2026-06-21T16:00:00,35.0,45.78504906,11.73017735,300000152,"{""type"": ""Point"", ""coordinates"": [11.73017735, 45.78504906]}",127.0,2026-06-21T17:44:03,ARPAV,VICENZA
232,Bassano del Grappa,TARIA2M,Temperatura aria a 2m,°C,2026-06-21T17:00:00,33.3,45.78504906,11.73017735,300000152,"{""type"": ""Point"", ""coordinates"": [11.73017735, 45.78504906]}",127.0,2026-06-21T17:44:03,ARPAV,VICENZA
234,Padova,PREC,Precipitazione,mm,2026-06-21T16:00:00,0.0,45.397192,11.845461,300000202,"{""type"": ""Point"", ""coordinates"": [11.845461, 45.397192]}",11.0,2026-06-21T17:44:03,ARPAV,PADOVA
234,Padova,UMID2M,Umidità relativa a 2m,%,2026-06-21T16:00:00,45.0,45.397192,11.845461,300000202,"{""type"": ""Point"", ""coordinates"": [11.845461, 45.397192]}",11.0,2026-06-21T17:44:03,ARPAV,PADOVA
234,Padova,TARIA2M,Temperatura aria a 2m,°C,2026-06-21T17:00:00,35.5,45.397192,11.845461,300000202,"{""type"": ""Point"", ""coordinates"": [11.845461, 45.397192]}",11.0,2026-06-21T17:44:03,ARPAV,PADOVA
235,Soffranco,PREC,Precipitazione,mm,2026-06-21T16:00:00,0.0,46.278202,12.24278045,300000256,"{""type"": ""Point"", ""coordinates"": [12.24278045, 46.278202]}",606.0,2026-06-21T17:44:03,ARPAV,BELLUNO
235,Soffranco,TARIA2M,Temperatura aria a 2m,°C,2026-06-21T17:00:00,29.7,46.278202,12.24278045,300000256,"{""type"": ""Point"", ""coordinates"": [12.24278045, 46.278202]}",606.0,2026-06-21T17:44:04,ARPAV,BELLUNO
236,San Martino d'Alpago,PREC,Precipitazione,mm,2026-06-21T16:00:00,0.2,46.18043287,12.39682227,300000257,"{""type"": ""Point"", ""coordinates"": [12.39682227, 46.18043287]}",828.0,2026-06-21T17:44:04,ARPAV,BELLUNO
236,San Martino d'Alpago,TARIA2M,Temperatura aria a 2m,°C,2026-06-21T17:00:00,28.8,46.18043287,12.39682227,300000257,"{""type"": ""Point"", ""coordinates"": [12.39682227, 46.18043287]}",828.0,2026-06-21T17:44:04,ARPAV,BELLUNO
237,Cortina d'Ampezzo - Gilardon,PREC,Precipitazione,mm,2026-06-21T16:00:00,0.2,46.53668964,12.12739699,300000258,"{""type"": ""Point"", ""coordinates"": [12.12739699, 46.53668964]}",1271.0,2026-06-21T17:44:04,ARPAV,BELLUNO
237,Cortina d'Ampezzo - Gilardon,UMID2M,Umidità relativa a 2m,%,2026-06-21T16:00:00,42.0,46.53668964,12.12739699,300000258,"{""type"": ""Point"", ""coordinates"": [12.12739699, 46.53668964]}",1271.0,2026-06-21T17:44:04,ARPAV,BELLUNO
237,Cortina d'Ampezzo - Gilardon,TARIA2M,Temperatura aria a 2m,°C,2026-06-21T17:00:00,24.3,46.53668964,12.12739699,300000258,"{""type"": ""Point"", ""coordinates"": [12.12739699, 46.53668964]}",1271.0,2026-06-21T17:44:04,ARPAV,BELLUNO
238,Misurina,PREC,Precipitazione,mm,2026-06-21T16:00:00,0.0,46.5764122,12.25007045,300000259,"{""type"": ""Point"", ""coordinates"": [12.25007045, 46.5764122]}",1743.0,2026-06-21T17:44:04,ARPAV,BELLUNO
238,Misurina,UMID2M,Umidità relativa a 2m,%,2026-06-21T16:00:00,42.0,46.5764122,12.25007045,300000259,"{""type"": ""Point"", ""coordinates"": [12.25007045, 46.5764122]}",1743.0,2026-06-21T17:44:05,ARPAV,BELLUNO
238,Misurina,TARIA2M,Temperatura aria a 2m,°C,2026-06-21T17:00:00,19.3,46.5764122,12.25007045,300000259,"{""type"": ""Point"", ""coordinates"": [12.25007045, 46.5764122]}",1743.0,2026-06-21T17:44:05,ARPAV,BELLUNO
239,Col di Pra',PREC,Precipitazione,mm,2026-06-21T16:00:00,2.6,46.29588807,11.92891208,300001141,"{""type"": ""Point"", ""coordinates"": [11.92891208, 46.29588807]}",863.0,2026-06-21T17:44:05,ARPAV,BELLUNO
239,Col di Pra',UMID2M,Umidità relativa a 2m,%,2026-06-21T16:00:00,52.0,46.29588807,11.92891208,300001141,"{""type"": ""Point"", ""coordinates"": [11.92891208, 46.29588807]}",863.0,2026-06-21T17:44:05,ARPAV,BELLUNO
239,Col di Pra',TARIA2M,Temperatura aria a 2m,°C,2026-06-21T17:00:00,23.0,46.29588807,11.92891208,300001141,"{""type"": ""Point"", ""coordinates"": [11.92891208, 46.29588807]}",863.0,2026-06-21T17:44:05,ARPAV,BELLUNO
240,Vittorio Veneto,PREC,Precipitazione,mm,2026-06-21T16:00:00,0.4,45.98539025,12.30760378,300000260,"{""type"": ""Point"", ""coordinates"": [12.30760378, 45.98539025]}",123.0,2026-06-21T17:44:05,ARPAV,TREVISO
240,Vittorio Veneto,UMID2M,Umidità relativa a 2m,%,2026-06-21T16:00:00,34.0,45.98539025,12.30760378,300000260,"{""type"": ""Point"", ""coordinates"": [12.30760378, 45.98539025]}",123.0,2026-06-21T17:44:05,ARPAV,TREVISO
240,Vittorio Veneto,TARIA2M,Temperatura aria a 2m,°C,2026-06-21T17:00:00,34.8,45.98539025,12.30760378,300000260,"{""type"": ""Point"", ""coordinates"": [12.30760378, 45.98539025]}",123.0,2026-06-21T17:44:05,ARPAV,TREVISO
245,Quero,PREC,Precipitazione,mm,2026-06-21T16:00:00,0.0,45.9255196,11.93977502,300001121,"{""type"": ""Point"", ""coordinates"": [11.93977502, 45.9255196]}",252.0,2026-06-21T17:44:06,ARPAV,BELLUNO
245,Quero,UMID2M,Umidità relativa a 2m,%,2026-06-21T16:00:00,45.0,45.9255196,11.93977502,300001121,"{""type"": ""Point"", ""coordinates"": [11.93977502, 45.9255196]}",252.0,2026-06-21T17:44:06,ARPAV,BELLUNO
245,Quero,TARIA2M,Temperatura aria a 2m,°C,2026-06-21T17:00:00,32.1,45.9255196,11.93977502,300001121,"{""type"": ""Point"", ""coordinates"": [11.93977502, 45.9255196]}",252.0,2026-06-21T17:44:06,ARPAV,BELLUNO
246,Costalta,PREC,Precipitazione,mm,2026-06-21T16:00:00,0.0,46.57877599,12.57556615,300000262,"{""type"": ""Point"", ""coordinates"": [12.57556615, 46.57877599]}",1232.0,2026-06-21T17:44:06,ARPAV,BELLUNO
246,Costalta,TARIA2M,Temperatura aria a 2m,°C,2026-06-21T17:00:00,19.5,46.57877599,12.57556615,300000262,"{""type"": ""Point"", ""coordinates"": [12.57556615, 46.57877599]}",1232.0,2026-06-21T17:44:06,ARPAV,BELLUNO
247,Casamazzagno,PREC,Precipitazione,mm,2026-06-21T16:00:00,0.0,46.59389393,12.51561664,300000263,"{""type"": ""Point"", ""coordinates"": [12.51561664, 46.59389393]}",1342.0,2026-06-21T17:44:07,ARPAV,BELLUNO
247,Casamazzagno,UMID2M,Umidità relativa a 2m,%,2026-06-21T16:00:00,50.0,46.59389393,12.51561664,300000263,"{""type"": ""Point"", ""coordinates"": [12.51561664, 46.59389393]}",1342.0,2026-06-21T17:44:07,ARPAV,BELLUNO
247,Casamazzagno,TARIA2M,Temperatura aria a 2m,°C,2026-06-21T17:00:00,22.1,46.59389393,12.51561664,300000263,"{""type"": ""Point"", ""coordinates"": [12.51561664, 46.59389393]}",1342.0,2026-06-21T17:44:07,ARPAV,BELLUNO
248,Piana di Marcesina - Rendole,PREC,Precipitazione,mm,2026-06-21T16:00:00,3.2,45.94933182,11.61226574,300000264,"{""type"": ""Point"", ""coordinates"": [11.61226574, 45.94933182]}",1310.0,2026-06-21T17:44:07,ARPAV,VICENZA
248,Piana di Marcesina - Rendole,UMID2M,Umidità relativa a 2m,%,2026-06-21T16:00:00,49.0,45.94933182,11.61226574,300000264,"{""type"": ""Point"", ""coordinates"": [11.61226574, 45.94933182]}",1310.0,2026-06-21T17:44:07,ARPAV,VICENZA
248,Piana di Marcesina - Rendole,TARIA2M,Temperatura aria a 2m,°C,2026-06-21T17:00:00,24.6,45.94933182,11.61226574,300000264,"{""type"": ""Point"", ""coordinates"": [11.61226574, 45.94933182]}",1310.0,2026-06-21T17:44:07,ARPAV,VICENZA
251,Bosco Chiesanuova,PREC,Precipitazione,mm,2026-06-21T16:00:00,0.0,45.61935401,11.03859258,300000265,"{""type"": ""Point"", ""coordinates"": [11.03859258, 45.61935401]}",1051.0,2026-06-21T17:44:08,ARPAV,VERONA
251,Bosco Chiesanuova,UMID2M,Umidità relativa a 2m,%,2026-06-21T16:00:00,54.0,45.61935401,11.03859258,300000265,"{""type"": ""Point"", ""coordinates"": [11.03859258, 45.61935401]}",1051.0,2026-06-21T17:44:08,ARPAV,VERONA
251,Bosco Chiesanuova,TARIA2M,Temperatura aria a 2m,°C,2026-06-21T17:00:00,26.8,45.61935401,11.03859258,300000265,"{""type"": ""Point"", ""coordinates"": [11.03859258, 45.61935401]}",1051.0,2026-06-21T17:44:08,ARPAV,VERONA
252,Venezia - Istituto Cavanis,PREC,Precipitazione,mm,2026-06-21T16:00:00,0.0,45.42996715,12.32809643,300000154,"{""type"": ""Point"", ""coordinates"": [12.32809643, 45.42996715]}",18.0,2026-06-21T17:44:08,ARPAV,VENEZIA
252,Venezia - Istituto Cavanis,PRESS,Pressione atmosferica,hPa,2026-06-21T16:00:00,1021.2,45.42996715,12.32809643,300000154,"{""type"": ""Point"", ""coordinates"": [12.32809643, 45.42996715]}",18.0,2026-06-21T17:44:08,ARPAV,VENEZIA
252,Venezia - Istituto Cavanis,UMID2M,Umidità relativa a 2m,%,2026-06-21T16:00:00,48.0,45.42996715,12.32809643,300000154,"{""type"": ""Point"", ""coordinates"": [12.32809643, 45.42996715]}",18.0,2026-06-21T17:44:08,ARPAV,VENEZIA
252,Venezia - Istituto Cavanis,TARIA2M,Temperatura aria a 2m,°C,2026-06-21T17:00:00,33.7,45.42996715,12.32809643,300000154,"{""type"": ""Point"", ""coordinates"": [12.32809643, 45.42996715]}",18.0,2026-06-21T17:44:08,ARPAV,VENEZIA
253,Valeggio sul Mincio,PREC,Precipitazione,mm,2026-06-21T16:00:00,9.4,45.36036737,10.73179344,300001100,"{""type"": ""Point"", ""coordinates"": [10.73179344, 45.36036737]}",120.0,2026-06-21T17:44:09,ARPAV,VERONA
253,Valeggio sul Mincio,UMID2M,Umidità relativa a 2m,%,2026-06-21T16:00:00,49.0,45.36036737,10.73179344,300001100,"{""type"": ""Point"", ""coordinates"": [10.73179344, 45.36036737]}",120.0,2026-06-21T17:44:09,ARPAV,VERONA
253,Valeggio sul Mincio,TARIA2M,Temperatura aria a 2m,°C,2026-06-21T17:00:00,34.4,45.36036737,10.73179344,300001100,"{""type"": ""Point"", ""coordinates"": [10.73179344, 45.36036737]}",120.0,2026-06-21T17:44:09,ARPAV,VERONA
260,Colognola ai Colli,PREC,Precipitazione,mm,2026-06-21T16:00:00,0.0,45.42497835,11.22419922,300001360,"{""type"": ""Point"", ""coordinates"": [11.22419922, 45.42497835]}",34.0,2026-06-21T17:44:09,ARPAV,VERONA
260,Colognola ai Colli,UMID2M,Umidità relativa a 2m,%,2026-06-21T16:00:00,34.0,45.42497835,11.22419922,300001360,"{""type"": ""Point"", ""coordinates"": [11.22419922, 45.42497835]}",34.0,2026-06-21T17:44:09,ARPAV,VERONA
260,Colognola ai Colli,TARIA2M,Temperatura aria a 2m,°C,2026-06-21T17:00:00,35.6,45.42497835,11.22419922,300001360,"{""type"": ""Point"", ""coordinates"": [11.22419922, 45.42497835]}",34.0,2026-06-21T17:44:09,ARPAV,VERONA
262,Valpore (Seren del Grappa),PREC,Precipitazione,mm,2026-06-21T16:00:00,0.0,45.89728311,11.80606051,300001460,"{""type"": ""Point"", ""coordinates"": [11.80606051, 45.89728311]}",1271.0,2026-06-21T17:44:09,ARPAV,BELLUNO
262,Valpore (Seren del Grappa),TARIA2M,Temperatura aria a 2m,°C,2026-06-21T17:00:00,24.6,45.89728311,11.80606051,300001460,"{""type"": ""Point"", ""coordinates"": [11.80606051, 45.89728311]}",1271.0,2026-06-21T17:44:09,ARPAV,BELLUNO
264,Belluno - aeroporto,PREC,Precipitazione,mm,2026-06-21T16:00:00,0.0,46.16467858,12.24470834,300001500,"{""type"": ""Point"", ""coordinates"": [12.24470834, 46.16467858]}",379.0,2026-06-21T17:44:09,ARPAV,BELLUNO
264,Belluno - aeroporto,PRESS,Pressione atmosferica,hPa,2026-06-21T16:00:00,1021.1,46.16467858,12.24470834,300001500,"{""type"": ""Point"", ""coordinates"": [12.24470834, 46.16467858]}",379.0,2026-06-21T17:44:09,ARPAV,BELLUNO
264,Belluno - aeroporto,UMID2M,Umidità relativa a 2m,%,2026-06-21T16:00:00,43.0,46.16467858,12.24470834,300001500,"{""type"": ""Point"", ""coordinates"": [12.24470834, 46.16467858]}",379.0,2026-06-21T17:44:10,ARPAV,BELLUNO
264,Belluno - aeroporto,TARIA2M,Temperatura aria a 2m,°C,2026-06-21T17:00:00,31.5,46.16467858,12.24470834,300001500,"{""type"": ""Point"", ""coordinates"": [12.24470834, 46.16467858]}",379.0,2026-06-21T17:44:10,ARPAV,BELLUNO
265,Galzignano - Ca' Demia,PREC,Precipitazione,mm,2026-06-21T16:00:00,0.0,45.30014284,11.74268777,300001540,"{""type"": ""Point"", ""coordinates"": [11.74268777, 45.30014284]}",3.0,2026-06-21T17:44:10,ARPAV,PADOVA
265,Galzignano - Ca' Demia,UMID2M,Umidità relativa a 2m,%,2026-06-21T16:00:00,39.0,45.30014284,11.74268777,300001540,"{""type"": ""Point"", ""coordinates"": [11.74268777, 45.30014284]}",3.0,2026-06-21T17:44:10,ARPAV,PADOVA
265,Galzignano - Ca' Demia,TARIA2M,Temperatura aria a 2m,°C,2026-06-21T17:00:00,36.2,45.30014284,11.74268777,300001540,"{""type"": ""Point"", ""coordinates"": [11.74268777, 45.30014284]}",3.0,2026-06-21T17:44:10,ARPAV,PADOVA
266,Santa Giustina Bellunese,PREC,Precipitazione,mm,2026-06-21T16:00:00,1.0,46.07841194,12.07247911,300001580,"{""type"": ""Point"", ""coordinates"": [12.07247911, 46.07841194]}",278.0,2026-06-21T17:44:11,ARPAV,BELLUNO
266,Santa Giustina Bellunese,UMID2M,Umidità relativa a 2m,%,2026-06-21T16:00:00,57.0,46.07841194,12.07247911,300001580,"{""type"": ""Point"", ""coordinates"": [12.07247911, 46.07841194]}",278.0,2026-06-21T17:44:11,ARPAV,BELLUNO
266,Santa Giustina Bellunese,TARIA2M,Temperatura aria a 2m,°C,2026-06-21T17:00:00,33.4,46.07841194,12.07247911,300001580,"{""type"": ""Point"", ""coordinates"": [12.07247911, 46.07841194]}",278.0,2026-06-21T17:44:11,ARPAV,BELLUNO
268,Sella Ciampigotto,PREC,Precipitazione,mm,2026-06-21T16:00:00,0.0,46.48692303,12.58466111,300001620,"{""type"": ""Point"", ""coordinates"": [12.58466111, 46.48692303]}",1783.0,2026-06-21T17:44:11,ARPAV,BELLUNO
268,Sella Ciampigotto,UMID2M,Umidità relativa a 2m,%,2026-06-21T16:00:00,54.0,46.48692303,12.58466111,300001620,"{""type"": ""Point"", ""coordinates"": [12.58466111, 46.48692303]}",1783.0,2026-06-21T17:44:11,ARPAV,BELLUNO
268,Sella Ciampigotto,TARIA2M,Temperatura aria a 2m,°C,2026-06-21T17:00:00,14.0,46.48692303,12.58466111,300001620,"{""type"": ""Point"", ""coordinates"": [12.58466111, 46.48692303]}",1783.0,2026-06-21T17:44:11,ARPAV,BELLUNO
278,Agno a Recoaro Terme,PREC,Precipitazione,mm,2026-06-21T16:00:00,0.0,45.70199328,11.21470019,300001701,"{""type"": ""Point"", ""coordinates"": [11.21470019, 45.70199328]}",471.0,2026-06-21T17:44:12,ARPAV,VICENZA
278,Agno a Recoaro Terme,TARIA2M,Temperatura aria a 2m,°C,2026-06-21T17:00:00,25.8,45.70199328,11.21470019,300001701,"{""type"": ""Point"", ""coordinates"": [11.21470019, 45.70199328]}",471.0,2026-06-21T17:44:12,ARPAV,VICENZA
292,Muson dei Sassi a Castelfranco Veneto,PREC,Precipitazione,mm,2026-06-21T16:00:00,0.0,45.66983651,11.92027581,300001731,"{""type"": ""Point"", ""coordinates"": [11.92027581, 45.66983651]}",42.0,2026-06-21T17:44:13,ARPAV,TREVISO
295,Gua' a Cologna Veneta,PREC,Precipitazione,mm,2026-06-21T16:00:00,0.0,45.31652621,11.38324121,300001734,"{""type"": ""Point"", ""coordinates"": [11.38324121, 45.31652621]}",21.0,2026-06-21T17:44:13,ARPAV,VERONA
295,Gua' a Cologna Veneta,TARIA2M,Temperatura aria a 2m,°C,2026-06-21T17:00:00,34.3,45.31652621,11.38324121,300001734,"{""type"": ""Point"", ""coordinates"": [11.38324121, 45.31652621]}",21.0,2026-06-21T17:44:14,ARPAV,VERONA
298,Monticano a Fontanelle,PREC,Precipitazione,mm,2026-06-21T16:00:00,0.0,45.83694613,12.43991791,300001737,"{""type"": ""Point"", ""coordinates"": [12.43991791, 45.83694613]}",18.0,2026-06-21T17:44:14,ARPAV,TREVISO
299,Monticano a Gorgo al Monticano,PREC,Precipitazione,mm,2026-06-21T16:00:00,0.0,45.78572084,12.53899329,300001738,"{""type"": ""Point"", ""coordinates"": [12.53899329, 45.78572084]}",5.0,2026-06-21T17:44:14,ARPAV,TREVISO
299,Monticano a Gorgo al Monticano,UMID2M,Umidità relativa a 2m,%,2026-06-21T16:00:00,47.0,45.78572084,12.53899329,300001738,"{""type"": ""Point"", ""coordinates"": [12.53899329, 45.78572084]}",5.0,2026-06-21T17:44:14,ARPAV,TREVISO
299,Monticano a Gorgo al Monticano,TARIA2M,Temperatura aria a 2m,°C,2026-06-21T17:00:00,34.8,45.78572084,12.53899329,300001738,"{""type"": ""Point"", ""coordinates"": [12.53899329, 45.78572084]}",5.0,2026-06-21T17:44:14,ARPAV,TREVISO
305,Astico a Lugo di Vicenza,PREC,Precipitazione,mm,2026-06-21T16:00:00,0.0,45.74036652,11.52328382,300001744,"{""type"": ""Point"", ""coordinates"": [11.52328382, 45.74036652]}",143.0,2026-06-21T17:44:15,ARPAV,VICENZA
315,Agno a Ponte Brogliano,PREC,Precipitazione,mm,2026-06-21T16:00:00,0.0,45.59010662,11.3697627,300001768,"{""type"": ""Point"", ""coordinates"": [11.3697627, 45.59010662]}",155.0,2026-06-21T17:44:16,ARPAV,VICENZA
315,Agno a Ponte Brogliano,TARIA2M,Temperatura aria a 2m,°C,2026-06-21T17:00:00,33.0,45.59010662,11.3697627,300001768,"{""type"": ""Point"", ""coordinates"": [11.3697627, 45.59010662]}",155.0,2026-06-21T17:44:16,ARPAV,VICENZA
317,Gua' a Ponte Gua',PREC,Precipitazione,mm,2026-06-21T16:00:00,0.0,45.4921808,11.39176197,300001770,"{""type"": ""Point"", ""coordinates"": [11.39176197, 45.4921808]}",71.0,2026-06-21T17:44:16,ARPAV,VICENZA
317,Gua' a Ponte Gua',TARIA2M,Temperatura aria a 2m,°C,2026-06-21T17:00:00,34.0,45.4921808,11.39176197,300001770,"{""type"": ""Point"", ""coordinates"": [11.39176197, 45.4921808]}",71.0,2026-06-21T17:44:16,ARPAV,VICENZA
321,Retrone a Vicenza S.Agostino,PREC,Precipitazione,mm,2026-06-21T16:00:00,0.0,45.52548627,11.52144451,300001774,"{""type"": ""Point"", ""coordinates"": [11.52144451, 45.52548627]}",28.0,2026-06-21T17:44:17,ARPAV,VICENZA
321,Retrone a Vicenza S.Agostino,TARIA2M,Temperatura aria a 2m,°C,2026-06-21T17:00:00,33.0,45.52548627,11.52144451,300001774,"{""type"": ""Point"", ""coordinates"": [11.52144451, 45.52548627]}",28.0,2026-06-21T17:44:17,ARPAV,VICENZA
334,Bacchiglione a Padova Voltabarozzo,PREC,Precipitazione,mm,2026-06-21T16:00:00,0.0,45.38613829,11.9056263,300001788,"{""type"": ""Point"", ""coordinates"": [11.9056263, 45.38613829]}",11.0,2026-06-21T17:44:18,ARPAV,PADOVA
345,Gallio,PREC,Precipitazione,mm,2026-06-21T16:00:00,3.0,45.88022083,11.55281023,300001800,"{""type"": ""Point"", ""coordinates"": [11.55281023, 45.88022083]}",1176.0,2026-06-21T17:44:18,ARPAV,VICENZA
345,Gallio,UMID2M,Umidità relativa a 2m,%,2026-06-21T16:00:00,52.0,45.88022083,11.55281023,300001800,"{""type"": ""Point"", ""coordinates"": [11.55281023, 45.88022083]}",1176.0,2026-06-21T17:44:18,ARPAV,VICENZA
345,Gallio,TARIA2M,Temperatura aria a 2m,°C,2026-06-21T17:00:00,26.0,45.88022083,11.55281023,300001800,"{""type"": ""Point"", ""coordinates"": [11.55281023, 45.88022083]}",1176.0,2026-06-21T17:44:18,ARPAV,VICENZA
346,La Secca,PREC,Precipitazione,mm,2026-06-21T16:00:00,0.0,46.12987309,12.31830088,300001801,"{""type"": ""Point"", ""coordinates"": [12.31830088, 46.12987309]}",386.0,2026-06-21T17:44:18,ARPAV,BELLUNO
346,La Secca,UMID2M,Umidità relativa a 2m,%,2026-06-21T16:00:00,59.0,46.12987309,12.31830088,300001801,"{""type"": ""Point"", ""coordinates"": [12.31830088, 46.12987309]}",386.0,2026-06-21T17:44:19,ARPAV,BELLUNO
346,La Secca,TARIA2M,Temperatura aria a 2m,°C,2026-06-21T17:00:00,30.2,46.12987309,12.31830088,300001801,"{""type"": ""Point"", ""coordinates"": [12.31830088, 46.12987309]}",386.0,2026-06-21T17:44:19,ARPAV,BELLUNO
347,Passo Falzarego nivo (Q1988),PREC,Precipitazione,mm,2026-06-21T16:00:00,1.2,46.52016977,12.02802485,300001802,"{""type"": ""Point"", ""coordinates"": [12.02802485, 46.52016977]}",1988.0,2026-06-21T17:44:19,ARPAV,BELLUNO
347,Passo Falzarego nivo (Q1988),PRESS,Pressione atmosferica,hPa,2026-06-21T16:00:00,1018.9,46.52016977,12.02802485,300001802,"{""type"": ""Point"", ""coordinates"": [12.02802485, 46.52016977]}",1988.0,2026-06-21T17:44:19,ARPAV,BELLUNO
347,Passo Falzarego nivo (Q1988),UMID8M,Umidità relativa a 8m,%,2026-06-21T16:00:00,38.0,46.52016977,12.02802485,300001802,"{""type"": ""Point"", ""coordinates"": [12.02802485, 46.52016977]}",1988.0,2026-06-21T17:44:19,ARPAV,BELLUNO
347,Passo Falzarego nivo (Q1988),TARIA8M,Temperatura aria a 8m,°C,2026-06-21T17:00:00,20.0,46.52016977,12.02802485,300001802,"{""type"": ""Point"", ""coordinates"": [12.02802485, 46.52016977]}",1988.0,2026-06-21T17:44:19,ARPAV,BELLUNO
348,Roncadin (Chies d'Alpago),PREC,Precipitazione,mm,2026-06-21T16:00:00,0.0,46.19073266,12.40789032,300001803,"{""type"": ""Point"", ""coordinates"": [12.40789032, 46.19073266]}",1160.0,2026-06-21T17:44:19,ARPAV,BELLUNO
350,Valstagna,PREC,Precipitazione,mm,2026-06-21T16:00:00,1.2,45.86245484,11.65923289,300001805,"{""type"": ""Point"", ""coordinates"": [11.65923289, 45.86245484]}",148.0,2026-06-21T17:44:19,ARPAV,VICENZA
351,Solagna Villaggio del sole,PREC,Precipitazione,mm,2026-06-21T16:00:00,0.2,45.84011076,11.72922641,300001806,"{""type"": ""Point"", ""coordinates"": [11.72922641, 45.84011076]}",1154.0,2026-06-21T17:44:19,ARPAV,VICENZA
351,Solagna Villaggio del sole,TARIA2M,Temperatura aria a 2m,°C,2026-06-21T17:00:00,26.1,45.84011076,11.72922641,300001806,"{""type"": ""Point"", ""coordinates"": [11.72922641, 45.84011076]}",1154.0,2026-06-21T17:44:19,ARPAV,VICENZA
382,Monti Alti di Ornella,UMID8M,Umidità relativa a 8m,%,2026-06-21T16:00:00,44.0,46.47569444,11.88627778,300001960,"{""type"": ""Point"", ""coordinates"": [11.88627778, 46.47569444]}",2227.0,2026-06-21T17:44:20,ARPAV,BELLUNO
382,Monti Alti di Ornella,TARIA8M,Temperatura aria a 8m,°C,2026-06-21T17:00:00,17.4,46.47569444,11.88627778,300001960,"{""type"": ""Point"", ""coordinates"": [11.88627778, 46.47569444]}",2227.0,2026-06-21T17:44:20,ARPAV,BELLUNO
383,Cima Pradazzo,UMID8M,Umidità relativa a 8m,%,2026-06-21T16:00:00,56.0,46.3559,11.82266667,300001961,"{""type"": ""Point"", ""coordinates"": [11.82266667, 46.3559]}",2195.0,2026-06-21T17:44:20,ARPAV,BELLUNO
383,Cima Pradazzo,TARIA8M,Temperatura aria a 8m,°C,2026-06-21T17:00:00,16.6,46.3559,11.82266667,300001961,"{""type"": ""Point"", ""coordinates"": [11.82266667, 46.3559]}",2195.0,2026-06-21T17:44:20,ARPAV,BELLUNO
384,Col dei Baldi,PRESS,Pressione atmosferica,hPa,2026-06-21T16:00:00,1020.0,46.41521667,12.07313333,300001962,"{""type"": ""Point"", ""coordinates"": [12.07313333, 46.41521667]}",1913.0,2026-06-21T17:44:20,ARPAV,BELLUNO
384,Col dei Baldi,UMID8M,Umidità relativa a 8m,%,2026-06-21T16:00:00,52.0,46.41521667,12.07313333,300001962,"{""type"": ""Point"", ""coordinates"": [12.07313333, 46.41521667]}",1913.0,2026-06-21T17:44:20,ARPAV,BELLUNO
384,Col dei Baldi,TARIA8M,Temperatura aria a 8m,°C,2026-06-21T17:00:00,19.9,46.41521667,12.07313333,300001962,"{""type"": ""Point"", ""coordinates"": [12.07313333, 46.41521667]}",1913.0,2026-06-21T17:44:20,ARPAV,BELLUNO
385,Ra Valles,UMID8M,Umidità relativa a 8m,%,2026-06-21T16:00:00,51.0,46.54916889,12.07691963,300001963,"{""type"": ""Point"", ""coordinates"": [12.07691963, 46.54916889]}",2592.0,2026-06-21T17:44:21,ARPAV,BELLUNO
385,Ra Valles,TARIA8M,Temperatura aria a 8m,°C,2026-06-21T17:00:00,14.0,46.54916889,12.07691963,300001963,"{""type"": ""Point"", ""coordinates"": [12.07691963, 46.54916889]}",2592.0,2026-06-21T17:44:21,ARPAV,BELLUNO
386,Monte Lisser,PRESS,Pressione atmosferica,hPa,2026-06-21T16:00:00,1019.5,45.95425001,11.65097222,300001964,"{""type"": ""Point"", ""coordinates"": [11.65097222, 45.95425001]}",1422.0,2026-06-21T17:44:21,ARPAV,VICENZA
386,Monte Lisser,UMID8M,Umidità relativa a 8m,%,2026-06-21T16:00:00,50.0,45.95425001,11.65097222,300001964,"{""type"": ""Point"", ""coordinates"": [11.65097222, 45.95425001]}",1422.0,2026-06-21T17:44:21,ARPAV,VICENZA
386,Monte Lisser,TARIA8M,Temperatura aria a 8m,°C,2026-06-21T17:00:00,22.7,45.95425001,11.65097222,300001964,"{""type"": ""Point"", ""coordinates"": [11.65097222, 45.95425001]}",1422.0,2026-06-21T17:44:21,ARPAV,VICENZA
387,Monte Baldo,PRESS,Pressione atmosferica,hPa,2026-06-21T16:00:00,1017.0,45.77313889,10.86569445,300001965,"{""type"": ""Point"", ""coordinates"": [10.86569445, 45.77313889]}",1756.0,2026-06-21T17:44:21,ARPAV,VERONA
387,Monte Baldo,UMID8M,Umidità relativa a 8m,%,2026-06-21T16:00:00,58.0,45.77313889,10.86569445,300001965,"{""type"": ""Point"", ""coordinates"": [10.86569445, 45.77313889]}",1756.0,2026-06-21T17:44:22,ARPAV,VERONA
387,Monte Baldo,TARIA8M,Temperatura aria a 8m,°C,2026-06-21T17:00:00,18.5,45.77313889,10.86569445,300001965,"{""type"": ""Point"", ""coordinates"": [10.86569445, 45.77313889]}",1756.0,2026-06-21T17:44:22,ARPAV,VERONA
388,Faverghera,UMID8M,Umidità relativa a 8m,%,2026-06-21T16:00:00,65.0,46.07508334,12.30125,300001966,"{""type"": ""Point"", ""coordinates"": [12.30125, 46.07508334]}",1603.0,2026-06-21T17:44:22,ARPAV,BELLUNO
388,Faverghera,TARIA8M,Temperatura aria a 8m,°C,2026-06-21T17:00:00,21.0,46.07508334,12.30125,300001966,"{""type"": ""Point"", ""coordinates"": [12.30125, 46.07508334]}",1603.0,2026-06-21T17:44:22,ARPAV,BELLUNO
389,Casera Doana,UMID8M,Umidità relativa a 8m,%,2026-06-21T16:00:00,55.0,46.48119445,12.54097222,300001967,"{""type"": ""Point"", ""coordinates"": [12.54097222, 46.48119445]}",1887.0,2026-06-21T17:44:22,ARPAV,BELLUNO
389,Casera Doana,TARIA8M,Temperatura aria a 8m,°C,2026-06-21T17:00:00,17.8,46.48119445,12.54097222,300001967,"{""type"": ""Point"", ""coordinates"": [12.54097222, 46.48119445]}",1887.0,2026-06-21T17:44:22,ARPAV,BELLUNO
390,Malga Losch,UMID8M,Umidità relativa a 8m,%,2026-06-21T16:00:00,60.0,46.26238889,11.95947222,300001968,"{""type"": ""Point"", ""coordinates"": [11.95947222, 46.26238889]}",1757.0,2026-06-21T17:44:22,ARPAV,BELLUNO
390,Malga Losch,TARIA8M,Temperatura aria a 8m,°C,2026-06-21T17:00:00,19.6,46.26238889,11.95947222,300001968,"{""type"": ""Point"", ""coordinates"": [11.95947222, 46.26238889]}",1757.0,2026-06-21T17:44:22,ARPAV,BELLUNO
391,Monte Grappa,PRESS,Pressione atmosferica,hPa,2026-06-21T16:00:00,1018.6,45.86939886,11.78246745,300001969,"{""type"": ""Point"", ""coordinates"": [11.78246745, 45.86939886]}",1540.0,2026-06-21T17:44:23,ARPAV,VICENZA
391,Monte Grappa,UMID8M,Umidità relativa a 8m,%,2026-06-21T16:00:00,62.0,45.86939886,11.78246745,300001969,"{""type"": ""Point"", ""coordinates"": [11.78246745, 45.86939886]}",1540.0,2026-06-21T17:44:23,ARPAV,VICENZA
391,Monte Grappa,TARIA8M,Temperatura aria a 8m,°C,2026-06-21T17:00:00,21.6,45.86939886,11.78246745,300001969,"{""type"": ""Point"", ""coordinates"": [11.78246745, 45.86939886]}",1540.0,2026-06-21T17:44:23,ARPAV,VICENZA
392,Monte Tomba,UMID8M,Umidità relativa a 8m,%,2026-06-21T16:00:00,53.0,45.68341666,11.06888889,300001970,"{""type"": ""Point"", ""coordinates"": [11.06888889, 45.68341666]}",1624.0,2026-06-21T17:44:23,ARPAV,VERONA
392,Monte Tomba,TARIA8M,Temperatura aria a 8m,°C,2026-06-21T17:00:00,20.9,45.68341666,11.06888889,300001970,"{""type"": ""Point"", ""coordinates"": [11.06888889, 45.68341666]}",1624.0,2026-06-21T17:44:23,ARPAV,VERONA
393,Passo Campogrosso,UMID8M,Umidità relativa a 8m,%,2026-06-21T16:00:00,51.0,45.7285,11.16838889,300001971,"{""type"": ""Point"", ""coordinates"": [11.16838889, 45.7285]}",1462.0,2026-06-21T17:44:23,ARPAV,VICENZA
393,Passo Campogrosso,TARIA8M,Temperatura aria a 8m,°C,2026-06-21T17:00:00,21.5,45.7285,11.16838889,300001971,"{""type"": ""Point"", ""coordinates"": [11.16838889, 45.7285]}",1462.0,2026-06-21T17:44:23,ARPAV,VICENZA
394,Monte Piana,TARIA8M,Temperatura aria a 8m,°C,2026-06-21T17:00:00,17.0,46.61342241,12.25026321,300001972,"{""type"": ""Point"", ""coordinates"": [12.25026321, 46.61342241]}",2262.0,2026-06-21T17:44:24,ARPAV,BELLUNO
395,Casera Coltrondo,UMID8M,Umidità relativa a 8m,%,2026-06-21T16:00:00,44.0,46.66519444,12.44352778,300001980,"{""type"": ""Point"", ""coordinates"": [12.44352778, 46.66519444]}",1929.0,2026-06-21T17:44:24,ARPAV,BELLUNO
395,Casera Coltrondo,TARIA8M,Temperatura aria a 8m,°C,2026-06-21T17:00:00,19.1,46.66519444,12.44352778,300001980,"{""type"": ""Point"", ""coordinates"": [12.44352778, 46.66519444]}",1929.0,2026-06-21T17:44:24,ARPAV,BELLUNO
396,Campomolon,TARIA8M,Temperatura aria a 8m,°C,2026-06-21T17:00:00,20.7,45.87316667,11.27291666,300001981,"{""type"": ""Point"", ""coordinates"": [11.27291666, 45.87316667]}",1732.0,2026-06-21T17:44:24,ARPAV,VICENZA
397,Casera Palantina,UMID8M,Umidità relativa a 8m,%,2026-06-21T16:00:00,61.0,46.11894444,12.47588889,300001982,"{""type"": ""Point"", ""coordinates"": [12.47588889, 46.11894444]}",1492.0,2026-06-21T17:44:25,ARPAV,BELLUNO
397,Casera Palantina,TARIA8M,Temperatura aria a 8m,°C,2026-06-21T17:00:00,23.1,46.11894444,12.47588889,300001982,"{""type"": ""Point"", ""coordinates"": [12.47588889, 46.11894444]}",1492.0,2026-06-21T17:44:25,ARPAV,BELLUNO
398,Malga Larici,UMID8M,Umidità relativa a 8m,%,2026-06-21T16:00:00,53.0,45.96361667,11.4193,300001983,"{""type"": ""Point"", ""coordinates"": [11.4193, 45.96361667]}",1606.0,2026-06-21T17:44:25,ARPAV,VICENZA
398,Malga Larici,TARIA8M,Temperatura aria a 8m,°C,2026-06-21T17:00:00,22.5,45.96361667,11.4193,300001983,"{""type"": ""Point"", ""coordinates"": [11.4193, 45.96361667]}",1606.0,2026-06-21T17:44:25,ARPAV,VICENZA
402,Biois a Cencenighe,PREC,Precipitazione,mm,2026-06-21T16:00:00,2.4,46.35236803,11.96646096,300002040,"{""type"": ""Point"", ""coordinates"": [11.96646096, 46.35236803]}",770.0,2026-06-21T17:44:26,ARPAV,BELLUNO
402,Biois a Cencenighe,TARIA2M,Temperatura aria a 2m,°C,2026-06-21T17:00:00,23.5,46.35236803,11.96646096,300002040,"{""type"": ""Point"", ""coordinates"": [11.96646096, 46.35236803]}",770.0,2026-06-21T17:44:26,ARPAV,BELLUNO
404,Astico a Pedescala,PREC,Precipitazione,mm,2026-06-21T16:00:00,0.8,45.84468696,11.36725287,300002042,"{""type"": ""Point"", ""coordinates"": [11.36725287, 45.84468696]}",307.0,2026-06-21T17:44:26,ARPAV,VICENZA
404,Astico a Pedescala,UMID2M,Umidità relativa a 2m,%,2026-06-21T16:00:00,63.0,45.84468696,11.36725287,300002042,"{""type"": ""Point"", ""coordinates"": [11.36725287, 45.84468696]}",307.0,2026-06-21T17:44:26,ARPAV,VICENZA
404,Astico a Pedescala,TARIA2M,Temperatura aria a 2m,°C,2026-06-21T17:00:00,25.6,45.84468696,11.36725287,300002042,"{""type"": ""Point"", ""coordinates"": [11.36725287, 45.84468696]}",307.0,2026-06-21T17:44:26,ARPAV,VICENZA
409,Chiampo,PREC,Precipitazione,mm,2026-06-21T16:00:00,0.0,45.53646508,11.29382418,300002120,"{""type"": ""Point"", ""coordinates"": [11.29382418, 45.53646508]}",151.0,2026-06-21T17:44:26,ARPAV,VICENZA
409,Chiampo,UMID2M,Umidità relativa a 2m,%,2026-06-21T16:00:00,27.0,45.53646508,11.29382418,300002120,"{""type"": ""Point"", ""coordinates"": [11.29382418, 45.53646508]}",151.0,2026-06-21T17:44:27,ARPAV,VICENZA
409,Chiampo,TARIA2M,Temperatura aria a 2m,°C,2026-06-21T17:00:00,33.7,45.53646508,11.29382418,300002120,"{""type"": ""Point"", ""coordinates"": [11.29382418, 45.53646508]}",151.0,2026-06-21T17:44:27,ARPAV,VICENZA
425,Bibione,PREC,Precipitazione,mm,2026-06-21T16:00:00,0.0,45.64137219,13.07746832,300002200,"{""type"": ""Point"", ""coordinates"": [13.07746832, 45.64137219]}",0.0,2026-06-21T17:44:27,ARPAV,VENEZIA
425,Bibione,UMID2M,Umidità relativa a 2m,%,2026-06-21T16:00:00,52.0,45.64137219,13.07746832,300002200,"{""type"": ""Point"", ""coordinates"": [13.07746832, 45.64137219]}",0.0,2026-06-21T17:44:27,ARPAV,VENEZIA
425,Bibione,TARIA2M,Temperatura aria a 2m,°C,2026-06-21T17:00:00,32.2,45.64137219,13.07746832,300002200,"{""type"": ""Point"", ""coordinates"": [13.07746832, 45.64137219]}",0.0,2026-06-21T17:44:27,ARPAV,VENEZIA
451,Vicenza - Sant'Agostino,PREC,Precipitazione,mm,2026-06-21T16:00:00,0.0,45.52434984,11.52039317,300002360,"{""type"": ""Point"", ""coordinates"": [11.52039317, 45.52434984]}",29.0,2026-06-21T17:44:28,ARPAV,VICENZA
451,Vicenza - Sant'Agostino,UMID2M,Umidità relativa a 2m,%,2026-06-21T16:00:00,39.0,45.52434984,11.52039317,300002360,"{""type"": ""Point"", ""coordinates"": [11.52039317, 45.52434984]}",29.0,2026-06-21T17:44:28,ARPAV,VICENZA
451,Vicenza - Sant'Agostino,TARIA2M,Temperatura aria a 2m,°C,2026-06-21T17:00:00,33.6,45.52434984,11.52039317,300002360,"{""type"": ""Point"", ""coordinates"": [11.52039317, 45.52434984]}",29.0,2026-06-21T17:44:28,ARPAV,VICENZA
454,Favaro Veneto,PREC,Precipitazione,mm,2026-06-21T16:00:00,0.0,45.51730828,12.2784802,300002420,"{""type"": ""Point"", ""coordinates"": [12.2784802, 45.51730828]}",2.0,2026-06-21T17:44:28,ARPAV,VENEZIA
454,Favaro Veneto,UMID2M,Umidità relativa a 2m,%,2026-06-21T16:00:00,43.0,45.51730828,12.2784802,300002420,"{""type"": ""Point"", ""coordinates"": [12.2784802, 45.51730828]}",2.0,2026-06-21T17:44:28,ARPAV,VENEZIA
454,Favaro Veneto,TARIA2M,Temperatura aria a 2m,°C,2026-06-21T17:00:00,34.1,45.51730828,12.2784802,300002420,"{""type"": ""Point"", ""coordinates"": [12.2784802, 45.51730828]}",2.0,2026-06-21T17:44:28,ARPAV,VENEZIA
464,Nogarolo di Tarzo,PREC,Precipitazione,mm,2026-06-21T16:00:00,0.0,45.98658333,12.24608334,300002560,"{""type"": ""Point"", ""coordinates"": [12.24608334, 45.98658333]}",329.0,2026-06-21T17:44:29,ARPAV,TREVISO
464,Nogarolo di Tarzo,TARIA2M,Temperatura aria a 2m,°C,2026-06-21T17:00:00,33.2,45.98658333,12.24608334,300002560,"{""type"": ""Point"", ""coordinates"": [12.24608334, 45.98658333]}",329.0,2026-06-21T17:44:29,ARPAV,TREVISO
501,Dolina Campoluzzo (Monte Lozze),UMID2M,Umidità relativa a 2m,%,2026-06-21T16:00:00,60.0,45.99327673,11.51869973,300002710,"{""type"": ""Point"", ""coordinates"": [11.51869973, 45.99327673]}",1768.0,2026-06-21T17:44:29,ARPAV,VICENZA
501,Dolina Campoluzzo (Monte Lozze),TARIA2M,Temperatura aria a 2m,°C,2026-06-21T17:00:00,21.5,45.99327673,11.51869973,300002710,"{""type"": ""Point"", ""coordinates"": [11.51869973, 45.99327673]}",1768.0,2026-06-21T17:44:29,ARPAV,VICENZA
505,Ponte Rio Cordon (Selva di Cadore),PREC,Precipitazione,mm,2026-06-21T16:00:00,1.0,46.45098415,12.09595652,300002720,"{""type"": ""Point"", ""coordinates"": [12.09595652, 46.45098415]}",1764.0,2026-06-21T17:44:29,ARPAV,BELLUNO
505,Ponte Rio Cordon (Selva di Cadore),TARIA2M,Temperatura aria a 2m,°C,2026-06-21T17:00:00,17.8,46.45098415,12.09595652,300002720,"{""type"": ""Point"", ""coordinates"": [12.09595652, 46.45098415]}",1764.0,2026-06-21T17:44:29,ARPAV,BELLUNO
510,Caprino Veronese - Platano,PREC,Precipitazione,mm,2026-06-21T16:00:00,0.0,45.60804812,10.81463468,300002820,"{""type"": ""Point"", ""coordinates"": [10.81463468, 45.60804812]}",275.0,2026-06-21T17:44:29,ARPAV,VERONA
510,Caprino Veronese - Platano,UMID2M,Umidità relativa a 2m,%,2026-06-21T16:00:00,43.0,45.60804812,10.81463468,300002820,"{""type"": ""Point"", ""coordinates"": [10.81463468, 45.60804812]}",275.0,2026-06-21T17:44:30,ARPAV,VERONA
510,Caprino Veronese - Platano,TARIA2M,Temperatura aria a 2m,°C,2026-06-21T17:00:00,29.4,45.60804812,10.81463468,300002820,"{""type"": ""Point"", ""coordinates"": [10.81463468, 45.60804812]}",275.0,2026-06-21T17:44:30,ARPAV,VERONA
551,Sant'Elena,PREC,Precipitazione,mm,2026-06-21T16:00:00,0.0,45.196595,11.69453713,300003280,"{""type"": ""Point"", ""coordinates"": [11.69453713, 45.196595]}",8.0,2026-06-21T17:44:30,ARPAV,PADOVA
551,Sant'Elena,UMID2M,Umidità relativa a 2m,%,2026-06-21T16:00:00,33.0,45.196595,11.69453713,300003280,"{""type"": ""Point"", ""coordinates"": [11.69453713, 45.196595]}",8.0,2026-06-21T17:44:30,ARPAV,PADOVA
551,Sant'Elena,TARIA2M,Temperatura aria a 2m,°C,2026-06-21T17:00:00,36.1,45.196595,11.69453713,300003280,"{""type"": ""Point"", ""coordinates"": [11.69453713, 45.196595]}",8.0,2026-06-21T17:44:30,ARPAV,PADOVA
554,Muson dei Sassi ad Asolo,PREC,Precipitazione,mm,2026-06-21T16:00:00,0.0,45.78576616,11.89466078,300003340,"{""type"": ""Point"", ""coordinates"": [11.89466078, 45.78576616]}",94.0,2026-06-21T17:44:31,ARPAV,TREVISO
568,Rovina di Cancia (Q2267),PREC,Precipitazione,mm,2026-06-21T16:00:00,0.2,46.44743181,12.2504163,300003900,"{""type"": ""Point"", ""coordinates"": [12.2504163, 46.44743181]}",2267.0,2026-06-21T17:44:31,ARPAV,BELLUNO
569,Rovina di Cancia (Q1690),PREC,Precipitazione,mm,2026-06-21T16:00:00,0.0,46.44219886,12.24555485,300003901,"{""type"": ""Point"", ""coordinates"": [12.24555485, 46.44219886]}",1690.0,2026-06-21T17:44:31,ARPAV,BELLUNO
572,Ospedaletto Euganeo,PREC,Precipitazione,mm,2026-06-21T16:00:00,0.0,45.2345589,11.60648596,300003980,"{""type"": ""Point"", ""coordinates"": [11.60648596, 45.2345589]}",9.0,2026-06-21T17:44:32,ARPAV,PADOVA
572,Ospedaletto Euganeo,UMID2M,Umidità relativa a 2m,%,2026-06-21T16:00:00,35.0,45.2345589,11.60648596,300003980,"{""type"": ""Point"", ""coordinates"": [11.60648596, 45.2345589]}",9.0,2026-06-21T17:44:32,ARPAV,PADOVA
572,Ospedaletto Euganeo,TARIA2M,Temperatura aria a 2m,°C,2026-06-21T17:00:00,35.0,45.2345589,11.60648596,300003980,"{""type"": ""Point"", ""coordinates"": [11.60648596, 45.2345589]}",9.0,2026-06-21T17:44:32,ARPAV,PADOVA
574,Follina,PREC,Precipitazione,mm,2026-06-21T16:00:00,0.2,45.96032669,12.12185345,300004060,"{""type"": ""Point"", ""coordinates"": [12.12185345, 45.96032669]}",208.0,2026-06-21T17:44:32,ARPAV,TREVISO
574,Follina,UMID2M,Umidità relativa a 2m,%,2026-06-21T16:00:00,64.0,45.96032669,12.12185345,300004060,"{""type"": ""Point"", ""coordinates"": [12.12185345, 45.96032669]}",208.0,2026-06-21T17:44:32,ARPAV,TREVISO
574,Follina,TARIA2M,Temperatura aria a 2m,°C,2026-06-21T17:00:00,27.4,45.96032669,12.12185345,300004060,"{""type"": ""Point"", ""coordinates"": [12.12185345, 45.96032669]}",208.0,2026-06-21T17:44:32,ARPAV,TREVISO
575,Rio Chiesa Alto (Livinallongo),PREC,Precipitazione,mm,2026-06-21T16:00:00,1.6,46.48945123,11.96341809,300004080,"{""type"": ""Point"", ""coordinates"": [11.96341809, 46.48945123]}",2125.0,2026-06-21T17:44:32,ARPAV,BELLUNO
577,Breda di Piave - Via Bovon,PREC,Precipitazione,mm,2026-06-21T16:00:00,0.0,45.7232319,12.37967204,300004120,"{""type"": ""Point"", ""coordinates"": [12.37967204, 45.7232319]}",17.0,2026-06-21T17:44:32,ARPAV,TREVISO
577,Breda di Piave - Via Bovon,UMID2M,Umidità relativa a 2m,%,2026-06-21T16:00:00,40.0,45.7232319,12.37967204,300004120,"{""type"": ""Point"", ""coordinates"": [12.37967204, 45.7232319]}",17.0,2026-06-21T17:44:33,ARPAV,TREVISO
577,Breda di Piave - Via Bovon,TARIA2M,Temperatura aria a 2m,°C,2026-06-21T17:00:00,34.5,45.7232319,12.37967204,300004120,"{""type"": ""Point"", ""coordinates"": [12.37967204, 45.7232319]}",17.0,2026-06-21T17:44:33,ARPAV,TREVISO
600,Grumolo delle Abbadesse,PREC,Precipitazione,mm,2026-06-21T16:00:00,0.0,45.51669272,11.65407532,300004460,"{""type"": ""Point"", ""coordinates"": [11.65407532, 45.51669272]}",26.0,2026-06-21T17:44:33,ARPAV,VICENZA
600,Grumolo delle Abbadesse,UMID2M,Umidità relativa a 2m,%,2026-06-21T16:00:00,36.0,45.51669272,11.65407532,300004460,"{""type"": ""Point"", ""coordinates"": [11.65407532, 45.51669272]}",26.0,2026-06-21T17:44:33,ARPAV,VICENZA
600,Grumolo delle Abbadesse,TARIA2M,Temperatura aria a 2m,°C,2026-06-21T17:00:00,34.7,45.51669272,11.65407532,300004460,"{""type"": ""Point"", ""coordinates"": [11.65407532, 45.51669272]}",26.0,2026-06-21T17:44:33,ARPAV,VICENZA
602,Monte Cherz,UMID8M,Umidità relativa a 8m,%,2026-06-21T16:00:00,41.0,46.51528101,11.87823031,300004880,"{""type"": ""Point"", ""coordinates"": [11.87823031, 46.51528101]}",2010.0,2026-06-21T17:44:34,ARPAV,BELLUNO
602,Monte Cherz,TARIA8M,Temperatura aria a 8m,°C,2026-06-21T17:00:00,19.2,46.51528101,11.87823031,300004880,"{""type"": ""Point"", ""coordinates"": [11.87823031, 46.51528101]}",2010.0,2026-06-21T17:44:34,ARPAV,BELLUNO
608,Rio Rudan (Antelao),PREC,Precipitazione,mm,2026-06-21T16:00:00,0.0,46.442017,12.264492,300005700,"{""type"": ""Point"", ""coordinates"": [12.264492, 46.442017]}",2133.0,2026-06-21T17:44:34,ARPAV,BELLUNO
610,Fener,PREC,Precipitazione,mm,2026-06-21T16:00:00,0.0,45.898557,11.946735,300005800,"{""type"": ""Point"", ""coordinates"": [11.946735, 45.898557]}",175.0,2026-06-21T17:44:34,ARPAV,BELLUNO
610,Fener,TARIA2M,Temperatura aria a 2m,°C,2026-06-21T17:00:00,30.5,45.898557,11.946735,300005800,"{""type"": ""Point"", ""coordinates"": [11.946735, 45.898557]}",175.0,2026-06-21T17:44:34,ARPAV,BELLUNO
611,Bovolenta,PREC,Precipitazione,mm,2026-06-21T16:00:00,0.0,45.276565,11.932629,300005820,"{""type"": ""Point"", ""coordinates"": [11.932629, 45.276565]}",8.0,2026-06-21T17:44:35,ARPAV,PADOVA
611,Bovolenta,TARIA2M,Temperatura aria a 2m,°C,2026-06-21T17:00:00,34.6,45.276565,11.932629,300005820,"{""type"": ""Point"", ""coordinates"": [11.932629, 45.276565]}",8.0,2026-06-21T17:44:35,ARPAV,PADOVA
612,La Guarda (Cesiomaggiore),PREC,Precipitazione,mm,2026-06-21T16:00:00,1.8,46.12827704,11.94469992,300005840,"{""type"": ""Point"", ""coordinates"": [11.94469992, 46.12827704]}",656.0,2026-06-21T17:44:35,ARPAV,BELLUNO
612,La Guarda (Cesiomaggiore),TARIA2M,Temperatura aria a 2m,°C,2026-06-21T17:00:00,24.3,46.12827704,11.94469992,300005840,"{""type"": ""Point"", ""coordinates"": [11.94469992, 46.12827704]}",656.0,2026-06-21T17:44:35,ARPAV,BELLUNO
613,Chioggia (centro),PREC,Precipitazione,mm,2026-06-21T16:00:00,0.0,45.218127,12.283051,300005860,"{""type"": ""Point"", ""coordinates"": [12.283051, 45.218127]}",2.0,2026-06-21T17:44:35,ARPAV,VENEZIA
613,Chioggia (centro),TARIA2M,Temperatura aria a 2m,°C,2026-06-21T17:00:00,32.3,45.218127,12.283051,300005860,"{""type"": ""Point"", ""coordinates"": [12.283051, 45.218127]}",2.0,2026-06-21T17:44:35,ARPAV,VENEZIA
614,Isola Vicentina,PREC,Precipitazione,mm,2026-06-21T16:00:00,0.0,45.62061319,11.45476825,300005861,"{""type"": ""Point"", ""coordinates"": [11.45476825, 45.62061319]}",72.0,2026-06-21T17:44:35,ARPAV,VICENZA
614,Isola Vicentina,TARIA2M,Temperatura aria a 2m,°C,2026-06-21T17:00:00,33.6,45.62061319,11.45476825,300005861,"{""type"": ""Point"", ""coordinates"": [11.45476825, 45.62061319]}",72.0,2026-06-21T17:44:35,ARPAV,VICENZA
615,Jesolo - Cortellazzo,PREC,Precipitazione,mm,2026-06-21T16:00:00,0.0,45.535854,12.65882,300005880,"{""type"": ""Point"", ""coordinates"": [12.65882, 45.535854]}",2.0,2026-06-21T17:44:35,ARPAV,VENEZIA
615,Jesolo - Cortellazzo,UMID2M,Umidità relativa a 2m,%,2026-06-21T16:00:00,47.0,45.535854,12.65882,300005880,"{""type"": ""Point"", ""coordinates"": [12.65882, 45.535854]}",2.0,2026-06-21T17:44:36,ARPAV,VENEZIA
615,Jesolo - Cortellazzo,TARIA2M,Temperatura aria a 2m,°C,2026-06-21T17:00:00,33.8,45.535854,12.65882,300005880,"{""type"": ""Point"", ""coordinates"": [12.65882, 45.535854]}",2.0,2026-06-21T17:44:36,ARPAV,VENEZIA
616,Fortogna (Longarone),PREC,Precipitazione,mm,2026-06-21T16:00:00,0.0,46.231666,12.29032,300005900,"{""type"": ""Point"", ""coordinates"": [12.29032, 46.231666]}",442.0,2026-06-21T17:44:36,ARPAV,BELLUNO
616,Fortogna (Longarone),TARIA2M,Temperatura aria a 2m,°C,2026-06-21T17:00:00,30.2,46.231666,12.29032,300005900,"{""type"": ""Point"", ""coordinates"": [12.29032, 46.231666]}",442.0,2026-06-21T17:44:36,ARPAV,BELLUNO
617,Marcon loc. Zuccarello,PREC,Precipitazione,mm,2026-06-21T16:00:00,0.0,45.537387,12.378313,300005920,"{""type"": ""Point"", ""coordinates"": [12.378313, 45.537387]}",1.0,2026-06-21T17:44:36,ARPAV,VENEZIA
617,Marcon loc. Zuccarello,UMID2M,Umidità relativa a 2m,%,2026-06-21T16:00:00,36.0,45.537387,12.378313,300005920,"{""type"": ""Point"", ""coordinates"": [12.378313, 45.537387]}",1.0,2026-06-21T17:44:36,ARPAV,VENEZIA
617,Marcon loc. Zuccarello,TARIA2M,Temperatura aria a 2m,°C,2026-06-21T17:00:00,34.0,45.537387,12.378313,300005920,"{""type"": ""Point"", ""coordinates"": [12.378313, 45.537387]}",1.0,2026-06-21T17:44:36,ARPAV,VENEZIA
618,Crosara (Marostica),PREC,Precipitazione,mm,2026-06-21T16:00:00,0.0,45.774361,11.61748,300005921,"{""type"": ""Point"", ""coordinates"": [11.61748, 45.774361]}",429.0,2026-06-21T17:44:36,ARPAV,VICENZA
618,Crosara (Marostica),TARIA2M,Temperatura aria a 2m,°C,2026-06-21T17:00:00,29.2,45.774361,11.61748,300005921,"{""type"": ""Point"", ""coordinates"": [11.61748, 45.774361]}",429.0,2026-06-21T17:44:36,ARPAV,VICENZA
619,Montebelluna loc. Contea,PREC,Precipitazione,mm,2026-06-21T16:00:00,0.0,45.771498,12.005757,300005922,"{""type"": ""Point"", ""coordinates"": [12.005757, 45.771498]}",107.0,2026-06-21T17:44:37,ARPAV,TREVISO
619,Montebelluna loc. Contea,TARIA2M,Temperatura aria a 2m,°C,2026-06-21T17:00:00,35.0,45.771498,12.005757,300005922,"{""type"": ""Point"", ""coordinates"": [12.005757, 45.771498]}",107.0,2026-06-21T17:44:37,ARPAV,TREVISO
620,Nervesa della Battaglia,PREC,Precipitazione,mm,2026-06-21T16:00:00,0.0,45.816843,12.201804,300005940,"{""type"": ""Point"", ""coordinates"": [12.201804, 45.816843]}",80.0,2026-06-21T17:44:37,ARPAV,TREVISO
620,Nervesa della Battaglia,TARIA2M,Temperatura aria a 2m,°C,2026-06-21T17:00:00,35.4,45.816843,12.201804,300005940,"{""type"": ""Point"", ""coordinates"": [12.201804, 45.816843]}",80.0,2026-06-21T17:44:37,ARPAV,TREVISO
621,Peschiera - Dolci,PREC,Precipitazione,mm,2026-06-21T16:00:00,15.2,45.424275,10.687142,300005960,"{""type"": ""Point"", ""coordinates"": [10.687142, 45.424275]}",100.0,2026-06-21T17:44:37,ARPAV,VERONA
621,Peschiera - Dolci,UMID2M,Umidità relativa a 2m,%,2026-06-21T16:00:00,36.0,45.424275,10.687142,300005960,"{""type"": ""Point"", ""coordinates"": [10.687142, 45.424275]}",100.0,2026-06-21T17:44:37,ARPAV,VERONA
621,Peschiera - Dolci,TARIA2M,Temperatura aria a 2m,°C,2026-06-21T17:00:00,32.4,45.424275,10.687142,300005960,"{""type"": ""Point"", ""coordinates"": [10.687142, 45.424275]}",100.0,2026-06-21T17:44:37,ARPAV,VERONA
622,Pettorazza Grimani loc. Botti Barbarighe,PREC,Precipitazione,mm,2026-06-21T16:00:00,0.0,45.116383,12.024446,300005980,"{""type"": ""Point"", ""coordinates"": [12.024446, 45.116383]}",2.0,2026-06-21T17:44:37,ARPAV,ROVIGO
622,Pettorazza Grimani loc. Botti Barbarighe,TARIA2M,Temperatura aria a 2m,°C,2026-06-21T17:00:00,34.9,45.116383,12.024446,300005980,"{""type"": ""Point"", ""coordinates"": [12.024446, 45.116383]}",2.0,2026-06-21T17:44:38,ARPAV,ROVIGO
623,Stra,PREC,Precipitazione,mm,2026-06-21T16:00:00,0.0,45.40837847,11.99930835,300005981,"{""type"": ""Point"", ""coordinates"": [11.99930835, 45.40837847]}",8.0,2026-06-21T17:44:38,ARPAV,PADOVA
623,Stra,TARIA2M,Temperatura aria a 2m,°C,2026-06-21T17:00:00,35.0,45.40837847,11.99930835,300005981,"{""type"": ""Point"", ""coordinates"": [11.99930835, 45.40837847]}",8.0,2026-06-21T17:44:38,ARPAV,PADOVA
624,Tonezza del Cimone,PREC,Precipitazione,mm,2026-06-21T16:00:00,2.4,45.867081,11.335586,300005982,"{""type"": ""Point"", ""coordinates"": [11.335586, 45.867081]}",1134.0,2026-06-21T17:44:38,ARPAV,VICENZA
624,Tonezza del Cimone,TARIA2M,Temperatura aria a 2m,°C,2026-06-21T17:00:00,25.6,45.867081,11.335586,300005982,"{""type"": ""Point"", ""coordinates"": [11.335586, 45.867081]}",1134.0,2026-06-21T17:44:38,ARPAV,VICENZA
625,Staro (Valli del Pasubio),PREC,Precipitazione,mm,2026-06-21T16:00:00,0.0,45.725723,11.226352,300005983,"{""type"": ""Point"", ""coordinates"": [11.226352, 45.725723]}",602.0,2026-06-21T17:44:38,ARPAV,VICENZA
625,Staro (Valli del Pasubio),TARIA2M,Temperatura aria a 2m,°C,2026-06-21T17:00:00,25.4,45.725723,11.226352,300005983,"{""type"": ""Point"", ""coordinates"": [11.226352, 45.725723]}",602.0,2026-06-21T17:44:38,ARPAV,VICENZA
631,Rio Rudan INADEF Sentiero CAI 230,PREC,Precipitazione,mm,2026-06-21T16:00:00,0.0,46.43264,12.259591,300006220,"{""type"": ""Point"", ""coordinates"": [12.259591, 46.43264]}",1450.0,2026-06-21T17:44:39,ARPAV,BELLUNO
632,Rio Rudan INADEF DX briglia,PREC,Precipitazione,mm,2026-06-21T16:00:00,0.0,46.416987,12.258785,300006221,"{""type"": ""Point"", ""coordinates"": [12.258785, 46.416987]}",910.0,2026-06-21T17:44:39,ARPAV,BELLUNO
633,Verona - Santa Caterina,PREC,Precipitazione,mm,2026-06-21T16:00:00,0.0,45.41626803,11.01758925,300006260,"{""type"": ""Point"", ""coordinates"": [11.01758925, 45.41626803]}",57.0,2026-06-21T17:44:39,ARPAV,VERONA
633,Verona - Santa Caterina,UMID2M,Umidità relativa a 2m,%,2026-06-21T16:00:00,35.0,45.41626803,11.01758925,300006260,"{""type"": ""Point"", ""coordinates"": [11.01758925, 45.41626803]}",57.0,2026-06-21T17:44:39,ARPAV,VERONA
633,Verona - Santa Caterina,TARIA2M,Temperatura aria a 2m,°C,2026-06-21T17:00:00,35.3,45.41626803,11.01758925,300006260,"{""type"": ""Point"", ""coordinates"": [11.01758925, 45.41626803]}",57.0,2026-06-21T17:44:39,ARPAV,VERONA
639,Cima Dodici,UMID5M,Umidità relativa a 5m,%,2026-06-21T16:00:00,60.0,45.978983,11.4868,300006340,"{""type"": ""Point"", ""coordinates"": [11.4868, 45.978983]}",1965.0,2026-06-21T17:44:40,ARPAV,VICENZA
639,Cima Dodici,TARIA5M,Temperatura aria a 5m,°C,2026-06-21T17:00:00,18.5,45.978983,11.4868,300006340,"{""type"": ""Point"", ""coordinates"": [11.4868, 45.978983]}",1965.0,2026-06-21T17:44:39,ARPAV,VICENZA
641,Pale di San Martino,UMID5M,Umidità relativa a 5m,%,2026-06-21T16:00:00,62.0,46.279275,11.88639,300006342,"{""type"": ""Point"", ""coordinates"": [11.88639, 46.279275]}",2580.0,2026-06-21T17:44:40,ARPAV,BELLUNO
641,Pale di San Martino,TARIA5M,Temperatura aria a 5m,°C,2026-06-21T17:00:00,13.1,46.279275,11.88639,300006342,"{""type"": ""Point"", ""coordinates"": [11.88639, 46.279275]}",2580.0,2026-06-21T17:44:40,ARPAV,BELLUNO
642,Tre Cime di Lavaredo,UMID5M,Umidità relativa a 5m,%,2026-06-21T16:00:00,57.0,46.617594,12.31782,300006343,"{""type"": ""Point"", ""coordinates"": [12.31782, 46.617594]}",2375.0,2026-06-21T17:44:41,ARPAV,BELLUNO
642,Tre Cime di Lavaredo,TARIA5M,Temperatura aria a 5m,°C,2026-06-21T17:00:00,15.8,46.617594,12.31782,300006343,"{""type"": ""Point"", ""coordinates"": [12.31782, 46.617594]}",2375.0,2026-06-21T17:44:41,ARPAV,BELLUNO
657,Andraz - Cernadoi,TARIA5M,Temperatura aria a 5m,°C,2026-06-21T17:00:00,19.3,46.4902,11.987652,300006582,"{""type"": ""Point"", ""coordinates"": [11.987652, 46.4902]}",1520.0,2026-06-21T17:44:42,ARPAV,BELLUNO
660,Rocca Pietore - Boscoverde,TARIA5M,Temperatura aria a 5m,°C,2026-06-21T17:00:00,23.9,46.426679,11.955647,300006583,"{""type"": ""Point"", ""coordinates"": [11.955647, 46.426679]}",1200.0,2026-06-21T17:44:42,ARPAV,BELLUNO
662,Eraclea - Torre di Fine,PREC,Precipitazione,mm,2026-06-21T16:00:00,0.0,45.57572,12.79133,300006740,"{""type"": ""Point"", ""coordinates"": [12.79133, 45.57572]}",-1.0,2026-06-21T17:44:42,ARPAV,VENEZIA
662,Eraclea - Torre di Fine,PRESS,Pressione atmosferica,hPa,2026-06-21T16:00:00,1021.2,45.57572,12.79133,300006740,"{""type"": ""Point"", ""coordinates"": [12.79133, 45.57572]}",-1.0,2026-06-21T17:44:42,ARPAV,VENEZIA
662,Eraclea - Torre di Fine,UMID2M,Umidità relativa a 2m,%,2026-06-21T16:00:00,51.0,45.57572,12.79133,300006740,"{""type"": ""Point"", ""coordinates"": [12.79133, 45.57572]}",-1.0,2026-06-21T17:44:42,ARPAV,VENEZIA
662,Eraclea - Torre di Fine,TARIA2M,Temperatura aria a 2m,°C,2026-06-21T17:00:00,33.5,45.57572,12.79133,300006740,"{""type"": ""Point"", ""coordinates"": [12.79133, 45.57572]}",-1.0,2026-06-21T17:44:42,ARPAV,VENEZIA
663,Pila - Porto Peschereccio (Porto Tolle),PREC,Precipitazione,mm,2026-06-21T16:00:00,0.0,44.978047,12.479594,300006780,"{""type"": ""Point"", ""coordinates"": [12.479594, 44.978047]}",1.0,2026-06-21T17:44:42,ARPAV,ROVIGO
663,Pila - Porto Peschereccio (Porto Tolle),PRESS,Pressione atmosferica,hPa,2026-06-21T16:00:00,1018.0,44.978047,12.479594,300006780,"{""type"": ""Point"", ""coordinates"": [12.479594, 44.978047]}",1.0,2026-06-21T17:44:42,ARPAV,ROVIGO
663,Pila - Porto Peschereccio (Porto Tolle),UMID2M,Umidità relativa a 2m,%,2026-06-21T16:00:00,53.0,44.978047,12.479594,300006780,"{""type"": ""Point"", ""coordinates"": [12.479594, 44.978047]}",1.0,2026-06-21T17:44:43,ARPAV,ROVIGO
663,Pila - Porto Peschereccio (Porto Tolle),TARIA2M,Temperatura aria a 2m,°C,2026-06-21T17:00:00,33.4,44.978047,12.479594,300006780,"{""type"": ""Point"", ""coordinates"": [12.479594, 44.978047]}",1.0,2026-06-21T17:44:42,ARPAV,ROVIGO
667,Fiames (Punta Fiames),PREC,Precipitazione,mm,2026-06-21T16:00:00,0.0,46.576893,12.128897,300006940,"{""type"": ""Point"", ""coordinates"": [12.128897, 46.576893]}",2180.0,2026-06-21T17:44:43,ARPAV,BELLUNO
669,Ru Secco (Antelao),PREC,Precipitazione,mm,2026-06-21T16:00:00,0.2,46.461167,12.247337,300006942,"{""type"": ""Point"", ""coordinates"": [12.247337, 46.461167]}",2205.0,2026-06-21T17:44:43,ARPAV,BELLUNO
670,Ru de Vaccia (Monte Campoduro),PREC,Precipitazione,mm,2026-06-21T16:00:00,0.8,46.557619,12.294154,300006943,"{""type"": ""Point"", ""coordinates"": [12.294154, 46.557619]}",2230.0,2026-06-21T17:44:43,ARPAV,BELLUNO
671,Rio Gravasecca (Pra dell'Agnello),PREC,Precipitazione,mm,2026-06-21T16:00:00,0.0,46.600176,12.365311,300006944,"{""type"": ""Point"", ""coordinates"": [12.365311, 46.600176]}",2230.0,2026-06-21T17:44:43,ARPAV,BELLUNO
672,Rio Popena (Val delle Barache),PREC,Precipitazione,mm,2026-06-21T16:00:00,0.0,46.583167,12.224516,300006945,"{""type"": ""Point"", ""coordinates"": [12.224516, 46.583167]}",2205.0,2026-06-21T17:44:44,ARPAV,BELLUNO
673,Ru de le Roe (Passo Duran),PREC,Precipitazione,mm,2026-06-21T16:00:00,1.2,46.330666,12.099559,300006946,"{""type"": ""Point"", ""coordinates"": [12.099559, 46.330666]}",1545.0,2026-06-21T17:44:44,ARPAV,BELLUNO
674,Roa Bianca (Lastia di Framont),PREC,Precipitazione,mm,2026-06-21T16:00:00,2.6,46.315801,12.03431,300006947,"{""type"": ""Point"", ""coordinates"": [12.03431, 46.315801]}",2275.0,2026-06-21T17:44:44,ARPAV,BELLUNO
675,Rio di Valbona (Cime di Pezza),PREC,Precipitazione,mm,2026-06-21T16:00:00,2.8,46.399676,11.926066,300006948,"{""type"": ""Point"", ""coordinates"": [11.926066, 46.399676]}",2365.0,2026-06-21T17:44:44,ARPAV,BELLUNO
676,Ru de Rocia (Ronch),PREC,Precipitazione,mm,2026-06-21T16:00:00,2.2,46.447872,11.972195,300006949,"{""type"": ""Point"", ""coordinates"": [11.972195, 46.447872]}",1550.0,2026-06-21T17:44:44,ARPAV,BELLUNO
688,Val Visdende (nivo),UMID5M,Umidità relativa a 5m,%,2026-06-21T16:00:00,45.0,46.653758,12.617395,300007060,"{""type"": ""Point"", ""coordinates"": [12.617395, 46.653758]}",2001.0,2026-06-21T17:44:46,ARPAV,BELLUNO
688,Val Visdende (nivo),TARIA5M,Temperatura aria a 5m,°C,2026-06-21T17:00:00,19.2,46.653758,12.617395,300007060,"{""type"": ""Point"", ""coordinates"": [12.617395, 46.653758]}",2001.0,2026-06-21T17:44:46,ARPAV,BELLUNO
689,Passo Sant'Antonio (nivo),UMID5M,Umidità relativa a 5m,%,2026-06-21T16:00:00,47.0,46.57203561,12.48584057,300007061,"{""type"": ""Point"", ""coordinates"": [12.48584057, 46.57203561]}",1495.0,2026-06-21T17:44:46,ARPAV,BELLUNO
689,Passo Sant'Antonio (nivo),TARIA5M,Temperatura aria a 5m,°C,2026-06-21T17:00:00,21.3,46.57203561,12.48584057,300007061,"{""type"": ""Point"", ""coordinates"": [12.48584057, 46.57203561]}",1495.0,2026-06-21T17:44:46,ARPAV,BELLUNO
690,Vette Feltrine (nivo),UMID5M,Umidità relativa a 5m,%,2026-06-21T16:00:00,69.0,46.098089,11.84037,300007062,"{""type"": ""Point"", ""coordinates"": [11.84037, 46.098089]}",1912.0,2026-06-21T17:44:46,ARPAV,BELLUNO
690,Vette Feltrine (nivo),TARIA5M,Temperatura aria a 5m,°C,2026-06-21T17:00:00,19.3,46.098089,11.84037,300007062,"{""type"": ""Point"", ""coordinates"": [11.84037, 46.098089]}",1912.0,2026-06-21T17:44:46,ARPAV,BELLUNO
