station_id,sensor_id,sensor_code,sensor_name,quantity,unit,dt,value,lat,lon,station_name
1,1,RR,RR,,mm,2026-06-21 16:00:00,0.0,46.115211,13.229024,Adegliacco
1,30,P,Pluviometro,,mm,2026-06-21 16:00:00,0.0,46.115211,13.229024,Adegliacco
1,52,Prec_5_min,Precipitazione 5 min,,mm,2026-06-21 16:00:00,0.0,46.115211,13.229024,Adegliacco
1,53,Prec_60_min,Precipitazione 60 min,,mm,2026-06-21 16:00:00,0.0,46.115211,13.229024,Adegliacco
1,54,Prec_3_ore,Precipitazione 3 ore,,mm,2026-06-21 16:00:00,0.0,46.115211,13.229024,Adegliacco
1,55,Prec_6_ore,Precipitazione 6 ore,,mm,2026-06-21 16:00:00,0.0,46.115211,13.229024,Adegliacco
1,56,Prec_12_ore,Precipitazione 12 ore,,mm,2026-06-21 16:00:00,0.0,46.115211,13.229024,Adegliacco
1,57,Prec_24_ore,Precipitazione 24 ore,,mm,2026-06-21 16:00:00,0.0,46.115211,13.229024,Adegliacco
1,58,Prec_48_ore,Precipitazione 48 ore,,mm,2026-06-21 16:00:00,0.0,46.115211,13.229024,Adegliacco
1,85,P_1h,Pioggia oraria,,mm,2026-06-21 16:00:00,0.0,46.115211,13.229024,Adegliacco
2,1,RR,RR,,mm,2026-06-21 16:00:00,0.0,46.309217,13.055607,Alesso
2,2,T,Temperatura aria,,°C,2026-06-21 16:00:00,34.1,46.309217,13.055607,Alesso
2,30,P,Pluviometro,,mm,2026-06-21 16:00:00,0.0,46.309217,13.055607,Alesso
2,52,Prec_5_min,Precipitazione 5 min,,mm,2026-06-21 16:00:00,0.0,46.309217,13.055607,Alesso
2,53,Prec_60_min,Precipitazione 60 min,,mm,2026-06-21 16:00:00,0.0,46.309217,13.055607,Alesso
2,54,Prec_3_ore,Precipitazione 3 ore,,mm,2026-06-21 16:00:00,0.0,46.309217,13.055607,Alesso
2,55,Prec_6_ore,Precipitazione 6 ore,,mm,2026-06-21 16:00:00,0.0,46.309217,13.055607,Alesso
2,56,Prec_12_ore,Precipitazione 12 ore,,mm,2026-06-21 16:00:00,0.0,46.309217,13.055607,Alesso
2,57,Prec_24_ore,Precipitazione 24 ore,,mm,2026-06-21 16:00:00,0.6,46.309217,13.055607,Alesso
2,58,Prec_48_ore,Precipitazione 48 ore,,mm,2026-06-21 16:00:00,0.6,46.309217,13.055607,Alesso
2,85,P_1h,Pioggia oraria,,mm,2026-06-21 16:00:00,0.0,46.309217,13.055607,Alesso
2,143,STSpluv (RAW),Stato Pluv (RAW),,sts,2026-06-21 16:00:00,0.0,46.309217,13.055607,Alesso
2,48,CAR,Corrente di carica,,mA,2026-06-21 16:00:00,359.0,46.309217,13.055607,Alesso
2,49,SCAR,Corrente di scarica,,mA,2026-06-21 16:00:00,55.0,46.309217,13.055607,Alesso
3,85,P_1h,Pioggia oraria,,mm,2026-06-21 16:00:00,0.0,46.117875,13.165936,Alnicco
3,1,RR,RR,,mm,2026-06-21 16:15:00,0.0,46.117875,13.165936,Alnicco
3,30,P,Pluviometro,,mm,2026-06-21 16:15:00,0.0,46.117875,13.165936,Alnicco
3,52,Prec_5_min,Precipitazione 5 min,,mm,2026-06-21 16:15:00,0.0,46.117875,13.165936,Alnicco
3,53,Prec_60_min,Precipitazione 60 min,,mm,2026-06-21 16:15:00,0.0,46.117875,13.165936,Alnicco
3,54,Prec_3_ore,Precipitazione 3 ore,,mm,2026-06-21 16:15:00,0.0,46.117875,13.165936,Alnicco
3,56,Prec_12_ore,Precipitazione 12 ore,,mm,2026-06-21 16:15:00,0.0,46.117875,13.165936,Alnicco
3,57,Prec_24_ore,Precipitazione 24 ore,,mm,2026-06-21 16:15:00,0.0,46.117875,13.165936,Alnicco
3,58,Prec_48_ore,Precipitazione 48 ore,,mm,2026-06-21 16:15:00,0.0,46.117875,13.165936,Alnicco
3,2,T,Temperatura aria,,°C,2026-06-21 16:15:00,33.8,46.117875,13.165936,Alnicco
3,3,U,Igrometro,,%,2026-06-21 16:15:00,36.5,46.117875,13.165936,Alnicco
3,143,STSpluv (RAW),Stato Pluv (RAW),,sts,2026-06-21 16:15:00,0.0,46.117875,13.165936,Alnicco
3,48,CAR,Corrente di carica,,mA,2026-06-21 16:15:00,128.0,46.117875,13.165936,Alnicco
3,49,SCAR,Corrente di scarica,,mA,2026-06-21 16:15:00,89.0,46.117875,13.165936,Alnicco
4,85,P_1h,Pioggia oraria,,mm,2026-06-21 16:00:00,0.0,46.198832,12.611949,Andreis
4,1,RR,RR,,mm,2026-06-21 16:15:00,0.0,46.198832,12.611949,Andreis
4,2,T,Temperatura aria,,°C,2026-06-21 16:15:00,27.0,46.198832,12.611949,Andreis
4,3,U,Igrometro,,%,2026-06-21 16:15:00,68.3,46.198832,12.611949,Andreis
4,17,B,Barometro,,hPa,2026-06-21 16:15:00,975.5,46.198832,12.611949,Andreis
4,23,NIVO,Nivometro,,cm,2026-06-21 16:15:00,32.0,46.198832,12.611949,Andreis
4,30,P,Pluviometro,,mm,2026-06-21 16:15:00,0.0,46.198832,12.611949,Andreis
4,52,Prec_5_min,Precipitazione 5 min,,mm,2026-06-21 16:15:00,0.0,46.198832,12.611949,Andreis
4,53,Prec_60_min,Precipitazione 60 min,,mm,2026-06-21 16:15:00,0.0,46.198832,12.611949,Andreis
4,54,Prec_3_ore,Precipitazione 3 ore,,mm,2026-06-21 16:15:00,0.0,46.198832,12.611949,Andreis
4,55,Prec_6_ore,Precipitazione 6 ore,,mm,2026-06-21 16:15:00,0.0,46.198832,12.611949,Andreis
4,56,Prec_12_ore,Precipitazione 12 ore,,mm,2026-06-21 16:15:00,0.0,46.198832,12.611949,Andreis
4,57,Prec_24_ore,Precipitazione 24 ore,,mm,2026-06-21 16:15:00,1.0,46.198832,12.611949,Andreis
4,58,Prec_48_ore,Precipitazione 48 ore,,mm,2026-06-21 16:15:00,5.2,46.198832,12.611949,Andreis
4,144,T-5,Temperatura -5,,°C,2026-06-21 16:15:00,28.0,46.198832,12.611949,Andreis
4,21,T-10,Temperatura -10,,°C,2026-06-21 16:15:00,27.4,46.198832,12.611949,Andreis
4,145,T-20,Temperatura -20,,°C,2026-06-21 16:15:00,24.9,46.198832,12.611949,Andreis
4,146,T-30,Temperatura -30,,°C,2026-06-21 16:15:00,23.1,46.198832,12.611949,Andreis
4,147,T-40,Temperatura -40,,°C,2026-06-21 16:15:00,21.8,46.198832,12.611949,Andreis
4,148,T-50,Temperatura -50,,°C,2026-06-21 16:15:00,21.0,46.198832,12.611949,Andreis
4,149,Us-5,Umidità suolo -5cm,,%VOL,2026-06-21 16:15:00,0.0,46.198832,12.611949,Andreis
4,38,Us-10,Umidità suolo -10cm,,%VOL,2026-06-21 16:15:00,1.0,46.198832,12.611949,Andreis
4,39,Us-20,Umidità suolo -20cm,,%VOL,2026-06-21 16:15:00,5.0,46.198832,12.611949,Andreis
4,40,Us-40,Umidità suolo -40cm,,%VOL,2026-06-21 16:15:00,18.0,46.198832,12.611949,Andreis
4,48,CAR,Corrente di carica,,mA,2026-06-21 16:15:00,25.0,46.198832,12.611949,Andreis
4,49,SCAR,Corrente di scarica,,mA,2026-06-21 16:15:00,124.0,46.198832,12.611949,Andreis
4,150,Us-30,Umidità suolo -30cm,,%VOL,2026-06-21 16:15:00,14.0,46.198832,12.611949,Andreis
4,151,Us-50,Umidità suolo -50cm,,%VOL,2026-06-21 16:15:00,22.0,46.198832,12.611949,Andreis
4,143,STSpluv (RAW),Stato Pluv (RAW),,sts,2026-06-21 16:15:00,0.0,46.198832,12.611949,Andreis
5,85,P_1h,Pioggia oraria,,mm,2026-06-21 16:00:00,0.0,46.142589,12.808347,Arba
5,1,RR,RR,,mm,2026-06-21 16:15:00,0.0,46.142589,12.808347,Arba
5,2,T,Temperatura aria,,°C,2026-06-21 16:15:00,32.7,46.142589,12.808347,Arba
5,3,U,Igrometro,,%,2026-06-21 16:15:00,43.1,46.142589,12.808347,Arba
5,4,BF,Bagnatura fogliare,,min,2026-06-21 16:15:00,0.0,46.142589,12.808347,Arba
5,5,Dv,Direzione vento,,°N,2026-06-21 16:15:00,195.0,46.142589,12.808347,Arba
5,6,Vv,Velocità vento,,m/s,2026-06-21 16:15:00,1.3,46.142589,12.808347,Arba
5,7,VvMax,Velocità vento massima,,m/s,2026-06-21 16:15:00,3.7,46.142589,12.808347,Arba
5,8,DvMax,Direzione vento della velocità massima,,°N,2026-06-21 16:15:00,202.0,46.142589,12.808347,Arba
5,17,B,Barometro,,hPa,2026-06-21 16:15:00,997.1,46.142589,12.808347,Arba
5,18,RG,Radiazione globale,,W/m2,2026-06-21 16:15:00,366.0,46.142589,12.808347,Arba
5,30,P,Pluviometro,,mm,2026-06-21 16:15:00,0.0,46.142589,12.808347,Arba
5,32,DvVett,Direzione vento vettoriale,,°N,2026-06-21 16:15:00,212.0,46.142589,12.808347,Arba
5,33,VvVett,Velocità vento vettoriale,,m/s,2026-06-21 16:15:00,1.9,46.142589,12.808347,Arba
5,24,IDRO,Idrometro,,m,2026-06-21 16:15:00,11.42,46.142589,12.808347,Arba
5,52,Prec_5_min,Precipitazione 5 min,,mm,2026-06-21 16:15:00,0.0,46.142589,12.808347,Arba
5,53,Prec_60_min,Precipitazione 60 min,,mm,2026-06-21 16:15:00,0.0,46.142589,12.808347,Arba
5,54,Prec_3_ore,Precipitazione 3 ore,,mm,2026-06-21 16:15:00,0.0,46.142589,12.808347,Arba
5,55,Prec_6_ore,Precipitazione 6 ore,,mm,2026-06-21 16:15:00,0.0,46.142589,12.808347,Arba
5,56,Prec_12_ore,Precipitazione 12 ore,,mm,2026-06-21 16:15:00,0.0,46.142589,12.808347,Arba
5,57,Prec_24_ore,Precipitazione 24 ore,,mm,2026-06-21 16:15:00,0.6,46.142589,12.808347,Arba
5,58,Prec_48_ore,Precipitazione 48 ore,,mm,2026-06-21 16:15:00,0.6,46.142589,12.808347,Arba
5,48,CAR,Corrente di carica,,mA,2026-06-21 16:15:00,146.0,46.142589,12.808347,Arba
5,49,SCAR,Corrente di scarica,,mA,2026-06-21 16:15:00,124.0,46.142589,12.808347,Arba
5,143,STSpluv (RAW),Stato Pluv (RAW),,sts,2026-06-21 16:15:00,0.0,46.142589,12.808347,Arba
6,85,P_1h,Pioggia oraria,,mm,2026-06-21 16:00:00,0.0,46.016584,12.870542,Arzenutto
6,1,RR,RR,,mm,2026-06-21 16:30:00,0.0,46.016584,12.870542,Arzenutto
6,2,T,Temperatura aria,,°C,2026-06-21 16:30:00,33.6,46.016584,12.870542,Arzenutto
6,30,P,Pluviometro,,mm,2026-06-21 16:30:00,0.0,46.016584,12.870542,Arzenutto
6,24,IDRO,Idrometro,,m,2026-06-21 16:30:00,5.01,46.016584,12.870542,Arzenutto
6,52,Prec_5_min,Precipitazione 5 min,,mm,2026-06-21 16:30:00,0.0,46.016584,12.870542,Arzenutto
6,53,Prec_60_min,Precipitazione 60 min,,mm,2026-06-21 16:30:00,0.0,46.016584,12.870542,Arzenutto
6,54,Prec_3_ore,Precipitazione 3 ore,,mm,2026-06-21 16:30:00,0.0,46.016584,12.870542,Arzenutto
6,55,Prec_6_ore,Precipitazione 6 ore,,mm,2026-06-21 16:30:00,0.0,46.016584,12.870542,Arzenutto
6,56,Prec_12_ore,Precipitazione 12 ore,,mm,2026-06-21 16:30:00,0.0,46.016584,12.870542,Arzenutto
6,57,Prec_24_ore,Precipitazione 24 ore,,mm,2026-06-21 16:30:00,0.0,46.016584,12.870542,Arzenutto
6,58,Prec_48_ore,Precipitazione 48 ore,,mm,2026-06-21 16:30:00,0.0,46.016584,12.870542,Arzenutto
7,24,IDRO,Idrometro,,m,2026-06-21 16:00:00,0.42,46.188316,13.30582,Attimis
8,1,RR,RR,,mm,2026-06-21 16:00:00,0.0,46.064625,12.603369,Aviano
8,2,T,Temperatura aria,,°C,2026-06-21 16:00:00,33.6,46.064625,12.603369,Aviano
8,3,U,Igrometro,,%,2026-06-21 16:00:00,36.8,46.064625,12.603369,Aviano
8,30,P,Pluviometro,,mm,2026-06-21 16:00:00,0.0,46.064625,12.603369,Aviano
8,52,Prec_5_min,Precipitazione 5 min,,mm,2026-06-21 16:00:00,0.0,46.064625,12.603369,Aviano
8,53,Prec_60_min,Precipitazione 60 min,,mm,2026-06-21 16:00:00,0.0,46.064625,12.603369,Aviano
8,54,Prec_3_ore,Precipitazione 3 ore,,mm,2026-06-21 16:00:00,0.0,46.064625,12.603369,Aviano
8,55,Prec_6_ore,Precipitazione 6 ore,,mm,2026-06-21 16:00:00,0.0,46.064625,12.603369,Aviano
8,56,Prec_12_ore,Precipitazione 12 ore,,mm,2026-06-21 16:00:00,0.0,46.064625,12.603369,Aviano
8,57,Prec_24_ore,Precipitazione 24 ore,,mm,2026-06-21 16:00:00,0.0,46.064625,12.603369,Aviano
8,58,Prec_48_ore,Precipitazione 48 ore,,mm,2026-06-21 16:00:00,0.0,46.064625,12.603369,Aviano
8,85,P_1h,Pioggia oraria,,mm,2026-06-21 16:00:00,0.0,46.064625,12.603369,Aviano
8,48,CAR,Corrente di carica,,mA,2026-06-21 16:00:00,30.0,46.064625,12.603369,Aviano
8,49,SCAR,Corrente di scarica,,mA,2026-06-21 16:00:00,62.0,46.064625,12.603369,Aviano
9,1,RR,RR,,mm,2026-06-21 16:00:00,0.0,46.118391,13.494746,Azzida
9,2,T,Temperatura aria,,°C,2026-06-21 16:00:00,33.4,46.118391,13.494746,Azzida
9,24,IDRO,Idrometro,,m,2026-06-21 16:00:00,0.41,46.118391,13.494746,Azzida
9,30,P,Pluviometro,,mm,2026-06-21 16:00:00,0.0,46.118391,13.494746,Azzida
9,52,Prec_5_min,Precipitazione 5 min,,mm,2026-06-21 16:00:00,0.0,46.118391,13.494746,Azzida
9,53,Prec_60_min,Precipitazione 60 min,,mm,2026-06-21 16:00:00,0.0,46.118391,13.494746,Azzida
9,54,Prec_3_ore,Precipitazione 3 ore,,mm,2026-06-21 16:00:00,0.0,46.118391,13.494746,Azzida
9,55,Prec_6_ore,Precipitazione 6 ore,,mm,2026-06-21 16:00:00,0.0,46.118391,13.494746,Azzida
9,56,Prec_12_ore,Precipitazione 12 ore,,mm,2026-06-21 16:00:00,0.0,46.118391,13.494746,Azzida
9,57,Prec_24_ore,Precipitazione 24 ore,,mm,2026-06-21 16:00:00,0.0,46.118391,13.494746,Azzida
9,58,Prec_48_ore,Precipitazione 48 ore,,mm,2026-06-21 16:00:00,0.0,46.118391,13.494746,Azzida
9,85,P_1h,Pioggia oraria,,mm,2026-06-21 16:00:00,0.0,46.118391,13.494746,Azzida
9,3,U,Igrometro,,%,2026-06-21 16:00:00,45.5,46.118391,13.494746,Azzida
9,48,CAR,Corrente di carica,,mA,2026-06-21 16:00:00,96.0,46.118391,13.494746,Azzida
9,49,SCAR,Corrente di scarica,,mA,2026-06-21 16:00:00,58.0,46.118391,13.494746,Azzida
9,143,STSpluv (RAW),Stato Pluv (RAW),,sts,2026-06-21 16:00:00,0.0,46.118391,13.494746,Azzida
10,85,P_1h,Pioggia oraria,,mm,2026-06-21 16:00:00,0.0,46.192811,12.563615,Barcis
10,1,RR,RR,,mm,2026-06-21 16:15:00,0.0,46.192811,12.563615,Barcis
10,2,T,Temperatura aria,,°C,2026-06-21 16:15:00,28.8266666666667,46.192811,12.563615,Barcis
10,3,U,Igrometro,,%,2026-06-21 16:15:00,58.8666666666667,46.192811,12.563615,Barcis
10,18,RG,Radiazione globale,,W/m2,2026-06-21 16:15:00,63.1666666666667,46.192811,12.563615,Barcis
10,30,P,Pluviometro,,mm,2026-06-21 16:15:00,0.0,46.192811,12.563615,Barcis
10,52,Prec_5_min,Precipitazione 5 min,,mm,2026-06-21 16:15:00,0.0,46.192811,12.563615,Barcis
10,53,Prec_60_min,Precipitazione 60 min,,mm,2026-06-21 16:15:00,0.0,46.192811,12.563615,Barcis
10,54,Prec_3_ore,Precipitazione 3 ore,,mm,2026-06-21 16:15:00,0.0,46.192811,12.563615,Barcis
10,55,Prec_6_ore,Precipitazione 6 ore,,mm,2026-06-21 16:15:00,0.0,46.192811,12.563615,Barcis
10,56,Prec_12_ore,Precipitazione 12 ore,,mm,2026-06-21 16:15:00,0.0,46.192811,12.563615,Barcis
10,57,Prec_24_ore,Precipitazione 24 ore,,mm,2026-06-21 16:15:00,1.6,46.192811,12.563615,Barcis
10,58,Prec_48_ore,Precipitazione 48 ore,,mm,2026-06-21 16:15:00,35.5,46.192811,12.563615,Barcis
10,5,Dv,Direzione vento,,°N,2026-06-21 16:15:00,313.714285714286,46.192811,12.563615,Barcis
10,6,Vv,Velocità vento,,m/s,2026-06-21 16:15:00,0.106666666666667,46.192811,12.563615,Barcis
10,7,VvMax,Velocità vento massima,,m/s,2026-06-21 16:15:00,0.9,46.192811,12.563615,Barcis
10,8,DvMax,Direzione vento della velocità massima,,°N,2026-06-21 16:15:00,228.0,46.192811,12.563615,Barcis
10,81,MISxG,Misure xG,,sts,2026-06-21 16:15:00,1.0,46.192811,12.563615,Barcis
10,32,DvVett,Direzione vento vettoriale,,°N,2026-06-21 16:15:00,264.285714285714,46.192811,12.563615,Barcis
10,33,VvVett,Velocità vento vettoriale,,m/s,2026-06-21 16:15:00,0.214285714285714,46.192811,12.563615,Barcis
10,48,CAR,Corrente di carica,,mA,2026-06-21 16:15:00,81.0,46.192811,12.563615,Barcis
10,49,SCAR,Corrente di scarica,,mA,2026-06-21 16:15:00,201.0,46.192811,12.563615,Barcis
10,143,STSpluv (RAW),Stato Pluv (RAW),,sts,2026-06-21 16:15:00,256.0,46.192811,12.563615,Barcis
11,24,IDRO,Idrometro,,m,2026-06-21 16:15:00,401.39,46.187855,12.575168,Barcis invaso
11,48,CAR,Corrente di carica,,mA,2026-06-21 16:15:00,88.0,46.187855,12.575168,Barcis invaso
11,49,SCAR,Corrente di scarica,,mA,2026-06-21 16:15:00,92.0,46.187855,12.575168,Barcis invaso
12,24,IDRO,Idrometro,,m,2026-06-21 16:00:00,-0.03,46.028068,13.207894,Basaldella
12,48,CAR,Corrente di carica,,mA,2026-06-21 16:00:00,143.0,46.028068,13.207894,Basaldella
12,49,SCAR,Corrente di scarica,,mA,2026-06-21 16:00:00,94.0,46.028068,13.207894,Basaldella
13,85,P_1h,Pioggia oraria,,mm,2026-06-21 16:00:00,0.0,46.088296,12.790575,Basaldella di Vivaro
13,1,RR,RR,,mm,2026-06-21 16:15:00,0.0,46.088296,12.790575,Basaldella di Vivaro
13,2,T,Temperatura aria,,°C,2026-06-21 16:15:00,35.0,46.088296,12.790575,Basaldella di Vivaro
13,3,U,Igrometro,,%,2026-06-21 16:15:00,38.7,46.088296,12.790575,Basaldella di Vivaro
13,30,P,Pluviometro,,mm,2026-06-21 16:15:00,0.0,46.088296,12.790575,Basaldella di Vivaro
13,52,Prec_5_min,Precipitazione 5 min,,mm,2026-06-21 16:15:00,0.0,46.088296,12.790575,Basaldella di Vivaro
13,53,Prec_60_min,Precipitazione 60 min,,mm,2026-06-21 16:15:00,0.0,46.088296,12.790575,Basaldella di Vivaro
13,54,Prec_3_ore,Precipitazione 3 ore,,mm,2026-06-21 16:15:00,0.0,46.088296,12.790575,Basaldella di Vivaro
13,55,Prec_6_ore,Precipitazione 6 ore,,mm,2026-06-21 16:15:00,0.0,46.088296,12.790575,Basaldella di Vivaro
13,56,Prec_12_ore,Precipitazione 12 ore,,mm,2026-06-21 16:15:00,0.0,46.088296,12.790575,Basaldella di Vivaro
13,57,Prec_24_ore,Precipitazione 24 ore,,mm,2026-06-21 16:15:00,5.8,46.088296,12.790575,Basaldella di Vivaro
13,58,Prec_48_ore,Precipitazione 48 ore,,mm,2026-06-21 16:15:00,5.8,46.088296,12.790575,Basaldella di Vivaro
13,48,CAR,Corrente di carica,,mA,2026-06-21 16:15:00,298.0,46.088296,12.790575,Basaldella di Vivaro
13,49,SCAR,Corrente di scarica,,mA,2026-06-21 16:15:00,84.0,46.088296,12.790575,Basaldella di Vivaro
14,85,P_1h,Pioggia oraria,,mm,2026-06-21 16:00:00,0.0,46.485876,13.189084,Bevorchians
14,1,RR,RR,,mm,2026-06-21 16:15:00,0.0,46.485876,13.189084,Bevorchians
14,2,T,Temperatura aria,,°C,2026-06-21 16:15:00,25.3,46.485876,13.189084,Bevorchians
14,30,P,Pluviometro,,mm,2026-06-21 16:15:00,0.0,46.485876,13.189084,Bevorchians
14,48,CAR,Corrente di carica,,mA,2026-06-21 16:15:00,34.0,46.485876,13.189084,Bevorchians
14,49,SCAR,Corrente di scarica,,mA,2026-06-21 16:15:00,93.0,46.485876,13.189084,Bevorchians
14,52,Prec_5_min,Precipitazione 5 min,,mm,2026-06-21 16:15:00,0.0,46.485876,13.189084,Bevorchians
14,53,Prec_60_min,Precipitazione 60 min,,mm,2026-06-21 16:15:00,0.0,46.485876,13.189084,Bevorchians
14,54,Prec_3_ore,Precipitazione 3 ore,,mm,2026-06-21 16:15:00,0.0,46.485876,13.189084,Bevorchians
14,55,Prec_6_ore,Precipitazione 6 ore,,mm,2026-06-21 16:15:00,0.0,46.485876,13.189084,Bevorchians
14,56,Prec_12_ore,Precipitazione 12 ore,,mm,2026-06-21 16:15:00,0.0,46.485876,13.189084,Bevorchians
14,57,Prec_24_ore,Precipitazione 24 ore,,mm,2026-06-21 16:15:00,13.6333333333333,46.485876,13.189084,Bevorchians
14,58,Prec_48_ore,Precipitazione 48 ore,,mm,2026-06-21 16:15:00,14.5,46.485876,13.189084,Bevorchians
14,3,U,Igrometro,,%,2026-06-21 16:15:00,65.0,46.485876,13.189084,Bevorchians
14,143,STSpluv (RAW),Stato Pluv (RAW),,sts,2026-06-21 16:15:00,0.0,46.485876,13.189084,Bevorchians
16,1,RR,RR,,mm,2026-06-21 16:00:00,0.0,46.258478,12.700746,Cà Selva invaso
16,2,T,Temperatura aria,,°C,2026-06-21 16:00:00,29.2,46.258478,12.700746,Cà Selva invaso
16,30,P,Pluviometro,,mm,2026-06-21 16:00:00,0.0,46.258478,12.700746,Cà Selva invaso
16,24,IDRO,Idrometro,,m,2026-06-21 16:00:00,479.29,46.258478,12.700746,Cà Selva invaso
16,52,Prec_5_min,Precipitazione 5 min,,mm,2026-06-21 16:00:00,0.0,46.258478,12.700746,Cà Selva invaso
16,53,Prec_60_min,Precipitazione 60 min,,mm,2026-06-21 16:00:00,0.0,46.258478,12.700746,Cà Selva invaso
16,54,Prec_3_ore,Precipitazione 3 ore,,mm,2026-06-21 16:00:00,0.0,46.258478,12.700746,Cà Selva invaso
16,55,Prec_6_ore,Precipitazione 6 ore,,mm,2026-06-21 16:00:00,0.0,46.258478,12.700746,Cà Selva invaso
16,56,Prec_12_ore,Precipitazione 12 ore,,mm,2026-06-21 16:00:00,0.0,46.258478,12.700746,Cà Selva invaso
16,57,Prec_24_ore,Precipitazione 24 ore,,mm,2026-06-21 16:00:00,2.6,46.258478,12.700746,Cà Selva invaso
16,58,Prec_48_ore,Precipitazione 48 ore,,mm,2026-06-21 16:00:00,2.8,46.258478,12.700746,Cà Selva invaso
16,85,P_1h,Pioggia oraria,,mm,2026-06-21 16:00:00,0.0,46.258478,12.700746,Cà Selva invaso
17,1,RR,RR,,mm,2026-06-21 16:00:00,0.0,46.292178,12.716113,Cà Zul invaso
17,30,P,Pluviometro,,mm,2026-06-21 16:00:00,0.0,46.292178,12.716113,Cà Zul invaso
17,24,IDRO,Idrometro,,m,2026-06-21 16:00:00,584.82,46.292178,12.716113,Cà Zul invaso
17,52,Prec_5_min,Precipitazione 5 min,,mm,2026-06-21 16:00:00,0.0,46.292178,12.716113,Cà Zul invaso
17,53,Prec_60_min,Precipitazione 60 min,,mm,2026-06-21 16:00:00,0.0,46.292178,12.716113,Cà Zul invaso
17,54,Prec_3_ore,Precipitazione 3 ore,,mm,2026-06-21 16:00:00,0.0,46.292178,12.716113,Cà Zul invaso
17,55,Prec_6_ore,Precipitazione 6 ore,,mm,2026-06-21 16:00:00,0.0,46.292178,12.716113,Cà Zul invaso
17,56,Prec_12_ore,Precipitazione 12 ore,,mm,2026-06-21 16:00:00,0.0,46.292178,12.716113,Cà Zul invaso
17,57,Prec_24_ore,Precipitazione 24 ore,,mm,2026-06-21 16:00:00,1.6,46.292178,12.716113,Cà Zul invaso
17,58,Prec_48_ore,Precipitazione 48 ore,,mm,2026-06-21 16:00:00,2.0,46.292178,12.716113,Cà Zul invaso
17,85,P_1h,Pioggia oraria,,mm,2026-06-21 16:00:00,0.0,46.292178,12.716113,Cà Zul invaso
18,24,IDRO,Idrometro,,m,2026-06-21 16:15:00,1.04,46.15263,12.539739,Caltea
19,85,P_1h,Pioggia oraria,,mm,2026-06-21 16:00:00,0.0,46.259451,12.831403,Campone
19,1,RR,RR,,mm,2026-06-21 16:15:00,0.0,46.259451,12.831403,Campone
19,2,T,Temperatura aria,,°C,2026-06-21 16:15:00,29.0,46.259451,12.831403,Campone
19,3,U,Igrometro,,%,2026-06-21 16:15:00,62.6,46.259451,12.831403,Campone
19,30,P,Pluviometro,,mm,2026-06-21 16:15:00,0.0,46.259451,12.831403,Campone
19,52,Prec_5_min,Precipitazione 5 min,,mm,2026-06-21 16:15:00,0.0,46.259451,12.831403,Campone
19,53,Prec_60_min,Precipitazione 60 min,,mm,2026-06-21 16:15:00,0.0,46.259451,12.831403,Campone
19,54,Prec_3_ore,Precipitazione 3 ore,,mm,2026-06-21 16:15:00,0.0,46.259451,12.831403,Campone
19,55,Prec_6_ore,Precipitazione 6 ore,,mm,2026-06-21 16:15:00,0.0,46.259451,12.831403,Campone
19,56,Prec_12_ore,Precipitazione 12 ore,,mm,2026-06-21 16:15:00,0.0,46.259451,12.831403,Campone
19,57,Prec_24_ore,Precipitazione 24 ore,,mm,2026-06-21 16:15:00,2.2,46.259451,12.831403,Campone
19,58,Prec_48_ore,Precipitazione 48 ore,,mm,2026-06-21 16:15:00,2.2,46.259451,12.831403,Campone
21,1,RR,RR,,mm,2026-06-21 16:00:00,0.0,46.256859,12.563928,Casera Pradut
21,2,T,Temperatura aria,,°C,2026-06-21 16:00:00,22.2,46.256859,12.563928,Casera Pradut
21,3,U,Igrometro,,%,2026-06-21 16:00:00,54.0,46.256859,12.563928,Casera Pradut
21,5,Dv,Direzione vento,,°N,2026-06-21 16:00:00,271.0,46.256859,12.563928,Casera Pradut
21,6,Vv,Velocità vento,,m/s,2026-06-21 16:00:00,2.1,46.256859,12.563928,Casera Pradut
21,7,VvMax,Velocità vento massima,,m/s,2026-06-21 16:00:00,2.4,46.256859,12.563928,Casera Pradut
21,8,DvMax,Direzione vento della velocità massima,,°N,2026-06-21 16:00:00,287.0,46.256859,12.563928,Casera Pradut
21,23,NIVO,Nivometro,,cm,2026-06-21 16:00:00,5.0,46.256859,12.563928,Casera Pradut
21,30,P,Pluviometro,,mm,2026-06-21 16:00:00,0.0,46.256859,12.563928,Casera Pradut
21,32,DvVett,Direzione vento vettoriale,,°N,2026-06-21 16:00:00,230.0,46.256859,12.563928,Casera Pradut
21,33,VvVett,Velocità vento vettoriale,,m/s,2026-06-21 16:00:00,0.4,46.256859,12.563928,Casera Pradut
21,52,Prec_5_min,Precipitazione 5 min,,mm,2026-06-21 16:00:00,0.0,46.256859,12.563928,Casera Pradut
21,53,Prec_60_min,Precipitazione 60 min,,mm,2026-06-21 16:00:00,0.0,46.256859,12.563928,Casera Pradut
21,54,Prec_3_ore,Precipitazione 3 ore,,mm,2026-06-21 16:00:00,0.0,46.256859,12.563928,Casera Pradut
21,55,Prec_6_ore,Precipitazione 6 ore,,mm,2026-06-21 16:00:00,0.0,46.256859,12.563928,Casera Pradut
21,56,Prec_12_ore,Precipitazione 12 ore,,mm,2026-06-21 16:00:00,0.0,46.256859,12.563928,Casera Pradut
21,57,Prec_24_ore,Precipitazione 24 ore,,mm,2026-06-21 16:00:00,1.8,46.256859,12.563928,Casera Pradut
21,58,Prec_48_ore,Precipitazione 48 ore,,mm,2026-06-21 16:00:00,7.8,46.256859,12.563928,Casera Pradut
21,85,P_1h,Pioggia oraria,,mm,2026-06-21 16:00:00,0.0,46.256859,12.563928,Casera Pradut
21,48,CAR,Corrente di carica,,mA,2026-06-21 16:00:00,43.0,46.256859,12.563928,Casera Pradut
21,49,SCAR,Corrente di scarica,,mA,2026-06-21 16:00:00,69.0,46.256859,12.563928,Casera Pradut
22,1,RR,RR,,mm,2026-06-21 16:00:00,0.0,46.557692,12.983371,Casera Zoufplan bassa
22,2,T,Temperatura aria,,°C,2026-06-21 16:00:00,20.1,46.557692,12.983371,Casera Zoufplan bassa
22,3,U,Igrometro,,%,2026-06-21 16:00:00,59.0,46.557692,12.983371,Casera Zoufplan bassa
22,5,Dv,Direzione vento,,°N,2026-06-21 16:00:00,337.0,46.557692,12.983371,Casera Zoufplan bassa
22,6,Vv,Velocità vento,,m/s,2026-06-21 16:00:00,2.5,46.557692,12.983371,Casera Zoufplan bassa
22,7,VvMax,Velocità vento massima,,m/s,2026-06-21 16:00:00,4.8,46.557692,12.983371,Casera Zoufplan bassa
22,8,DvMax,Direzione vento della velocità massima,,°N,2026-06-21 16:00:00,317.0,46.557692,12.983371,Casera Zoufplan bassa
22,23,NIVO,Nivometro,,cm,2026-06-21 16:00:00,0.0,46.557692,12.983371,Casera Zoufplan bassa
22,30,P,Pluviometro,,mm,2026-06-21 16:00:00,0.0,46.557692,12.983371,Casera Zoufplan bassa
22,32,DvVett,Direzione vento vettoriale,,°N,2026-06-21 16:00:00,312.0,46.557692,12.983371,Casera Zoufplan bassa
22,33,VvVett,Velocità vento vettoriale,,m/s,2026-06-21 16:00:00,2.5,46.557692,12.983371,Casera Zoufplan bassa
22,52,Prec_5_min,Precipitazione 5 min,,mm,2026-06-21 16:00:00,0.0,46.557692,12.983371,Casera Zoufplan bassa
22,53,Prec_60_min,Precipitazione 60 min,,mm,2026-06-21 16:00:00,0.0,46.557692,12.983371,Casera Zoufplan bassa
22,54,Prec_3_ore,Precipitazione 3 ore,,mm,2026-06-21 16:00:00,0.0,46.557692,12.983371,Casera Zoufplan bassa
22,55,Prec_6_ore,Precipitazione 6 ore,,mm,2026-06-21 16:00:00,0.0,46.557692,12.983371,Casera Zoufplan bassa
22,56,Prec_12_ore,Precipitazione 12 ore,,mm,2026-06-21 16:00:00,0.0,46.557692,12.983371,Casera Zoufplan bassa
22,57,Prec_24_ore,Precipitazione 24 ore,,mm,2026-06-21 16:00:00,1.8,46.557692,12.983371,Casera Zoufplan bassa
22,58,Prec_48_ore,Precipitazione 48 ore,,mm,2026-06-21 16:00:00,3.0,46.557692,12.983371,Casera Zoufplan bassa
22,85,P_1h,Pioggia oraria,,mm,2026-06-21 16:00:00,0.0,46.557692,12.983371,Casera Zoufplan bassa
22,48,CAR,Corrente di carica,,mA,2026-06-21 16:00:00,0.0,46.557692,12.983371,Casera Zoufplan bassa
22,49,SCAR,Corrente di scarica,,mA,2026-06-21 16:00:00,83.0,46.557692,12.983371,Casera Zoufplan bassa
23,1,RR,RR,,mm,2026-06-21 16:00:00,0.0,46.567936,13.168694,Cason di Lanza
23,2,T,Temperatura aria,,°C,2026-06-21 16:00:00,22.9,46.567936,13.168694,Cason di Lanza
23,3,U,Igrometro,,%,2026-06-21 16:00:00,59.6,46.567936,13.168694,Cason di Lanza
23,5,Dv,Direzione vento,,°N,2026-06-21 16:00:00,103.0,46.567936,13.168694,Cason di Lanza
23,6,Vv,Velocità vento,,m/s,2026-06-21 16:00:00,1.7,46.567936,13.168694,Cason di Lanza
23,7,VvMax,Velocità vento massima,,m/s,2026-06-21 16:00:00,3.4,46.567936,13.168694,Cason di Lanza
23,8,DvMax,Direzione vento della velocità massima,,°N,2026-06-21 16:00:00,105.0,46.567936,13.168694,Cason di Lanza
23,23,NIVO,Nivometro,,cm,2026-06-21 16:00:00,1.0,46.567936,13.168694,Cason di Lanza
23,30,P,Pluviometro,,mm,2026-06-21 16:00:00,0.0,46.567936,13.168694,Cason di Lanza
23,32,DvVett,Direzione vento vettoriale,,°N,2026-06-21 16:00:00,116.0,46.567936,13.168694,Cason di Lanza
23,33,VvVett,Velocità vento vettoriale,,m/s,2026-06-21 16:00:00,2.0,46.567936,13.168694,Cason di Lanza
23,52,Prec_5_min,Precipitazione 5 min,,mm,2026-06-21 16:00:00,0.0,46.567936,13.168694,Cason di Lanza
23,53,Prec_60_min,Precipitazione 60 min,,mm,2026-06-21 16:00:00,0.0,46.567936,13.168694,Cason di Lanza
23,54,Prec_3_ore,Precipitazione 3 ore,,mm,2026-06-21 16:00:00,0.0,46.567936,13.168694,Cason di Lanza
23,55,Prec_6_ore,Precipitazione 6 ore,,mm,2026-06-21 16:00:00,0.0,46.567936,13.168694,Cason di Lanza
23,56,Prec_12_ore,Precipitazione 12 ore,,mm,2026-06-21 16:00:00,0.0,46.567936,13.168694,Cason di Lanza
23,57,Prec_24_ore,Precipitazione 24 ore,,mm,2026-06-21 16:00:00,3.6,46.567936,13.168694,Cason di Lanza
23,58,Prec_48_ore,Precipitazione 48 ore,,mm,2026-06-21 16:00:00,4.0,46.567936,13.168694,Cason di Lanza
23,85,P_1h,Pioggia oraria,,mm,2026-06-21 16:00:00,0.0,46.567936,13.168694,Cason di Lanza
23,48,CAR,Corrente di carica,,mA,2026-06-21 16:00:00,370.0,46.567936,13.168694,Cason di Lanza
23,49,SCAR,Corrente di scarica,,mA,2026-06-21 16:00:00,77.0,46.567936,13.168694,Cason di Lanza
24,24,IDRO,Idrometro,,m,2026-06-21 16:15:00,0.04,46.442183745955,13.57064626968,Cave del Predil Idro
25,85,P_1h,Pioggia oraria,,mm,2026-06-21 16:00:00,0.0,46.456389,13.035886,Cedarchis
25,1,RR,RR,,mm,2026-06-21 16:15:00,0.0,46.456389,13.035886,Cedarchis
25,2,T,Temperatura aria,,°C,2026-06-21 16:15:00,30.7,46.456389,13.035886,Cedarchis
25,24,IDRO,Idrometro,,m,2026-06-21 16:15:00,0.79,46.456389,13.035886,Cedarchis
25,30,P,Pluviometro,,mm,2026-06-21 16:15:00,0.0,46.456389,13.035886,Cedarchis
25,52,Prec_5_min,Precipitazione 5 min,,mm,2026-06-21 16:15:00,0.0,46.456389,13.035886,Cedarchis
25,53,Prec_60_min,Precipitazione 60 min,,mm,2026-06-21 16:15:00,0.0,46.456389,13.035886,Cedarchis
25,54,Prec_3_ore,Precipitazione 3 ore,,mm,2026-06-21 16:15:00,0.0,46.456389,13.035886,Cedarchis
25,55,Prec_6_ore,Precipitazione 6 ore,,mm,2026-06-21 16:15:00,0.0,46.456389,13.035886,Cedarchis
25,56,Prec_12_ore,Precipitazione 12 ore,,mm,2026-06-21 16:15:00,0.0,46.456389,13.035886,Cedarchis
25,57,Prec_24_ore,Precipitazione 24 ore,,mm,2026-06-21 16:15:00,1.2,46.456389,13.035886,Cedarchis
25,58,Prec_48_ore,Precipitazione 48 ore,,mm,2026-06-21 16:15:00,1.2,46.456389,13.035886,Cedarchis
27,24,IDRO,Idrometro,,m,2026-06-21 16:15:00,0.6,46.147997,12.681553,Cellina Vajont
28,1,RR,RR,,mm,2026-06-21 16:00:00,0.0,46.246394,12.471192,Cellino
28,2,T,Temperatura aria,,°C,2026-06-21 16:00:00,26.9,46.246394,12.471192,Cellino
28,3,U,Igrometro,,%,2026-06-21 16:00:00,60.8,46.246394,12.471192,Cellino
28,30,P,Pluviometro,,mm,2026-06-21 16:00:00,0.0,46.246394,12.471192,Cellino
28,52,Prec_5_min,Precipitazione 5 min,,mm,2026-06-21 16:00:00,0.0,46.246394,12.471192,Cellino
28,53,Prec_60_min,Precipitazione 60 min,,mm,2026-06-21 16:00:00,0.0,46.246394,12.471192,Cellino
28,54,Prec_3_ore,Precipitazione 3 ore,,mm,2026-06-21 16:00:00,0.0,46.246394,12.471192,Cellino
28,55,Prec_6_ore,Precipitazione 6 ore,,mm,2026-06-21 16:00:00,0.0,46.246394,12.471192,Cellino
28,56,Prec_12_ore,Precipitazione 12 ore,,mm,2026-06-21 16:00:00,0.0,46.246394,12.471192,Cellino
28,57,Prec_24_ore,Precipitazione 24 ore,,mm,2026-06-21 16:00:00,1.6,46.246394,12.471192,Cellino
28,58,Prec_48_ore,Precipitazione 48 ore,,mm,2026-06-21 16:00:00,17.0,46.246394,12.471192,Cellino
28,85,P_1h,Pioggia oraria,,mm,2026-06-21 16:00:00,0.0,46.246394,12.471192,Cellino
28,48,CAR,Corrente di carica,,mA,2026-06-21 16:00:00,15.0,46.246394,12.471192,Cellino
28,49,SCAR,Corrente di scarica,,mA,2026-06-21 16:00:00,61.0,46.246394,12.471192,Cellino
28,143,STSpluv (RAW),Stato Pluv (RAW),,sts,2026-06-21 16:00:00,0.0,46.246394,12.471192,Cellino
29,85,P_1h,Pioggia oraria,,mm,2026-06-21 16:00:00,0.0,46.055799,13.317992,Cerneglons
29,1,RR,RR,,mm,2026-06-21 16:15:00,0.0,46.055799,13.317992,Cerneglons
29,30,P,Pluviometro,,mm,2026-06-21 16:15:00,0.0,46.055799,13.317992,Cerneglons
29,24,IDRO,Idrometro,,m,2026-06-21 16:15:00,11.36,46.055799,13.317992,Cerneglons
29,52,Prec_5_min,Precipitazione 5 min,,mm,2026-06-21 16:15:00,0.0,46.055799,13.317992,Cerneglons
29,53,Prec_60_min,Precipitazione 60 min,,mm,2026-06-21 16:15:00,0.0,46.055799,13.317992,Cerneglons
29,54,Prec_3_ore,Precipitazione 3 ore,,mm,2026-06-21 16:15:00,0.0,46.055799,13.317992,Cerneglons
29,55,Prec_6_ore,Precipitazione 6 ore,,mm,2026-06-21 16:15:00,0.0,46.055799,13.317992,Cerneglons
29,56,Prec_12_ore,Precipitazione 12 ore,,mm,2026-06-21 16:15:00,0.0,46.055799,13.317992,Cerneglons
29,57,Prec_24_ore,Precipitazione 24 ore,,mm,2026-06-21 16:15:00,0.0,46.055799,13.317992,Cerneglons
29,58,Prec_48_ore,Precipitazione 48 ore,,mm,2026-06-21 16:15:00,0.0,46.055799,13.317992,Cerneglons
30,24,IDRO,Idrometro,,m,2026-06-21 16:15:00,0.13,46.042519,13.310481,Cerneglons T.Torre
31,85,P_1h,Pioggia oraria,,mm,2026-06-21 16:00:00,0.0,46.45213,13.371963,Chiout
31,1,RR,RR,,mm,2026-06-21 16:15:00,0.0,46.45213,13.371963,Chiout
31,2,T,Temperatura aria,,°C,2026-06-21 16:15:00,28.0,46.45213,13.371963,Chiout
31,30,P,Pluviometro,,mm,2026-06-21 16:15:00,0.0,46.45213,13.371963,Chiout
31,52,Prec_5_min,Precipitazione 5 min,,mm,2026-06-21 16:15:00,0.0,46.45213,13.371963,Chiout
31,53,Prec_60_min,Precipitazione 60 min,,mm,2026-06-21 16:15:00,0.0,46.45213,13.371963,Chiout
31,54,Prec_3_ore,Precipitazione 3 ore,,mm,2026-06-21 16:15:00,0.0,46.45213,13.371963,Chiout
31,55,Prec_6_ore,Precipitazione 6 ore,,mm,2026-06-21 16:15:00,0.0,46.45213,13.371963,Chiout
31,56,Prec_12_ore,Precipitazione 12 ore,,mm,2026-06-21 16:15:00,0.2,46.45213,13.371963,Chiout
31,57,Prec_24_ore,Precipitazione 24 ore,,mm,2026-06-21 16:15:00,2.6,46.45213,13.371963,Chiout
31,58,Prec_48_ore,Precipitazione 48 ore,,mm,2026-06-21 16:15:00,2.6,46.45213,13.371963,Chiout
31,3,U,Igrometro,,%,2026-06-21 16:15:00,46.0,46.45213,13.371963,Chiout
31,48,CAR,Corrente di carica,,mA,2026-06-21 16:15:00,185.0,46.45213,13.371963,Chiout
31,49,SCAR,Corrente di scarica,,mA,2026-06-21 16:15:00,122.0,46.45213,13.371963,Chiout
31,143,STSpluv (RAW),Stato Pluv (RAW),,sts,2026-06-21 16:15:00,1.0,46.45213,13.371963,Chiout
32,85,P_1h,Pioggia oraria,,mm,2026-06-21 16:00:00,0.0,46.40467,13.317505,Chiusaforte
32,1,RR,RR,,mm,2026-06-21 16:15:00,0.0,46.40467,13.317505,Chiusaforte
32,2,T,Temperatura aria,,°C,2026-06-21 16:15:00,29.2,46.40467,13.317505,Chiusaforte
32,24,IDRO,Idrometro,,m,2026-06-21 16:15:00,-0.02,46.40467,13.317505,Chiusaforte
32,30,P,Pluviometro,,mm,2026-06-21 16:15:00,0.0,46.40467,13.317505,Chiusaforte
32,52,Prec_5_min,Precipitazione 5 min,,mm,2026-06-21 16:15:00,0.0,46.40467,13.317505,Chiusaforte
32,53,Prec_60_min,Precipitazione 60 min,,mm,2026-06-21 16:15:00,0.0,46.40467,13.317505,Chiusaforte
32,54,Prec_3_ore,Precipitazione 3 ore,,mm,2026-06-21 16:15:00,0.0,46.40467,13.317505,Chiusaforte
32,55,Prec_6_ore,Precipitazione 6 ore,,mm,2026-06-21 16:15:00,0.0,46.40467,13.317505,Chiusaforte
32,56,Prec_12_ore,Precipitazione 12 ore,,mm,2026-06-21 16:15:00,0.0,46.40467,13.317505,Chiusaforte
32,57,Prec_24_ore,Precipitazione 24 ore,,mm,2026-06-21 16:15:00,1.6,46.40467,13.317505,Chiusaforte
32,58,Prec_48_ore,Precipitazione 48 ore,,mm,2026-06-21 16:15:00,1.6,46.40467,13.317505,Chiusaforte
32,48,CAR,Corrente di carica,,mA,2026-06-21 16:15:00,149.0,46.40467,13.317505,Chiusaforte
32,49,SCAR,Corrente di scarica,,mA,2026-06-21 16:15:00,89.0,46.40467,13.317505,Chiusaforte
32,143,STSpluv (RAW),Stato Pluv (RAW),,sts,2026-06-21 16:15:00,0.0,46.40467,13.317505,Chiusaforte
32,3,U,Igrometro,,%,2026-06-21 16:15:00,51.5,46.40467,13.317505,Chiusaforte
33,85,P_1h,Pioggia oraria,,mm,2026-06-21 16:00:00,0.0,46.225803,12.795091,Cilia
33,1,RR,RR,,mm,2026-06-21 16:15:00,0.0,46.225803,12.795091,Cilia
33,2,T,Temperatura aria,,°C,2026-06-21 16:15:00,28.4,46.225803,12.795091,Cilia
33,3,U,Igrometro,,%,2026-06-21 16:15:00,51.9,46.225803,12.795091,Cilia
33,30,P,Pluviometro,,mm,2026-06-21 16:15:00,0.0,46.225803,12.795091,Cilia
33,52,Prec_5_min,Precipitazione 5 min,,mm,2026-06-21 16:15:00,0.0,46.225803,12.795091,Cilia
33,53,Prec_60_min,Precipitazione 60 min,,mm,2026-06-21 16:15:00,0.0,46.225803,12.795091,Cilia
33,54,Prec_3_ore,Precipitazione 3 ore,,mm,2026-06-21 16:15:00,0.0,46.225803,12.795091,Cilia
33,55,Prec_6_ore,Precipitazione 6 ore,,mm,2026-06-21 16:15:00,0.0,46.225803,12.795091,Cilia
33,56,Prec_12_ore,Precipitazione 12 ore,,mm,2026-06-21 16:15:00,0.0,46.225803,12.795091,Cilia
33,57,Prec_24_ore,Precipitazione 24 ore,,mm,2026-06-21 16:15:00,1.2,46.225803,12.795091,Cilia
33,58,Prec_48_ore,Precipitazione 48 ore,,mm,2026-06-21 16:15:00,1.2,46.225803,12.795091,Cilia
33,5,Dv,Direzione vento,,°N,2026-06-21 16:15:00,349.0,46.225803,12.795091,Cilia
33,6,Vv,Velocità vento,,m/s,2026-06-21 16:15:00,0.5,46.225803,12.795091,Cilia
33,7,VvMax,Velocità vento massima,,m/s,2026-06-21 16:15:00,1.4,46.225803,12.795091,Cilia
33,8,DvMax,Direzione vento della velocità massima,,°N,2026-06-21 16:15:00,316.0,46.225803,12.795091,Cilia
33,32,DvVett,Direzione vento vettoriale,,°N,2026-06-21 16:15:00,346.0,46.225803,12.795091,Cilia
33,33,VvVett,Velocità vento vettoriale,,m/s,2026-06-21 16:15:00,0.4,46.225803,12.795091,Cilia
33,144,T-5,Temperatura -5,,°C,2026-06-21 16:15:00,25.0,46.225803,12.795091,Cilia
33,21,T-10,Temperatura -10,,°C,2026-06-21 16:15:00,24.1,46.225803,12.795091,Cilia
33,145,T-20,Temperatura -20,,°C,2026-06-21 16:15:00,22.5,46.225803,12.795091,Cilia
33,146,T-30,Temperatura -30,,°C,2026-06-21 16:15:00,21.6,46.225803,12.795091,Cilia
33,147,T-40,Temperatura -40,,°C,2026-06-21 16:15:00,20.9,46.225803,12.795091,Cilia
33,148,T-50,Temperatura -50,,°C,2026-06-21 16:15:00,20.3,46.225803,12.795091,Cilia
33,149,Us-5,Umidità suolo -5cm,,%VOL,2026-06-21 16:15:00,15.0,46.225803,12.795091,Cilia
33,38,Us-10,Umidità suolo -10cm,,%VOL,2026-06-21 16:15:00,13.0,46.225803,12.795091,Cilia
33,39,Us-20,Umidità suolo -20cm,,%VOL,2026-06-21 16:15:00,27.0,46.225803,12.795091,Cilia
33,40,Us-40,Umidità suolo -40cm,,%VOL,2026-06-21 16:15:00,33.0,46.225803,12.795091,Cilia
33,48,CAR,Corrente di carica,,mA,2026-06-21 16:15:00,0.0,46.225803,12.795091,Cilia
33,143,STSpluv (RAW),Stato Pluv (RAW),,sts,2026-06-21 16:15:00,0.0,46.225803,12.795091,Cilia
33,49,SCAR,Corrente di scarica,,mA,2026-06-21 16:15:00,153.0,46.225803,12.795091,Cilia
33,150,Us-30,Umidità suolo -30cm,,%VOL,2026-06-21 16:15:00,40.0,46.225803,12.795091,Cilia
33,151,Us-50,Umidità suolo -50cm,,%VOL,2026-06-21 16:15:00,43.0,46.225803,12.795091,Cilia
34,85,P_1h,Pioggia oraria,,mm,2026-06-21 16:00:00,0.0,46.285646,12.440843,Cimolais
34,1,RR,RR,,mm,2026-06-21 16:30:00,0.0,46.285646,12.440843,Cimolais
34,2,T,Temperatura aria,,°C,2026-06-21 16:30:00,24.1,46.285646,12.440843,Cimolais
34,23,NIVO,Nivometro,,cm,2026-06-21 16:30:00,0.0,46.285646,12.440843,Cimolais
34,24,IDRO,Idrometro,,m,2026-06-21 16:30:00,0.21,46.285646,12.440843,Cimolais
34,30,P,Pluviometro,,mm,2026-06-21 16:30:00,0.0,46.285646,12.440843,Cimolais
34,52,Prec_5_min,Precipitazione 5 min,,mm,2026-06-21 16:30:00,0.0,46.285646,12.440843,Cimolais
34,53,Prec_60_min,Precipitazione 60 min,,mm,2026-06-21 16:30:00,0.0,46.285646,12.440843,Cimolais
34,54,Prec_3_ore,Precipitazione 3 ore,,mm,2026-06-21 16:30:00,0.0,46.285646,12.440843,Cimolais
34,55,Prec_6_ore,Precipitazione 6 ore,,mm,2026-06-21 16:30:00,0.0,46.285646,12.440843,Cimolais
34,56,Prec_12_ore,Precipitazione 12 ore,,mm,2026-06-21 16:30:00,0.0,46.285646,12.440843,Cimolais
34,57,Prec_24_ore,Precipitazione 24 ore,,mm,2026-06-21 16:30:00,0.8,46.285646,12.440843,Cimolais
34,58,Prec_48_ore,Precipitazione 48 ore,,mm,2026-06-21 16:30:00,2.6,46.285646,12.440843,Cimolais
34,48,CAR,Corrente di carica,,mA,2026-06-21 16:30:00,0.0,46.285646,12.440843,Cimolais
34,49,SCAR,Corrente di scarica,,mA,2026-06-21 16:30:00,67.0,46.285646,12.440843,Cimolais
34,143,STSpluv (RAW),Stato Pluv (RAW),,sts,2026-06-21 16:30:00,0.0,46.285646,12.440843,Cimolais
35,24,IDRO,Idrometro,,m,2026-06-21 16:15:00,0.11,46.091179,13.430171,Cividale idro
35,27,Q_1,Portata_1,,mc/s,2026-06-21 16:15:00,1.9,46.091179,13.430171,Cividale idro
36,85,P_1h,Pioggia oraria,,mm,2026-06-21 16:00:00,0.0,46.096666,13.41823,Cividale T. P.
36,1,RR,RR,,mm,2026-06-21 16:15:00,0.0,46.096666,13.41823,Cividale T. P.
36,2,T,Temperatura aria,,°C,2026-06-21 16:15:00,34.6,46.096666,13.41823,Cividale T. P.
36,3,U,Igrometro,,%,2026-06-21 16:15:00,37.9,46.096666,13.41823,Cividale T. P.
36,5,Dv,Direzione vento,,°N,2026-06-21 16:15:00,255.0,46.096666,13.41823,Cividale T. P.
36,6,Vv,Velocità vento,,m/s,2026-06-21 16:15:00,2.0,46.096666,13.41823,Cividale T. P.
36,7,VvMax,Velocità vento massima,,m/s,2026-06-21 16:15:00,4.4,46.096666,13.41823,Cividale T. P.
36,8,DvMax,Direzione vento della velocità massima,,°N,2026-06-21 16:15:00,231.0,46.096666,13.41823,Cividale T. P.
36,17,B,Barometro,,hPa,2026-06-21 16:15:00,1004.5,46.096666,13.41823,Cividale T. P.
36,18,RG,Radiazione globale,,W/m2,2026-06-21 16:15:00,415.6,46.096666,13.41823,Cividale T. P.
36,30,P,Pluviometro,,mm,2026-06-21 16:15:00,0.0,46.096666,13.41823,Cividale T. P.
36,32,DvVett,Direzione vento vettoriale,,°N,2026-06-21 16:15:00,266.0,46.096666,13.41823,Cividale T. P.
36,33,VvVett,Velocità vento vettoriale,,m/s,2026-06-21 16:15:00,2.6,46.096666,13.41823,Cividale T. P.
36,52,Prec_5_min,Precipitazione 5 min,,mm,2026-06-21 16:15:00,0.0,46.096666,13.41823,Cividale T. P.
36,53,Prec_60_min,Precipitazione 60 min,,mm,2026-06-21 16:15:00,0.0,46.096666,13.41823,Cividale T. P.
36,54,Prec_3_ore,Precipitazione 3 ore,,mm,2026-06-21 16:15:00,0.0,46.096666,13.41823,Cividale T. P.
36,55,Prec_6_ore,Precipitazione 6 ore,,mm,2026-06-21 16:15:00,0.0,46.096666,13.41823,Cividale T. P.
36,56,Prec_12_ore,Precipitazione 12 ore,,mm,2026-06-21 16:15:00,0.0,46.096666,13.41823,Cividale T. P.
36,57,Prec_24_ore,Precipitazione 24 ore,,mm,2026-06-21 16:15:00,0.0,46.096666,13.41823,Cividale T. P.
36,58,Prec_48_ore,Precipitazione 48 ore,,mm,2026-06-21 16:15:00,0.0,46.096666,13.41823,Cividale T. P.
36,48,CAR,Corrente di carica,,mA,2026-06-21 16:15:00,122.0,46.096666,13.41823,Cividale T. P.
36,49,SCAR,Corrente di scarica,,mA,2026-06-21 16:15:00,108.0,46.096666,13.41823,Cividale T. P.
37,85,P_1h,Pioggia oraria,,mm,2026-06-21 16:00:00,0.0,46.229907,12.917954,Clauzetto
37,1,RR,RR,,mm,2026-06-21 16:15:00,0.0,46.229907,12.917954,Clauzetto
37,2,T,Temperatura aria,,°C,2026-06-21 16:15:00,29.9,46.229907,12.917954,Clauzetto
37,3,U,Igrometro,,%,2026-06-21 16:15:00,42.2,46.229907,12.917954,Clauzetto
37,30,P,Pluviometro,,mm,2026-06-21 16:15:00,0.0,46.229907,12.917954,Clauzetto
37,52,Prec_5_min,Precipitazione 5 min,,mm,2026-06-21 16:15:00,0.0,46.229907,12.917954,Clauzetto
37,53,Prec_60_min,Precipitazione 60 min,,mm,2026-06-21 16:15:00,0.0,46.229907,12.917954,Clauzetto
37,54,Prec_3_ore,Precipitazione 3 ore,,mm,2026-06-21 16:15:00,0.0,46.229907,12.917954,Clauzetto
37,55,Prec_6_ore,Precipitazione 6 ore,,mm,2026-06-21 16:15:00,0.0,46.229907,12.917954,Clauzetto
37,56,Prec_12_ore,Precipitazione 12 ore,,mm,2026-06-21 16:15:00,0.0,46.229907,12.917954,Clauzetto
37,57,Prec_24_ore,Precipitazione 24 ore,,mm,2026-06-21 16:15:00,1.2,46.229907,12.917954,Clauzetto
37,58,Prec_48_ore,Precipitazione 48 ore,,mm,2026-06-21 16:15:00,1.2,46.229907,12.917954,Clauzetto
37,144,T-5,Temperatura -5,,°C,2026-06-21 16:15:00,29.3,46.229907,12.917954,Clauzetto
37,21,T-10,Temperatura -10,,°C,2026-06-21 16:15:00,27.7,46.229907,12.917954,Clauzetto
37,145,T-20,Temperatura -20,,°C,2026-06-21 16:15:00,24.5,46.229907,12.917954,Clauzetto
37,146,T-30,Temperatura -30,,°C,2026-06-21 16:15:00,22.7,46.229907,12.917954,Clauzetto
37,147,T-40,Temperatura -40,,°C,2026-06-21 16:15:00,21.4,46.229907,12.917954,Clauzetto
37,148,T-50,Temperatura -50,,°C,2026-06-21 16:15:00,20.5,46.229907,12.917954,Clauzetto
37,149,Us-5,Umidità suolo -5cm,,%VOL,2026-06-21 16:15:00,0.0,46.229907,12.917954,Clauzetto
37,38,Us-10,Umidità suolo -10cm,,%VOL,2026-06-21 16:15:00,6.0,46.229907,12.917954,Clauzetto
37,39,Us-20,Umidità suolo -20cm,,%VOL,2026-06-21 16:15:00,15.0,46.229907,12.917954,Clauzetto
37,40,Us-40,Umidità suolo -40cm,,%VOL,2026-06-21 16:15:00,30.0,46.229907,12.917954,Clauzetto
37,48,CAR,Corrente di carica,,mA,2026-06-21 16:15:00,64.0,46.229907,12.917954,Clauzetto
37,49,SCAR,Corrente di scarica,,mA,2026-06-21 16:15:00,146.0,46.229907,12.917954,Clauzetto
37,150,Us-30,Umidità suolo -30cm,,%VOL,2026-06-21 16:15:00,26.0,46.229907,12.917954,Clauzetto
37,151,Us-50,Umidità suolo -50cm,,%VOL,2026-06-21 16:15:00,29.0,46.229907,12.917954,Clauzetto
37,143,STSpluv (RAW),Stato Pluv (RAW),,sts,2026-06-21 16:15:00,0.0,46.229907,12.917954,Clauzetto
39,24,IDRO,Idrometro,,m,2026-06-21 16:15:00,0.63,45.956636,12.992555,Codroipo
40,2,T,Temperatura aria,,°C,2026-06-21 16:15:00,22.9,46.055336,12.462044,Col della Gallina meteo
40,5,Dv,Direzione vento,,°N,2026-06-21 16:15:00,358.0,46.055336,12.462044,Col della Gallina meteo
40,6,Vv,Velocità vento,,m/s,2026-06-21 16:15:00,2.7,46.055336,12.462044,Col della Gallina meteo
40,7,VvMax,Velocità vento massima,,m/s,2026-06-21 16:15:00,5.5,46.055336,12.462044,Col della Gallina meteo
40,8,DvMax,Direzione vento della velocità massima,,°N,2026-06-21 16:15:00,327.0,46.055336,12.462044,Col della Gallina meteo
40,32,DvVett,Direzione vento vettoriale,,°N,2026-06-21 16:15:00,300.0,46.055336,12.462044,Col della Gallina meteo
40,33,VvVett,Velocità vento vettoriale,,m/s,2026-06-21 16:15:00,2.2,46.055336,12.462044,Col della Gallina meteo
41,85,P_1h,Pioggia oraria,,mm,2026-06-21 16:00:00,0.0,46.19208,13.203442,Collalto borgo di sotto
41,1,RR,RR,,mm,2026-06-21 16:15:00,0.0,46.19208,13.203442,Collalto borgo di sotto
41,30,P,Pluviometro,,mm,2026-06-21 16:15:00,0.0,46.19208,13.203442,Collalto borgo di sotto
41,52,Prec_5_min,Precipitazione 5 min,,mm,2026-06-21 16:15:00,0.0,46.19208,13.203442,Collalto borgo di sotto
41,53,Prec_60_min,Precipitazione 60 min,,mm,2026-06-21 16:15:00,0.0,46.19208,13.203442,Collalto borgo di sotto
41,54,Prec_3_ore,Precipitazione 3 ore,,mm,2026-06-21 16:15:00,0.0,46.19208,13.203442,Collalto borgo di sotto
41,55,Prec_6_ore,Precipitazione 6 ore,,mm,2026-06-21 16:15:00,0.0,46.19208,13.203442,Collalto borgo di sotto
41,56,Prec_12_ore,Precipitazione 12 ore,,mm,2026-06-21 16:15:00,0.0,46.19208,13.203442,Collalto borgo di sotto
41,57,Prec_24_ore,Precipitazione 24 ore,,mm,2026-06-21 16:15:00,0.0,46.19208,13.203442,Collalto borgo di sotto
41,58,Prec_48_ore,Precipitazione 48 ore,,mm,2026-06-21 16:15:00,0.0,46.19208,13.203442,Collalto borgo di sotto
41,2,T,Temperatura aria,,°C,2026-06-21 16:15:00,33.0,46.19208,13.203442,Collalto borgo di sotto
41,3,U,Igrometro,,%,2026-06-21 16:15:00,37.4,46.19208,13.203442,Collalto borgo di sotto
41,48,CAR,Corrente di carica,,mA,2026-06-21 16:15:00,9.0,46.19208,13.203442,Collalto borgo di sotto
41,49,SCAR,Corrente di scarica,,mA,2026-06-21 16:15:00,95.0,46.19208,13.203442,Collalto borgo di sotto
41,143,STSpluv (RAW),Stato Pluv (RAW),,sts,2026-06-21 16:15:00,0.0,46.19208,13.203442,Collalto borgo di sotto
42,1,RR,RR,,mm,2026-06-21 16:00:00,0.0,46.585563,12.839013,Collina
42,2,T,Temperatura aria,,°C,2026-06-21 16:00:00,24.4,46.585563,12.839013,Collina
42,30,P,Pluviometro,,mm,2026-06-21 16:00:00,0.0,46.585563,12.839013,Collina
42,48,CAR,Corrente di carica,,mA,2026-06-21 16:00:00,37.0,46.585563,12.839013,Collina
42,49,SCAR,Corrente di scarica,,mA,2026-06-21 16:00:00,51.0,46.585563,12.839013,Collina
42,52,Prec_5_min,Precipitazione 5 min,,mm,2026-06-21 16:00:00,0.0,46.585563,12.839013,Collina
42,53,Prec_60_min,Precipitazione 60 min,,mm,2026-06-21 16:00:00,0.0,46.585563,12.839013,Collina
42,54,Prec_3_ore,Precipitazione 3 ore,,mm,2026-06-21 16:00:00,0.0,46.585563,12.839013,Collina
42,55,Prec_6_ore,Precipitazione 6 ore,,mm,2026-06-21 16:00:00,0.0,46.585563,12.839013,Collina
42,56,Prec_12_ore,Precipitazione 12 ore,,mm,2026-06-21 16:00:00,0.0,46.585563,12.839013,Collina
42,57,Prec_24_ore,Precipitazione 24 ore,,mm,2026-06-21 16:00:00,2.2,46.585563,12.839013,Collina
42,58,Prec_48_ore,Precipitazione 48 ore,,mm,2026-06-21 16:00:00,8.8,46.585563,12.839013,Collina
42,85,P_1h,Pioggia oraria,,mm,2026-06-21 16:00:00,0.0,46.585563,12.839013,Collina
43,85,P_1h,Pioggia oraria,,mm,2026-06-21 16:00:00,0.0,46.057162,13.139608,Colloredo di Prato
43,1,RR,RR,,mm,2026-06-21 16:15:00,0.0,46.057162,13.139608,Colloredo di Prato
43,2,T,Temperatura aria,,°C,2026-06-21 16:15:00,34.1,46.057162,13.139608,Colloredo di Prato
43,3,U,Igrometro,,%,2026-06-21 16:15:00,33.6,46.057162,13.139608,Colloredo di Prato
43,30,P,Pluviometro,,mm,2026-06-21 16:15:00,0.0,46.057162,13.139608,Colloredo di Prato
43,52,Prec_5_min,Precipitazione 5 min,,mm,2026-06-21 16:15:00,0.0,46.057162,13.139608,Colloredo di Prato
43,53,Prec_60_min,Precipitazione 60 min,,mm,2026-06-21 16:15:00,0.0,46.057162,13.139608,Colloredo di Prato
43,54,Prec_3_ore,Precipitazione 3 ore,,mm,2026-06-21 16:15:00,0.0,46.057162,13.139608,Colloredo di Prato
43,55,Prec_6_ore,Precipitazione 6 ore,,mm,2026-06-21 16:15:00,0.0,46.057162,13.139608,Colloredo di Prato
43,56,Prec_12_ore,Precipitazione 12 ore,,mm,2026-06-21 16:15:00,0.0,46.057162,13.139608,Colloredo di Prato
43,57,Prec_24_ore,Precipitazione 24 ore,,mm,2026-06-21 16:15:00,0.0,46.057162,13.139608,Colloredo di Prato
43,58,Prec_48_ore,Precipitazione 48 ore,,mm,2026-06-21 16:15:00,0.0,46.057162,13.139608,Colloredo di Prato
43,48,CAR,Corrente di carica,,mA,2026-06-21 16:15:00,148.0,46.057162,13.139608,Colloredo di Prato
43,49,SCAR,Corrente di scarica,,mA,2026-06-21 16:15:00,83.0,46.057162,13.139608,Colloredo di Prato
43,143,STSpluv (RAW),Stato Pluv (RAW),,sts,2026-06-21 16:15:00,0.0,46.057162,13.139608,Colloredo di Prato
44,85,P_1h,Pioggia oraria,,mm,2026-06-21 16:00:00,0.0,46.166856,13.146103,Colloredo M. A.
44,1,RR,RR,,mm,2026-06-21 16:15:00,0.0,46.166856,13.146103,Colloredo M. A.
44,30,P,Pluviometro,,mm,2026-06-21 16:15:00,0.0,46.166856,13.146103,Colloredo M. A.
44,52,Prec_5_min,Precipitazione 5 min,,mm,2026-06-21 16:15:00,0.0,46.166856,13.146103,Colloredo M. A.
44,53,Prec_60_min,Precipitazione 60 min,,mm,2026-06-21 16:15:00,0.0,46.166856,13.146103,Colloredo M. A.
44,54,Prec_3_ore,Precipitazione 3 ore,,mm,2026-06-21 16:15:00,0.0,46.166856,13.146103,Colloredo M. A.
44,55,Prec_6_ore,Precipitazione 6 ore,,mm,2026-06-21 16:15:00,0.0,46.166856,13.146103,Colloredo M. A.
44,56,Prec_12_ore,Precipitazione 12 ore,,mm,2026-06-21 16:15:00,0.0,46.166856,13.146103,Colloredo M. A.
44,57,Prec_24_ore,Precipitazione 24 ore,,mm,2026-06-21 16:15:00,0.0,46.166856,13.146103,Colloredo M. A.
44,58,Prec_48_ore,Precipitazione 48 ore,,mm,2026-06-21 16:15:00,0.0,46.166856,13.146103,Colloredo M. A.
45,24,IDRO,Idrometro,,m,2026-06-21 16:15:00,0.62,46.09271,13.192559,Colugna
47,85,P_1h,Pioggia oraria,,mm,2026-06-21 16:00:00,0.0,46.009192,12.700403,Cordenons
47,1,RR,RR,,mm,2026-06-21 16:30:00,0.0,46.009192,12.700403,Cordenons
47,2,T,Temperatura aria,,°C,2026-06-21 16:30:00,33.7,46.009192,12.700403,Cordenons
47,3,U,Igrometro,,%,2026-06-21 16:30:00,41.7,46.009192,12.700403,Cordenons
47,5,Dv,Direzione vento,,°N,2026-06-21 16:30:00,228.0,46.009192,12.700403,Cordenons
47,6,Vv,Velocità vento,,m/s,2026-06-21 16:30:00,1.9,46.009192,12.700403,Cordenons
47,7,VvMax,Velocità vento massima,,m/s,2026-06-21 16:30:00,4.2,46.009192,12.700403,Cordenons
47,8,DvMax,Direzione vento della velocità massima,,°N,2026-06-21 16:30:00,211.0,46.009192,12.700403,Cordenons
47,17,B,Barometro,,hPa,2026-06-21 16:30:00,1011.0,46.009192,12.700403,Cordenons
47,18,RG,Radiazione globale,,W/m2,2026-06-21 16:30:00,335.7,46.009192,12.700403,Cordenons
47,30,P,Pluviometro,,mm,2026-06-21 16:30:00,0.0,46.009192,12.700403,Cordenons
47,32,DvVett,Direzione vento vettoriale,,°N,2026-06-21 16:30:00,226.0,46.009192,12.700403,Cordenons
47,33,VvVett,Velocità vento vettoriale,,m/s,2026-06-21 16:30:00,2.5,46.009192,12.700403,Cordenons
47,52,Prec_5_min,Precipitazione 5 min,,mm,2026-06-21 16:30:00,0.0,46.009192,12.700403,Cordenons
47,53,Prec_60_min,Precipitazione 60 min,,mm,2026-06-21 16:30:00,0.0,46.009192,12.700403,Cordenons
47,54,Prec_3_ore,Precipitazione 3 ore,,mm,2026-06-21 16:30:00,0.0,46.009192,12.700403,Cordenons
47,55,Prec_6_ore,Precipitazione 6 ore,,mm,2026-06-21 16:30:00,0.0,46.009192,12.700403,Cordenons
47,56,Prec_12_ore,Precipitazione 12 ore,,mm,2026-06-21 16:30:00,0.0,46.009192,12.700403,Cordenons
47,57,Prec_24_ore,Precipitazione 24 ore,,mm,2026-06-21 16:30:00,10.2,46.009192,12.700403,Cordenons
47,58,Prec_48_ore,Precipitazione 48 ore,,mm,2026-06-21 16:30:00,10.2,46.009192,12.700403,Cordenons
47,48,CAR,Corrente di carica,,mA,2026-06-21 16:30:00,137.0,46.009192,12.700403,Cordenons
47,49,SCAR,Corrente di scarica,,mA,2026-06-21 16:30:00,67.0,46.009192,12.700403,Cordenons
47,143,STSpluv (RAW),Stato Pluv (RAW),,sts,2026-06-21 16:30:00,0.0,46.009192,12.700403,Cordenons
48,1,RR,RR,,mm,2026-06-21 16:00:00,0.0,45.976776,13.453358,Cormons
48,2,T,Temperatura aria,,°C,2026-06-21 16:00:00,36.0,45.976776,13.453358,Cormons
48,3,U,Igrometro,,%,2026-06-21 16:00:00,31.5,45.976776,13.453358,Cormons
48,5,Dv,Direzione vento,,°N,2026-06-21 16:00:00,266.0,45.976776,13.453358,Cormons
48,6,Vv,Velocità vento,,m/s,2026-06-21 16:00:00,1.5,45.976776,13.453358,Cormons
48,7,VvMax,Velocità vento massima,,m/s,2026-06-21 16:00:00,3.2,45.976776,13.453358,Cormons
48,8,DvMax,Direzione vento della velocità massima,,°N,2026-06-21 16:00:00,273.0,45.976776,13.453358,Cormons
48,17,B,Barometro,,hPa,2026-06-21 16:00:00,1012.4,45.976776,13.453358,Cormons
48,18,RG,Radiazione globale,,W/m2,2026-06-21 16:00:00,405.1,45.976776,13.453358,Cormons
48,30,P,Pluviometro,,mm,2026-06-21 16:00:00,0.0,45.976776,13.453358,Cormons
48,32,DvVett,Direzione vento vettoriale,,°N,2026-06-21 16:00:00,268.0,45.976776,13.453358,Cormons
48,33,VvVett,Velocità vento vettoriale,,m/s,2026-06-21 16:00:00,1.0,45.976776,13.453358,Cormons
48,52,Prec_5_min,Precipitazione 5 min,,mm,2026-06-21 16:00:00,0.0,45.976776,13.453358,Cormons
48,53,Prec_60_min,Precipitazione 60 min,,mm,2026-06-21 16:00:00,0.0,45.976776,13.453358,Cormons
48,54,Prec_3_ore,Precipitazione 3 ore,,mm,2026-06-21 16:00:00,0.0,45.976776,13.453358,Cormons
48,55,Prec_6_ore,Precipitazione 6 ore,,mm,2026-06-21 16:00:00,0.0,45.976776,13.453358,Cormons
48,56,Prec_12_ore,Precipitazione 12 ore,,mm,2026-06-21 16:00:00,0.0,45.976776,13.453358,Cormons
48,57,Prec_24_ore,Precipitazione 24 ore,,mm,2026-06-21 16:00:00,0.0,45.976776,13.453358,Cormons
48,58,Prec_48_ore,Precipitazione 48 ore,,mm,2026-06-21 16:00:00,0.0,45.976776,13.453358,Cormons
48,4,BF,Bagnatura fogliare,,min,2026-06-21 16:00:00,0.0,45.976776,13.453358,Cormons
48,85,P_1h,Pioggia oraria,,mm,2026-06-21 16:00:00,0.0,45.976776,13.453358,Cormons
48,48,CAR,Corrente di carica,,mA,2026-06-21 16:00:00,222.0,45.976776,13.453358,Cormons
48,49,SCAR,Corrente di scarica,,mA,2026-06-21 16:00:00,105.0,45.976776,13.453358,Cormons
49,24,IDRO,Idrometro,,m,2026-06-21 16:00:00,0.06,46.01576,13.44556,Corno di Rosazzo
50,24,IDRO,Idrometro,,m,2026-06-21 16:15:00,0.22,46.085097,13.026109,Coseano
51,24,IDRO,Idrometro,,m,2026-06-21 16:00:00,1.73,46.084672,12.930306,Dignano
52,85,P_1h,Pioggia oraria,,mm,2026-06-21 16:00:00,0.0,45.842959,13.547246,Doberdò
52,1,RR,RR,,mm,2026-06-21 16:15:00,0.0,45.842959,13.547246,Doberdò
52,2,T,Temperatura aria,,°C,2026-06-21 16:15:00,30.2,45.842959,13.547246,Doberdò
52,3,U,Igrometro,,%,2026-06-21 16:15:00,60.6,45.842959,13.547246,Doberdò
52,5,Dv,Direzione vento,,°N,2026-06-21 16:15:00,136.0,45.842959,13.547246,Doberdò
52,6,Vv,Velocità vento,,m/s,2026-06-21 16:15:00,2.9,45.842959,13.547246,Doberdò
52,7,VvMax,Velocità vento massima,,m/s,2026-06-21 16:15:00,4.9,45.842959,13.547246,Doberdò
52,8,DvMax,Direzione vento della velocità massima,,°N,2026-06-21 16:15:00,140.0,45.842959,13.547246,Doberdò
52,30,P,Pluviometro,,mm,2026-06-21 16:15:00,0.0,45.842959,13.547246,Doberdò
52,32,DvVett,Direzione vento vettoriale,,°N,2026-06-21 16:15:00,151.0,45.842959,13.547246,Doberdò
52,33,VvVett,Velocità vento vettoriale,,m/s,2026-06-21 16:15:00,3.1,45.842959,13.547246,Doberdò
52,52,Prec_5_min,Precipitazione 5 min,,mm,2026-06-21 16:15:00,0.0,45.842959,13.547246,Doberdò
52,53,Prec_60_min,Precipitazione 60 min,,mm,2026-06-21 16:15:00,0.0,45.842959,13.547246,Doberdò
52,54,Prec_3_ore,Precipitazione 3 ore,,mm,2026-06-21 16:15:00,0.0,45.842959,13.547246,Doberdò
52,55,Prec_6_ore,Precipitazione 6 ore,,mm,2026-06-21 16:15:00,0.0,45.842959,13.547246,Doberdò
52,56,Prec_12_ore,Precipitazione 12 ore,,mm,2026-06-21 16:15:00,0.0,45.842959,13.547246,Doberdò
52,57,Prec_24_ore,Precipitazione 24 ore,,mm,2026-06-21 16:15:00,0.0,45.842959,13.547246,Doberdò
52,58,Prec_48_ore,Precipitazione 48 ore,,mm,2026-06-21 16:15:00,0.0,45.842959,13.547246,Doberdò
52,48,CAR,Corrente di carica,,mA,2026-06-21 16:15:00,296.0,45.842959,13.547246,Doberdò
52,49,SCAR,Corrente di scarica,,mA,2026-06-21 16:15:00,113.0,45.842959,13.547246,Doberdò
52,143,STSpluv (RAW),Stato Pluv (RAW),,sts,2026-06-21 16:15:00,0.0,45.842959,13.547246,Doberdò
53,24,IDRO,Idrometro,,m,2026-06-21 16:15:00,-1.34,46.442496,13.312559,Dogna
54,85,P_1h,Pioggia oraria,,mm,2026-06-21 16:00:00,2.4,46.277792,12.370662,Erto e Casso
54,1,RR,RR,,mm,2026-06-21 16:15:00,0.2,46.277792,12.370662,Erto e Casso
54,2,T,Temperatura aria,,°C,2026-06-21 16:15:00,21.2,46.277792,12.370662,Erto e Casso
54,3,U,Igrometro,,%,2026-06-21 16:15:00,78.4,46.277792,12.370662,Erto e Casso
54,5,Dv,Direzione vento,,°N,2026-06-21 16:15:00,160.0,46.277792,12.370662,Erto e Casso
54,6,Vv,Velocità vento,,m/s,2026-06-21 16:15:00,1.3,46.277792,12.370662,Erto e Casso
54,7,VvMax,Velocità vento massima,,m/s,2026-06-21 16:15:00,6.2,46.277792,12.370662,Erto e Casso
54,8,DvMax,Direzione vento della velocità massima,,°N,2026-06-21 16:15:00,249.0,46.277792,12.370662,Erto e Casso
54,17,B,Barometro,,hPa,2026-06-21 16:15:00,921.9,46.277792,12.370662,Erto e Casso
54,18,RG,Radiazione globale,,W/m2,2026-06-21 16:15:00,34.1,46.277792,12.370662,Erto e Casso
54,23,NIVO,Nivometro,,cm,2026-06-21 16:15:00,0.0,46.277792,12.370662,Erto e Casso
54,30,P,Pluviometro,,mm,2026-06-21 16:15:00,0.200000000000045,46.277792,12.370662,Erto e Casso
54,32,DvVett,Direzione vento vettoriale,,°N,2026-06-21 16:15:00,290.0,46.277792,12.370662,Erto e Casso
54,33,VvVett,Velocità vento vettoriale,,m/s,2026-06-21 16:15:00,2.3,46.277792,12.370662,Erto e Casso
54,52,Prec_5_min,Precipitazione 5 min,,mm,2026-06-21 16:15:00,0.24,46.277792,12.370662,Erto e Casso
54,53,Prec_60_min,Precipitazione 60 min,,mm,2026-06-21 16:15:00,2.6,46.277792,12.370662,Erto e Casso
54,54,Prec_3_ore,Precipitazione 3 ore,,mm,2026-06-21 16:15:00,2.6,46.277792,12.370662,Erto e Casso
54,55,Prec_6_ore,Precipitazione 6 ore,,mm,2026-06-21 16:15:00,2.6,46.277792,12.370662,Erto e Casso
54,56,Prec_12_ore,Precipitazione 12 ore,,mm,2026-06-21 16:15:00,2.6,46.277792,12.370662,Erto e Casso
54,57,Prec_24_ore,Precipitazione 24 ore,,mm,2026-06-21 16:15:00,6.53333333333333,46.277792,12.370662,Erto e Casso
54,58,Prec_48_ore,Precipitazione 48 ore,,mm,2026-06-21 16:15:00,6.6,46.277792,12.370662,Erto e Casso
54,48,CAR,Corrente di carica,,mA,2026-06-21 16:15:00,46.0,46.277792,12.370662,Erto e Casso
54,49,SCAR,Corrente di scarica,,mA,2026-06-21 16:15:00,139.0,46.277792,12.370662,Erto e Casso
54,143,STSpluv (RAW),Stato Pluv (RAW),,sts,2026-06-21 16:15:00,0.0,46.277792,12.370662,Erto e Casso
55,24,IDRO,Idrometro,,m,2026-06-21 16:15:00,-0.28,46.148137,13.345018,Faedis T. Grivò
56,1,RR,RR,,mm,2026-06-21 16:00:00,0.0,46.1143,13.09823,Fagagna
56,2,T,Temperatura aria,,°C,2026-06-21 16:00:00,33.5,46.1143,13.09823,Fagagna
56,30,P,Pluviometro,,mm,2026-06-21 16:00:00,0.0,46.1143,13.09823,Fagagna
56,52,Prec_5_min,Precipitazione 5 min,,mm,2026-06-21 16:00:00,0.0,46.1143,13.09823,Fagagna
56,53,Prec_60_min,Precipitazione 60 min,,mm,2026-06-21 16:00:00,0.0,46.1143,13.09823,Fagagna
56,54,Prec_3_ore,Precipitazione 3 ore,,mm,2026-06-21 16:00:00,0.0,46.1143,13.09823,Fagagna
56,55,Prec_6_ore,Precipitazione 6 ore,,mm,2026-06-21 16:00:00,0.0,46.1143,13.09823,Fagagna
56,56,Prec_12_ore,Precipitazione 12 ore,,mm,2026-06-21 16:00:00,0.0,46.1143,13.09823,Fagagna
56,57,Prec_24_ore,Precipitazione 24 ore,,mm,2026-06-21 16:00:00,0.0,46.1143,13.09823,Fagagna
56,58,Prec_48_ore,Precipitazione 48 ore,,mm,2026-06-21 16:00:00,0.0,46.1143,13.09823,Fagagna
56,85,P_1h,Pioggia oraria,,mm,2026-06-21 16:00:00,0.0,46.1143,13.09823,Fagagna
56,48,CAR,Corrente di carica,,mA,2026-06-21 16:00:00,136.0,46.1143,13.09823,Fagagna
56,49,SCAR,Corrente di scarica,,mA,2026-06-21 16:00:00,54.0,46.1143,13.09823,Fagagna
56,143,STSpluv (RAW),Stato Pluv (RAW),,sts,2026-06-21 16:00:00,0.0,46.1143,13.09823,Fagagna
56,3,U,Igrometro,,%,2026-06-21 16:00:00,37.0,46.1143,13.09823,Fagagna
57,1,RR,RR,,mm,2026-06-21 16:00:00,0.0,45.908252,13.5343,Farra d'Isonzo
57,30,P,Pluviometro,,mm,2026-06-21 16:00:00,0.0,45.908252,13.5343,Farra d'Isonzo
57,52,Prec_5_min,Precipitazione 5 min,,mm,2026-06-21 16:00:00,0.0,45.908252,13.5343,Farra d'Isonzo
57,53,Prec_60_min,Precipitazione 60 min,,mm,2026-06-21 16:00:00,0.0,45.908252,13.5343,Farra d'Isonzo
57,54,Prec_3_ore,Precipitazione 3 ore,,mm,2026-06-21 16:00:00,0.0,45.908252,13.5343,Farra d'Isonzo
57,55,Prec_6_ore,Precipitazione 6 ore,,mm,2026-06-21 16:00:00,0.0,45.908252,13.5343,Farra d'Isonzo
57,56,Prec_12_ore,Precipitazione 12 ore,,mm,2026-06-21 16:00:00,0.0,45.908252,13.5343,Farra d'Isonzo
57,57,Prec_24_ore,Precipitazione 24 ore,,mm,2026-06-21 16:00:00,0.0,45.908252,13.5343,Farra d'Isonzo
57,58,Prec_48_ore,Precipitazione 48 ore,,mm,2026-06-21 16:00:00,0.0,45.908252,13.5343,Farra d'Isonzo
57,85,P_1h,Pioggia oraria,,mm,2026-06-21 16:00:00,0.0,45.908252,13.5343,Farra d'Isonzo
58,24,IDRO,Idrometro,,m,2026-06-21 16:00:00,1.6,45.985306,12.483269,Fiaschetti
59,1,RR,RR,,mm,2026-06-21 16:00:00,0.0,45.998401,12.588671,Forcate
59,2,T,Temperatura aria,,°C,2026-06-21 16:00:00,33.9,45.998401,12.588671,Forcate
59,24,IDRO,Idrometro,,m,2026-06-21 16:00:00,8.34,45.998401,12.588671,Forcate
59,30,P,Pluviometro,,mm,2026-06-21 16:00:00,0.0,45.998401,12.588671,Forcate
59,52,Prec_5_min,Precipitazione 5 min,,mm,2026-06-21 16:00:00,0.0,45.998401,12.588671,Forcate
59,53,Prec_60_min,Precipitazione 60 min,,mm,2026-06-21 16:00:00,0.0,45.998401,12.588671,Forcate
59,54,Prec_3_ore,Precipitazione 3 ore,,mm,2026-06-21 16:00:00,0.0,45.998401,12.588671,Forcate
59,55,Prec_6_ore,Precipitazione 6 ore,,mm,2026-06-21 16:00:00,0.0,45.998401,12.588671,Forcate
59,56,Prec_12_ore,Precipitazione 12 ore,,mm,2026-06-21 16:00:00,0.0,45.998401,12.588671,Forcate
59,57,Prec_24_ore,Precipitazione 24 ore,,mm,2026-06-21 16:00:00,0.0,45.998401,12.588671,Forcate
59,58,Prec_48_ore,Precipitazione 48 ore,,mm,2026-06-21 16:00:00,0.0,45.998401,12.588671,Forcate
59,85,P_1h,Pioggia oraria,,mm,2026-06-21 16:00:00,0.0,45.998401,12.588671,Forcate
59,48,CAR,Corrente di carica,,mA,2026-06-21 16:00:00,168.0,45.998401,12.588671,Forcate
59,49,SCAR,Corrente di scarica,,mA,2026-06-21 16:00:00,54.0,45.998401,12.588671,Forcate
59,143,STSpluv (RAW),Stato Pluv (RAW),,sts,2026-06-21 16:00:00,0.0,45.998401,12.588671,Forcate
60,85,P_1h,Pioggia oraria,,mm,2026-06-21 16:00:00,0.0,46.349772,12.486019,Forcella Savalons
60,1,RR,RR,,mm,2026-06-21 16:30:00,0.0,46.349772,12.486019,Forcella Savalons
60,2,T,Temperatura aria,,°C,2026-06-21 16:30:00,15.9,46.349772,12.486019,Forcella Savalons
60,3,U,Igrometro,,%,2026-06-21 16:30:00,79.5,46.349772,12.486019,Forcella Savalons
60,5,Dv,Direzione vento,,°N,2026-06-21 16:30:00,115.0,46.349772,12.486019,Forcella Savalons
60,6,Vv,Velocità vento,,m/s,2026-06-21 16:30:00,0.5,46.349772,12.486019,Forcella Savalons
60,7,VvMax,Velocità vento massima,,m/s,2026-06-21 16:30:00,1.5,46.349772,12.486019,Forcella Savalons
60,8,DvMax,Direzione vento della velocità massima,,°N,2026-06-21 16:30:00,233.0,46.349772,12.486019,Forcella Savalons
60,23,NIVO,Nivometro,,cm,2026-06-21 16:30:00,8.0,46.349772,12.486019,Forcella Savalons
60,30,P,Pluviometro,,mm,2026-06-21 16:30:00,0.0,46.349772,12.486019,Forcella Savalons
60,32,DvVett,Direzione vento vettoriale,,°N,2026-06-21 16:30:00,173.0,46.349772,12.486019,Forcella Savalons
60,33,VvVett,Velocità vento vettoriale,,m/s,2026-06-21 16:30:00,0.4,46.349772,12.486019,Forcella Savalons
60,52,Prec_5_min,Precipitazione 5 min,,mm,2026-06-21 16:30:00,0.0,46.349772,12.486019,Forcella Savalons
60,53,Prec_60_min,Precipitazione 60 min,,mm,2026-06-21 16:30:00,0.0,46.349772,12.486019,Forcella Savalons
60,54,Prec_3_ore,Precipitazione 3 ore,,mm,2026-06-21 16:30:00,0.0,46.349772,12.486019,Forcella Savalons
60,55,Prec_6_ore,Precipitazione 6 ore,,mm,2026-06-21 16:30:00,0.0,46.349772,12.486019,Forcella Savalons
60,56,Prec_12_ore,Precipitazione 12 ore,,mm,2026-06-21 16:30:00,0.2,46.349772,12.486019,Forcella Savalons
60,57,Prec_24_ore,Precipitazione 24 ore,,mm,2026-06-21 16:30:00,2.0,46.349772,12.486019,Forcella Savalons
60,58,Prec_48_ore,Precipitazione 48 ore,,mm,2026-06-21 16:30:00,40.8,46.349772,12.486019,Forcella Savalons
60,48,CAR,Corrente di carica,,mA,2026-06-21 16:30:00,8.0,46.349772,12.486019,Forcella Savalons
60,49,SCAR,Corrente di scarica,,mA,2026-06-21 16:30:00,80.0,46.349772,12.486019,Forcella Savalons
61,85,P_1h,Pioggia oraria,,mm,2026-06-21 16:00:00,0.0,46.586742,12.773752,Forni Avoltri
61,1,RR,RR,,mm,2026-06-21 16:15:00,0.0,46.586742,12.773752,Forni Avoltri
61,2,T,Temperatura aria,,°C,2026-06-21 16:15:00,24.8,46.586742,12.773752,Forni Avoltri
61,30,P,Pluviometro,,mm,2026-06-21 16:15:00,0.0,46.586742,12.773752,Forni Avoltri
61,48,CAR,Corrente di carica,,mA,2026-06-21 16:15:00,2.0,46.586742,12.773752,Forni Avoltri
61,49,SCAR,Corrente di scarica,,mA,2026-06-21 16:15:00,83.0,46.586742,12.773752,Forni Avoltri
61,52,Prec_5_min,Precipitazione 5 min,,mm,2026-06-21 16:15:00,0.0,46.586742,12.773752,Forni Avoltri
61,53,Prec_60_min,Precipitazione 60 min,,mm,2026-06-21 16:15:00,0.0,46.586742,12.773752,Forni Avoltri
61,54,Prec_3_ore,Precipitazione 3 ore,,mm,2026-06-21 16:15:00,0.0,46.586742,12.773752,Forni Avoltri
61,55,Prec_6_ore,Precipitazione 6 ore,,mm,2026-06-21 16:15:00,0.0,46.586742,12.773752,Forni Avoltri
61,56,Prec_12_ore,Precipitazione 12 ore,,mm,2026-06-21 16:15:00,0.0,46.586742,12.773752,Forni Avoltri
61,57,Prec_24_ore,Precipitazione 24 ore,,mm,2026-06-21 16:15:00,3.0,46.586742,12.773752,Forni Avoltri
61,58,Prec_48_ore,Precipitazione 48 ore,,mm,2026-06-21 16:15:00,25.6,46.586742,12.773752,Forni Avoltri
62,85,P_1h,Pioggia oraria,,mm,2026-06-21 16:00:00,0.0,46.392896,12.714826,Forni di sotto
62,1,RR,RR,,mm,2026-06-21 16:15:00,0.0,46.392896,12.714826,Forni di sotto
62,30,P,Pluviometro,,mm,2026-06-21 16:15:00,0.0,46.392896,12.714826,Forni di sotto
62,52,Prec_5_min,Precipitazione 5 min,,mm,2026-06-21 16:15:00,0.0,46.392896,12.714826,Forni di sotto
62,53,Prec_60_min,Precipitazione 60 min,,mm,2026-06-21 16:15:00,0.0,46.392896,12.714826,Forni di sotto
62,54,Prec_3_ore,Precipitazione 3 ore,,mm,2026-06-21 16:15:00,0.0,46.392896,12.714826,Forni di sotto
62,55,Prec_6_ore,Precipitazione 6 ore,,mm,2026-06-21 16:15:00,0.0,46.392896,12.714826,Forni di sotto
62,56,Prec_12_ore,Precipitazione 12 ore,,mm,2026-06-21 16:15:00,0.0,46.392896,12.714826,Forni di sotto
62,57,Prec_24_ore,Precipitazione 24 ore,,mm,2026-06-21 16:15:00,1.0,46.392896,12.714826,Forni di sotto
62,58,Prec_48_ore,Precipitazione 48 ore,,mm,2026-06-21 16:15:00,4.0,46.392896,12.714826,Forni di sotto
62,2,T,Temperatura aria,,°C,2026-06-21 16:15:00,23.9,46.392896,12.714826,Forni di sotto
62,3,U,Igrometro,,%,2026-06-21 16:15:00,70.9,46.392896,12.714826,Forni di sotto
62,48,CAR,Corrente di carica,,mA,2026-06-21 16:15:00,8.0,46.392896,12.714826,Forni di sotto
62,49,SCAR,Corrente di scarica,,mA,2026-06-21 16:15:00,86.0,46.392896,12.714826,Forni di sotto
62,143,STSpluv (RAW),Stato Pluv (RAW),,sts,2026-06-21 16:15:00,0.0,46.392896,12.714826,Forni di sotto
63,85,P_1h,Pioggia oraria,,mm,2026-06-21 16:00:00,0.0,46.467944,13.663756,Fusine Alpe del lago
63,1,RR,RR,,mm,2026-06-21 16:30:00,0.0,46.467944,13.663756,Fusine Alpe del lago
63,2,T,Temperatura aria,,°C,2026-06-21 16:30:00,25.5,46.467944,13.663756,Fusine Alpe del lago
63,3,U,Igrometro,,%,2026-06-21 16:30:00,50.0,46.467944,13.663756,Fusine Alpe del lago
63,5,Dv,Direzione vento,,°N,2026-06-21 16:30:00,303.0,46.467944,13.663756,Fusine Alpe del lago
63,6,Vv,Velocità vento,,m/s,2026-06-21 16:30:00,0.9,46.467944,13.663756,Fusine Alpe del lago
63,7,VvMax,Velocità vento massima,,m/s,2026-06-21 16:30:00,3.0,46.467944,13.663756,Fusine Alpe del lago
63,8,DvMax,Direzione vento della velocità massima,,°N,2026-06-21 16:30:00,300.0,46.467944,13.663756,Fusine Alpe del lago
63,23,NIVO,Nivometro,,cm,2026-06-21 16:30:00,0.0,46.467944,13.663756,Fusine Alpe del lago
63,30,P,Pluviometro,,mm,2026-06-21 16:30:00,0.0,46.467944,13.663756,Fusine Alpe del lago
63,32,DvVett,Direzione vento vettoriale,,°N,2026-06-21 16:30:00,326.0,46.467944,13.663756,Fusine Alpe del lago
63,33,VvVett,Velocità vento vettoriale,,m/s,2026-06-21 16:30:00,1.1,46.467944,13.663756,Fusine Alpe del lago
63,52,Prec_5_min,Precipitazione 5 min,,mm,2026-06-21 16:30:00,0.0,46.467944,13.663756,Fusine Alpe del lago
63,53,Prec_60_min,Precipitazione 60 min,,mm,2026-06-21 16:30:00,0.0,46.467944,13.663756,Fusine Alpe del lago
63,54,Prec_3_ore,Precipitazione 3 ore,,mm,2026-06-21 16:30:00,0.0,46.467944,13.663756,Fusine Alpe del lago
63,55,Prec_6_ore,Precipitazione 6 ore,,mm,2026-06-21 16:30:00,0.0,46.467944,13.663756,Fusine Alpe del lago
63,56,Prec_12_ore,Precipitazione 12 ore,,mm,2026-06-21 16:30:00,0.0,46.467944,13.663756,Fusine Alpe del lago
63,57,Prec_24_ore,Precipitazione 24 ore,,mm,2026-06-21 16:30:00,1.0,46.467944,13.663756,Fusine Alpe del lago
63,58,Prec_48_ore,Precipitazione 48 ore,,mm,2026-06-21 16:30:00,32.6,46.467944,13.663756,Fusine Alpe del lago
63,48,CAR,Corrente di carica,,mA,2026-06-21 16:30:00,216.0,46.467944,13.663756,Fusine Alpe del lago
63,49,SCAR,Corrente di scarica,,mA,2026-06-21 16:30:00,82.0,46.467944,13.663756,Fusine Alpe del lago
64,1,RR,RR,,mm,2026-06-21 16:00:00,0.0,46.278771,13.141196,Gemona del Friuli
64,85,P_1h,Pioggia oraria,,mm,2026-06-21 16:00:00,0.0,46.278771,13.141196,Gemona del Friuli
64,2,T,Temperatura aria,,°C,2026-06-21 16:15:00,32.6,46.278771,13.141196,Gemona del Friuli
64,30,P,Pluviometro,,mm,2026-06-21 16:15:00,0.0,46.278771,13.141196,Gemona del Friuli
64,52,Prec_5_min,Precipitazione 5 min,,mm,2026-06-21 16:15:00,0.0,46.278771,13.141196,Gemona del Friuli
64,53,Prec_60_min,Precipitazione 60 min,,mm,2026-06-21 16:15:00,0.0,46.278771,13.141196,Gemona del Friuli
64,54,Prec_3_ore,Precipitazione 3 ore,,mm,2026-06-21 16:15:00,0.0,46.278771,13.141196,Gemona del Friuli
64,55,Prec_6_ore,Precipitazione 6 ore,,mm,2026-06-21 16:15:00,0.0,46.278771,13.141196,Gemona del Friuli
64,56,Prec_12_ore,Precipitazione 12 ore,,mm,2026-06-21 16:15:00,0.0,46.278771,13.141196,Gemona del Friuli
64,57,Prec_24_ore,Precipitazione 24 ore,,mm,2026-06-21 16:15:00,13.7,46.278771,13.141196,Gemona del Friuli
64,58,Prec_48_ore,Precipitazione 48 ore,,mm,2026-06-21 16:15:00,13.7,46.278771,13.141196,Gemona del Friuli
64,3,U,Igrometro,,%,2026-06-21 16:15:00,40.2,46.278771,13.141196,Gemona del Friuli
64,48,CAR,Corrente di carica,,mA,2026-06-21 16:15:00,99.0,46.278771,13.141196,Gemona del Friuli
64,49,SCAR,Corrente di scarica,,mA,2026-06-21 16:15:00,89.0,46.278771,13.141196,Gemona del Friuli
64,143,STSpluv (RAW),Stato Pluv (RAW),,sts,2026-06-21 16:15:00,0.0,46.278771,13.141196,Gemona del Friuli
65,1,RR,RR,,mm,2026-06-21 16:00:00,0.0,45.910395,13.595503,Gorizia aeroporto
65,2,T,Temperatura aria,,°C,2026-06-21 16:00:00,35.9,45.910395,13.595503,Gorizia aeroporto
65,3,U,Igrometro,,%,2026-06-21 16:00:00,35.6,45.910395,13.595503,Gorizia aeroporto
65,5,Dv,Direzione vento,,°N,2026-06-21 16:00:00,285.0,45.910395,13.595503,Gorizia aeroporto
65,6,Vv,Velocità vento,,m/s,2026-06-21 16:00:00,2.0,45.910395,13.595503,Gorizia aeroporto
65,7,VvMax,Velocità vento massima,,m/s,2026-06-21 16:00:00,4.6,45.910395,13.595503,Gorizia aeroporto
65,8,DvMax,Direzione vento della velocità massima,,°N,2026-06-21 16:00:00,258.0,45.910395,13.595503,Gorizia aeroporto
65,17,B,Barometro,,hPa,2026-06-21 16:00:00,1012.9,45.910395,13.595503,Gorizia aeroporto
65,18,RG,Radiazione globale,,W/m2,2026-06-21 16:00:00,430.6,45.910395,13.595503,Gorizia aeroporto
65,30,P,Pluviometro,,mm,2026-06-21 16:00:00,0.0,45.910395,13.595503,Gorizia aeroporto
65,32,DvVett,Direzione vento vettoriale,,°N,2026-06-21 16:00:00,264.0,45.910395,13.595503,Gorizia aeroporto
65,33,VvVett,Velocità vento vettoriale,,m/s,2026-06-21 16:00:00,2.7,45.910395,13.595503,Gorizia aeroporto
65,52,Prec_5_min,Precipitazione 5 min,,mm,2026-06-21 16:00:00,0.0,45.910395,13.595503,Gorizia aeroporto
65,53,Prec_60_min,Precipitazione 60 min,,mm,2026-06-21 16:00:00,0.0,45.910395,13.595503,Gorizia aeroporto
65,54,Prec_3_ore,Precipitazione 3 ore,,mm,2026-06-21 16:00:00,0.0,45.910395,13.595503,Gorizia aeroporto
65,55,Prec_6_ore,Precipitazione 6 ore,,mm,2026-06-21 16:00:00,0.0,45.910395,13.595503,Gorizia aeroporto
65,56,Prec_12_ore,Precipitazione 12 ore,,mm,2026-06-21 16:00:00,0.0,45.910395,13.595503,Gorizia aeroporto
65,57,Prec_24_ore,Precipitazione 24 ore,,mm,2026-06-21 16:00:00,0.0,45.910395,13.595503,Gorizia aeroporto
65,58,Prec_48_ore,Precipitazione 48 ore,,mm,2026-06-21 16:00:00,0.0,45.910395,13.595503,Gorizia aeroporto
65,85,P_1h,Pioggia oraria,,mm,2026-06-21 16:00:00,0.0,45.910395,13.595503,Gorizia aeroporto
65,48,CAR,Corrente di carica,,mA,2026-06-21 16:00:00,118.0,45.910395,13.595503,Gorizia aeroporto
65,49,SCAR,Corrente di scarica,,mA,2026-06-21 16:00:00,75.0,45.910395,13.595503,Gorizia aeroporto
66,24,IDRO,Idrometro,,m,2026-06-21 16:15:00,0.01,45.956288,13.614325,Gorizia idro
66,48,CAR,Corrente di carica,,mA,2026-06-21 16:15:00,290.0,45.956288,13.614325,Gorizia idro
66,49,SCAR,Corrente di scarica,,mA,2026-06-21 16:15:00,151.0,45.956288,13.614325,Gorizia idro
66,67,VH2O,Velocità acqua,,m/s,2026-06-21 16:15:00,0.16,45.956288,13.614325,Gorizia idro
66,82,RQ-30 SNR,Qualità (SNR) [Sommer RQ-30],,,2026-06-21 16:15:00,60.3,45.956288,13.614325,Gorizia idro
66,83,RQ-30 D_O,Direzione opposta [Sommer RQ-30],,%,2026-06-21 16:15:00,50.2,45.956288,13.614325,Gorizia idro
66,27,Q_1,Portata_1,,mc/s,2026-06-21 16:15:00,35.3,45.956288,13.614325,Gorizia idro
67,24,IDRO,Idrometro,,m,2026-06-21 16:15:00,4.03,45.886131,13.504433,Gradisca
67,48,CAR,Corrente di carica,,mA,2026-06-21 16:15:00,374.0,45.886131,13.504433,Gradisca
67,49,SCAR,Corrente di scarica,,mA,2026-06-21 16:15:00,203.0,45.886131,13.504433,Gradisca
68,1,RR,RR,,mm,2026-06-21 16:00:00,0.0,45.683121,13.38345,Grado Marea
68,24,IDRO,Idrometro,,m,2026-06-21 16:00:00,0.586666666666667,45.683121,13.38345,Grado Marea
68,30,P,Pluviometro,,mm,2026-06-21 16:00:00,0.0,45.683121,13.38345,Grado Marea
68,52,Prec_5_min,Precipitazione 5 min,,mm,2026-06-21 16:00:00,0.0,45.683121,13.38345,Grado Marea
68,53,Prec_60_min,Precipitazione 60 min,,mm,2026-06-21 16:00:00,0.0,45.683121,13.38345,Grado Marea
68,54,Prec_3_ore,Precipitazione 3 ore,,mm,2026-06-21 16:00:00,0.0,45.683121,13.38345,Grado Marea
68,55,Prec_6_ore,Precipitazione 6 ore,,mm,2026-06-21 16:00:00,0.0,45.683121,13.38345,Grado Marea
68,56,Prec_12_ore,Precipitazione 12 ore,,mm,2026-06-21 16:00:00,0.0,45.683121,13.38345,Grado Marea
68,57,Prec_24_ore,Precipitazione 24 ore,,mm,2026-06-21 16:00:00,0.0,45.683121,13.38345,Grado Marea
68,58,Prec_48_ore,Precipitazione 48 ore,,mm,2026-06-21 16:00:00,0.0,45.683121,13.38345,Grado Marea
68,85,P_1h,Pioggia oraria,,mm,2026-06-21 16:00:00,0.0,45.683121,13.38345,Grado Marea
68,86,LIV_MARE_IGM42,Livello mare IGM42,,m,2026-06-21 16:00:00,0.36,45.683121,13.38345,Grado Marea
68,81,MISxG,Misure xG,,sts,2026-06-21 16:00:00,1.0,45.683121,13.38345,Grado Marea
69,2,T,Temperatura aria,,°C,2026-06-21 16:15:00,29.4333333333333,45.680255,13.373272,Grado Meteo
69,3,U,Igrometro,,%,2026-06-21 16:15:00,72.8866666666667,45.680255,13.373272,Grado Meteo
69,5,Dv,Direzione vento,,°N,2026-06-21 16:15:00,190.266666666667,45.680255,13.373272,Grado Meteo
69,6,Vv,Velocità vento,,m/s,2026-06-21 16:15:00,5.4,45.680255,13.373272,Grado Meteo
69,7,VvMax,Velocità vento massima,,m/s,2026-06-21 16:15:00,6.2,45.680255,13.373272,Grado Meteo
69,8,DvMax,Direzione vento della velocità massima,,°N,2026-06-21 16:15:00,190.6,45.680255,13.373272,Grado Meteo
69,17,B,Barometro,,hPa,2026-06-21 16:15:00,1020.03333333333,45.680255,13.373272,Grado Meteo
69,32,DvVett,Direzione vento vettoriale,,°N,2026-06-21 16:15:00,190.533333333333,45.680255,13.373272,Grado Meteo
69,33,VvVett,Velocità vento vettoriale,,m/s,2026-06-21 16:15:00,5.48666666666667,45.680255,13.373272,Grado Meteo
69,81,MISxG,Misure xG,,sts,2026-06-21 16:15:00,1.0,45.680255,13.373272,Grado Meteo
70,85,P_1h,Pioggia oraria,,mm,2026-06-21 16:00:00,0.0,46.047548,12.981692,Grions
70,1,RR,RR,,mm,2026-06-21 16:15:00,0.0,46.047548,12.981692,Grions
70,2,T,Temperatura aria,,°C,2026-06-21 16:15:00,33.2,46.047548,12.981692,Grions
70,3,U,Igrometro,,%,2026-06-21 16:15:00,45.4,46.047548,12.981692,Grions
70,30,P,Pluviometro,,mm,2026-06-21 16:15:00,0.0,46.047548,12.981692,Grions
70,52,Prec_5_min,Precipitazione 5 min,,mm,2026-06-21 16:15:00,0.0,46.047548,12.981692,Grions
70,53,Prec_60_min,Precipitazione 60 min,,mm,2026-06-21 16:15:00,0.0,46.047548,12.981692,Grions
70,54,Prec_3_ore,Precipitazione 3 ore,,mm,2026-06-21 16:15:00,0.0,46.047548,12.981692,Grions
70,55,Prec_6_ore,Precipitazione 6 ore,,mm,2026-06-21 16:15:00,0.0,46.047548,12.981692,Grions
70,56,Prec_12_ore,Precipitazione 12 ore,,mm,2026-06-21 16:15:00,0.0,46.047548,12.981692,Grions
70,57,Prec_24_ore,Precipitazione 24 ore,,mm,2026-06-21 16:15:00,0.0,46.047548,12.981692,Grions
70,58,Prec_48_ore,Precipitazione 48 ore,,mm,2026-06-21 16:15:00,0.0,46.047548,12.981692,Grions
70,48,CAR,Corrente di carica,,mA,2026-06-21 16:15:00,147.0,46.047548,12.981692,Grions
70,49,SCAR,Corrente di scarica,,mA,2026-06-21 16:15:00,81.0,46.047548,12.981692,Grions
71,24,IDRO,Idrometro,,m,2026-06-21 16:15:00,-1.12,45.946661,13.511061,La Baita Idro
72,85,P_1h,Pioggia oraria,,mm,2026-06-21 16:00:00,0.0,45.946833,13.512472,La Baita Meteo
72,1,RR,RR,,mm,2026-06-21 16:15:00,0.0,45.946833,13.512472,La Baita Meteo
72,2,T,Temperatura aria,,°C,2026-06-21 16:15:00,33.2,45.946833,13.512472,La Baita Meteo
72,3,U,Igrometro,,%,2026-06-21 16:15:00,43.9,45.946833,13.512472,La Baita Meteo
72,5,Dv,Direzione vento,,°N,2026-06-21 16:15:00,258.0,45.946833,13.512472,La Baita Meteo
72,6,Vv,Velocità vento,,m/s,2026-06-21 16:15:00,0.6,45.946833,13.512472,La Baita Meteo
72,7,VvMax,Velocità vento massima,,m/s,2026-06-21 16:15:00,1.9,45.946833,13.512472,La Baita Meteo
72,8,DvMax,Direzione vento della velocità massima,,°N,2026-06-21 16:15:00,229.0,45.946833,13.512472,La Baita Meteo
72,17,B,Barometro,,hPa,2026-06-21 16:15:00,1015.1,45.946833,13.512472,La Baita Meteo
72,18,RG,Radiazione globale,,W/m2,2026-06-21 16:15:00,369.6,45.946833,13.512472,La Baita Meteo
72,30,P,Pluviometro,,mm,2026-06-21 16:15:00,0.0,45.946833,13.512472,La Baita Meteo
72,32,DvVett,Direzione vento vettoriale,,°N,2026-06-21 16:15:00,248.0,45.946833,13.512472,La Baita Meteo
72,33,VvVett,Velocità vento vettoriale,,m/s,2026-06-21 16:15:00,0.6,45.946833,13.512472,La Baita Meteo
72,52,Prec_5_min,Precipitazione 5 min,,mm,2026-06-21 16:15:00,0.0,45.946833,13.512472,La Baita Meteo
72,53,Prec_60_min,Precipitazione 60 min,,mm,2026-06-21 16:15:00,0.0,45.946833,13.512472,La Baita Meteo
72,54,Prec_3_ore,Precipitazione 3 ore,,mm,2026-06-21 16:15:00,0.0,45.946833,13.512472,La Baita Meteo
72,55,Prec_6_ore,Precipitazione 6 ore,,mm,2026-06-21 16:15:00,0.0,45.946833,13.512472,La Baita Meteo
72,56,Prec_12_ore,Precipitazione 12 ore,,mm,2026-06-21 16:15:00,0.0,45.946833,13.512472,La Baita Meteo
72,57,Prec_24_ore,Precipitazione 24 ore,,mm,2026-06-21 16:15:00,0.0,45.946833,13.512472,La Baita Meteo
72,58,Prec_48_ore,Precipitazione 48 ore,,mm,2026-06-21 16:15:00,0.0,45.946833,13.512472,La Baita Meteo
72,48,CAR,Corrente di carica,,mA,2026-06-21 16:15:00,164.0,45.946833,13.512472,La Baita Meteo
72,49,SCAR,Corrente di scarica,,mA,2026-06-21 16:15:00,138.0,45.946833,13.512472,La Baita Meteo
72,143,STSpluv (RAW),Stato Pluv (RAW),,sts,2026-06-21 16:15:00,0.0,45.946833,13.512472,La Baita Meteo
73,48,CAR,Corrente di carica,,mA,2026-06-21 16:30:00,139.0,45.771061,12.997717,Latisana 2 ss14
73,49,SCAR,Corrente di scarica,,mA,2026-06-21 16:30:00,54.0,45.771061,12.997717,Latisana 2 ss14
74,85,P_1h,Pioggia oraria,,mm,2026-06-21 16:00:00,0.0,45.772858,12.996778,Latisana 1
74,1,RR,RR,,mm,2026-06-21 16:15:00,0.0,45.772858,12.996778,Latisana 1
74,2,T,Temperatura aria,,°C,2026-06-21 16:15:00,34.7,45.772858,12.996778,Latisana 1
74,3,U,Igrometro,,%,2026-06-21 16:15:00,35.5,45.772858,12.996778,Latisana 1
74,5,Dv,Direzione vento,,°N,2026-06-21 16:15:00,256.0,45.772858,12.996778,Latisana 1
74,6,Vv,Velocità vento,,m/s,2026-06-21 16:15:00,1.5,45.772858,12.996778,Latisana 1
74,7,VvMax,Velocità vento massima,,m/s,2026-06-21 16:15:00,3.7,45.772858,12.996778,Latisana 1
74,8,DvMax,Direzione vento della velocità massima,,°N,2026-06-21 16:15:00,211.0,45.772858,12.996778,Latisana 1
74,30,P,Pluviometro,,mm,2026-06-21 16:15:00,0.0,45.772858,12.996778,Latisana 1
74,32,DvVett,Direzione vento vettoriale,,°N,2026-06-21 16:15:00,232.0,45.772858,12.996778,Latisana 1
74,33,VvVett,Velocità vento vettoriale,,m/s,2026-06-21 16:15:00,2.0,45.772858,12.996778,Latisana 1
74,52,Prec_5_min,Precipitazione 5 min,,mm,2026-06-21 16:15:00,0.0,45.772858,12.996778,Latisana 1
74,53,Prec_60_min,Precipitazione 60 min,,mm,2026-06-21 16:15:00,0.0,45.772858,12.996778,Latisana 1
74,54,Prec_3_ore,Precipitazione 3 ore,,mm,2026-06-21 16:15:00,0.0,45.772858,12.996778,Latisana 1
74,55,Prec_6_ore,Precipitazione 6 ore,,mm,2026-06-21 16:15:00,0.0,45.772858,12.996778,Latisana 1
74,56,Prec_12_ore,Precipitazione 12 ore,,mm,2026-06-21 16:15:00,0.0,45.772858,12.996778,Latisana 1
74,57,Prec_24_ore,Precipitazione 24 ore,,mm,2026-06-21 16:15:00,0.0,45.772858,12.996778,Latisana 1
74,58,Prec_48_ore,Precipitazione 48 ore,,mm,2026-06-21 16:15:00,0.0,45.772858,12.996778,Latisana 1
74,48,CAR,Corrente di carica,,mA,2026-06-21 16:15:00,191.0,45.772858,12.996778,Latisana 1
74,49,SCAR,Corrente di scarica,,mA,2026-06-21 16:15:00,158.0,45.772858,12.996778,Latisana 1
74,143,STSpluv (RAW),Stato Pluv (RAW),,sts,2026-06-21 16:15:00,1.0,45.772858,12.996778,Latisana 1
75,85,P_1h,Pioggia oraria,,mm,2026-06-21 16:00:00,0.0,46.272132,12.5446,Lesis (ex Claut)
75,1,RR,RR,,mm,2026-06-21 16:15:00,0.0,46.272132,12.5446,Lesis (ex Claut)
75,2,T,Temperatura aria,,°C,2026-06-21 16:15:00,23.3,46.272132,12.5446,Lesis (ex Claut)
75,24,IDRO,Idrometro,,m,2026-06-21 16:15:00,-0.51,46.272132,12.5446,Lesis (ex Claut)
75,30,P,Pluviometro,,mm,2026-06-21 16:15:00,0.0,46.272132,12.5446,Lesis (ex Claut)
75,52,Prec_5_min,Precipitazione 5 min,,mm,2026-06-21 16:15:00,0.0,46.272132,12.5446,Lesis (ex Claut)
75,53,Prec_60_min,Precipitazione 60 min,,mm,2026-06-21 16:15:00,0.0,46.272132,12.5446,Lesis (ex Claut)
75,54,Prec_3_ore,Precipitazione 3 ore,,mm,2026-06-21 16:15:00,0.0,46.272132,12.5446,Lesis (ex Claut)
75,55,Prec_6_ore,Precipitazione 6 ore,,mm,2026-06-21 16:15:00,0.0,46.272132,12.5446,Lesis (ex Claut)
75,56,Prec_12_ore,Precipitazione 12 ore,,mm,2026-06-21 16:15:00,0.0,46.272132,12.5446,Lesis (ex Claut)
75,57,Prec_24_ore,Precipitazione 24 ore,,mm,2026-06-21 16:15:00,2.2,46.272132,12.5446,Lesis (ex Claut)
75,58,Prec_48_ore,Precipitazione 48 ore,,mm,2026-06-21 16:15:00,8.4,46.272132,12.5446,Lesis (ex Claut)
75,48,CAR,Corrente di carica,,mA,2026-06-21 16:15:00,0.0,46.272132,12.5446,Lesis (ex Claut)
75,49,SCAR,Corrente di scarica,,mA,2026-06-21 16:15:00,94.0,46.272132,12.5446,Lesis (ex Claut)
75,143,STSpluv (RAW),Stato Pluv (RAW),,sts,2026-06-21 16:15:00,0.0,46.272132,12.5446,Lesis (ex Claut)
75,3,U,Igrometro,,%,2026-06-21 16:15:00,77.3,46.272132,12.5446,Lesis (ex Claut)
76,85,P_1h,Pioggia oraria,,mm,2026-06-21 16:00:00,0.0,45.951091,13.135254,Lestizza
76,1,RR,RR,,mm,2026-06-21 16:15:00,0.0,45.951091,13.135254,Lestizza
76,2,T,Temperatura aria,,°C,2026-06-21 16:15:00,34.8,45.951091,13.135254,Lestizza
76,3,U,Igrometro,,%,2026-06-21 16:15:00,39.5,45.951091,13.135254,Lestizza
76,5,Dv,Direzione vento,,°N,2026-06-21 16:15:00,292.0,45.951091,13.135254,Lestizza
76,6,Vv,Velocità vento,,m/s,2026-06-21 16:15:00,2.8,45.951091,13.135254,Lestizza
76,7,VvMax,Velocità vento massima,,m/s,2026-06-21 16:15:00,3.7,45.951091,13.135254,Lestizza
76,8,DvMax,Direzione vento della velocità massima,,°N,2026-06-21 16:15:00,248.0,45.951091,13.135254,Lestizza
76,17,B,Barometro,,hPa,2026-06-21 16:15:00,1015.4,45.951091,13.135254,Lestizza
76,18,RG,Radiazione globale,,W/m2,2026-06-21 16:15:00,345.4,45.951091,13.135254,Lestizza
76,30,P,Pluviometro,,mm,2026-06-21 16:15:00,0.0,45.951091,13.135254,Lestizza
76,32,DvVett,Direzione vento vettoriale,,°N,2026-06-21 16:15:00,252.0,45.951091,13.135254,Lestizza
76,33,VvVett,Velocità vento vettoriale,,m/s,2026-06-21 16:15:00,1.9,45.951091,13.135254,Lestizza
76,24,IDRO,Idrometro,,m,2026-06-21 16:15:00,10.51,45.951091,13.135254,Lestizza
76,52,Prec_5_min,Precipitazione 5 min,,mm,2026-06-21 16:15:00,0.0,45.951091,13.135254,Lestizza
76,53,Prec_60_min,Precipitazione 60 min,,mm,2026-06-21 16:15:00,0.0,45.951091,13.135254,Lestizza
76,54,Prec_3_ore,Precipitazione 3 ore,,mm,2026-06-21 16:15:00,0.0,45.951091,13.135254,Lestizza
76,55,Prec_6_ore,Precipitazione 6 ore,,mm,2026-06-21 16:15:00,0.0,45.951091,13.135254,Lestizza
76,56,Prec_12_ore,Precipitazione 12 ore,,mm,2026-06-21 16:15:00,0.0,45.951091,13.135254,Lestizza
76,57,Prec_24_ore,Precipitazione 24 ore,,mm,2026-06-21 16:15:00,0.0,45.951091,13.135254,Lestizza
76,58,Prec_48_ore,Precipitazione 48 ore,,mm,2026-06-21 16:15:00,0.0,45.951091,13.135254,Lestizza
76,48,CAR,Corrente di carica,,mA,2026-06-21 16:15:00,188.0,45.951091,13.135254,Lestizza
76,49,SCAR,Corrente di scarica,,mA,2026-06-21 16:15:00,110.0,45.951091,13.135254,Lestizza
77,22,Tm,Temperatura mare,,°C,2026-06-21 16:15:00,27.5,45.697699,13.143481,Lignano marea
77,24,IDRO,Idrometro,,m,2026-06-21 16:15:00,0.316666666666667,45.697699,13.143481,Lignano marea
77,86,LIV_MARE_IGM42,Livello mare IGM42,,m,2026-06-21 16:15:00,0.316666666666667,45.697699,13.143481,Lignano marea
78,85,P_1h,Pioggia oraria,,mm,2026-06-21 16:00:00,0.0,45.686555,13.121167,Lignano Sabbiadoro
78,1,RR,RR,,mm,2026-06-21 16:15:00,0.0,45.686555,13.121167,Lignano Sabbiadoro
78,2,T,Temperatura aria,,°C,2026-06-21 16:15:00,33.9,45.686555,13.121167,Lignano Sabbiadoro
78,3,U,Igrometro,,%,2026-06-21 16:15:00,42.2,45.686555,13.121167,Lignano Sabbiadoro
78,5,Dv,Direzione vento,,°N,2026-06-21 16:15:00,222.0,45.686555,13.121167,Lignano Sabbiadoro
78,6,Vv,Velocità vento,,m/s,2026-06-21 16:15:00,2.6,45.686555,13.121167,Lignano Sabbiadoro
78,7,VvMax,Velocità vento massima,,m/s,2026-06-21 16:15:00,4.8,45.686555,13.121167,Lignano Sabbiadoro
78,8,DvMax,Direzione vento della velocità massima,,°N,2026-06-21 16:15:00,218.0,45.686555,13.121167,Lignano Sabbiadoro
78,17,B,Barometro,,hPa,2026-06-21 16:15:00,1019.7,45.686555,13.121167,Lignano Sabbiadoro
78,18,RG,Radiazione globale,,W/m2,2026-06-21 16:15:00,391.9,45.686555,13.121167,Lignano Sabbiadoro
78,30,P,Pluviometro,,mm,2026-06-21 16:15:00,0.0,45.686555,13.121167,Lignano Sabbiadoro
78,32,DvVett,Direzione vento vettoriale,,°N,2026-06-21 16:15:00,217.0,45.686555,13.121167,Lignano Sabbiadoro
78,33,VvVett,Velocità vento vettoriale,,m/s,2026-06-21 16:15:00,2.7,45.686555,13.121167,Lignano Sabbiadoro
78,52,Prec_5_min,Precipitazione 5 min,,mm,2026-06-21 16:15:00,0.0,45.686555,13.121167,Lignano Sabbiadoro
78,53,Prec_60_min,Precipitazione 60 min,,mm,2026-06-21 16:15:00,0.0,45.686555,13.121167,Lignano Sabbiadoro
78,54,Prec_3_ore,Precipitazione 3 ore,,mm,2026-06-21 16:15:00,0.0,45.686555,13.121167,Lignano Sabbiadoro
78,55,Prec_6_ore,Precipitazione 6 ore,,mm,2026-06-21 16:15:00,0.0,45.686555,13.121167,Lignano Sabbiadoro
78,56,Prec_12_ore,Precipitazione 12 ore,,mm,2026-06-21 16:15:00,0.0,45.686555,13.121167,Lignano Sabbiadoro
78,57,Prec_24_ore,Precipitazione 24 ore,,mm,2026-06-21 16:15:00,0.0,45.686555,13.121167,Lignano Sabbiadoro
78,58,Prec_48_ore,Precipitazione 48 ore,,mm,2026-06-21 16:15:00,0.0,45.686555,13.121167,Lignano Sabbiadoro
78,48,CAR,Corrente di carica,,mA,2026-06-21 16:15:00,2.0,45.686555,13.121167,Lignano Sabbiadoro
78,49,SCAR,Corrente di scarica,,mA,2026-06-21 16:15:00,126.0,45.686555,13.121167,Lignano Sabbiadoro
78,143,STSpluv (RAW),Stato Pluv (RAW),,sts,2026-06-21 16:15:00,0.0,45.686555,13.121167,Lignano Sabbiadoro
79,24,IDRO,Idrometro,,m,2026-06-21 16:15:00,0.78,45.860782,12.975227,Madrisio
79,48,CAR,Corrente di carica,,mA,2026-06-21 16:15:00,250.0,45.860782,12.975227,Madrisio
79,49,SCAR,Corrente di scarica,,mA,2026-06-21 16:15:00,217.0,45.860782,12.975227,Madrisio
79,25,IDRO_2,Idrometro_2,,m,2026-06-21 16:15:00,0.77,45.860782,12.975227,Madrisio
79,26,IDRO_3,Idrometro_3,,m,2026-06-21 16:15:00,1.13,45.860782,12.975227,Madrisio
79,137,VbattR2,Batteria remota 2,,Volt,2026-06-21 16:15:00,13.5,45.860782,12.975227,Madrisio
80,85,P_1h,Pioggia oraria,,mm,2026-06-21 16:00:00,0.0,46.228391,13.161542,Magnano in Riviera
80,1,RR,RR,,mm,2026-06-21 16:15:00,0.0,46.228391,13.161542,Magnano in Riviera
80,30,P,Pluviometro,,mm,2026-06-21 16:15:00,0.0,46.228391,13.161542,Magnano in Riviera
80,52,Prec_5_min,Precipitazione 5 min,,mm,2026-06-21 16:15:00,0.0,46.228391,13.161542,Magnano in Riviera
80,53,Prec_60_min,Precipitazione 60 min,,mm,2026-06-21 16:15:00,0.0,46.228391,13.161542,Magnano in Riviera
80,54,Prec_3_ore,Precipitazione 3 ore,,mm,2026-06-21 16:15:00,0.0,46.228391,13.161542,Magnano in Riviera
80,55,Prec_6_ore,Precipitazione 6 ore,,mm,2026-06-21 16:15:00,0.0,46.228391,13.161542,Magnano in Riviera
80,56,Prec_12_ore,Precipitazione 12 ore,,mm,2026-06-21 16:15:00,0.0,46.228391,13.161542,Magnano in Riviera
80,57,Prec_24_ore,Precipitazione 24 ore,,mm,2026-06-21 16:15:00,0.0,46.228391,13.161542,Magnano in Riviera
80,58,Prec_48_ore,Precipitazione 48 ore,,mm,2026-06-21 16:15:00,0.0,46.228391,13.161542,Magnano in Riviera
80,48,CAR,Corrente di carica,,mA,2026-06-21 16:15:00,604.0,46.228391,13.161542,Magnano in Riviera
80,49,SCAR,Corrente di scarica,,mA,2026-06-21 16:15:00,91.0,46.228391,13.161542,Magnano in Riviera
80,143,STSpluv (RAW),Stato Pluv (RAW),,sts,2026-06-21 16:15:00,0.0,46.228391,13.161542,Magnano in Riviera
80,2,T,Temperatura aria,,°C,2026-06-21 16:15:00,33.3,46.228391,13.161542,Magnano in Riviera
80,3,U,Igrometro,,%,2026-06-21 16:15:00,41.2,46.228391,13.161542,Magnano in Riviera
81,85,P_1h,Pioggia oraria,,mm,2026-06-21 16:00:00,0.0,46.505812,13.440331,Malborghetto F. Fella
81,1,RR,RR,,mm,2026-06-21 16:15:00,0.0,46.505812,13.440331,Malborghetto F. Fella
81,2,T,Temperatura aria,,°C,2026-06-21 16:15:00,29.6,46.505812,13.440331,Malborghetto F. Fella
81,24,IDRO,Idrometro,,m,2026-06-21 16:15:00,-2.31,46.505812,13.440331,Malborghetto F. Fella
81,30,P,Pluviometro,,mm,2026-06-21 16:15:00,0.0,46.505812,13.440331,Malborghetto F. Fella
81,31,PPWD,PLUV PWD,,mm,2026-06-21 16:15:00,0.0,46.505812,13.440331,Malborghetto F. Fella
81,52,Prec_5_min,Precipitazione 5 min,,mm,2026-06-21 16:15:00,0.0,46.505812,13.440331,Malborghetto F. Fella
81,53,Prec_60_min,Precipitazione 60 min,,mm,2026-06-21 16:15:00,0.0,46.505812,13.440331,Malborghetto F. Fella
81,54,Prec_3_ore,Precipitazione 3 ore,,mm,2026-06-21 16:15:00,0.0,46.505812,13.440331,Malborghetto F. Fella
81,55,Prec_6_ore,Precipitazione 6 ore,,mm,2026-06-21 16:15:00,0.0,46.505812,13.440331,Malborghetto F. Fella
81,56,Prec_12_ore,Precipitazione 12 ore,,mm,2026-06-21 16:15:00,0.0,46.505812,13.440331,Malborghetto F. Fella
81,57,Prec_24_ore,Precipitazione 24 ore,,mm,2026-06-21 16:15:00,4.73333333333333,46.505812,13.440331,Malborghetto F. Fella
81,58,Prec_48_ore,Precipitazione 48 ore,,mm,2026-06-21 16:15:00,5.2,46.505812,13.440331,Malborghetto F. Fella
82,23,NIVO,Nivometro,,cm,2026-06-21 15:45:00,1.0,46.547986,13.515642,Malga Acomizza
82,85,P_1h,Pioggia oraria,,mm,2026-06-21 16:00:00,0.0,46.547986,13.515642,Malga Acomizza
82,1,RR,RR,,mm,2026-06-21 16:15:00,0.0,46.547986,13.515642,Malga Acomizza
82,2,T,Temperatura aria,,°C,2026-06-21 16:15:00,20.5,46.547986,13.515642,Malga Acomizza
82,3,U,Igrometro,,%,2026-06-21 16:15:00,56.6,46.547986,13.515642,Malga Acomizza
82,5,Dv,Direzione vento,,°N,2026-06-21 16:15:00,29.0,46.547986,13.515642,Malga Acomizza
82,6,Vv,Velocità vento,,m/s,2026-06-21 16:15:00,5.1,46.547986,13.515642,Malga Acomizza
82,7,VvMax,Velocità vento massima,,m/s,2026-06-21 16:15:00,6.0,46.547986,13.515642,Malga Acomizza
82,8,DvMax,Direzione vento della velocità massima,,°N,2026-06-21 16:15:00,21.0,46.547986,13.515642,Malga Acomizza
82,30,P,Pluviometro,,mm,2026-06-21 16:15:00,0.0,46.547986,13.515642,Malga Acomizza
82,32,DvVett,Direzione vento vettoriale,,°N,2026-06-21 16:15:00,35.0,46.547986,13.515642,Malga Acomizza
82,33,VvVett,Velocità vento vettoriale,,m/s,2026-06-21 16:15:00,4.1,46.547986,13.515642,Malga Acomizza
82,52,Prec_5_min,Precipitazione 5 min,,mm,2026-06-21 16:15:00,0.0,46.547986,13.515642,Malga Acomizza
82,53,Prec_60_min,Precipitazione 60 min,,mm,2026-06-21 16:15:00,0.0,46.547986,13.515642,Malga Acomizza
82,54,Prec_3_ore,Precipitazione 3 ore,,mm,2026-06-21 16:15:00,0.0,46.547986,13.515642,Malga Acomizza
82,55,Prec_6_ore,Precipitazione 6 ore,,mm,2026-06-21 16:15:00,0.0,46.547986,13.515642,Malga Acomizza
82,56,Prec_12_ore,Precipitazione 12 ore,,mm,2026-06-21 16:15:00,0.0,46.547986,13.515642,Malga Acomizza
82,57,Prec_24_ore,Precipitazione 24 ore,,mm,2026-06-21 16:15:00,2.4,46.547986,13.515642,Malga Acomizza
82,58,Prec_48_ore,Precipitazione 48 ore,,mm,2026-06-21 16:15:00,4.0,46.547986,13.515642,Malga Acomizza
82,48,CAR,Corrente di carica,,mA,2026-06-21 16:15:00,145.0,46.547986,13.515642,Malga Acomizza
82,49,SCAR,Corrente di scarica,,mA,2026-06-21 16:15:00,100.0,46.547986,13.515642,Malga Acomizza
83,85,P_1h,Pioggia oraria,,mm,2026-06-21 16:00:00,0.0,46.360224,13.187742,Malga Cjariguart
83,1,RR,RR,,mm,2026-06-21 16:30:00,0.0,46.360224,13.187742,Malga Cjariguart
83,2,T,Temperatura aria,,°C,2026-06-21 16:30:00,20.5,46.360224,13.187742,Malga Cjariguart
83,3,U,Igrometro,,%,2026-06-21 16:30:00,68.2,46.360224,13.187742,Malga Cjariguart
83,5,Dv,Direzione vento,,°N,2026-06-21 16:30:00,280.0,46.360224,13.187742,Malga Cjariguart
83,6,Vv,Velocità vento,,m/s,2026-06-21 16:30:00,2.3,46.360224,13.187742,Malga Cjariguart
83,7,VvMax,Velocità vento massima,,m/s,2026-06-21 16:30:00,5.1,46.360224,13.187742,Malga Cjariguart
83,8,DvMax,Direzione vento della velocità massima,,°N,2026-06-21 16:30:00,283.0,46.360224,13.187742,Malga Cjariguart
83,23,NIVO,Nivometro,,cm,2026-06-21 16:30:00,1.0,46.360224,13.187742,Malga Cjariguart
83,30,P,Pluviometro,,mm,2026-06-21 16:30:00,0.0,46.360224,13.187742,Malga Cjariguart
83,32,DvVett,Direzione vento vettoriale,,°N,2026-06-21 16:30:00,281.0,46.360224,13.187742,Malga Cjariguart
83,33,VvVett,Velocità vento vettoriale,,m/s,2026-06-21 16:30:00,2.7,46.360224,13.187742,Malga Cjariguart
83,52,Prec_5_min,Precipitazione 5 min,,mm,2026-06-21 16:30:00,0.0,46.360224,13.187742,Malga Cjariguart
83,53,Prec_60_min,Precipitazione 60 min,,mm,2026-06-21 16:30:00,0.0,46.360224,13.187742,Malga Cjariguart
83,54,Prec_3_ore,Precipitazione 3 ore,,mm,2026-06-21 16:30:00,0.0,46.360224,13.187742,Malga Cjariguart
83,55,Prec_6_ore,Precipitazione 6 ore,,mm,2026-06-21 16:30:00,0.0,46.360224,13.187742,Malga Cjariguart
83,56,Prec_12_ore,Precipitazione 12 ore,,mm,2026-06-21 16:30:00,0.0,46.360224,13.187742,Malga Cjariguart
83,57,Prec_24_ore,Precipitazione 24 ore,,mm,2026-06-21 16:30:00,34.6,46.360224,13.187742,Malga Cjariguart
83,58,Prec_48_ore,Precipitazione 48 ore,,mm,2026-06-21 16:30:00,34.6,46.360224,13.187742,Malga Cjariguart
83,48,CAR,Corrente di carica,,mA,2026-06-21 16:30:00,117.0,46.360224,13.187742,Malga Cjariguart
83,49,SCAR,Corrente di scarica,,mA,2026-06-21 16:30:00,43.0,46.360224,13.187742,Malga Cjariguart
84,85,P_1h,Pioggia oraria,,mm,2026-06-21 16:00:00,0.0,46.594863,12.8996,Malga Plotta
84,1,RR,RR,,mm,2026-06-21 16:15:00,0.0,46.594863,12.8996,Malga Plotta
84,2,T,Temperatura aria,,°C,2026-06-21 16:15:00,18.2,46.594863,12.8996,Malga Plotta
84,3,U,Igrometro,,%,2026-06-21 16:15:00,65.5,46.594863,12.8996,Malga Plotta
84,5,Dv,Direzione vento,,°N,2026-06-21 16:15:00,339.0,46.594863,12.8996,Malga Plotta
84,6,Vv,Velocità vento,,m/s,2026-06-21 16:15:00,0.3,46.594863,12.8996,Malga Plotta
84,7,VvMax,Velocità vento massima,,m/s,2026-06-21 16:15:00,2.2,46.594863,12.8996,Malga Plotta
84,8,DvMax,Direzione vento della velocità massima,,°N,2026-06-21 16:15:00,117.0,46.594863,12.8996,Malga Plotta
84,23,NIVO,Nivometro,,cm,2026-06-21 16:15:00,0.0,46.594863,12.8996,Malga Plotta
84,30,P,Pluviometro,,mm,2026-06-21 16:15:00,0.0,46.594863,12.8996,Malga Plotta
84,32,DvVett,Direzione vento vettoriale,,°N,2026-06-21 16:15:00,116.0,46.594863,12.8996,Malga Plotta
84,33,VvVett,Velocità vento vettoriale,,m/s,2026-06-21 16:15:00,1.0,46.594863,12.8996,Malga Plotta
84,48,CAR,Corrente di carica,,mA,2026-06-21 16:15:00,102.0,46.594863,12.8996,Malga Plotta
84,49,SCAR,Corrente di scarica,,mA,2026-06-21 16:15:00,98.0,46.594863,12.8996,Malga Plotta
84,52,Prec_5_min,Precipitazione 5 min,,mm,2026-06-21 16:15:00,0.0,46.594863,12.8996,Malga Plotta
84,53,Prec_60_min,Precipitazione 60 min,,mm,2026-06-21 16:15:00,0.0,46.594863,12.8996,Malga Plotta
84,54,Prec_3_ore,Precipitazione 3 ore,,mm,2026-06-21 16:15:00,0.0,46.594863,12.8996,Malga Plotta
84,55,Prec_6_ore,Precipitazione 6 ore,,mm,2026-06-21 16:15:00,0.0,46.594863,12.8996,Malga Plotta
84,56,Prec_12_ore,Precipitazione 12 ore,,mm,2026-06-21 16:15:00,0.0,46.594863,12.8996,Malga Plotta
84,57,Prec_24_ore,Precipitazione 24 ore,,mm,2026-06-21 16:15:00,3.0,46.594863,12.8996,Malga Plotta
84,58,Prec_48_ore,Precipitazione 48 ore,,mm,2026-06-21 16:15:00,8.8,46.594863,12.8996,Malga Plotta
85,85,P_1h,Pioggia oraria,,mm,2026-06-21 16:00:00,0.0,46.173929,12.718688,Maniago
85,1,RR,RR,,mm,2026-06-21 16:15:00,0.0,46.173929,12.718688,Maniago
85,2,T,Temperatura aria,,°C,2026-06-21 16:15:00,32.7,46.173929,12.718688,Maniago
85,24,IDRO,Idrometro,,m,2026-06-21 16:15:00,2.06,46.173929,12.718688,Maniago
85,30,P,Pluviometro,,mm,2026-06-21 16:15:00,0.0,46.173929,12.718688,Maniago
85,52,Prec_5_min,Precipitazione 5 min,,mm,2026-06-21 16:15:00,0.0,46.173929,12.718688,Maniago
85,53,Prec_60_min,Precipitazione 60 min,,mm,2026-06-21 16:15:00,0.0,46.173929,12.718688,Maniago
85,54,Prec_3_ore,Precipitazione 3 ore,,mm,2026-06-21 16:15:00,0.0,46.173929,12.718688,Maniago
85,55,Prec_6_ore,Precipitazione 6 ore,,mm,2026-06-21 16:15:00,0.0,46.173929,12.718688,Maniago
85,56,Prec_12_ore,Precipitazione 12 ore,,mm,2026-06-21 16:15:00,0.0,46.173929,12.718688,Maniago
85,57,Prec_24_ore,Precipitazione 24 ore,,mm,2026-06-21 16:15:00,0.4,46.173929,12.718688,Maniago
85,58,Prec_48_ore,Precipitazione 48 ore,,mm,2026-06-21 16:15:00,0.4,46.173929,12.718688,Maniago
85,3,U,Igrometro,,%,2026-06-21 16:15:00,36.2,46.173929,12.718688,Maniago
85,48,CAR,Corrente di carica,,mA,2026-06-21 16:15:00,13.0,46.173929,12.718688,Maniago
85,49,SCAR,Corrente di scarica,,mA,2026-06-21 16:15:00,172.0,46.173929,12.718688,Maniago
85,143,STSpluv (RAW),Stato Pluv (RAW),,sts,2026-06-21 16:15:00,0.0,46.173929,12.718688,Maniago
86,85,P_1h,Pioggia oraria,,mm,2026-06-21 16:00:00,0.0,45.99165,13.390948,Manzano
86,1,RR,RR,,mm,2026-06-21 16:15:00,0.0,45.99165,13.390948,Manzano
86,24,IDRO,Idrometro,,m,2026-06-21 16:15:00,0.09,45.99165,13.390948,Manzano
86,30,P,Pluviometro,,mm,2026-06-21 16:15:00,0.0,45.99165,13.390948,Manzano
86,52,Prec_5_min,Precipitazione 5 min,,mm,2026-06-21 16:15:00,0.0,45.99165,13.390948,Manzano
86,53,Prec_60_min,Precipitazione 60 min,,mm,2026-06-21 16:15:00,0.0,45.99165,13.390948,Manzano
86,54,Prec_3_ore,Precipitazione 3 ore,,mm,2026-06-21 16:15:00,0.0,45.99165,13.390948,Manzano
86,55,Prec_6_ore,Precipitazione 6 ore,,mm,2026-06-21 16:15:00,0.0,45.99165,13.390948,Manzano
86,56,Prec_12_ore,Precipitazione 12 ore,,mm,2026-06-21 16:15:00,0.0,45.99165,13.390948,Manzano
86,57,Prec_24_ore,Precipitazione 24 ore,,mm,2026-06-21 16:15:00,0.0,45.99165,13.390948,Manzano
86,58,Prec_48_ore,Precipitazione 48 ore,,mm,2026-06-21 16:15:00,0.0,45.99165,13.390948,Manzano
86,27,Q_1,Portata_1,,mc/s,2026-06-21 16:15:00,2.0,45.99165,13.390948,Manzano
86,48,CAR,Corrente di carica,,mA,2026-06-21 16:15:00,151.0,45.99165,13.390948,Manzano
86,49,SCAR,Corrente di scarica,,mA,2026-06-21 16:15:00,128.0,45.99165,13.390948,Manzano
86,67,VH2O,Velocità acqua,,m/s,2026-06-21 16:15:00,0.34,45.99165,13.390948,Manzano
86,82,RQ-30 SNR,Qualità (SNR) [Sommer RQ-30],,,2026-06-21 16:15:00,-34.1,45.99165,13.390948,Manzano
86,83,RQ-30 D_O,Direzione opposta [Sommer RQ-30],,%,2026-06-21 16:15:00,257.0,45.99165,13.390948,Manzano
86,143,STSpluv (RAW),Stato Pluv (RAW),,sts,2026-06-21 16:15:00,2.0,45.99165,13.390948,Manzano
87,24,IDRO,Idrometro,,m,2026-06-21 16:15:00,0.286666666666667,45.762016242642,13.166840672493,Marano Lagunare
87,86,LIV_MARE_IGM42,Livello mare IGM42,,m,2026-06-21 16:15:00,0.286666666666667,45.762016242642,13.166840672493,Marano Lagunare
87,48,CAR,Corrente di carica,,mA,2026-06-21 16:15:00,57.0,45.762016242642,13.166840672493,Marano Lagunare
87,49,SCAR,Corrente di scarica,,mA,2026-06-21 16:15:00,93.0,45.762016242642,13.166840672493,Marano Lagunare
88,24,IDRO,Idrometro,,m,2026-06-21 16:15:00,0.39,45.921081,13.456102,Mariano del Friuli (IDRO)
89,85,P_1h,Pioggia oraria,,mm,2026-06-21 16:00:00,0.0,46.217903,12.77291,Meduno
89,1,RR,RR,,mm,2026-06-21 16:15:00,0.0,46.217903,12.77291,Meduno
89,2,T,Temperatura aria,,°C,2026-06-21 16:15:00,28.9,46.217903,12.77291,Meduno
89,24,IDRO,Idrometro,,m,2026-06-21 16:15:00,2.59,46.217903,12.77291,Meduno
89,30,P,Pluviometro,,mm,2026-06-21 16:15:00,0.0,46.217903,12.77291,Meduno
89,52,Prec_5_min,Precipitazione 5 min,,mm,2026-06-21 16:15:00,0.0,46.217903,12.77291,Meduno
89,53,Prec_60_min,Precipitazione 60 min,,mm,2026-06-21 16:15:00,0.0,46.217903,12.77291,Meduno
89,54,Prec_3_ore,Precipitazione 3 ore,,mm,2026-06-21 16:15:00,0.0,46.217903,12.77291,Meduno
89,55,Prec_6_ore,Precipitazione 6 ore,,mm,2026-06-21 16:15:00,0.0,46.217903,12.77291,Meduno
89,56,Prec_12_ore,Precipitazione 12 ore,,mm,2026-06-21 16:15:00,0.0,46.217903,12.77291,Meduno
89,57,Prec_24_ore,Precipitazione 24 ore,,mm,2026-06-21 16:15:00,0.8,46.217903,12.77291,Meduno
89,58,Prec_48_ore,Precipitazione 48 ore,,mm,2026-06-21 16:15:00,0.8,46.217903,12.77291,Meduno
89,3,U,Igrometro,,%,2026-06-21 16:15:00,59.7,46.217903,12.77291,Meduno
89,48,CAR,Corrente di carica,,mA,2026-06-21 16:15:00,13.0,46.217903,12.77291,Meduno
89,49,SCAR,Corrente di scarica,,mA,2026-06-21 16:15:00,179.0,46.217903,12.77291,Meduno
89,143,STSpluv (RAW),Stato Pluv (RAW),,sts,2026-06-21 16:15:00,0.0,46.217903,12.77291,Meduno
90,85,P_1h,Pioggia oraria,,mm,2026-06-21 16:00:00,0.0,46.399703,13.186236,Moggio Udinese
90,1,RR,RR,,mm,2026-06-21 16:15:00,0.0,46.399703,13.186236,Moggio Udinese
90,2,T,Temperatura aria,,°C,2026-06-21 16:15:00,31.6,46.399703,13.186236,Moggio Udinese
90,24,IDRO,Idrometro,,m,2026-06-21 16:15:00,0.5,46.399703,13.186236,Moggio Udinese
90,30,P,Pluviometro,,mm,2026-06-21 16:15:00,0.0,46.399703,13.186236,Moggio Udinese
90,52,Prec_5_min,Precipitazione 5 min,,mm,2026-06-21 16:15:00,0.0,46.399703,13.186236,Moggio Udinese
90,53,Prec_60_min,Precipitazione 60 min,,mm,2026-06-21 16:15:00,0.0,46.399703,13.186236,Moggio Udinese
90,54,Prec_3_ore,Precipitazione 3 ore,,mm,2026-06-21 16:15:00,0.0,46.399703,13.186236,Moggio Udinese
90,55,Prec_6_ore,Precipitazione 6 ore,,mm,2026-06-21 16:15:00,0.0,46.399703,13.186236,Moggio Udinese
90,56,Prec_12_ore,Precipitazione 12 ore,,mm,2026-06-21 16:15:00,0.0,46.399703,13.186236,Moggio Udinese
90,57,Prec_24_ore,Precipitazione 24 ore,,mm,2026-06-21 16:15:00,5.7,46.399703,13.186236,Moggio Udinese
90,58,Prec_48_ore,Precipitazione 48 ore,,mm,2026-06-21 16:15:00,5.7,46.399703,13.186236,Moggio Udinese
90,27,Q_1,Portata_1,,mc/s,2026-06-21 16:15:00,15.1,46.399703,13.186236,Moggio Udinese
90,67,VH2O,Velocità acqua,,m/s,2026-06-21 16:15:00,0.43,46.399703,13.186236,Moggio Udinese
90,48,CAR,Corrente di carica,,mA,2026-06-21 16:15:00,562.0,46.399703,13.186236,Moggio Udinese
90,49,SCAR,Corrente di scarica,,mA,2026-06-21 16:15:00,121.0,46.399703,13.186236,Moggio Udinese
90,82,RQ-30 SNR,Qualità (SNR) [Sommer RQ-30],,,2026-06-21 16:15:00,55.4,46.399703,13.186236,Moggio Udinese
90,83,RQ-30 D_O,Direzione opposta [Sommer RQ-30],,%,2026-06-21 16:15:00,24.8,46.399703,13.186236,Moggio Udinese
90,143,STSpluv (RAW),Stato Pluv (RAW),,sts,2026-06-21 16:15:00,0.0,46.399703,13.186236,Moggio Udinese
90,3,U,Igrometro,,%,2026-06-21 16:15:00,47.8,46.399703,13.186236,Moggio Udinese
91,24,IDRO,Idrometro,,m,2026-06-21 16:15:00,0.26,46.189847,13.266738,Molmentet
92,2,T,Temperatura aria,,°C,2026-06-21 16:15:00,27.6733333333333,45.780302,13.54963,Monfalcone
92,3,U,Igrometro,,%,2026-06-21 16:15:00,74.72,45.780302,13.54963,Monfalcone
92,17,B,Barometro,,hPa,2026-06-21 16:15:00,1020.71333333333,45.780302,13.54963,Monfalcone
92,18,RG,Radiazione globale,,W/m2,2026-06-21 16:15:00,384.473333333333,45.780302,13.54963,Monfalcone
92,24,IDRO,Idrometro,,m,2026-06-21 16:15:00,-0.0966666666666667,45.780302,13.54963,Monfalcone
92,86,LIV_MARE_IGM42,Livello mare IGM42,,m,2026-06-21 16:15:00,-0.0966666666666667,45.780302,13.54963,Monfalcone
92,5,Dv,Direzione vento,,°N,2026-06-21 16:15:00,113.933333333333,45.780302,13.54963,Monfalcone
92,6,Vv,Velocità vento,,m/s,2026-06-21 16:15:00,6.12666666666667,45.780302,13.54963,Monfalcone
92,7,VvMax,Velocità vento massima,,m/s,2026-06-21 16:15:00,7.1,45.780302,13.54963,Monfalcone
92,8,DvMax,Direzione vento della velocità massima,,°N,2026-06-21 16:15:00,114.266666666667,45.780302,13.54963,Monfalcone
92,81,MISxG,Misure xG,,sts,2026-06-21 16:15:00,1.0,45.780302,13.54963,Monfalcone
92,32,DvVett,Direzione vento vettoriale,,°N,2026-06-21 16:15:00,114.2,45.780302,13.54963,Monfalcone
92,33,VvVett,Velocità vento vettoriale,,m/s,2026-06-21 16:15:00,6.02666666666667,45.780302,13.54963,Monfalcone
92,48,CAR,Corrente di carica,,mA,2026-06-21 16:15:00,3.0,45.780302,13.54963,Monfalcone
92,49,SCAR,Corrente di scarica,,mA,2026-06-21 16:15:00,129.0,45.780302,13.54963,Monfalcone
93,85,P_1h,Pioggia oraria,,mm,2026-06-21 16:00:00,0.0,45.796465,13.511528,Monfalcone pluvio
93,1,RR,RR,,mm,2026-06-21 16:15:00,0.0,45.796465,13.511528,Monfalcone pluvio
93,2,T,Temperatura aria,,°C,2026-06-21 16:15:00,29.5,45.796465,13.511528,Monfalcone pluvio
93,3,U,Igrometro,,%,2026-06-21 16:15:00,66.8,45.796465,13.511528,Monfalcone pluvio
93,30,P,Pluviometro,,mm,2026-06-21 16:15:00,0.0,45.796465,13.511528,Monfalcone pluvio
93,52,Prec_5_min,Precipitazione 5 min,,mm,2026-06-21 16:15:00,0.0,45.796465,13.511528,Monfalcone pluvio
93,53,Prec_60_min,Precipitazione 60 min,,mm,2026-06-21 16:15:00,0.0,45.796465,13.511528,Monfalcone pluvio
93,54,Prec_3_ore,Precipitazione 3 ore,,mm,2026-06-21 16:15:00,0.0,45.796465,13.511528,Monfalcone pluvio
93,55,Prec_6_ore,Precipitazione 6 ore,,mm,2026-06-21 16:15:00,0.0,45.796465,13.511528,Monfalcone pluvio
93,56,Prec_12_ore,Precipitazione 12 ore,,mm,2026-06-21 16:15:00,0.0,45.796465,13.511528,Monfalcone pluvio
93,57,Prec_24_ore,Precipitazione 24 ore,,mm,2026-06-21 16:15:00,0.0,45.796465,13.511528,Monfalcone pluvio
93,58,Prec_48_ore,Precipitazione 48 ore,,mm,2026-06-21 16:15:00,0.0,45.796465,13.511528,Monfalcone pluvio
93,48,CAR,Corrente di carica,,mA,2026-06-21 16:15:00,258.0,45.796465,13.511528,Monfalcone pluvio
93,49,SCAR,Corrente di scarica,,mA,2026-06-21 16:15:00,85.0,45.796465,13.511528,Monfalcone pluvio
93,143,STSpluv (RAW),Stato Pluv (RAW),,sts,2026-06-21 16:15:00,0.0,45.796465,13.511528,Monfalcone pluvio
94,85,P_1h,Pioggia oraria,,mm,2026-06-21 16:00:00,0.0,46.241361,12.993028,Monte Prat
94,1,RR,RR,,mm,2026-06-21 16:15:00,0.0,46.241361,12.993028,Monte Prat
94,2,T,Temperatura aria,,°C,2026-06-21 16:15:00,28.1,46.241361,12.993028,Monte Prat
94,3,U,Igrometro,,%,2026-06-21 16:15:00,47.5,46.241361,12.993028,Monte Prat
94,5,Dv,Direzione vento,,°N,2026-06-21 16:15:00,215.0,46.241361,12.993028,Monte Prat
94,6,Vv,Velocità vento,,m/s,2026-06-21 16:15:00,3.6,46.241361,12.993028,Monte Prat
94,7,VvMax,Velocità vento massima,,m/s,2026-06-21 16:15:00,5.8,46.241361,12.993028,Monte Prat
94,8,DvMax,Direzione vento della velocità massima,,°N,2026-06-21 16:15:00,222.0,46.241361,12.993028,Monte Prat
94,17,B,Barometro,,hPa,2026-06-21 16:15:00,935.1,46.241361,12.993028,Monte Prat
94,18,RG,Radiazione globale,,W/m2,2026-06-21 16:15:00,303.9,46.241361,12.993028,Monte Prat
94,23,NIVO,Nivometro,,cm,2026-06-21 16:15:00,5.0,46.241361,12.993028,Monte Prat
94,30,P,Pluviometro,,mm,2026-06-21 16:15:00,0.0,46.241361,12.993028,Monte Prat
94,32,DvVett,Direzione vento vettoriale,,°N,2026-06-21 16:15:00,216.0,46.241361,12.993028,Monte Prat
94,33,VvVett,Velocità vento vettoriale,,m/s,2026-06-21 16:15:00,3.5,46.241361,12.993028,Monte Prat
94,52,Prec_5_min,Precipitazione 5 min,,mm,2026-06-21 16:15:00,0.0,46.241361,12.993028,Monte Prat
94,53,Prec_60_min,Precipitazione 60 min,,mm,2026-06-21 16:15:00,0.0,46.241361,12.993028,Monte Prat
94,54,Prec_3_ore,Precipitazione 3 ore,,mm,2026-06-21 16:15:00,0.0,46.241361,12.993028,Monte Prat
94,55,Prec_6_ore,Precipitazione 6 ore,,mm,2026-06-21 16:15:00,0.0,46.241361,12.993028,Monte Prat
94,56,Prec_12_ore,Precipitazione 12 ore,,mm,2026-06-21 16:15:00,0.0,46.241361,12.993028,Monte Prat
94,57,Prec_24_ore,Precipitazione 24 ore,,mm,2026-06-21 16:15:00,0.8,46.241361,12.993028,Monte Prat
94,58,Prec_48_ore,Precipitazione 48 ore,,mm,2026-06-21 16:15:00,0.8,46.241361,12.993028,Monte Prat
94,48,CAR,Corrente di carica,,mA,2026-06-21 16:15:00,0.0,46.241361,12.993028,Monte Prat
94,49,SCAR,Corrente di scarica,,mA,2026-06-21 16:15:00,151.0,46.241361,12.993028,Monte Prat
94,143,STSpluv (RAW),Stato Pluv (RAW),,sts,2026-06-21 16:15:00,0.0,46.241361,12.993028,Monte Prat
95,85,P_1h,Pioggia oraria,,mm,2026-06-21 16:00:00,0.0,45.600676,13.775738,Muggia
95,1,RR,RR,,mm,2026-06-21 16:15:00,0.0,45.600676,13.775738,Muggia
95,2,T,Temperatura aria,,°C,2026-06-21 16:15:00,30.5,45.600676,13.775738,Muggia
95,3,U,Igrometro,,%,2026-06-21 16:15:00,53.7,45.600676,13.775738,Muggia
95,30,P,Pluviometro,,mm,2026-06-21 16:15:00,0.0,45.600676,13.775738,Muggia
95,52,Prec_5_min,Precipitazione 5 min,,mm,2026-06-21 16:15:00,0.0,45.600676,13.775738,Muggia
95,53,Prec_60_min,Precipitazione 60 min,,mm,2026-06-21 16:15:00,0.0,45.600676,13.775738,Muggia
95,54,Prec_3_ore,Precipitazione 3 ore,,mm,2026-06-21 16:15:00,0.0,45.600676,13.775738,Muggia
95,55,Prec_6_ore,Precipitazione 6 ore,,mm,2026-06-21 16:15:00,0.0,45.600676,13.775738,Muggia
95,56,Prec_12_ore,Precipitazione 12 ore,,mm,2026-06-21 16:15:00,0.0,45.600676,13.775738,Muggia
95,57,Prec_24_ore,Precipitazione 24 ore,,mm,2026-06-21 16:15:00,0.0,45.600676,13.775738,Muggia
95,58,Prec_48_ore,Precipitazione 48 ore,,mm,2026-06-21 16:15:00,0.0,45.600676,13.775738,Muggia
95,48,CAR,Corrente di carica,,mA,2026-06-21 16:15:00,161.0,45.600676,13.775738,Muggia
95,49,SCAR,Corrente di scarica,,mA,2026-06-21 16:15:00,88.0,45.600676,13.775738,Muggia
95,143,STSpluv (RAW),Stato Pluv (RAW),,sts,2026-06-21 16:15:00,0.0,45.600676,13.775738,Muggia
96,85,P_1h,Pioggia oraria,,mm,2026-06-21 16:00:00,0.0,45.840301,12.80522,Mure
96,1,RR,RR,,mm,2026-06-21 16:15:00,0.0,45.840301,12.80522,Mure
96,2,T,Temperatura aria,,°C,2026-06-21 16:15:00,33.9,45.840301,12.80522,Mure
96,24,IDRO,Idrometro,,m,2026-06-21 16:15:00,1.64,45.840301,12.80522,Mure
96,30,P,Pluviometro,,mm,2026-06-21 16:15:00,0.0,45.840301,12.80522,Mure
96,52,Prec_5_min,Precipitazione 5 min,,mm,2026-06-21 16:15:00,0.0,45.840301,12.80522,Mure
96,53,Prec_60_min,Precipitazione 60 min,,mm,2026-06-21 16:15:00,0.0,45.840301,12.80522,Mure
96,54,Prec_3_ore,Precipitazione 3 ore,,mm,2026-06-21 16:15:00,0.0,45.840301,12.80522,Mure
96,55,Prec_6_ore,Precipitazione 6 ore,,mm,2026-06-21 16:15:00,0.0,45.840301,12.80522,Mure
96,56,Prec_12_ore,Precipitazione 12 ore,,mm,2026-06-21 16:15:00,0.0,45.840301,12.80522,Mure
96,57,Prec_24_ore,Precipitazione 24 ore,,mm,2026-06-21 16:15:00,0.0,45.840301,12.80522,Mure
96,58,Prec_48_ore,Precipitazione 48 ore,,mm,2026-06-21 16:15:00,0.0,45.840301,12.80522,Mure
96,48,CAR,Corrente di carica,,mA,2026-06-21 16:15:00,171.0,45.840301,12.80522,Mure
96,49,SCAR,Corrente di scarica,,mA,2026-06-21 16:15:00,90.0,45.840301,12.80522,Mure
96,143,STSpluv (RAW),Stato Pluv (RAW),,sts,2026-06-21 16:15:00,0.0,45.840301,12.80522,Mure
96,3,U,Igrometro,,%,2026-06-21 16:15:00,41.9,45.840301,12.80522,Mure
97,24,IDRO,Idrometro,,m,2026-06-21 16:15:00,0.37,45.835787,13.340433,Muscoli
98,85,P_1h,Pioggia oraria,,mm,2026-06-21 16:00:00,0.0,46.307212,13.27273,Musi (nivometrica)
98,1,RR,RR,,mm,2026-06-21 16:30:00,0.0,46.307212,13.27273,Musi (nivometrica)
98,2,T,Temperatura aria,,°C,2026-06-21 16:30:00,26.3,46.307212,13.27273,Musi (nivometrica)
98,23,NIVO,Nivometro,,cm,2026-06-21 16:30:00,5.0,46.307212,13.27273,Musi (nivometrica)
98,24,IDRO,Idrometro,,m,2026-06-21 16:30:00,-0.46,46.307212,13.27273,Musi (nivometrica)
98,30,P,Pluviometro,,mm,2026-06-21 16:30:00,0.0,46.307212,13.27273,Musi (nivometrica)
98,52,Prec_5_min,Precipitazione 5 min,,mm,2026-06-21 16:30:00,0.0,46.307212,13.27273,Musi (nivometrica)
98,53,Prec_60_min,Precipitazione 60 min,,mm,2026-06-21 16:30:00,0.0,46.307212,13.27273,Musi (nivometrica)
98,54,Prec_3_ore,Precipitazione 3 ore,,mm,2026-06-21 16:30:00,0.0,46.307212,13.27273,Musi (nivometrica)
98,55,Prec_6_ore,Precipitazione 6 ore,,mm,2026-06-21 16:30:00,0.0,46.307212,13.27273,Musi (nivometrica)
98,56,Prec_12_ore,Precipitazione 12 ore,,mm,2026-06-21 16:30:00,0.0,46.307212,13.27273,Musi (nivometrica)
98,57,Prec_24_ore,Precipitazione 24 ore,,mm,2026-06-21 16:30:00,7.4,46.307212,13.27273,Musi (nivometrica)
98,58,Prec_48_ore,Precipitazione 48 ore,,mm,2026-06-21 16:30:00,7.4,46.307212,13.27273,Musi (nivometrica)
98,48,CAR,Corrente di carica,,mA,2026-06-21 16:30:00,68.0,46.307212,13.27273,Musi (nivometrica)
98,49,SCAR,Corrente di scarica,,mA,2026-06-21 16:30:00,72.0,46.307212,13.27273,Musi (nivometrica)
98,143,STSpluv (RAW),Stato Pluv (RAW),,sts,2026-06-21 16:30:00,0.0,46.307212,13.27273,Musi (nivometrica)
98,3,U,Igrometro,,%,2026-06-21 16:30:00,64.9,46.307212,13.27273,Musi (nivometrica)
99,24,IDRO,Idrometro,,m,2026-06-21 16:15:00,0.32,45.818172,13.129493,Muzzana Rio Revonchio
100,24,IDRO,Idrometro,,m,2026-06-21 16:15:00,0.02,45.953886,13.519722,Oblino
101,85,P_1h,Pioggia oraria,,mm,2026-06-21 16:00:00,0.0,46.06176,13.357942,Orzano
101,1,RR,RR,,mm,2026-06-21 16:15:00,0.0,46.06176,13.357942,Orzano
101,2,T,Temperatura aria,,°C,2026-06-21 16:15:00,34.7,46.06176,13.357942,Orzano
101,3,U,Igrometro,,%,2026-06-21 16:15:00,36.5,46.06176,13.357942,Orzano
101,5,Dv,Direzione vento,,°N,2026-06-21 16:15:00,68.0,46.06176,13.357942,Orzano
101,6,Vv,Velocità vento,,m/s,2026-06-21 16:15:00,0.2,46.06176,13.357942,Orzano
101,7,VvMax,Velocità vento massima,,m/s,2026-06-21 16:15:00,3.5,46.06176,13.357942,Orzano
101,8,DvMax,Direzione vento della velocità massima,,°N,2026-06-21 16:15:00,255.0,46.06176,13.357942,Orzano
101,17,B,Barometro,,hPa,2026-06-21 16:15:00,1008.4,46.06176,13.357942,Orzano
101,30,P,Pluviometro,,mm,2026-06-21 16:15:00,0.0,46.06176,13.357942,Orzano
101,32,DvVett,Direzione vento vettoriale,,°N,2026-06-21 16:15:00,220.0,46.06176,13.357942,Orzano
101,33,VvVett,Velocità vento vettoriale,,m/s,2026-06-21 16:15:00,1.1,46.06176,13.357942,Orzano
101,52,Prec_5_min,Precipitazione 5 min,,mm,2026-06-21 16:15:00,0.0,46.06176,13.357942,Orzano
101,53,Prec_60_min,Precipitazione 60 min,,mm,2026-06-21 16:15:00,0.0,46.06176,13.357942,Orzano
101,54,Prec_3_ore,Precipitazione 3 ore,,mm,2026-06-21 16:15:00,0.0,46.06176,13.357942,Orzano
101,55,Prec_6_ore,Precipitazione 6 ore,,mm,2026-06-21 16:15:00,0.0,46.06176,13.357942,Orzano
101,56,Prec_12_ore,Precipitazione 12 ore,,mm,2026-06-21 16:15:00,0.0,46.06176,13.357942,Orzano
101,57,Prec_24_ore,Precipitazione 24 ore,,mm,2026-06-21 16:15:00,0.0,46.06176,13.357942,Orzano
101,58,Prec_48_ore,Precipitazione 48 ore,,mm,2026-06-21 16:15:00,0.0,46.06176,13.357942,Orzano
101,48,CAR,Corrente di carica,,mA,2026-06-21 16:15:00,55.0,46.06176,13.357942,Orzano
101,49,SCAR,Corrente di scarica,,mA,2026-06-21 16:15:00,131.0,46.06176,13.357942,Orzano
102,85,P_1h,Pioggia oraria,,mm,2026-06-21 16:00:00,0.0,46.236426,13.071473,Osoppo
102,1,RR,RR,,mm,2026-06-21 16:15:00,0.0,46.236426,13.071473,Osoppo
102,2,T,Temperatura aria,,°C,2026-06-21 16:15:00,34.1,46.236426,13.071473,Osoppo
102,3,U,Igrometro,,%,2026-06-21 16:15:00,33.0,46.236426,13.071473,Osoppo
102,5,Dv,Direzione vento,,°N,2026-06-21 16:15:00,212.0,46.236426,13.071473,Osoppo
102,6,Vv,Velocità vento,,m/s,2026-06-21 16:15:00,3.9,46.236426,13.071473,Osoppo
102,7,VvMax,Velocità vento massima,,m/s,2026-06-21 16:15:00,5.0,46.236426,13.071473,Osoppo
102,8,DvMax,Direzione vento della velocità massima,,°N,2026-06-21 16:15:00,244.0,46.236426,13.071473,Osoppo
102,17,B,Barometro,,hPa,2026-06-21 16:15:00,1000.6,46.236426,13.071473,Osoppo
102,18,RG,Radiazione globale,,W/m2,2026-06-21 16:15:00,387.4,46.236426,13.071473,Osoppo
102,30,P,Pluviometro,,mm,2026-06-21 16:15:00,0.0,46.236426,13.071473,Osoppo
102,32,DvVett,Direzione vento vettoriale,,°N,2026-06-21 16:15:00,232.0,46.236426,13.071473,Osoppo
102,33,VvVett,Velocità vento vettoriale,,m/s,2026-06-21 16:15:00,3.3,46.236426,13.071473,Osoppo
102,52,Prec_5_min,Precipitazione 5 min,,mm,2026-06-21 16:15:00,0.0,46.236426,13.071473,Osoppo
102,53,Prec_60_min,Precipitazione 60 min,,mm,2026-06-21 16:15:00,0.0,46.236426,13.071473,Osoppo
102,54,Prec_3_ore,Precipitazione 3 ore,,mm,2026-06-21 16:15:00,0.0,46.236426,13.071473,Osoppo
102,55,Prec_6_ore,Precipitazione 6 ore,,mm,2026-06-21 16:15:00,0.0,46.236426,13.071473,Osoppo
102,56,Prec_12_ore,Precipitazione 12 ore,,mm,2026-06-21 16:15:00,0.0,46.236426,13.071473,Osoppo
102,57,Prec_24_ore,Precipitazione 24 ore,,mm,2026-06-21 16:15:00,0.2,46.236426,13.071473,Osoppo
102,58,Prec_48_ore,Precipitazione 48 ore,,mm,2026-06-21 16:15:00,0.2,46.236426,13.071473,Osoppo
102,48,CAR,Corrente di carica,,mA,2026-06-21 16:15:00,201.0,46.236426,13.071473,Osoppo
102,49,SCAR,Corrente di scarica,,mA,2026-06-21 16:15:00,147.0,46.236426,13.071473,Osoppo
102,143,STSpluv (RAW),Stato Pluv (RAW),,sts,2026-06-21 16:15:00,0.0,46.236426,13.071473,Osoppo
103,85,P_1h,Pioggia oraria,,mm,2026-06-21 16:00:00,0.0,46.196015,12.659225,Pala Barzana
103,1,RR,RR,,mm,2026-06-21 16:15:00,0.0,46.196015,12.659225,Pala Barzana
103,2,T,Temperatura aria,,°C,2026-06-21 16:15:00,26.1,46.196015,12.659225,Pala Barzana
103,3,U,Igrometro,,%,2026-06-21 16:15:00,55.0,46.196015,12.659225,Pala Barzana
103,23,NIVO,Nivometro,,cm,2026-06-21 16:15:00,40.0,46.196015,12.659225,Pala Barzana
103,30,P,Pluviometro,,mm,2026-06-21 16:15:00,0.0,46.196015,12.659225,Pala Barzana
103,52,Prec_5_min,Precipitazione 5 min,,mm,2026-06-21 16:15:00,0.0,46.196015,12.659225,Pala Barzana
103,53,Prec_60_min,Precipitazione 60 min,,mm,2026-06-21 16:15:00,0.0,46.196015,12.659225,Pala Barzana
103,54,Prec_3_ore,Precipitazione 3 ore,,mm,2026-06-21 16:15:00,0.0,46.196015,12.659225,Pala Barzana
103,55,Prec_6_ore,Precipitazione 6 ore,,mm,2026-06-21 16:15:00,0.0,46.196015,12.659225,Pala Barzana
103,56,Prec_12_ore,Precipitazione 12 ore,,mm,2026-06-21 16:15:00,0.0,46.196015,12.659225,Pala Barzana
103,57,Prec_24_ore,Precipitazione 24 ore,,mm,2026-06-21 16:15:00,1.8,46.196015,12.659225,Pala Barzana
103,58,Prec_48_ore,Precipitazione 48 ore,,mm,2026-06-21 16:15:00,3.8,46.196015,12.659225,Pala Barzana
103,48,CAR,Corrente di carica,,mA,2026-06-21 16:15:00,110.0,46.196015,12.659225,Pala Barzana
103,49,SCAR,Corrente di scarica,,mA,2026-06-21 16:15:00,99.0,46.196015,12.659225,Pala Barzana
104,24,IDRO,Idrometro,,m,2026-06-21 16:15:00,-1.19,45.803232,13.074126,Palazzolo dello Stella
104,27,Q_1,Portata_1,,mc/s,2026-06-21 16:15:00,0.0,45.803232,13.074126,Palazzolo dello Stella
104,48,CAR,Corrente di carica,,mA,2026-06-21 16:15:00,159.0,45.803232,13.074126,Palazzolo dello Stella
104,49,SCAR,Corrente di scarica,,mA,2026-06-21 16:15:00,141.0,45.803232,13.074126,Palazzolo dello Stella
104,67,VH2O,Velocità acqua,,m/s,2026-06-21 16:15:00,0.0,45.803232,13.074126,Palazzolo dello Stella
104,82,RQ-30 SNR,Qualità (SNR) [Sommer RQ-30],,,2026-06-21 16:15:00,31.6,45.803232,13.074126,Palazzolo dello Stella
104,83,RQ-30 D_O,Direzione opposta [Sommer RQ-30],,%,2026-06-21 16:15:00,140.7,45.803232,13.074126,Palazzolo dello Stella
105,85,P_1h,Pioggia oraria,,mm,2026-06-21 16:00:00,0.0,46.527965,13.012166,Paluzza
105,1,RR,RR,,mm,2026-06-21 16:15:00,0.0,46.527965,13.012166,Paluzza
105,2,T,Temperatura aria,,°C,2026-06-21 16:15:00,28.7,46.527965,13.012166,Paluzza
105,3,U,Igrometro,,%,2026-06-21 16:15:00,46.6,46.527965,13.012166,Paluzza
105,23,NIVO,Nivometro,,cm,2026-06-21 16:15:00,0.0,46.527965,13.012166,Paluzza
105,30,P,Pluviometro,,mm,2026-06-21 16:15:00,0.0,46.527965,13.012166,Paluzza
105,48,CAR,Corrente di carica,,mA,2026-06-21 16:15:00,5.0,46.527965,13.012166,Paluzza
105,49,SCAR,Corrente di scarica,,mA,2026-06-21 16:15:00,99.0,46.527965,13.012166,Paluzza
105,52,Prec_5_min,Precipitazione 5 min,,mm,2026-06-21 16:15:00,0.0,46.527965,13.012166,Paluzza
105,53,Prec_60_min,Precipitazione 60 min,,mm,2026-06-21 16:15:00,0.0,46.527965,13.012166,Paluzza
105,54,Prec_3_ore,Precipitazione 3 ore,,mm,2026-06-21 16:15:00,0.0,46.527965,13.012166,Paluzza
105,55,Prec_6_ore,Precipitazione 6 ore,,mm,2026-06-21 16:15:00,0.0,46.527965,13.012166,Paluzza
105,56,Prec_12_ore,Precipitazione 12 ore,,mm,2026-06-21 16:15:00,0.0,46.527965,13.012166,Paluzza
105,57,Prec_24_ore,Precipitazione 24 ore,,mm,2026-06-21 16:15:00,5.16666666666667,46.527965,13.012166,Paluzza
105,58,Prec_48_ore,Precipitazione 48 ore,,mm,2026-06-21 16:15:00,5.9,46.527965,13.012166,Paluzza
105,143,STSpluv (RAW),Stato Pluv (RAW),,sts,2026-06-21 16:15:00,0.0,46.527965,13.012166,Paluzza
106,24,IDRO,Idrometro,,m,2026-06-21 16:15:00,1.74,45.829405,12.675565,Panigai
106,67,VH2O,Velocità acqua,,m/s,2026-06-21 16:15:00,0.46,45.829405,12.675565,Panigai
106,27,Q_1,Portata_1,,mc/s,2026-06-21 16:15:00,10.3,45.829405,12.675565,Panigai
106,48,CAR,Corrente di carica,,mA,2026-06-21 16:15:00,233.0,45.829405,12.675565,Panigai
106,49,SCAR,Corrente di scarica,,mA,2026-06-21 16:15:00,140.0,45.829405,12.675565,Panigai
106,82,RQ-30 SNR,Qualità (SNR) [Sommer RQ-30],,,2026-06-21 16:15:00,55.0,45.829405,12.675565,Panigai
106,83,RQ-30 D_O,Direzione opposta [Sommer RQ-30],,%,2026-06-21 16:15:00,56.0,45.829405,12.675565,Panigai
107,85,P_1h,Pioggia oraria,,mm,2026-06-21 16:00:00,0.0,46.014152,13.039319,Pantianicco
107,1,RR,RR,,mm,2026-06-21 16:15:00,0.0,46.014152,13.039319,Pantianicco
107,2,T,Temperatura aria,,°C,2026-06-21 16:15:00,34.2,46.014152,13.039319,Pantianicco
107,3,U,Igrometro,,%,2026-06-21 16:15:00,45.9,46.014152,13.039319,Pantianicco
107,5,Dv,Direzione vento,,°N,2026-06-21 16:15:00,307.0,46.014152,13.039319,Pantianicco
107,6,Vv,Velocità vento,,m/s,2026-06-21 16:15:00,3.3,46.014152,13.039319,Pantianicco
107,7,VvMax,Velocità vento massima,,m/s,2026-06-21 16:15:00,4.5,46.014152,13.039319,Pantianicco
107,8,DvMax,Direzione vento della velocità massima,,°N,2026-06-21 16:15:00,309.0,46.014152,13.039319,Pantianicco
107,17,B,Barometro,,hPa,2026-06-21 16:15:00,1013.3,46.014152,13.039319,Pantianicco
107,30,P,Pluviometro,,mm,2026-06-21 16:15:00,0.0,46.014152,13.039319,Pantianicco
107,32,DvVett,Direzione vento vettoriale,,°N,2026-06-21 16:15:00,296.0,46.014152,13.039319,Pantianicco
107,33,VvVett,Velocità vento vettoriale,,m/s,2026-06-21 16:15:00,2.5,46.014152,13.039319,Pantianicco
107,52,Prec_5_min,Precipitazione 5 min,,mm,2026-06-21 16:15:00,0.0,46.014152,13.039319,Pantianicco
107,53,Prec_60_min,Precipitazione 60 min,,mm,2026-06-21 16:15:00,0.0,46.014152,13.039319,Pantianicco
107,54,Prec_3_ore,Precipitazione 3 ore,,mm,2026-06-21 16:15:00,0.0,46.014152,13.039319,Pantianicco
107,55,Prec_6_ore,Precipitazione 6 ore,,mm,2026-06-21 16:15:00,0.0,46.014152,13.039319,Pantianicco
107,56,Prec_12_ore,Precipitazione 12 ore,,mm,2026-06-21 16:15:00,0.0,46.014152,13.039319,Pantianicco
107,57,Prec_24_ore,Precipitazione 24 ore,,mm,2026-06-21 16:15:00,0.0,46.014152,13.039319,Pantianicco
107,58,Prec_48_ore,Precipitazione 48 ore,,mm,2026-06-21 16:15:00,0.0,46.014152,13.039319,Pantianicco
107,48,CAR,Corrente di carica,,mA,2026-06-21 16:15:00,37.0,46.014152,13.039319,Pantianicco
107,49,SCAR,Corrente di scarica,,mA,2026-06-21 16:15:00,117.0,46.014152,13.039319,Pantianicco
108,85,P_1h,Pioggia oraria,,mm,2026-06-21 16:00:00,0.0,46.559887,13.275248,Passo Pramollo
108,1,RR,RR,,mm,2026-06-21 16:15:00,0.0,46.559887,13.275248,Passo Pramollo
108,2,T,Temperatura aria,,°C,2026-06-21 16:15:00,22.8,46.559887,13.275248,Passo Pramollo
108,3,U,Igrometro,,%,2026-06-21 16:15:00,54.8,46.559887,13.275248,Passo Pramollo
108,5,Dv,Direzione vento,,°N,2026-06-21 16:15:00,181.0,46.559887,13.275248,Passo Pramollo
108,6,Vv,Velocità vento,,m/s,2026-06-21 16:15:00,1.8,46.559887,13.275248,Passo Pramollo
108,7,VvMax,Velocità vento massima,,m/s,2026-06-21 16:15:00,3.2,46.559887,13.275248,Passo Pramollo
108,8,DvMax,Direzione vento della velocità massima,,°N,2026-06-21 16:15:00,198.0,46.559887,13.275248,Passo Pramollo
108,23,NIVO,Nivometro,,cm,2026-06-21 16:15:00,10.0,46.559887,13.275248,Passo Pramollo
108,30,P,Pluviometro,,mm,2026-06-21 16:15:00,0.0,46.559887,13.275248,Passo Pramollo
108,32,DvVett,Direzione vento vettoriale,,°N,2026-06-21 16:15:00,185.0,46.559887,13.275248,Passo Pramollo
108,33,VvVett,Velocità vento vettoriale,,m/s,2026-06-21 16:15:00,1.8,46.559887,13.275248,Passo Pramollo
108,52,Prec_5_min,Precipitazione 5 min,,mm,2026-06-21 16:15:00,0.0,46.559887,13.275248,Passo Pramollo
108,53,Prec_60_min,Precipitazione 60 min,,mm,2026-06-21 16:15:00,0.0,46.559887,13.275248,Passo Pramollo
108,54,Prec_3_ore,Precipitazione 3 ore,,mm,2026-06-21 16:15:00,0.0,46.559887,13.275248,Passo Pramollo
108,55,Prec_6_ore,Precipitazione 6 ore,,mm,2026-06-21 16:15:00,0.0,46.559887,13.275248,Passo Pramollo
108,56,Prec_12_ore,Precipitazione 12 ore,,mm,2026-06-21 16:15:00,0.0,46.559887,13.275248,Passo Pramollo
108,57,Prec_24_ore,Precipitazione 24 ore,,mm,2026-06-21 16:15:00,2.2,46.559887,13.275248,Passo Pramollo
108,58,Prec_48_ore,Precipitazione 48 ore,,mm,2026-06-21 16:15:00,2.2,46.559887,13.275248,Passo Pramollo
109,85,P_1h,Pioggia oraria,,mm,2026-06-21 16:00:00,0.0,46.419232,13.573856,Passo Predil
109,1,RR,RR,,mm,2026-06-21 16:15:00,0.0,46.419232,13.573856,Passo Predil
109,2,T,Temperatura aria,,°C,2026-06-21 16:15:00,25.9,46.419232,13.573856,Passo Predil
109,3,U,Igrometro,,%,2026-06-21 16:15:00,100.0,46.419232,13.573856,Passo Predil
109,5,Dv,Direzione vento,,°N,2026-06-21 16:15:00,184.0,46.419232,13.573856,Passo Predil
109,6,Vv,Velocità vento,,m/s,2026-06-21 16:15:00,0.7,46.419232,13.573856,Passo Predil
109,7,VvMax,Velocità vento massima,,m/s,2026-06-21 16:15:00,2.7,46.419232,13.573856,Passo Predil
109,8,DvMax,Direzione vento della velocità massima,,°N,2026-06-21 16:15:00,62.0,46.419232,13.573856,Passo Predil
109,23,NIVO,Nivometro,,cm,2026-06-21 16:15:00,64.0,46.419232,13.573856,Passo Predil
109,30,P,Pluviometro,,mm,2026-06-21 16:15:00,0.0,46.419232,13.573856,Passo Predil
109,32,DvVett,Direzione vento vettoriale,,°N,2026-06-21 16:15:00,108.0,46.419232,13.573856,Passo Predil
109,33,VvVett,Velocità vento vettoriale,,m/s,2026-06-21 16:15:00,0.8,46.419232,13.573856,Passo Predil
109,52,Prec_5_min,Precipitazione 5 min,,mm,2026-06-21 16:15:00,0.0,46.419232,13.573856,Passo Predil
109,53,Prec_60_min,Precipitazione 60 min,,mm,2026-06-21 16:15:00,0.0,46.419232,13.573856,Passo Predil
109,54,Prec_3_ore,Precipitazione 3 ore,,mm,2026-06-21 16:15:00,0.0,46.419232,13.573856,Passo Predil
109,55,Prec_6_ore,Precipitazione 6 ore,,mm,2026-06-21 16:15:00,0.0,46.419232,13.573856,Passo Predil
109,56,Prec_12_ore,Precipitazione 12 ore,,mm,2026-06-21 16:15:00,0.0,46.419232,13.573856,Passo Predil
109,57,Prec_24_ore,Precipitazione 24 ore,,mm,2026-06-21 16:15:00,4.4,46.419232,13.573856,Passo Predil
109,58,Prec_48_ore,Precipitazione 48 ore,,mm,2026-06-21 16:15:00,4.4,46.419232,13.573856,Passo Predil
109,48,CAR,Corrente di carica,,mA,2026-06-21 16:15:00,90.0,46.419232,13.573856,Passo Predil
109,49,SCAR,Corrente di scarica,,mA,2026-06-21 16:15:00,120.0,46.419232,13.573856,Passo Predil
110,85,P_1h,Pioggia oraria,,mm,2026-06-21 16:00:00,0.0,46.526109,13.121217,Paularo
110,1,RR,RR,,mm,2026-06-21 16:15:00,0.0,46.526109,13.121217,Paularo
110,2,T,Temperatura aria,,°C,2026-06-21 16:15:00,29.7,46.526109,13.121217,Paularo
110,30,P,Pluviometro,,mm,2026-06-21 16:15:00,0.0,46.526109,13.121217,Paularo
110,52,Prec_5_min,Precipitazione 5 min,,mm,2026-06-21 16:15:00,0.0,46.526109,13.121217,Paularo
110,53,Prec_60_min,Precipitazione 60 min,,mm,2026-06-21 16:15:00,0.0,46.526109,13.121217,Paularo
110,54,Prec_3_ore,Precipitazione 3 ore,,mm,2026-06-21 16:15:00,0.0,46.526109,13.121217,Paularo
110,55,Prec_6_ore,Precipitazione 6 ore,,mm,2026-06-21 16:15:00,0.0,46.526109,13.121217,Paularo
110,56,Prec_12_ore,Precipitazione 12 ore,,mm,2026-06-21 16:15:00,0.0,46.526109,13.121217,Paularo
110,57,Prec_24_ore,Precipitazione 24 ore,,mm,2026-06-21 16:15:00,2.8,46.526109,13.121217,Paularo
110,58,Prec_48_ore,Precipitazione 48 ore,,mm,2026-06-21 16:15:00,5.2,46.526109,13.121217,Paularo
111,85,P_1h,Pioggia oraria,,mm,2026-06-21 16:00:00,0.0,45.992595,13.295932,Pavia di Udine
111,1,RR,RR,,mm,2026-06-21 16:15:00,0.0,45.992595,13.295932,Pavia di Udine
111,2,T,Temperatura aria,,°C,2026-06-21 16:15:00,34.2,45.992595,13.295932,Pavia di Udine
111,3,U,Igrometro,,%,2026-06-21 16:15:00,36.1,45.992595,13.295932,Pavia di Udine
111,30,P,Pluviometro,,mm,2026-06-21 16:15:00,0.0,45.992595,13.295932,Pavia di Udine
111,52,Prec_5_min,Precipitazione 5 min,,mm,2026-06-21 16:15:00,0.0,45.992595,13.295932,Pavia di Udine
111,53,Prec_60_min,Precipitazione 60 min,,mm,2026-06-21 16:15:00,0.0,45.992595,13.295932,Pavia di Udine
111,54,Prec_3_ore,Precipitazione 3 ore,,mm,2026-06-21 16:15:00,0.0,45.992595,13.295932,Pavia di Udine
111,55,Prec_6_ore,Precipitazione 6 ore,,mm,2026-06-21 16:15:00,0.0,45.992595,13.295932,Pavia di Udine
111,56,Prec_12_ore,Precipitazione 12 ore,,mm,2026-06-21 16:15:00,0.0,45.992595,13.295932,Pavia di Udine
111,57,Prec_24_ore,Precipitazione 24 ore,,mm,2026-06-21 16:15:00,0.0,45.992595,13.295932,Pavia di Udine
111,58,Prec_48_ore,Precipitazione 48 ore,,mm,2026-06-21 16:15:00,0.0,45.992595,13.295932,Pavia di Udine
111,48,CAR,Corrente di carica,,mA,2026-06-21 16:15:00,64.0,45.992595,13.295932,Pavia di Udine
111,49,SCAR,Corrente di scarica,,mA,2026-06-21 16:15:00,88.0,45.992595,13.295932,Pavia di Udine
111,143,STSpluv (RAW),Stato Pluv (RAW),,sts,2026-06-21 16:15:00,0.0,45.992595,13.295932,Pavia di Udine
112,24,IDRO,Idrometro,,m,2026-06-21 16:15:00,0.47,46.187209,12.537651,Pentina
112,48,CAR,Corrente di carica,,mA,2026-06-21 16:15:00,55.0,46.187209,12.537651,Pentina
112,49,SCAR,Corrente di scarica,,mA,2026-06-21 16:15:00,85.0,46.187209,12.537651,Pentina
113,85,P_1h,Pioggia oraria,,mm,2026-06-21 16:00:00,0.0,46.521834,12.775128,Pesariis
113,1,RR,RR,,mm,2026-06-21 16:30:00,0.0,46.521834,12.775128,Pesariis
113,2,T,Temperatura aria,,°C,2026-06-21 16:30:00,25.8,46.521834,12.775128,Pesariis
113,23,NIVO,Nivometro,,cm,2026-06-21 16:30:00,12.0,46.521834,12.775128,Pesariis
113,30,P,Pluviometro,,mm,2026-06-21 16:30:00,0.0,46.521834,12.775128,Pesariis
113,48,CAR,Corrente di carica,,mA,2026-06-21 16:30:00,31.0,46.521834,12.775128,Pesariis
113,49,SCAR,Corrente di scarica,,mA,2026-06-21 16:30:00,60.0,46.521834,12.775128,Pesariis
113,52,Prec_5_min,Precipitazione 5 min,,mm,2026-06-21 16:30:00,0.0,46.521834,12.775128,Pesariis
113,53,Prec_60_min,Precipitazione 60 min,,mm,2026-06-21 16:30:00,0.0,46.521834,12.775128,Pesariis
113,54,Prec_3_ore,Precipitazione 3 ore,,mm,2026-06-21 16:30:00,0.0,46.521834,12.775128,Pesariis
113,55,Prec_6_ore,Precipitazione 6 ore,,mm,2026-06-21 16:30:00,0.2,46.521834,12.775128,Pesariis
113,56,Prec_12_ore,Precipitazione 12 ore,,mm,2026-06-21 16:30:00,0.2,46.521834,12.775128,Pesariis
113,57,Prec_24_ore,Precipitazione 24 ore,,mm,2026-06-21 16:30:00,1.6,46.521834,12.775128,Pesariis
113,58,Prec_48_ore,Precipitazione 48 ore,,mm,2026-06-21 16:30:00,2.6,46.521834,12.775128,Pesariis
113,143,STSpluv (RAW),Stato Pluv (RAW),,sts,2026-06-21 16:30:00,0.0,46.521834,12.775128,Pesariis
113,3,U,Igrometro,,%,2026-06-21 16:30:00,58.0,46.521834,12.775128,Pesariis
114,24,IDRO,Idrometro,,m,2026-06-21 16:15:00,1.43,45.942808,12.749362,Pescincanna
115,24,IDRO,Idrometro,,m,2026-06-21 16:15:00,0.63,45.805573,13.429548,Pieris
115,48,CAR,Corrente di carica,,mA,2026-06-21 16:15:00,303.0,45.805573,13.429548,Pieris
115,49,SCAR,Corrente di scarica,,mA,2026-06-21 16:15:00,253.0,45.805573,13.429548,Pieris
116,85,P_1h,Pioggia oraria,,mm,2026-06-21 16:00:00,0.0,46.242752,13.378085,Platischis
116,1,RR,RR,,mm,2026-06-21 16:15:00,0.0,46.242752,13.378085,Platischis
116,2,T,Temperatura aria,,°C,2026-06-21 16:15:00,28.8,46.242752,13.378085,Platischis
116,3,U,Igrometro,,%,2026-06-21 16:15:00,54.2,46.242752,13.378085,Platischis
116,30,P,Pluviometro,,mm,2026-06-21 16:15:00,0.0,46.242752,13.378085,Platischis
116,52,Prec_5_min,Precipitazione 5 min,,mm,2026-06-21 16:15:00,0.0,46.242752,13.378085,Platischis
116,53,Prec_60_min,Precipitazione 60 min,,mm,2026-06-21 16:15:00,0.0,46.242752,13.378085,Platischis
116,54,Prec_3_ore,Precipitazione 3 ore,,mm,2026-06-21 16:15:00,0.0,46.242752,13.378085,Platischis
116,55,Prec_6_ore,Precipitazione 6 ore,,mm,2026-06-21 16:15:00,0.0,46.242752,13.378085,Platischis
116,56,Prec_12_ore,Precipitazione 12 ore,,mm,2026-06-21 16:15:00,0.0,46.242752,13.378085,Platischis
116,57,Prec_24_ore,Precipitazione 24 ore,,mm,2026-06-21 16:15:00,2.4,46.242752,13.378085,Platischis
116,58,Prec_48_ore,Precipitazione 48 ore,,mm,2026-06-21 16:15:00,2.4,46.242752,13.378085,Platischis
117,24,IDRO,Idrometro,,m,2026-06-21 16:15:00,1.46,45.836288,13.086272,Pocenia
118,24,IDRO,Idrometro,,m,2026-06-21 16:15:00,0.52,46.211487,12.956284,Ponte armistizio
118,48,CAR,Corrente di carica,,mA,2026-06-21 16:15:00,27.0,46.211487,12.956284,Ponte armistizio
118,49,SCAR,Corrente di scarica,,mA,2026-06-21 16:15:00,177.0,46.211487,12.956284,Ponte armistizio
119,24,IDRO,Idrometro,,m,2026-06-21 16:15:00,0.16,46.391172,13.013347,Ponte Avons
120,85,P_1h,Pioggia oraria,,mm,2026-06-21 16:00:00,0.0,45.965073,12.901054,Ponte Delizia
120,1,RR,RR,,mm,2026-06-21 16:15:00,0.0,45.965073,12.901054,Ponte Delizia
120,24,IDRO,Idrometro,,m,2026-06-21 16:15:00,0.71,45.965073,12.901054,Ponte Delizia
120,30,P,Pluviometro,,mm,2026-06-21 16:15:00,0.0,45.965073,12.901054,Ponte Delizia
120,52,Prec_5_min,Precipitazione 5 min,,mm,2026-06-21 16:15:00,0.0,45.965073,12.901054,Ponte Delizia
120,53,Prec_60_min,Precipitazione 60 min,,mm,2026-06-21 16:15:00,0.0,45.965073,12.901054,Ponte Delizia
120,54,Prec_3_ore,Precipitazione 3 ore,,mm,2026-06-21 16:15:00,0.0,45.965073,12.901054,Ponte Delizia
120,55,Prec_6_ore,Precipitazione 6 ore,,mm,2026-06-21 16:15:00,0.0,45.965073,12.901054,Ponte Delizia
120,56,Prec_12_ore,Precipitazione 12 ore,,mm,2026-06-21 16:15:00,0.0,45.965073,12.901054,Ponte Delizia
120,57,Prec_24_ore,Precipitazione 24 ore,,mm,2026-06-21 16:15:00,0.0,45.965073,12.901054,Ponte Delizia
120,58,Prec_48_ore,Precipitazione 48 ore,,mm,2026-06-21 16:15:00,0.0,45.965073,12.901054,Ponte Delizia
120,48,CAR,Corrente di carica,,mA,2026-06-21 16:15:00,138.0,45.965073,12.901054,Ponte Delizia
120,49,SCAR,Corrente di scarica,,mA,2026-06-21 16:15:00,87.0,45.965073,12.901054,Ponte Delizia
120,143,STSpluv (RAW),Stato Pluv (RAW),,sts,2026-06-21 16:15:00,0.0,45.965073,12.901054,Ponte Delizia
121,24,IDRO,Idrometro,,m,2026-06-21 16:15:00,0.33,45.946083305714,12.439315640873,Ponte della Muda
121,48,CAR,Corrente di carica,,mA,2026-06-21 16:15:00,122.0,45.946083305714,12.439315640873,Ponte della Muda
121,49,SCAR,Corrente di scarica,,mA,2026-06-21 16:15:00,154.0,45.946083305714,12.439315640873,Ponte della Muda
122,24,IDRO,Idrometro,,m,2026-06-21 16:15:00,0.33,46.189187,13.251327,Ponte di Nimis
123,24,IDRO,Idrometro,,m,2026-06-21 16:15:00,0.85,46.47322,13.074808,Ponte Lovea
124,85,P_1h,Pioggia oraria,,mm,2026-06-21 16:00:00,0.0,46.267018,13.329246,Ponte Sambo
124,1,RR,RR,,mm,2026-06-21 16:15:00,0.0,46.267018,13.329246,Ponte Sambo
124,2,T,Temperatura aria,,°C,2026-06-21 16:15:00,29.0,46.267018,13.329246,Ponte Sambo
124,3,U,Igrometro,,%,2026-06-21 16:15:00,64.6,46.267018,13.329246,Ponte Sambo
124,24,IDRO,Idrometro,,m,2026-06-21 16:15:00,0.64,46.267018,13.329246,Ponte Sambo
124,30,P,Pluviometro,,mm,2026-06-21 16:15:00,0.0,46.267018,13.329246,Ponte Sambo
124,52,Prec_5_min,Precipitazione 5 min,,mm,2026-06-21 16:15:00,0.0,46.267018,13.329246,Ponte Sambo
124,53,Prec_60_min,Precipitazione 60 min,,mm,2026-06-21 16:15:00,0.0,46.267018,13.329246,Ponte Sambo
124,54,Prec_3_ore,Precipitazione 3 ore,,mm,2026-06-21 16:15:00,0.0,46.267018,13.329246,Ponte Sambo
124,55,Prec_6_ore,Precipitazione 6 ore,,mm,2026-06-21 16:15:00,0.0,46.267018,13.329246,Ponte Sambo
124,56,Prec_12_ore,Precipitazione 12 ore,,mm,2026-06-21 16:15:00,0.0,46.267018,13.329246,Ponte Sambo
124,57,Prec_24_ore,Precipitazione 24 ore,,mm,2026-06-21 16:15:00,3.8,46.267018,13.329246,Ponte Sambo
124,58,Prec_48_ore,Precipitazione 48 ore,,mm,2026-06-21 16:15:00,3.8,46.267018,13.329246,Ponte Sambo
124,48,CAR,Corrente di carica,,mA,2026-06-21 16:15:00,182.0,46.267018,13.329246,Ponte Sambo
124,49,SCAR,Corrente di scarica,,mA,2026-06-21 16:15:00,89.0,46.267018,13.329246,Ponte Sambo
124,143,STSpluv (RAW),Stato Pluv (RAW),,sts,2026-06-21 16:15:00,0.0,46.267018,13.329246,Ponte Sambo
125,24,IDRO,Idrometro,,m,2026-06-21 16:15:00,-1.05,45.897875,13.421991,Ponte di Versa
126,24,IDRO,Idrometro,,m,2026-06-21 16:30:00,0.12,46.509136,13.325619,Pontebba Idro Fella
127,85,P_1h,Pioggia oraria,,mm,2026-06-21 16:00:00,0.0,46.506062,13.307569,Pontebba T. P.
127,1,RR,RR,,mm,2026-06-21 16:15:00,0.0,46.506062,13.307569,Pontebba T. P.
127,2,T,Temperatura aria,,°C,2026-06-21 16:15:00,26.0,46.506062,13.307569,Pontebba T. P.
127,3,U,Igrometro,,%,2026-06-21 16:15:00,66.3,46.506062,13.307569,Pontebba T. P.
127,17,B,Barometro,,hPa,2026-06-21 16:15:00,958.1,46.506062,13.307569,Pontebba T. P.
127,18,RG,Radiazione globale,,W/m2,2026-06-21 16:15:00,71.5,46.506062,13.307569,Pontebba T. P.
127,30,P,Pluviometro,,mm,2026-06-21 16:15:00,0.0,46.506062,13.307569,Pontebba T. P.
127,52,Prec_5_min,Precipitazione 5 min,,mm,2026-06-21 16:15:00,0.0,46.506062,13.307569,Pontebba T. P.
127,53,Prec_60_min,Precipitazione 60 min,,mm,2026-06-21 16:15:00,0.0,46.506062,13.307569,Pontebba T. P.
127,54,Prec_3_ore,Precipitazione 3 ore,,mm,2026-06-21 16:15:00,0.0,46.506062,13.307569,Pontebba T. P.
127,55,Prec_6_ore,Precipitazione 6 ore,,mm,2026-06-21 16:15:00,0.0,46.506062,13.307569,Pontebba T. P.
127,56,Prec_12_ore,Precipitazione 12 ore,,mm,2026-06-21 16:15:00,0.0,46.506062,13.307569,Pontebba T. P.
127,57,Prec_24_ore,Precipitazione 24 ore,,mm,2026-06-21 16:15:00,3.2,46.506062,13.307569,Pontebba T. P.
127,58,Prec_48_ore,Precipitazione 48 ore,,mm,2026-06-21 16:15:00,3.2,46.506062,13.307569,Pontebba T. P.
128,24,IDRO,Idrometro,,m,2026-06-21 16:15:00,-1.25,46.510575,13.30019,Pontebba T. Pontebbana
129,85,P_1h,Pioggia oraria,,mm,2026-06-21 16:00:00,0.0,45.921867,12.614163,Porcia
129,1,RR,RR,,mm,2026-06-21 16:15:00,0.0,45.921867,12.614163,Porcia
129,2,T,Temperatura aria,,°C,2026-06-21 16:15:00,34.1,45.921867,12.614163,Porcia
129,3,U,Igrometro,,%,2026-06-21 16:15:00,40.8,45.921867,12.614163,Porcia
129,30,P,Pluviometro,,mm,2026-06-21 16:15:00,0.0,45.921867,12.614163,Porcia
129,52,Prec_5_min,Precipitazione 5 min,,mm,2026-06-21 16:15:00,0.0,45.921867,12.614163,Porcia
129,53,Prec_60_min,Precipitazione 60 min,,mm,2026-06-21 16:15:00,0.0,45.921867,12.614163,Porcia
129,54,Prec_3_ore,Precipitazione 3 ore,,mm,2026-06-21 16:15:00,0.0,45.921867,12.614163,Porcia
129,55,Prec_6_ore,Precipitazione 6 ore,,mm,2026-06-21 16:15:00,0.0,45.921867,12.614163,Porcia
129,56,Prec_12_ore,Precipitazione 12 ore,,mm,2026-06-21 16:15:00,0.0,45.921867,12.614163,Porcia
129,57,Prec_24_ore,Precipitazione 24 ore,,mm,2026-06-21 16:15:00,4.5,45.921867,12.614163,Porcia
129,58,Prec_48_ore,Precipitazione 48 ore,,mm,2026-06-21 16:15:00,4.5,45.921867,12.614163,Porcia
129,48,CAR,Corrente di carica,,mA,2026-06-21 16:15:00,55.0,45.921867,12.614163,Porcia
129,49,SCAR,Corrente di scarica,,mA,2026-06-21 16:15:00,87.0,45.921867,12.614163,Porcia
129,143,STSpluv (RAW),Stato Pluv (RAW),,sts,2026-06-21 16:15:00,0.0,45.921867,12.614163,Porcia
130,24,IDRO,Idrometro,,m,2026-06-21 16:15:00,16.51,45.945969,12.699206,Pordenone Meduna
130,48,CAR,Corrente di carica,,mA,2026-06-21 16:15:00,190.0,45.945969,12.699206,Pordenone Meduna
130,49,SCAR,Corrente di scarica,,mA,2026-06-21 16:15:00,85.0,45.945969,12.699206,Pordenone Meduna
131,85,P_1h,Pioggia oraria,,mm,2026-06-21 16:00:00,0.0,45.958694,12.649633,Pordenone meteo
131,1,RR,RR,,mm,2026-06-21 16:15:00,0.0,45.958694,12.649633,Pordenone meteo
131,2,T,Temperatura aria,,°C,2026-06-21 16:15:00,36.1,45.958694,12.649633,Pordenone meteo
131,3,U,Igrometro,,%,2026-06-21 16:15:00,32.0,45.958694,12.649633,Pordenone meteo
131,5,Dv,Direzione vento,,°N,2026-06-21 16:15:00,211.0,45.958694,12.649633,Pordenone meteo
131,6,Vv,Velocità vento,,m/s,2026-06-21 16:15:00,1.7,45.958694,12.649633,Pordenone meteo
131,7,VvMax,Velocità vento massima,,m/s,2026-06-21 16:15:00,4.4,45.958694,12.649633,Pordenone meteo
131,8,DvMax,Direzione vento della velocità massima,,°N,2026-06-21 16:15:00,207.0,45.958694,12.649633,Pordenone meteo
131,17,B,Barometro,,hPa,2026-06-21 16:15:00,1017.1,45.958694,12.649633,Pordenone meteo
131,18,RG,Radiazione globale,,W/m2,2026-06-21 16:15:00,398.3,45.958694,12.649633,Pordenone meteo
131,30,P,Pluviometro,,mm,2026-06-21 16:15:00,0.0,45.958694,12.649633,Pordenone meteo
131,32,DvVett,Direzione vento vettoriale,,°N,2026-06-21 16:15:00,209.0,45.958694,12.649633,Pordenone meteo
131,33,VvVett,Velocità vento vettoriale,,m/s,2026-06-21 16:15:00,1.5,45.958694,12.649633,Pordenone meteo
131,52,Prec_5_min,Precipitazione 5 min,,mm,2026-06-21 16:15:00,0.0,45.958694,12.649633,Pordenone meteo
131,53,Prec_60_min,Precipitazione 60 min,,mm,2026-06-21 16:15:00,0.0,45.958694,12.649633,Pordenone meteo
131,54,Prec_3_ore,Precipitazione 3 ore,,mm,2026-06-21 16:15:00,0.0,45.958694,12.649633,Pordenone meteo
131,55,Prec_6_ore,Precipitazione 6 ore,,mm,2026-06-21 16:15:00,0.0,45.958694,12.649633,Pordenone meteo
131,56,Prec_12_ore,Precipitazione 12 ore,,mm,2026-06-21 16:15:00,0.0,45.958694,12.649633,Pordenone meteo
131,57,Prec_24_ore,Precipitazione 24 ore,,mm,2026-06-21 16:15:00,5.7,45.958694,12.649633,Pordenone meteo
131,58,Prec_48_ore,Precipitazione 48 ore,,mm,2026-06-21 16:15:00,5.7,45.958694,12.649633,Pordenone meteo
131,48,CAR,Corrente di carica,,mA,2026-06-21 16:15:00,288.0,45.958694,12.649633,Pordenone meteo
131,49,SCAR,Corrente di scarica,,mA,2026-06-21 16:15:00,118.0,45.958694,12.649633,Pordenone meteo
131,143,STSpluv (RAW),Stato Pluv (RAW),,sts,2026-06-21 16:15:00,0.0,45.958694,12.649633,Pordenone meteo
132,24,IDRO,Idrometro,,m,2026-06-21 16:15:00,2.31,45.951845,12.658982,Pordenone Noncello
132,48,CAR,Corrente di carica,,mA,2026-06-21 16:15:00,188.0,45.951845,12.658982,Pordenone Noncello
132,49,SCAR,Corrente di scarica,,mA,2026-06-21 16:15:00,106.0,45.951845,12.658982,Pordenone Noncello
132,82,RQ-30 SNR,Qualità (SNR) [Sommer RQ-30],,,2026-06-21 16:15:00,56.9,45.951845,12.658982,Pordenone Noncello
132,83,RQ-30 D_O,Direzione opposta [Sommer RQ-30],,%,2026-06-21 16:15:00,31.6,45.951845,12.658982,Pordenone Noncello
132,27,Q_1,Portata_1,,mc/s,2026-06-21 16:15:00,25.4,45.951845,12.658982,Pordenone Noncello
132,67,VH2O,Velocità acqua,,m/s,2026-06-21 16:15:00,0.83,45.951845,12.658982,Pordenone Noncello
133,85,P_1h,Pioggia oraria,,mm,2026-06-21 16:00:00,0.0,46.122873,13.309328,Povoletto
133,1,RR,RR,,mm,2026-06-21 16:15:00,0.0,46.122873,13.309328,Povoletto
133,2,T,Temperatura aria,,°C,2026-06-21 16:15:00,34.9,46.122873,13.309328,Povoletto
133,3,U,Igrometro,,%,2026-06-21 16:15:00,34.5,46.122873,13.309328,Povoletto
133,30,P,Pluviometro,,mm,2026-06-21 16:15:00,0.0,46.122873,13.309328,Povoletto
133,52,Prec_5_min,Precipitazione 5 min,,mm,2026-06-21 16:15:00,0.0,46.122873,13.309328,Povoletto
133,53,Prec_60_min,Precipitazione 60 min,,mm,2026-06-21 16:15:00,0.0,46.122873,13.309328,Povoletto
133,54,Prec_3_ore,Precipitazione 3 ore,,mm,2026-06-21 16:15:00,0.0,46.122873,13.309328,Povoletto
133,55,Prec_6_ore,Precipitazione 6 ore,,mm,2026-06-21 16:15:00,0.0,46.122873,13.309328,Povoletto
133,57,Prec_24_ore,Precipitazione 24 ore,,mm,2026-06-21 16:15:00,0.0,46.122873,13.309328,Povoletto
133,58,Prec_48_ore,Precipitazione 48 ore,,mm,2026-06-21 16:15:00,0.0,46.122873,13.309328,Povoletto
133,48,CAR,Corrente di carica,,mA,2026-06-21 16:15:00,416.0,46.122873,13.309328,Povoletto
133,49,SCAR,Corrente di scarica,,mA,2026-06-21 16:15:00,87.0,46.122873,13.309328,Povoletto
133,143,STSpluv (RAW),Stato Pluv (RAW),,sts,2026-06-21 16:15:00,1.0,46.122873,13.309328,Povoletto
134,24,IDRO,Idrometro,,m,2026-06-21 16:15:00,0.4,46.423037,13.201284,Pradis T. Aupa
135,85,P_1h,Pioggia oraria,,mm,2026-06-21 16:00:00,0.0,46.529829,13.303484,Pramollo
135,1,RR,RR,,mm,2026-06-21 16:15:00,0.0,46.529829,13.303484,Pramollo
135,2,T,Temperatura aria,,°C,2026-06-21 16:15:00,24.2,46.529829,13.303484,Pramollo
135,24,IDRO,Idrometro,,m,2026-06-21 16:15:00,-0.92,46.529829,13.303484,Pramollo
135,30,P,Pluviometro,,mm,2026-06-21 16:15:00,0.0,46.529829,13.303484,Pramollo
135,52,Prec_5_min,Precipitazione 5 min,,mm,2026-06-21 16:15:00,0.0,46.529829,13.303484,Pramollo
135,53,Prec_60_min,Precipitazione 60 min,,mm,2026-06-21 16:15:00,0.0,46.529829,13.303484,Pramollo
135,54,Prec_3_ore,Precipitazione 3 ore,,mm,2026-06-21 16:15:00,0.0,46.529829,13.303484,Pramollo
135,55,Prec_6_ore,Precipitazione 6 ore,,mm,2026-06-21 16:15:00,0.0,46.529829,13.303484,Pramollo
135,56,Prec_12_ore,Precipitazione 12 ore,,mm,2026-06-21 16:15:00,0.0,46.529829,13.303484,Pramollo
135,57,Prec_24_ore,Precipitazione 24 ore,,mm,2026-06-21 16:15:00,3.2,46.529829,13.303484,Pramollo
135,58,Prec_48_ore,Precipitazione 48 ore,,mm,2026-06-21 16:15:00,3.2,46.529829,13.303484,Pramollo
135,48,CAR,Corrente di carica,,mA,2026-06-21 16:15:00,210.0,46.529829,13.303484,Pramollo
135,49,SCAR,Corrente di scarica,,mA,2026-06-21 16:15:00,130.0,46.529829,13.303484,Pramollo
135,3,U,Igrometro,,%,2026-06-21 16:15:00,60.5,46.529829,13.303484,Pramollo
136,85,P_1h,Pioggia oraria,,mm,2026-06-21 16:00:00,0.0,46.587240514442,13.02948474884,Pramosio
136,1,RR,RR,,mm,2026-06-21 16:15:00,0.0,46.587240514442,13.02948474884,Pramosio
136,2,T,Temperatura aria,,°C,2026-06-21 16:15:00,22.5,46.587240514442,13.02948474884,Pramosio
136,3,U,Igrometro,,%,2026-06-21 16:15:00,63.5,46.587240514442,13.02948474884,Pramosio
136,5,Dv,Direzione vento,,°N,2026-06-21 16:15:00,280.0,46.587240514442,13.02948474884,Pramosio
136,6,Vv,Velocità vento,,m/s,2026-06-21 16:15:00,0.8,46.587240514442,13.02948474884,Pramosio
136,7,VvMax,Velocità vento massima,,m/s,2026-06-21 16:15:00,2.5,46.587240514442,13.02948474884,Pramosio
136,8,DvMax,Direzione vento della velocità massima,,°N,2026-06-21 16:15:00,257.0,46.587240514442,13.02948474884,Pramosio
136,23,NIVO,Nivometro,,cm,2026-06-21 16:15:00,9.0,46.587240514442,13.02948474884,Pramosio
136,30,P,Pluviometro,,mm,2026-06-21 16:15:00,0.0,46.587240514442,13.02948474884,Pramosio
136,32,DvVett,Direzione vento vettoriale,,°N,2026-06-21 16:15:00,282.0,46.587240514442,13.02948474884,Pramosio
136,33,VvVett,Velocità vento vettoriale,,m/s,2026-06-21 16:15:00,0.7,46.587240514442,13.02948474884,Pramosio
136,52,Prec_5_min,Precipitazione 5 min,,mm,2026-06-21 16:15:00,0.0,46.587240514442,13.02948474884,Pramosio
136,53,Prec_60_min,Precipitazione 60 min,,mm,2026-06-21 16:15:00,0.0,46.587240514442,13.02948474884,Pramosio
136,54,Prec_3_ore,Precipitazione 3 ore,,mm,2026-06-21 16:15:00,0.0,46.587240514442,13.02948474884,Pramosio
136,55,Prec_6_ore,Precipitazione 6 ore,,mm,2026-06-21 16:15:00,0.0,46.587240514442,13.02948474884,Pramosio
136,56,Prec_12_ore,Precipitazione 12 ore,,mm,2026-06-21 16:15:00,0.0,46.587240514442,13.02948474884,Pramosio
136,57,Prec_24_ore,Precipitazione 24 ore,,mm,2026-06-21 16:15:00,6.13333333333333,46.587240514442,13.02948474884,Pramosio
136,58,Prec_48_ore,Precipitazione 48 ore,,mm,2026-06-21 16:15:00,7.0,46.587240514442,13.02948474884,Pramosio
137,24,IDRO,Idrometro,,m,2026-06-21 16:15:00,0.87,45.898483,12.60359,Prata di Pordenone F. Meduna
138,24,IDRO,Idrometro,,m,2026-06-21 16:15:00,0.5,45.903393,12.602451,Prata di Sopra
139,85,P_1h,Pioggia oraria,,mm,2026-06-21 16:00:00,0.0,46.51879,12.80572,Prato Carnico
139,1,RR,RR,,mm,2026-06-21 16:15:00,0.0,46.51879,12.80572,Prato Carnico
139,2,T,Temperatura aria,,°C,2026-06-21 16:15:00,26.5,46.51879,12.80572,Prato Carnico
139,24,IDRO,Idrometro,,m,2026-06-21 16:15:00,0.44,46.51879,12.80572,Prato Carnico
139,30,P,Pluviometro,,mm,2026-06-21 16:15:00,0.0,46.51879,12.80572,Prato Carnico
139,52,Prec_5_min,Precipitazione 5 min,,mm,2026-06-21 16:15:00,0.0,46.51879,12.80572,Prato Carnico
139,53,Prec_60_min,Precipitazione 60 min,,mm,2026-06-21 16:15:00,0.0,46.51879,12.80572,Prato Carnico
139,54,Prec_3_ore,Precipitazione 3 ore,,mm,2026-06-21 16:15:00,0.0,46.51879,12.80572,Prato Carnico
139,55,Prec_6_ore,Precipitazione 6 ore,,mm,2026-06-21 16:15:00,0.0,46.51879,12.80572,Prato Carnico
139,56,Prec_12_ore,Precipitazione 12 ore,,mm,2026-06-21 16:15:00,0.0,46.51879,12.80572,Prato Carnico
139,57,Prec_24_ore,Precipitazione 24 ore,,mm,2026-06-21 16:15:00,1.6,46.51879,12.80572,Prato Carnico
139,58,Prec_48_ore,Precipitazione 48 ore,,mm,2026-06-21 16:15:00,2.4,46.51879,12.80572,Prato Carnico
141,85,P_1h,Pioggia oraria,,mm,2026-06-21 16:00:00,0.0,46.048288,13.489992,Prepotto
141,1,RR,RR,,mm,2026-06-21 16:15:00,0.0,46.048288,13.489992,Prepotto
141,2,T,Temperatura aria,,°C,2026-06-21 16:15:00,33.4,46.048288,13.489992,Prepotto
141,24,IDRO,Idrometro,,m,2026-06-21 16:15:00,0.03,46.048288,13.489992,Prepotto
141,30,P,Pluviometro,,mm,2026-06-21 16:15:00,0.0,46.048288,13.489992,Prepotto
141,52,Prec_5_min,Precipitazione 5 min,,mm,2026-06-21 16:15:00,0.0,46.048288,13.489992,Prepotto
141,53,Prec_60_min,Precipitazione 60 min,,mm,2026-06-21 16:15:00,0.0,46.048288,13.489992,Prepotto
141,54,Prec_3_ore,Precipitazione 3 ore,,mm,2026-06-21 16:15:00,0.0,46.048288,13.489992,Prepotto
141,55,Prec_6_ore,Precipitazione 6 ore,,mm,2026-06-21 16:15:00,0.0,46.048288,13.489992,Prepotto
141,56,Prec_12_ore,Precipitazione 12 ore,,mm,2026-06-21 16:15:00,0.0,46.048288,13.489992,Prepotto
141,57,Prec_24_ore,Precipitazione 24 ore,,mm,2026-06-21 16:15:00,0.0,46.048288,13.489992,Prepotto
141,58,Prec_48_ore,Precipitazione 48 ore,,mm,2026-06-21 16:15:00,0.0,46.048288,13.489992,Prepotto
141,49,SCAR,Corrente di scarica,,mA,2026-06-21 16:15:00,108.0,46.048288,13.489992,Prepotto
141,48,CAR,Corrente di carica,,mA,2026-06-21 16:15:00,0.0,46.048288,13.489992,Prepotto
141,3,U,Igrometro,,%,2026-06-21 16:15:00,45.4,46.048288,13.489992,Prepotto
141,143,STSpluv (RAW),Stato Pluv (RAW),,sts,2026-06-21 16:15:00,0.0,46.048288,13.489992,Prepotto
142,85,P_1h,Pioggia oraria,,mm,2026-06-21 16:00:00,0.0,46.192728,12.489222,Prescudin
142,1,RR,RR,,mm,2026-06-21 16:30:00,0.0,46.192728,12.489222,Prescudin
142,2,T,Temperatura aria,,°C,2026-06-21 16:30:00,24.2,46.192728,12.489222,Prescudin
142,5,Dv,Direzione vento,,°N,2026-06-21 16:30:00,329.0,46.192728,12.489222,Prescudin
142,6,Vv,Velocità vento,,m/s,2026-06-21 16:30:00,0.2,46.192728,12.489222,Prescudin
142,7,VvMax,Velocità vento massima,,m/s,2026-06-21 16:30:00,1.8,46.192728,12.489222,Prescudin
142,8,DvMax,Direzione vento della velocità massima,,°N,2026-06-21 16:30:00,240.0,46.192728,12.489222,Prescudin
142,23,NIVO,Nivometro,,cm,2026-06-21 16:30:00,0.0,46.192728,12.489222,Prescudin
142,30,P,Pluviometro,,mm,2026-06-21 16:30:00,0.0,46.192728,12.489222,Prescudin
142,32,DvVett,Direzione vento vettoriale,,°N,2026-06-21 16:30:00,195.0,46.192728,12.489222,Prescudin
142,33,VvVett,Velocità vento vettoriale,,m/s,2026-06-21 16:30:00,0.6,46.192728,12.489222,Prescudin
142,52,Prec_5_min,Precipitazione 5 min,,mm,2026-06-21 16:30:00,0.0,46.192728,12.489222,Prescudin
142,53,Prec_60_min,Precipitazione 60 min,,mm,2026-06-21 16:30:00,0.0,46.192728,12.489222,Prescudin
142,54,Prec_3_ore,Precipitazione 3 ore,,mm,2026-06-21 16:30:00,0.0,46.192728,12.489222,Prescudin
142,55,Prec_6_ore,Precipitazione 6 ore,,mm,2026-06-21 16:30:00,0.0,46.192728,12.489222,Prescudin
142,56,Prec_12_ore,Precipitazione 12 ore,,mm,2026-06-21 16:30:00,0.0,46.192728,12.489222,Prescudin
142,57,Prec_24_ore,Precipitazione 24 ore,,mm,2026-06-21 16:30:00,1.6,46.192728,12.489222,Prescudin
142,58,Prec_48_ore,Precipitazione 48 ore,,mm,2026-06-21 16:30:00,11.5,46.192728,12.489222,Prescudin
142,3,U,Igrometro,,%,2026-06-21 16:30:00,72.5,46.192728,12.489222,Prescudin
142,48,CAR,Corrente di carica,,mA,2026-06-21 16:30:00,54.0,46.192728,12.489222,Prescudin
142,49,SCAR,Corrente di scarica,,mA,2026-06-21 16:30:00,98.0,46.192728,12.489222,Prescudin
142,143,STSpluv (RAW),Stato Pluv (RAW),,sts,2026-06-21 16:30:00,256.0,46.192728,12.489222,Prescudin
143,5,Dv,Direzione vento,,°N,2026-06-21 16:00:00,227.0,45.703935,13.756735,Prosecco
143,6,Vv,Velocità vento,,m/s,2026-06-21 16:00:00,2.1,45.703935,13.756735,Prosecco
143,7,VvMax,Velocità vento massima,,m/s,2026-06-21 16:00:00,5.0,45.703935,13.756735,Prosecco
143,8,DvMax,Direzione vento della velocità massima,,°N,2026-06-21 16:00:00,218.5,45.703935,13.756735,Prosecco
143,32,DvVett,Direzione vento vettoriale,,°N,2026-06-21 16:00:00,224.0,45.703935,13.756735,Prosecco
143,33,VvVett,Velocità vento vettoriale,,m/s,2026-06-21 16:00:00,1.8,45.703935,13.756735,Prosecco
143,85,P_1h,Pioggia oraria,,mm,2026-06-21 16:00:00,0.0,45.703935,13.756735,Prosecco
143,1,RR,RR,,mm,2026-06-21 16:15:00,0.0,45.703935,13.756735,Prosecco
143,2,T,Temperatura aria,,°C,2026-06-21 16:15:00,30.8,45.703935,13.756735,Prosecco
143,3,U,Igrometro,,%,2026-06-21 16:15:00,43.2,45.703935,13.756735,Prosecco
143,30,P,Pluviometro,,mm,2026-06-21 16:15:00,0.0,45.703935,13.756735,Prosecco
143,31,PPWD,PLUV PWD,,mm,2026-06-21 16:15:00,49.4,45.703935,13.756735,Prosecco
143,38,Us-10,Umidità suolo -10cm,,%VOL,2026-06-21 16:15:00,13.7,45.703935,13.756735,Prosecco
143,39,Us-20,Umidità suolo -20cm,,%VOL,2026-06-21 16:15:00,6.6,45.703935,13.756735,Prosecco
143,40,Us-40,Umidità suolo -40cm,,%VOL,2026-06-21 16:15:00,16.4,45.703935,13.756735,Prosecco
143,52,Prec_5_min,Precipitazione 5 min,,mm,2026-06-21 16:15:00,0.0,45.703935,13.756735,Prosecco
143,53,Prec_60_min,Precipitazione 60 min,,mm,2026-06-21 16:15:00,0.0,45.703935,13.756735,Prosecco
143,54,Prec_3_ore,Precipitazione 3 ore,,mm,2026-06-21 16:15:00,0.0,45.703935,13.756735,Prosecco
143,55,Prec_6_ore,Precipitazione 6 ore,,mm,2026-06-21 16:15:00,0.0,45.703935,13.756735,Prosecco
143,56,Prec_12_ore,Precipitazione 12 ore,,mm,2026-06-21 16:15:00,0.0,45.703935,13.756735,Prosecco
143,57,Prec_24_ore,Precipitazione 24 ore,,mm,2026-06-21 16:15:00,0.0,45.703935,13.756735,Prosecco
143,58,Prec_48_ore,Precipitazione 48 ore,,mm,2026-06-21 16:15:00,0.0,45.703935,13.756735,Prosecco
143,48,CAR,Corrente di carica,,mA,2026-06-21 16:15:00,229.0,45.703935,13.756735,Prosecco
143,49,SCAR,Corrente di scarica,,mA,2026-06-21 16:15:00,464.0,45.703935,13.756735,Prosecco
143,143,STSpluv (RAW),Stato Pluv (RAW),,sts,2026-06-21 16:15:00,0.0,45.703935,13.756735,Prosecco
144,85,P_1h,Pioggia oraria,,mm,2026-06-21 16:00:00,0.0,46.173298,13.483116,Pulfero
144,1,RR,RR,,mm,2026-06-21 16:15:00,0.0,46.173298,13.483116,Pulfero
144,2,T,Temperatura aria,,°C,2026-06-21 16:15:00,28.2,46.173298,13.483116,Pulfero
144,24,IDRO,Idrometro,,m,2026-06-21 16:15:00,0.28,46.173298,13.483116,Pulfero
144,30,P,Pluviometro,,mm,2026-06-21 16:15:00,0.0,46.173298,13.483116,Pulfero
144,52,Prec_5_min,Precipitazione 5 min,,mm,2026-06-21 16:15:00,0.0,46.173298,13.483116,Pulfero
144,53,Prec_60_min,Precipitazione 60 min,,mm,2026-06-21 16:15:00,0.0,46.173298,13.483116,Pulfero
144,54,Prec_3_ore,Precipitazione 3 ore,,mm,2026-06-21 16:15:00,0.0,46.173298,13.483116,Pulfero
144,55,Prec_6_ore,Precipitazione 6 ore,,mm,2026-06-21 16:15:00,0.0,46.173298,13.483116,Pulfero
144,56,Prec_12_ore,Precipitazione 12 ore,,mm,2026-06-21 16:15:00,0.0,46.173298,13.483116,Pulfero
144,57,Prec_24_ore,Precipitazione 24 ore,,mm,2026-06-21 16:15:00,0.0,46.173298,13.483116,Pulfero
144,58,Prec_48_ore,Precipitazione 48 ore,,mm,2026-06-21 16:15:00,0.0,46.173298,13.483116,Pulfero
144,3,U,Igrometro,,%,2026-06-21 16:15:00,80.7,46.173298,13.483116,Pulfero
144,143,STSpluv (RAW),Stato Pluv (RAW),,sts,2026-06-21 16:15:00,0.0,46.173298,13.483116,Pulfero
144,48,CAR,Corrente di carica,,mA,2026-06-21 16:15:00,286.0,46.173298,13.483116,Pulfero
144,49,SCAR,Corrente di scarica,,mA,2026-06-21 16:15:00,231.0,46.173298,13.483116,Pulfero
145,85,P_1h,Pioggia oraria,,mm,2026-06-21 16:00:00,0.0,46.519455,12.917373,Ravascletto
145,1,RR,RR,,mm,2026-06-21 16:15:00,0.0,46.519455,12.917373,Ravascletto
145,2,T,Temperatura aria,,°C,2026-06-21 16:15:00,26.2,46.519455,12.917373,Ravascletto
145,30,P,Pluviometro,,mm,2026-06-21 16:15:00,0.0,46.519455,12.917373,Ravascletto
145,52,Prec_5_min,Precipitazione 5 min,,mm,2026-06-21 16:15:00,0.0,46.519455,12.917373,Ravascletto
145,53,Prec_60_min,Precipitazione 60 min,,mm,2026-06-21 16:15:00,0.0,46.519455,12.917373,Ravascletto
145,54,Prec_3_ore,Precipitazione 3 ore,,mm,2026-06-21 16:15:00,0.0,46.519455,12.917373,Ravascletto
145,55,Prec_6_ore,Precipitazione 6 ore,,mm,2026-06-21 16:15:00,0.0,46.519455,12.917373,Ravascletto
145,56,Prec_12_ore,Precipitazione 12 ore,,mm,2026-06-21 16:15:00,0.0,46.519455,12.917373,Ravascletto
145,57,Prec_24_ore,Precipitazione 24 ore,,mm,2026-06-21 16:15:00,1.6,46.519455,12.917373,Ravascletto
145,58,Prec_48_ore,Precipitazione 48 ore,,mm,2026-06-21 16:15:00,8.4,46.519455,12.917373,Ravascletto
146,85,P_1h,Pioggia oraria,,mm,2026-06-21 16:00:00,0.0,46.375891,13.295677,Resia
146,1,RR,RR,,mm,2026-06-21 16:15:00,0.0,46.375891,13.295677,Resia
146,2,T,Temperatura aria,,°C,2026-06-21 16:15:00,31.4,46.375891,13.295677,Resia
146,30,P,Pluviometro,,mm,2026-06-21 16:15:00,0.0,46.375891,13.295677,Resia
146,52,Prec_5_min,Precipitazione 5 min,,mm,2026-06-21 16:15:00,0.0,46.375891,13.295677,Resia
146,53,Prec_60_min,Precipitazione 60 min,,mm,2026-06-21 16:15:00,0.0,46.375891,13.295677,Resia
146,54,Prec_3_ore,Precipitazione 3 ore,,mm,2026-06-21 16:15:00,0.0,46.375891,13.295677,Resia
146,55,Prec_6_ore,Precipitazione 6 ore,,mm,2026-06-21 16:15:00,0.0,46.375891,13.295677,Resia
146,56,Prec_12_ore,Precipitazione 12 ore,,mm,2026-06-21 16:15:00,0.0,46.375891,13.295677,Resia
146,57,Prec_24_ore,Precipitazione 24 ore,,mm,2026-06-21 16:15:00,2.2,46.375891,13.295677,Resia
146,58,Prec_48_ore,Precipitazione 48 ore,,mm,2026-06-21 16:15:00,2.2,46.375891,13.295677,Resia
147,85,P_1h,Pioggia oraria,,mm,2026-06-21 16:00:00,0.0,46.388879,13.221205,Resiutta
147,1,RR,RR,,mm,2026-06-21 16:15:00,0.0,46.388879,13.221205,Resiutta
147,2,T,Temperatura aria,,°C,2026-06-21 16:15:00,30.5,46.388879,13.221205,Resiutta
147,24,IDRO,Idrometro,,m,2026-06-21 16:15:00,0.68,46.388879,13.221205,Resiutta
147,30,P,Pluviometro,,mm,2026-06-21 16:15:00,0.0,46.388879,13.221205,Resiutta
147,52,Prec_5_min,Precipitazione 5 min,,mm,2026-06-21 16:15:00,0.0,46.388879,13.221205,Resiutta
147,53,Prec_60_min,Precipitazione 60 min,,mm,2026-06-21 16:15:00,0.0,46.388879,13.221205,Resiutta
147,54,Prec_3_ore,Precipitazione 3 ore,,mm,2026-06-21 16:15:00,0.0,46.388879,13.221205,Resiutta
147,55,Prec_6_ore,Precipitazione 6 ore,,mm,2026-06-21 16:15:00,0.0,46.388879,13.221205,Resiutta
147,56,Prec_12_ore,Precipitazione 12 ore,,mm,2026-06-21 16:15:00,0.0,46.388879,13.221205,Resiutta
147,57,Prec_24_ore,Precipitazione 24 ore,,mm,2026-06-21 16:15:00,4.6,46.388879,13.221205,Resiutta
147,58,Prec_48_ore,Precipitazione 48 ore,,mm,2026-06-21 16:15:00,4.6,46.388879,13.221205,Resiutta
147,48,CAR,Corrente di carica,,mA,2026-06-21 16:15:00,37.0,46.388879,13.221205,Resiutta
147,49,SCAR,Corrente di scarica,,mA,2026-06-21 16:15:00,91.0,46.388879,13.221205,Resiutta
147,3,U,Igrometro,,%,2026-06-21 16:15:00,51.7,46.388879,13.221205,Resiutta
147,143,STSpluv (RAW),Stato Pluv (RAW),,sts,2026-06-21 16:15:00,0.0,46.388879,13.221205,Resiutta
148,2,T,Temperatura aria,,°C,2026-06-21 16:15:00,18.6,46.35198,12.802418,Rest
148,3,U,Igrometro,,%,2026-06-21 16:15:00,66.8,46.35198,12.802418,Rest
148,5,Dv,Direzione vento,,°N,2026-06-21 16:15:00,194.0,46.35198,12.802418,Rest
148,6,Vv,Velocità vento,,m/s,2026-06-21 16:15:00,5.9,46.35198,12.802418,Rest
148,7,VvMax,Velocità vento massima,,m/s,2026-06-21 16:15:00,6.3,46.35198,12.802418,Rest
148,8,DvMax,Direzione vento della velocità massima,,°N,2026-06-21 16:15:00,187.0,46.35198,12.802418,Rest
148,32,DvVett,Direzione vento vettoriale,,°N,2026-06-21 16:15:00,188.0,46.35198,12.802418,Rest
148,33,VvVett,Velocità vento vettoriale,,m/s,2026-06-21 16:15:00,5.4,46.35198,12.802418,Rest
148,48,CAR,Corrente di carica,,mA,2026-06-21 16:15:00,0.0,46.35198,12.802418,Rest
148,49,SCAR,Corrente di scarica,,mA,2026-06-21 16:15:00,170.0,46.35198,12.802418,Rest
149,85,P_1h,Pioggia oraria,,mm,2026-06-21 16:00:00,9.2,46.321547,12.394367,Rifugio Maniago
149,1,RR,RR,,mm,2026-06-21 16:30:00,0.0,46.321547,12.394367,Rifugio Maniago
149,2,T,Temperatura aria,,°C,2026-06-21 16:30:00,17.4,46.321547,12.394367,Rifugio Maniago
149,3,U,Igrometro,,%,2026-06-21 16:30:00,69.6,46.321547,12.394367,Rifugio Maniago
149,5,Dv,Direzione vento,,°N,2026-06-21 16:30:00,10.0,46.321547,12.394367,Rifugio Maniago
149,6,Vv,Velocità vento,,m/s,2026-06-21 16:30:00,0.9,46.321547,12.394367,Rifugio Maniago
149,7,VvMax,Velocità vento massima,,m/s,2026-06-21 16:30:00,4.9,46.321547,12.394367,Rifugio Maniago
149,8,DvMax,Direzione vento della velocità massima,,°N,2026-06-21 16:30:00,71.0,46.321547,12.394367,Rifugio Maniago
149,23,NIVO,Nivometro,,cm,2026-06-21 16:30:00,0.0,46.321547,12.394367,Rifugio Maniago
149,30,P,Pluviometro,,mm,2026-06-21 16:30:00,0.0,46.321547,12.394367,Rifugio Maniago
149,32,DvVett,Direzione vento vettoriale,,°N,2026-06-21 16:30:00,48.0,46.321547,12.394367,Rifugio Maniago
149,33,VvVett,Velocità vento vettoriale,,m/s,2026-06-21 16:30:00,2.3,46.321547,12.394367,Rifugio Maniago
149,52,Prec_5_min,Precipitazione 5 min,,mm,2026-06-21 16:30:00,0.0266666666666667,46.321547,12.394367,Rifugio Maniago
149,53,Prec_60_min,Precipitazione 60 min,,mm,2026-06-21 16:30:00,3.2,46.321547,12.394367,Rifugio Maniago
149,54,Prec_3_ore,Precipitazione 3 ore,,mm,2026-06-21 16:30:00,9.6,46.321547,12.394367,Rifugio Maniago
149,55,Prec_6_ore,Precipitazione 6 ore,,mm,2026-06-21 16:30:00,9.6,46.321547,12.394367,Rifugio Maniago
149,56,Prec_12_ore,Precipitazione 12 ore,,mm,2026-06-21 16:30:00,9.6,46.321547,12.394367,Rifugio Maniago
149,57,Prec_24_ore,Precipitazione 24 ore,,mm,2026-06-21 16:30:00,11.5333333333333,46.321547,12.394367,Rifugio Maniago
149,58,Prec_48_ore,Precipitazione 48 ore,,mm,2026-06-21 16:30:00,13.4,46.321547,12.394367,Rifugio Maniago
150,2,T,Temperatura aria,,°C,2026-06-21 16:15:00,16.1,46.595027,12.894828,Rifugio Marinelli
150,5,Dv,Direzione vento,,°N,2026-06-21 16:15:00,58.0,46.595027,12.894828,Rifugio Marinelli
150,6,Vv,Velocità vento,,m/s,2026-06-21 16:15:00,0.8,46.595027,12.894828,Rifugio Marinelli
150,7,VvMax,Velocità vento massima,,m/s,2026-06-21 16:15:00,3.5,46.595027,12.894828,Rifugio Marinelli
150,8,DvMax,Direzione vento della velocità massima,,°N,2026-06-21 16:15:00,65.0,46.595027,12.894828,Rifugio Marinelli
150,32,DvVett,Direzione vento vettoriale,,°N,2026-06-21 16:15:00,57.0,46.595027,12.894828,Rifugio Marinelli
150,33,VvVett,Velocità vento vettoriale,,m/s,2026-06-21 16:15:00,0.7,46.595027,12.894828,Rifugio Marinelli
150,48,CAR,Corrente di carica,,mA,2026-06-21 16:15:00,24.0,46.595027,12.894828,Rifugio Marinelli
150,49,SCAR,Corrente di scarica,,mA,2026-06-21 16:15:00,91.0,46.595027,12.894828,Rifugio Marinelli
151,85,P_1h,Pioggia oraria,,mm,2026-06-21 16:00:00,0.8,46.378862,12.489489,Rifugio Pordenone
151,1,RR,RR,,mm,2026-06-21 16:15:00,0.4,46.378862,12.489489,Rifugio Pordenone
151,2,T,Temperatura aria,,°C,2026-06-21 16:15:00,17.7,46.378862,12.489489,Rifugio Pordenone
151,3,U,Igrometro,,%,2026-06-21 16:15:00,82.5,46.378862,12.489489,Rifugio Pordenone
151,5,Dv,Direzione vento,,°N,2026-06-21 16:15:00,347.0,46.378862,12.489489,Rifugio Pordenone
151,6,Vv,Velocità vento,,m/s,2026-06-21 16:15:00,1.9,46.378862,12.489489,Rifugio Pordenone
151,7,VvMax,Velocità vento massima,,m/s,2026-06-21 16:15:00,3.7,46.378862,12.489489,Rifugio Pordenone
151,8,DvMax,Direzione vento della velocità massima,,°N,2026-06-21 16:15:00,354.0,46.378862,12.489489,Rifugio Pordenone
151,17,B,Barometro,,hPa,2026-06-21 16:15:00,893.5,46.378862,12.489489,Rifugio Pordenone
151,18,RG,Radiazione globale,,W/m2,2026-06-21 16:15:00,16.6,46.378862,12.489489,Rifugio Pordenone
151,23,NIVO,Nivometro,,cm,2026-06-21 16:15:00,3.0,46.378862,12.489489,Rifugio Pordenone
151,30,P,Pluviometro,,mm,2026-06-21 16:15:00,0.400000000000034,46.378862,12.489489,Rifugio Pordenone
151,32,DvVett,Direzione vento vettoriale,,°N,2026-06-21 16:15:00,340.0,46.378862,12.489489,Rifugio Pordenone
151,33,VvVett,Velocità vento vettoriale,,m/s,2026-06-21 16:15:00,0.9,46.378862,12.489489,Rifugio Pordenone
151,52,Prec_5_min,Precipitazione 5 min,,mm,2026-06-21 16:15:00,0.133333333333333,46.378862,12.489489,Rifugio Pordenone
151,53,Prec_60_min,Precipitazione 60 min,,mm,2026-06-21 16:15:00,0.666666666666667,46.378862,12.489489,Rifugio Pordenone
151,54,Prec_3_ore,Precipitazione 3 ore,,mm,2026-06-21 16:15:00,1.53333333333333,46.378862,12.489489,Rifugio Pordenone
151,55,Prec_6_ore,Precipitazione 6 ore,,mm,2026-06-21 16:15:00,1.53333333333333,46.378862,12.489489,Rifugio Pordenone
151,56,Prec_12_ore,Precipitazione 12 ore,,mm,2026-06-21 16:15:00,1.53333333333333,46.378862,12.489489,Rifugio Pordenone
151,57,Prec_24_ore,Precipitazione 24 ore,,mm,2026-06-21 16:15:00,3.73333333333333,46.378862,12.489489,Rifugio Pordenone
151,58,Prec_48_ore,Precipitazione 48 ore,,mm,2026-06-21 16:15:00,35.5333333333333,46.378862,12.489489,Rifugio Pordenone
151,48,CAR,Corrente di carica,,mA,2026-06-21 16:15:00,0.0,46.378862,12.489489,Rifugio Pordenone
151,49,SCAR,Corrente di scarica,,mA,2026-06-21 16:15:00,135.0,46.378862,12.489489,Rifugio Pordenone
152,85,P_1h,Pioggia oraria,,mm,2026-06-21 16:00:00,0.0,46.501455,12.931593,Rifugio Tamai - Zoncolan
152,2,T,Temperatura aria,,°C,2026-06-21 16:15:00,20.0,46.501455,12.931593,Rifugio Tamai - Zoncolan
152,23,NIVO,Nivometro,,cm,2026-06-21 16:15:00,1.0,46.501455,12.931593,Rifugio Tamai - Zoncolan
152,30,P,Pluviometro,,mm,2026-06-21 16:15:00,0.0,46.501455,12.931593,Rifugio Tamai - Zoncolan
152,1,RR,RR,,mm,2026-06-21 16:15:00,0.0,46.501455,12.931593,Rifugio Tamai - Zoncolan
152,52,Prec_5_min,Precipitazione 5 min,,mm,2026-06-21 16:15:00,0.0,46.501455,12.931593,Rifugio Tamai - Zoncolan
152,53,Prec_60_min,Precipitazione 60 min,,mm,2026-06-21 16:15:00,0.0,46.501455,12.931593,Rifugio Tamai - Zoncolan
152,54,Prec_3_ore,Precipitazione 3 ore,,mm,2026-06-21 16:15:00,0.0,46.501455,12.931593,Rifugio Tamai - Zoncolan
152,55,Prec_6_ore,Precipitazione 6 ore,,mm,2026-06-21 16:15:00,0.0,46.501455,12.931593,Rifugio Tamai - Zoncolan
152,56,Prec_12_ore,Precipitazione 12 ore,,mm,2026-06-21 16:15:00,0.0,46.501455,12.931593,Rifugio Tamai - Zoncolan
152,57,Prec_24_ore,Precipitazione 24 ore,,mm,2026-06-21 16:15:00,1.86666666666667,46.501455,12.931593,Rifugio Tamai - Zoncolan
152,58,Prec_48_ore,Precipitazione 48 ore,,mm,2026-06-21 16:15:00,5.8,46.501455,12.931593,Rifugio Tamai - Zoncolan
152,48,CAR,Corrente di carica,,mA,2026-06-21 16:15:00,26.0,46.501455,12.931593,Rifugio Tamai - Zoncolan
152,49,SCAR,Corrente di scarica,,mA,2026-06-21 16:15:00,30.0,46.501455,12.931593,Rifugio Tamai - Zoncolan
152,143,STSpluv (RAW),Stato Pluv (RAW),,sts,2026-06-21 16:15:00,0.0,46.501455,12.931593,Rifugio Tamai - Zoncolan
153,85,P_1h,Pioggia oraria,,mm,2026-06-21 16:00:00,0.0,45.832037,13.404023,Ruda
153,1,RR,RR,,mm,2026-06-21 16:15:00,0.0,45.832037,13.404023,Ruda
153,2,T,Temperatura aria,,°C,2026-06-21 16:15:00,35.9,45.832037,13.404023,Ruda
153,3,U,Igrometro,,%,2026-06-21 16:15:00,40.4,45.832037,13.404023,Ruda
153,30,P,Pluviometro,,mm,2026-06-21 16:15:00,0.0,45.832037,13.404023,Ruda
153,52,Prec_5_min,Precipitazione 5 min,,mm,2026-06-21 16:15:00,0.0,45.832037,13.404023,Ruda
153,53,Prec_60_min,Precipitazione 60 min,,mm,2026-06-21 16:15:00,0.0,45.832037,13.404023,Ruda
153,54,Prec_3_ore,Precipitazione 3 ore,,mm,2026-06-21 16:15:00,0.0,45.832037,13.404023,Ruda
153,55,Prec_6_ore,Precipitazione 6 ore,,mm,2026-06-21 16:15:00,0.0,45.832037,13.404023,Ruda
153,56,Prec_12_ore,Precipitazione 12 ore,,mm,2026-06-21 16:15:00,0.0,45.832037,13.404023,Ruda
153,57,Prec_24_ore,Precipitazione 24 ore,,mm,2026-06-21 16:15:00,0.0,45.832037,13.404023,Ruda
153,58,Prec_48_ore,Precipitazione 48 ore,,mm,2026-06-21 16:15:00,0.0,45.832037,13.404023,Ruda
153,48,CAR,Corrente di carica,,mA,2026-06-21 16:15:00,165.0,45.832037,13.404023,Ruda
153,49,SCAR,Corrente di scarica,,mA,2026-06-21 16:15:00,87.0,45.832037,13.404023,Ruda
153,143,STSpluv (RAW),Stato Pluv (RAW),,sts,2026-06-21 16:15:00,0.0,45.832037,13.404023,Ruda
154,85,P_1h,Pioggia oraria,,mm,2026-06-21 16:00:00,0.0,45.914405,13.161958,Sant'Andrat del Cormor
154,1,RR,RR,,mm,2026-06-21 16:15:00,0.0,45.914405,13.161958,Sant'Andrat del Cormor
154,2,T,Temperatura aria,,°C,2026-06-21 16:15:00,34.6,45.914405,13.161958,Sant'Andrat del Cormor
154,3,U,Igrometro,,%,2026-06-21 16:15:00,38.9,45.914405,13.161958,Sant'Andrat del Cormor
154,5,Dv,Direzione vento,,°N,2026-06-21 16:15:00,266.0,45.914405,13.161958,Sant'Andrat del Cormor
154,6,Vv,Velocità vento,,m/s,2026-06-21 16:15:00,3.0,45.914405,13.161958,Sant'Andrat del Cormor
154,7,VvMax,Velocità vento massima,,m/s,2026-06-21 16:15:00,4.3,45.914405,13.161958,Sant'Andrat del Cormor
154,8,DvMax,Direzione vento della velocità massima,,°N,2026-06-21 16:15:00,246.0,45.914405,13.161958,Sant'Andrat del Cormor
154,17,B,Barometro,,hPa,2026-06-21 16:15:00,1018.0,45.914405,13.161958,Sant'Andrat del Cormor
154,24,IDRO,Idrometro,,m,2026-06-21 16:15:00,0.0,45.914405,13.161958,Sant'Andrat del Cormor
154,30,P,Pluviometro,,mm,2026-06-21 16:15:00,0.0,45.914405,13.161958,Sant'Andrat del Cormor
154,32,DvVett,Direzione vento vettoriale,,°N,2026-06-21 16:15:00,258.0,45.914405,13.161958,Sant'Andrat del Cormor
154,33,VvVett,Velocità vento vettoriale,,m/s,2026-06-21 16:15:00,2.9,45.914405,13.161958,Sant'Andrat del Cormor
154,52,Prec_5_min,Precipitazione 5 min,,mm,2026-06-21 16:15:00,0.0,45.914405,13.161958,Sant'Andrat del Cormor
154,53,Prec_60_min,Precipitazione 60 min,,mm,2026-06-21 16:15:00,0.0,45.914405,13.161958,Sant'Andrat del Cormor
154,54,Prec_3_ore,Precipitazione 3 ore,,mm,2026-06-21 16:15:00,0.0,45.914405,13.161958,Sant'Andrat del Cormor
154,55,Prec_6_ore,Precipitazione 6 ore,,mm,2026-06-21 16:15:00,0.0,45.914405,13.161958,Sant'Andrat del Cormor
154,56,Prec_12_ore,Precipitazione 12 ore,,mm,2026-06-21 16:15:00,0.0,45.914405,13.161958,Sant'Andrat del Cormor
154,57,Prec_24_ore,Precipitazione 24 ore,,mm,2026-06-21 16:15:00,0.0,45.914405,13.161958,Sant'Andrat del Cormor
154,58,Prec_48_ore,Precipitazione 48 ore,,mm,2026-06-21 16:15:00,0.0,45.914405,13.161958,Sant'Andrat del Cormor
154,48,CAR,Corrente di carica,,mA,2026-06-21 16:15:00,143.0,45.914405,13.161958,Sant'Andrat del Cormor
154,49,SCAR,Corrente di scarica,,mA,2026-06-21 16:15:00,206.0,45.914405,13.161958,Sant'Andrat del Cormor
154,143,STSpluv (RAW),Stato Pluv (RAW),,sts,2026-06-21 16:15:00,0.0,45.914405,13.161958,Sant'Andrat del Cormor
155,24,IDRO,Idrometro,,m,2026-06-21 16:15:00,0.09,45.876824,12.535115,San Cassiano
155,48,CAR,Corrente di carica,,mA,2026-06-21 16:15:00,279.0,45.876824,12.535115,San Cassiano
155,49,SCAR,Corrente di scarica,,mA,2026-06-21 16:15:00,153.0,45.876824,12.535115,San Cassiano
156,24,IDRO,Idrometro,,m,2026-06-21 16:15:00,0.61,46.313412,12.933999,San Francesco idro
157,85,P_1h,Pioggia oraria,,mm,2026-06-21 16:00:00,0.0,46.312548,12.9365,San Francesco T. P.
157,1,RR,RR,,mm,2026-06-21 16:15:00,0.0,46.312548,12.9365,San Francesco T. P.
157,2,T,Temperatura aria,,°C,2026-06-21 16:15:00,30.6,46.312548,12.9365,San Francesco T. P.
157,30,P,Pluviometro,,mm,2026-06-21 16:15:00,0.0,46.312548,12.9365,San Francesco T. P.
157,52,Prec_5_min,Precipitazione 5 min,,mm,2026-06-21 16:15:00,0.0,46.312548,12.9365,San Francesco T. P.
157,53,Prec_60_min,Precipitazione 60 min,,mm,2026-06-21 16:15:00,0.0,46.312548,12.9365,San Francesco T. P.
157,54,Prec_3_ore,Precipitazione 3 ore,,mm,2026-06-21 16:15:00,0.0,46.312548,12.9365,San Francesco T. P.
157,55,Prec_6_ore,Precipitazione 6 ore,,mm,2026-06-21 16:15:00,0.0,46.312548,12.9365,San Francesco T. P.
157,56,Prec_12_ore,Precipitazione 12 ore,,mm,2026-06-21 16:15:00,0.0,46.312548,12.9365,San Francesco T. P.
157,57,Prec_24_ore,Precipitazione 24 ore,,mm,2026-06-21 16:15:00,2.4,46.312548,12.9365,San Francesco T. P.
157,58,Prec_48_ore,Precipitazione 48 ore,,mm,2026-06-21 16:15:00,2.4,46.312548,12.9365,San Francesco T. P.
157,3,U,Igrometro,,%,2026-06-21 16:15:00,46.0,46.312548,12.9365,San Francesco T. P.
157,48,CAR,Corrente di carica,,mA,2026-06-21 16:15:00,4.0,46.312548,12.9365,San Francesco T. P.
157,49,SCAR,Corrente di scarica,,mA,2026-06-21 16:15:00,96.0,46.312548,12.9365,San Francesco T. P.
157,143,STSpluv (RAW),Stato Pluv (RAW),,sts,2026-06-21 16:15:00,0.0,46.312548,12.9365,San Francesco T. P.
158,85,P_1h,Pioggia oraria,,mm,2026-06-21 16:00:00,0.0,46.165041,13.642786,San Volfango
158,1,RR,RR,,mm,2026-06-21 16:15:00,0.0,46.165041,13.642786,San Volfango
158,2,T,Temperatura aria,,°C,2026-06-21 16:15:00,28.0,46.165041,13.642786,San Volfango
158,30,P,Pluviometro,,mm,2026-06-21 16:15:00,0.0,46.165041,13.642786,San Volfango
158,52,Prec_5_min,Precipitazione 5 min,,mm,2026-06-21 16:15:00,0.0,46.165041,13.642786,San Volfango
158,53,Prec_60_min,Precipitazione 60 min,,mm,2026-06-21 16:15:00,0.0,46.165041,13.642786,San Volfango
158,54,Prec_3_ore,Precipitazione 3 ore,,mm,2026-06-21 16:15:00,0.0,46.165041,13.642786,San Volfango
158,55,Prec_6_ore,Precipitazione 6 ore,,mm,2026-06-21 16:15:00,0.0,46.165041,13.642786,San Volfango
158,56,Prec_12_ore,Precipitazione 12 ore,,mm,2026-06-21 16:15:00,0.0,46.165041,13.642786,San Volfango
158,57,Prec_24_ore,Precipitazione 24 ore,,mm,2026-06-21 16:15:00,0.2,46.165041,13.642786,San Volfango
158,58,Prec_48_ore,Precipitazione 48 ore,,mm,2026-06-21 16:15:00,0.2,46.165041,13.642786,San Volfango
158,3,U,Igrometro,,%,2026-06-21 16:15:00,48.0,46.165041,13.642786,San Volfango
158,48,CAR,Corrente di carica,,mA,2026-06-21 16:15:00,132.0,46.165041,13.642786,San Volfango
158,49,SCAR,Corrente di scarica,,mA,2026-06-21 16:15:00,87.0,46.165041,13.642786,San Volfango
158,143,STSpluv (RAW),Stato Pluv (RAW),,sts,2026-06-21 16:15:00,257.0,46.165041,13.642786,San Volfango
159,85,P_1h,Pioggia oraria,,mm,2026-06-21 16:00:00,0.0,46.40277,13.375257,Saletto
159,1,RR,RR,,mm,2026-06-21 16:15:00,0.0,46.40277,13.375257,Saletto
159,2,T,Temperatura aria,,°C,2026-06-21 16:15:00,29.9,46.40277,13.375257,Saletto
159,30,P,Pluviometro,,mm,2026-06-21 16:15:00,0.0,46.40277,13.375257,Saletto
159,52,Prec_5_min,Precipitazione 5 min,,mm,2026-06-21 16:15:00,0.0,46.40277,13.375257,Saletto
159,53,Prec_60_min,Precipitazione 60 min,,mm,2026-06-21 16:15:00,0.0,46.40277,13.375257,Saletto
159,54,Prec_3_ore,Precipitazione 3 ore,,mm,2026-06-21 16:15:00,0.0,46.40277,13.375257,Saletto
159,55,Prec_6_ore,Precipitazione 6 ore,,mm,2026-06-21 16:15:00,0.0,46.40277,13.375257,Saletto
159,56,Prec_12_ore,Precipitazione 12 ore,,mm,2026-06-21 16:15:00,0.0,46.40277,13.375257,Saletto
159,57,Prec_24_ore,Precipitazione 24 ore,,mm,2026-06-21 16:15:00,2.4,46.40277,13.375257,Saletto
159,58,Prec_48_ore,Precipitazione 48 ore,,mm,2026-06-21 16:15:00,2.4,46.40277,13.375257,Saletto
159,48,CAR,Corrente di carica,,mA,2026-06-21 16:15:00,99.0,46.40277,13.375257,Saletto
159,49,SCAR,Corrente di scarica,,mA,2026-06-21 16:15:00,92.0,46.40277,13.375257,Saletto
159,143,STSpluv (RAW),Stato Pluv (RAW),,sts,2026-06-21 16:15:00,1024.0,46.40277,13.375257,Saletto
160,85,P_1h,Pioggia oraria,,mm,2026-06-21 16:00:00,0.0,46.15697,13.014047,San Daniele del Friuli
160,1,RR,RR,,mm,2026-06-21 16:15:00,0.0,46.15697,13.014047,San Daniele del Friuli
160,2,T,Temperatura aria,,°C,2026-06-21 16:15:00,33.7,46.15697,13.014047,San Daniele del Friuli
160,30,P,Pluviometro,,mm,2026-06-21 16:15:00,0.0,46.15697,13.014047,San Daniele del Friuli
160,52,Prec_5_min,Precipitazione 5 min,,mm,2026-06-21 16:15:00,0.0,46.15697,13.014047,San Daniele del Friuli
160,53,Prec_60_min,Precipitazione 60 min,,mm,2026-06-21 16:15:00,0.0,46.15697,13.014047,San Daniele del Friuli
160,54,Prec_3_ore,Precipitazione 3 ore,,mm,2026-06-21 16:15:00,0.0,46.15697,13.014047,San Daniele del Friuli
160,55,Prec_6_ore,Precipitazione 6 ore,,mm,2026-06-21 16:15:00,0.0,46.15697,13.014047,San Daniele del Friuli
160,56,Prec_12_ore,Precipitazione 12 ore,,mm,2026-06-21 16:15:00,0.0,46.15697,13.014047,San Daniele del Friuli
160,57,Prec_24_ore,Precipitazione 24 ore,,mm,2026-06-21 16:15:00,0.0,46.15697,13.014047,San Daniele del Friuli
160,58,Prec_48_ore,Precipitazione 48 ore,,mm,2026-06-21 16:15:00,0.0,46.15697,13.014047,San Daniele del Friuli
161,85,P_1h,Pioggia oraria,,mm,2026-06-21 16:00:00,0.0,45.766023,13.404773,San Lorenzo
161,1,RR,RR,,mm,2026-06-21 16:15:00,0.0,45.766023,13.404773,San Lorenzo
161,2,T,Temperatura aria,,°C,2026-06-21 16:15:00,31.8,45.766023,13.404773,San Lorenzo
161,3,U,Igrometro,,%,2026-06-21 16:15:00,61.5,45.766023,13.404773,San Lorenzo
161,4,BF,Bagnatura fogliare,,min,2026-06-21 16:15:00,0.0,45.766023,13.404773,San Lorenzo
161,30,P,Pluviometro,,mm,2026-06-21 16:15:00,0.0,45.766023,13.404773,San Lorenzo
161,52,Prec_5_min,Precipitazione 5 min,,mm,2026-06-21 16:15:00,0.0,45.766023,13.404773,San Lorenzo
161,53,Prec_60_min,Precipitazione 60 min,,mm,2026-06-21 16:15:00,0.0,45.766023,13.404773,San Lorenzo
161,54,Prec_3_ore,Precipitazione 3 ore,,mm,2026-06-21 16:15:00,0.0,45.766023,13.404773,San Lorenzo
161,55,Prec_6_ore,Precipitazione 6 ore,,mm,2026-06-21 16:15:00,0.0,45.766023,13.404773,San Lorenzo
161,56,Prec_12_ore,Precipitazione 12 ore,,mm,2026-06-21 16:15:00,0.0,45.766023,13.404773,San Lorenzo
161,57,Prec_24_ore,Precipitazione 24 ore,,mm,2026-06-21 16:15:00,0.0,45.766023,13.404773,San Lorenzo
161,58,Prec_48_ore,Precipitazione 48 ore,,mm,2026-06-21 16:15:00,0.0,45.766023,13.404773,San Lorenzo
161,48,CAR,Corrente di carica,,mA,2026-06-21 16:15:00,461.0,45.766023,13.404773,San Lorenzo
161,49,SCAR,Corrente di scarica,,mA,2026-06-21 16:15:00,89.0,45.766023,13.404773,San Lorenzo
161,143,STSpluv (RAW),Stato Pluv (RAW),,sts,2026-06-21 16:15:00,1.0,45.766023,13.404773,San Lorenzo
162,85,P_1h,Pioggia oraria,,mm,2026-06-21 16:00:00,0.0,45.765502,13.686825,San Pelagio
162,1,RR,RR,,mm,2026-06-21 16:30:00,0.0,45.765502,13.686825,San Pelagio
162,2,T,Temperatura aria,,°C,2026-06-21 16:30:00,30.1,45.765502,13.686825,San Pelagio
162,4,BF,Bagnatura fogliare,,min,2026-06-21 16:30:00,0.0,45.765502,13.686825,San Pelagio
162,30,P,Pluviometro,,mm,2026-06-21 16:30:00,0.0,45.765502,13.686825,San Pelagio
162,52,Prec_5_min,Precipitazione 5 min,,mm,2026-06-21 16:30:00,0.0,45.765502,13.686825,San Pelagio
162,53,Prec_60_min,Precipitazione 60 min,,mm,2026-06-21 16:30:00,0.0,45.765502,13.686825,San Pelagio
162,54,Prec_3_ore,Precipitazione 3 ore,,mm,2026-06-21 16:30:00,0.0,45.765502,13.686825,San Pelagio
162,55,Prec_6_ore,Precipitazione 6 ore,,mm,2026-06-21 16:30:00,0.0,45.765502,13.686825,San Pelagio
162,56,Prec_12_ore,Precipitazione 12 ore,,mm,2026-06-21 16:30:00,0.0,45.765502,13.686825,San Pelagio
162,57,Prec_24_ore,Precipitazione 24 ore,,mm,2026-06-21 16:30:00,0.0,45.765502,13.686825,San Pelagio
162,58,Prec_48_ore,Precipitazione 48 ore,,mm,2026-06-21 16:30:00,0.0,45.765502,13.686825,San Pelagio
162,3,U,Igrometro,,%,2026-06-21 16:30:00,49.5,45.765502,13.686825,San Pelagio
162,48,CAR,Corrente di carica,,mA,2026-06-21 16:30:00,37.0,45.765502,13.686825,San Pelagio
162,49,SCAR,Corrente di scarica,,mA,2026-06-21 16:30:00,68.0,45.765502,13.686825,San Pelagio
163,2,T,Temperatura aria,,°C,2026-06-21 16:15:00,21.5,46.344524,13.10502,San Simeone Meteo
163,3,U,Igrometro,,%,2026-06-21 16:15:00,60.2,46.344524,13.10502,San Simeone Meteo
163,5,Dv,Direzione vento,,°N,2026-06-21 16:15:00,201.0,46.344524,13.10502,San Simeone Meteo
163,6,Vv,Velocità vento,,m/s,2026-06-21 16:15:00,4.4,46.344524,13.10502,San Simeone Meteo
163,7,VvMax,Velocità vento massima,,m/s,2026-06-21 16:15:00,5.6,46.344524,13.10502,San Simeone Meteo
163,8,DvMax,Direzione vento della velocità massima,,°N,2026-06-21 16:15:00,192.0,46.344524,13.10502,San Simeone Meteo
163,17,B,Barometro,,hPa,2026-06-21 16:15:00,859.2,46.344524,13.10502,San Simeone Meteo
163,18,RG,Radiazione globale,,W/m2,2026-06-21 16:15:00,448.7,46.344524,13.10502,San Simeone Meteo
163,32,DvVett,Direzione vento vettoriale,,°N,2026-06-21 16:15:00,193.0,46.344524,13.10502,San Simeone Meteo
163,33,VvVett,Velocità vento vettoriale,,m/s,2026-06-21 16:15:00,4.1,46.344524,13.10502,San Simeone Meteo
164,85,P_1h,Pioggia oraria,,mm,2026-06-21 16:00:00,0.0,46.467221,12.681982,Sauris di sopra
164,1,RR,RR,,mm,2026-06-21 16:15:00,0.0,46.467221,12.681982,Sauris di sopra
164,2,T,Temperatura aria,,°C,2026-06-21 16:15:00,22.7,46.467221,12.681982,Sauris di sopra
164,23,NIVO,Nivometro,,cm,2026-06-21 16:15:00,13.0,46.467221,12.681982,Sauris di sopra
164,30,P,Pluviometro,,mm,2026-06-21 16:15:00,0.0,46.467221,12.681982,Sauris di sopra
164,52,Prec_5_min,Precipitazione 5 min,,mm,2026-06-21 16:15:00,0.0,46.467221,12.681982,Sauris di sopra
164,53,Prec_60_min,Precipitazione 60 min,,mm,2026-06-21 16:15:00,0.0,46.467221,12.681982,Sauris di sopra
164,54,Prec_3_ore,Precipitazione 3 ore,,mm,2026-06-21 16:15:00,0.0,46.467221,12.681982,Sauris di sopra
164,55,Prec_6_ore,Precipitazione 6 ore,,mm,2026-06-21 16:15:00,0.0,46.467221,12.681982,Sauris di sopra
164,56,Prec_12_ore,Precipitazione 12 ore,,mm,2026-06-21 16:15:00,0.0,46.467221,12.681982,Sauris di sopra
164,57,Prec_24_ore,Precipitazione 24 ore,,mm,2026-06-21 16:15:00,2.0,46.467221,12.681982,Sauris di sopra
164,58,Prec_48_ore,Precipitazione 48 ore,,mm,2026-06-21 16:15:00,11.4,46.467221,12.681982,Sauris di sopra
164,48,CAR,Corrente di carica,,mA,2026-06-21 16:15:00,14.0,46.467221,12.681982,Sauris di sopra
164,49,SCAR,Corrente di scarica,,mA,2026-06-21 16:15:00,99.0,46.467221,12.681982,Sauris di sopra
164,3,U,Igrometro,,%,2026-06-21 16:15:00,54.7,46.467221,12.681982,Sauris di sopra
164,143,STSpluv (RAW),Stato Pluv (RAW),,sts,2026-06-21 16:15:00,4.0,46.467221,12.681982,Sauris di sopra
165,24,IDRO,Idrometro,,m,2026-06-21 16:15:00,0.83,45.900513,13.568542,Savogna d'Isonzo
165,27,Q_1,Portata_1,,mc/s,2026-06-21 16:15:00,3.6,45.900513,13.568542,Savogna d'Isonzo
165,48,CAR,Corrente di carica,,mA,2026-06-21 16:15:00,368.0,45.900513,13.568542,Savogna d'Isonzo
165,49,SCAR,Corrente di scarica,,mA,2026-06-21 16:15:00,202.0,45.900513,13.568542,Savogna d'Isonzo
165,67,VH2O,Velocità acqua,,m/s,2026-06-21 16:15:00,0.36,45.900513,13.568542,Savogna d'Isonzo
165,82,RQ-30 SNR,Qualità (SNR) [Sommer RQ-30],,,2026-06-21 16:15:00,53.2,45.900513,13.568542,Savogna d'Isonzo
165,83,RQ-30 D_O,Direzione opposta [Sommer RQ-30],,%,2026-06-21 16:15:00,19.3,45.900513,13.568542,Savogna d'Isonzo
166,85,P_1h,Pioggia oraria,,mm,2026-06-21 16:00:00,0.0,46.358906,12.940325,Sella Chianzutan
166,1,RR,RR,,mm,2026-06-21 16:15:00,0.0,46.358906,12.940325,Sella Chianzutan
166,2,T,Temperatura aria,,°C,2026-06-21 16:15:00,25.4,46.358906,12.940325,Sella Chianzutan
166,23,NIVO,Nivometro,,cm,2026-06-21 16:15:00,8.0,46.358906,12.940325,Sella Chianzutan
166,30,P,Pluviometro,,mm,2026-06-21 16:15:00,0.0,46.358906,12.940325,Sella Chianzutan
166,52,Prec_5_min,Precipitazione 5 min,,mm,2026-06-21 16:15:00,0.0,46.358906,12.940325,Sella Chianzutan
166,53,Prec_60_min,Precipitazione 60 min,,mm,2026-06-21 16:15:00,0.0,46.358906,12.940325,Sella Chianzutan
166,54,Prec_3_ore,Precipitazione 3 ore,,mm,2026-06-21 16:15:00,0.0,46.358906,12.940325,Sella Chianzutan
166,55,Prec_6_ore,Precipitazione 6 ore,,mm,2026-06-21 16:15:00,0.0,46.358906,12.940325,Sella Chianzutan
166,56,Prec_12_ore,Precipitazione 12 ore,,mm,2026-06-21 16:15:00,0.0,46.358906,12.940325,Sella Chianzutan
166,57,Prec_24_ore,Precipitazione 24 ore,,mm,2026-06-21 16:15:00,1.2,46.358906,12.940325,Sella Chianzutan
166,58,Prec_48_ore,Precipitazione 48 ore,,mm,2026-06-21 16:15:00,1.4,46.358906,12.940325,Sella Chianzutan
166,3,U,Igrometro,,%,2026-06-21 16:15:00,54.8,46.358906,12.940325,Sella Chianzutan
166,48,CAR,Corrente di carica,,mA,2026-06-21 16:15:00,16.0,46.358906,12.940325,Sella Chianzutan
166,49,SCAR,Corrente di scarica,,mA,2026-06-21 16:15:00,234.0,46.358906,12.940325,Sella Chianzutan
166,143,STSpluv (RAW),Stato Pluv (RAW),,sts,2026-06-21 16:15:00,1.0,46.358906,12.940325,Sella Chianzutan
167,85,P_1h,Pioggia oraria,,mm,2026-06-21 16:00:00,0.0,46.462104,13.448507,Sella di Sompdogna
167,1,RR,RR,,mm,2026-06-21 16:15:00,0.0,46.462104,13.448507,Sella di Sompdogna
167,2,T,Temperatura aria,,°C,2026-06-21 16:15:00,24.1,46.462104,13.448507,Sella di Sompdogna
167,5,Dv,Direzione vento,,°N,2026-06-21 16:15:00,356.0,46.462104,13.448507,Sella di Sompdogna
167,6,Vv,Velocità vento,,m/s,2026-06-21 16:15:00,0.2,46.462104,13.448507,Sella di Sompdogna
167,7,VvMax,Velocità vento massima,,m/s,2026-06-21 16:15:00,4.9,46.462104,13.448507,Sella di Sompdogna
167,8,DvMax,Direzione vento della velocità massima,,°N,2026-06-21 16:15:00,314.0,46.462104,13.448507,Sella di Sompdogna
167,23,NIVO,Nivometro,,cm,2026-06-21 16:15:00,0.0,46.462104,13.448507,Sella di Sompdogna
167,30,P,Pluviometro,,mm,2026-06-21 16:15:00,0.0,46.462104,13.448507,Sella di Sompdogna
167,32,DvVett,Direzione vento vettoriale,,°N,2026-06-21 16:15:00,326.0,46.462104,13.448507,Sella di Sompdogna
167,33,VvVett,Velocità vento vettoriale,,m/s,2026-06-21 16:15:00,1.6,46.462104,13.448507,Sella di Sompdogna
167,52,Prec_5_min,Precipitazione 5 min,,mm,2026-06-21 16:15:00,0.0,46.462104,13.448507,Sella di Sompdogna
167,53,Prec_60_min,Precipitazione 60 min,,mm,2026-06-21 16:15:00,0.0,46.462104,13.448507,Sella di Sompdogna
167,54,Prec_3_ore,Precipitazione 3 ore,,mm,2026-06-21 16:15:00,0.0,46.462104,13.448507,Sella di Sompdogna
167,55,Prec_6_ore,Precipitazione 6 ore,,mm,2026-06-21 16:15:00,0.0,46.462104,13.448507,Sella di Sompdogna
167,56,Prec_12_ore,Precipitazione 12 ore,,mm,2026-06-21 16:15:00,0.0,46.462104,13.448507,Sella di Sompdogna
167,57,Prec_24_ore,Precipitazione 24 ore,,mm,2026-06-21 16:15:00,7.2,46.462104,13.448507,Sella di Sompdogna
167,58,Prec_48_ore,Precipitazione 48 ore,,mm,2026-06-21 16:15:00,7.2,46.462104,13.448507,Sella di Sompdogna
167,48,CAR,Corrente di carica,,mA,2026-06-21 16:15:00,259.0,46.462104,13.448507,Sella di Sompdogna
167,49,SCAR,Corrente di scarica,,mA,2026-06-21 16:15:00,209.0,46.462104,13.448507,Sella di Sompdogna
168,24,IDRO,Idrometro,,m,2026-06-21 16:15:00,-0.64,46.069532,13.333655,Selvis
169,24,IDRO,Idrometro,,m,2026-06-21 16:15:00,-0.01,46.282569,12.500402,Settimana Briglia
170,85,P_1h,Pioggia oraria,,mm,2026-06-21 16:00:00,0.0,46.108589,12.882468,Spilimbergo
170,1,RR,RR,,mm,2026-06-21 16:15:00,0.0,46.108589,12.882468,Spilimbergo
170,2,T,Temperatura aria,,°C,2026-06-21 16:15:00,34.9,46.108589,12.882468,Spilimbergo
170,3,U,Igrometro,,%,2026-06-21 16:15:00,34.0,46.108589,12.882468,Spilimbergo
170,30,P,Pluviometro,,mm,2026-06-21 16:15:00,0.0,46.108589,12.882468,Spilimbergo
170,52,Prec_5_min,Precipitazione 5 min,,mm,2026-06-21 16:15:00,0.0,46.108589,12.882468,Spilimbergo
170,53,Prec_60_min,Precipitazione 60 min,,mm,2026-06-21 16:15:00,0.0,46.108589,12.882468,Spilimbergo
170,54,Prec_3_ore,Precipitazione 3 ore,,mm,2026-06-21 16:15:00,0.0,46.108589,12.882468,Spilimbergo
170,55,Prec_6_ore,Precipitazione 6 ore,,mm,2026-06-21 16:15:00,0.0,46.108589,12.882468,Spilimbergo
170,56,Prec_12_ore,Precipitazione 12 ore,,mm,2026-06-21 16:15:00,0.0,46.108589,12.882468,Spilimbergo
170,57,Prec_24_ore,Precipitazione 24 ore,,mm,2026-06-21 16:15:00,0.0,46.108589,12.882468,Spilimbergo
170,58,Prec_48_ore,Precipitazione 48 ore,,mm,2026-06-21 16:15:00,0.0,46.108589,12.882468,Spilimbergo
170,48,CAR,Corrente di carica,,mA,2026-06-21 16:15:00,83.0,46.108589,12.882468,Spilimbergo
170,49,SCAR,Corrente di scarica,,mA,2026-06-21 16:15:00,89.0,46.108589,12.882468,Spilimbergo
170,143,STSpluv (RAW),Stato Pluv (RAW),,sts,2026-06-21 16:15:00,0.0,46.108589,12.882468,Spilimbergo
171,85,P_1h,Pioggia oraria,,mm,2026-06-21 16:00:00,0.0,45.843915,12.617717,Squarzare
171,1,RR,RR,,mm,2026-06-21 16:15:00,0.0,45.843915,12.617717,Squarzare
171,24,IDRO,Idrometro,,m,2026-06-21 16:15:00,1.53,45.843915,12.617717,Squarzare
171,30,P,Pluviometro,,mm,2026-06-21 16:15:00,0.0,45.843915,12.617717,Squarzare
171,52,Prec_5_min,Precipitazione 5 min,,mm,2026-06-21 16:15:00,0.0,45.843915,12.617717,Squarzare
171,53,Prec_60_min,Precipitazione 60 min,,mm,2026-06-21 16:15:00,0.0,45.843915,12.617717,Squarzare
171,54,Prec_3_ore,Precipitazione 3 ore,,mm,2026-06-21 16:15:00,0.0,45.843915,12.617717,Squarzare
171,55,Prec_6_ore,Precipitazione 6 ore,,mm,2026-06-21 16:15:00,0.0,45.843915,12.617717,Squarzare
171,56,Prec_12_ore,Precipitazione 12 ore,,mm,2026-06-21 16:15:00,0.0,45.843915,12.617717,Squarzare
171,57,Prec_24_ore,Precipitazione 24 ore,,mm,2026-06-21 16:15:00,0.0,45.843915,12.617717,Squarzare
171,58,Prec_48_ore,Precipitazione 48 ore,,mm,2026-06-21 16:15:00,0.0,45.843915,12.617717,Squarzare
171,48,CAR,Corrente di carica,,mA,2026-06-21 16:15:00,172.0,45.843915,12.617717,Squarzare
171,49,SCAR,Corrente di scarica,,mA,2026-06-21 16:15:00,87.0,45.843915,12.617717,Squarzare
171,143,STSpluv (RAW),Stato Pluv (RAW),,sts,2026-06-21 16:15:00,0.0,45.843915,12.617717,Squarzare
172,24,IDRO,Idrometro,,m,2026-06-21 16:15:00,0.82,45.850925,12.86196,Stalis
173,85,P_1h,Pioggia oraria,,mm,2026-06-21 16:00:00,0.0,46.204826,13.351728,Subit di Attimis
173,1,RR,RR,,mm,2026-06-21 16:15:00,0.0,46.204826,13.351728,Subit di Attimis
173,2,T,Temperatura aria,,°C,2026-06-21 16:15:00,29.2,46.204826,13.351728,Subit di Attimis
173,30,P,Pluviometro,,mm,2026-06-21 16:15:00,0.0,46.204826,13.351728,Subit di Attimis
173,52,Prec_5_min,Precipitazione 5 min,,mm,2026-06-21 16:15:00,0.0,46.204826,13.351728,Subit di Attimis
173,53,Prec_60_min,Precipitazione 60 min,,mm,2026-06-21 16:15:00,0.0,46.204826,13.351728,Subit di Attimis
173,54,Prec_3_ore,Precipitazione 3 ore,,mm,2026-06-21 16:15:00,0.0,46.204826,13.351728,Subit di Attimis
173,55,Prec_6_ore,Precipitazione 6 ore,,mm,2026-06-21 16:15:00,0.0,46.204826,13.351728,Subit di Attimis
173,56,Prec_12_ore,Precipitazione 12 ore,,mm,2026-06-21 16:15:00,0.0,46.204826,13.351728,Subit di Attimis
173,57,Prec_24_ore,Precipitazione 24 ore,,mm,2026-06-21 16:15:00,2.2,46.204826,13.351728,Subit di Attimis
173,58,Prec_48_ore,Precipitazione 48 ore,,mm,2026-06-21 16:15:00,2.2,46.204826,13.351728,Subit di Attimis
173,151,Us-50,Umidità suolo -50cm,,%VOL,2026-06-21 16:15:00,7.0,46.204826,13.351728,Subit di Attimis
173,149,Us-5,Umidità suolo -5cm,,%VOL,2026-06-21 16:15:00,1.0,46.204826,13.351728,Subit di Attimis
173,38,Us-10,Umidità suolo -10cm,,%VOL,2026-06-21 16:15:00,3.0,46.204826,13.351728,Subit di Attimis
173,39,Us-20,Umidità suolo -20cm,,%VOL,2026-06-21 16:15:00,7.0,46.204826,13.351728,Subit di Attimis
173,40,Us-40,Umidità suolo -40cm,,%VOL,2026-06-21 16:15:00,10.0,46.204826,13.351728,Subit di Attimis
173,48,CAR,Corrente di carica,,mA,2026-06-21 16:15:00,41.0,46.204826,13.351728,Subit di Attimis
173,49,SCAR,Corrente di scarica,,mA,2026-06-21 16:15:00,103.0,46.204826,13.351728,Subit di Attimis
173,150,Us-30,Umidità suolo -30cm,,%VOL,2026-06-21 16:15:00,8.0,46.204826,13.351728,Subit di Attimis
173,3,U,Igrometro,,%,2026-06-21 16:15:00,50.4,46.204826,13.351728,Subit di Attimis
173,143,STSpluv (RAW),Stato Pluv (RAW),,sts,2026-06-21 16:15:00,1.0,46.204826,13.351728,Subit di Attimis
173,144,T-5,Temperatura -5,,°C,2026-06-21 16:15:00,33.3,46.204826,13.351728,Subit di Attimis
173,21,T-10,Temperatura -10,,°C,2026-06-21 16:15:00,30.5,46.204826,13.351728,Subit di Attimis
173,145,T-20,Temperatura -20,,°C,2026-06-21 16:15:00,26.3,46.204826,13.351728,Subit di Attimis
173,146,T-30,Temperatura -30,,°C,2026-06-21 16:15:00,24.3,46.204826,13.351728,Subit di Attimis
173,147,T-40,Temperatura -40,,°C,2026-06-21 16:15:00,22.8,46.204826,13.351728,Subit di Attimis
173,148,T-50,Temperatura -50,,°C,2026-06-21 16:15:00,21.9,46.204826,13.351728,Subit di Attimis
174,85,P_1h,Pioggia oraria,,mm,2026-06-21 16:00:00,0.0,46.504294,13.593889,Tarvisio
174,1,RR,RR,,mm,2026-06-21 16:15:00,0.0,46.504294,13.593889,Tarvisio
174,2,T,Temperatura aria,,°C,2026-06-21 16:15:00,28.2,46.504294,13.593889,Tarvisio
174,3,U,Igrometro,,%,2026-06-21 16:15:00,45.5,46.504294,13.593889,Tarvisio
174,17,B,Barometro,,hPa,2026-06-21 16:15:00,942.9,46.504294,13.593889,Tarvisio
174,18,RG,Radiazione globale,,W/m2,2026-06-21 16:15:00,444.6,46.504294,13.593889,Tarvisio
174,23,NIVO,Nivometro,,cm,2026-06-21 16:15:00,31.0,46.504294,13.593889,Tarvisio
174,24,IDRO,Idrometro,,m,2026-06-21 16:15:00,0.54,46.504294,13.593889,Tarvisio
174,30,P,Pluviometro,,mm,2026-06-21 16:15:00,0.0,46.504294,13.593889,Tarvisio
174,52,Prec_5_min,Precipitazione 5 min,,mm,2026-06-21 16:15:00,0.0,46.504294,13.593889,Tarvisio
174,53,Prec_60_min,Precipitazione 60 min,,mm,2026-06-21 16:15:00,0.0,46.504294,13.593889,Tarvisio
174,54,Prec_3_ore,Precipitazione 3 ore,,mm,2026-06-21 16:15:00,0.0,46.504294,13.593889,Tarvisio
174,55,Prec_6_ore,Precipitazione 6 ore,,mm,2026-06-21 16:15:00,0.0,46.504294,13.593889,Tarvisio
174,56,Prec_12_ore,Precipitazione 12 ore,,mm,2026-06-21 16:15:00,0.0,46.504294,13.593889,Tarvisio
174,57,Prec_24_ore,Precipitazione 24 ore,,mm,2026-06-21 16:15:00,1.53333333333333,46.504294,13.593889,Tarvisio
174,58,Prec_48_ore,Precipitazione 48 ore,,mm,2026-06-21 16:15:00,15.6,46.504294,13.593889,Tarvisio
174,48,CAR,Corrente di carica,,mA,2026-06-21 16:15:00,206.0,46.504294,13.593889,Tarvisio
174,49,SCAR,Corrente di scarica,,mA,2026-06-21 16:15:00,127.0,46.504294,13.593889,Tarvisio
174,143,STSpluv (RAW),Stato Pluv (RAW),,sts,2026-06-21 16:15:00,0.0,46.504294,13.593889,Tarvisio
175,24,IDRO,Idrometro,,m,2026-06-21 16:15:00,-0.03,46.128436,13.204853,Tavagnacco
176,24,IDRO,Idrometro,,m,2026-06-21 16:30:00,0.54,46.477142,13.018276,Terme di Arta
176,48,CAR,Corrente di carica,,mA,2026-06-21 16:30:00,94.0,46.477142,13.018276,Terme di Arta
176,49,SCAR,Corrente di scarica,,mA,2026-06-21 16:30:00,58.0,46.477142,13.018276,Terme di Arta
177,24,IDRO,Idrometro,,m,2026-06-21 16:15:00,-0.62,46.125101,12.789011,Tesis T. Colvera
178,85,P_1h,Pioggia oraria,,mm,2026-06-21 16:00:00,0.0,46.576328649824,13.006825447083,Timau
178,1,RR,RR,,mm,2026-06-21 16:15:00,0.0,46.576328649824,13.006825447083,Timau
178,2,T,Temperatura aria,,°C,2026-06-21 16:15:00,24.2,46.576328649824,13.006825447083,Timau
178,30,P,Pluviometro,,mm,2026-06-21 16:15:00,0.0,46.576328649824,13.006825447083,Timau
178,52,Prec_5_min,Precipitazione 5 min,,mm,2026-06-21 16:15:00,0.0,46.576328649824,13.006825447083,Timau
178,53,Prec_60_min,Precipitazione 60 min,,mm,2026-06-21 16:15:00,0.0,46.576328649824,13.006825447083,Timau
178,54,Prec_3_ore,Precipitazione 3 ore,,mm,2026-06-21 16:15:00,0.0,46.576328649824,13.006825447083,Timau
178,55,Prec_6_ore,Precipitazione 6 ore,,mm,2026-06-21 16:15:00,0.0,46.576328649824,13.006825447083,Timau
178,56,Prec_12_ore,Precipitazione 12 ore,,mm,2026-06-21 16:15:00,0.2,46.576328649824,13.006825447083,Timau
178,57,Prec_24_ore,Precipitazione 24 ore,,mm,2026-06-21 16:15:00,2.66666666666667,46.576328649824,13.006825447083,Timau
178,58,Prec_48_ore,Precipitazione 48 ore,,mm,2026-06-21 16:15:00,3.4,46.576328649824,13.006825447083,Timau
178,48,CAR,Corrente di carica,,mA,2026-06-21 16:15:00,0.0,46.576328649824,13.006825447083,Timau
178,49,SCAR,Corrente di scarica,,mA,2026-06-21 16:15:00,88.0,46.576328649824,13.006825447083,Timau
178,143,STSpluv (RAW),Stato Pluv (RAW),,sts,2026-06-21 16:15:00,1.0,46.576328649824,13.006825447083,Timau
179,24,IDRO,Idrometro,,m,2026-06-21 16:15:00,-0.28,46.409726,13.005266,Tolmezzo Idro
180,143,STSpluv (RAW),Stato Pluv (RAW),,sts,2026-06-21 15:45:00,0.0,46.421783,13.021855,Tolmezzo meteo
180,85,P_1h,Pioggia oraria,,mm,2026-06-21 16:00:00,0.0,46.421783,13.021855,Tolmezzo meteo
180,1,RR,RR,,mm,2026-06-21 16:15:00,0.0,46.421783,13.021855,Tolmezzo meteo
180,2,T,Temperatura aria,,°C,2026-06-21 16:15:00,31.2,46.421783,13.021855,Tolmezzo meteo
180,3,U,Igrometro,,%,2026-06-21 16:15:00,47.2,46.421783,13.021855,Tolmezzo meteo
180,5,Dv,Direzione vento,,°N,2026-06-21 16:15:00,127.0,46.421783,13.021855,Tolmezzo meteo
180,6,Vv,Velocità vento,,m/s,2026-06-21 16:15:00,2.4,46.421783,13.021855,Tolmezzo meteo
180,7,VvMax,Velocità vento massima,,m/s,2026-06-21 16:15:00,5.0,46.421783,13.021855,Tolmezzo meteo
180,8,DvMax,Direzione vento della velocità massima,,°N,2026-06-21 16:15:00,151.0,46.421783,13.021855,Tolmezzo meteo
180,17,B,Barometro,,hPa,2026-06-21 16:15:00,982.0,46.421783,13.021855,Tolmezzo meteo
180,18,RG,Radiazione globale,,W/m2,2026-06-21 16:15:00,75.6,46.421783,13.021855,Tolmezzo meteo
180,30,P,Pluviometro,,mm,2026-06-21 16:15:00,0.0,46.421783,13.021855,Tolmezzo meteo
180,31,PPWD,PLUV PWD,,mm,2026-06-21 16:15:00,29.0,46.421783,13.021855,Tolmezzo meteo
180,32,DvVett,Direzione vento vettoriale,,°N,2026-06-21 16:15:00,129.0,46.421783,13.021855,Tolmezzo meteo
180,33,VvVett,Velocità vento vettoriale,,m/s,2026-06-21 16:15:00,2.2,46.421783,13.021855,Tolmezzo meteo
180,48,CAR,Corrente di carica,,mA,2026-06-21 16:15:00,196.0,46.421783,13.021855,Tolmezzo meteo
180,49,SCAR,Corrente di scarica,,mA,2026-06-21 16:15:00,274.0,46.421783,13.021855,Tolmezzo meteo
180,52,Prec_5_min,Precipitazione 5 min,,mm,2026-06-21 16:15:00,0.0,46.421783,13.021855,Tolmezzo meteo
180,53,Prec_60_min,Precipitazione 60 min,,mm,2026-06-21 16:15:00,0.0,46.421783,13.021855,Tolmezzo meteo
180,54,Prec_3_ore,Precipitazione 3 ore,,mm,2026-06-21 16:15:00,0.0,46.421783,13.021855,Tolmezzo meteo
180,55,Prec_6_ore,Precipitazione 6 ore,,mm,2026-06-21 16:15:00,0.0,46.421783,13.021855,Tolmezzo meteo
180,56,Prec_12_ore,Precipitazione 12 ore,,mm,2026-06-21 16:15:00,0.0,46.421783,13.021855,Tolmezzo meteo
180,57,Prec_24_ore,Precipitazione 24 ore,,mm,2026-06-21 16:15:00,18.1333333333333,46.421783,13.021855,Tolmezzo meteo
180,58,Prec_48_ore,Precipitazione 48 ore,,mm,2026-06-21 16:15:00,18.2,46.421783,13.021855,Tolmezzo meteo
180,152,P (RAW),Pluviometro (RAW),,mm,2026-06-21 16:15:00,0.0,46.421783,13.021855,Tolmezzo meteo
181,85,P_1h,Pioggia oraria,,mm,2026-06-21 16:00:00,0.0,46.125494,13.430038,Torreano T. Chiarò
181,24,IDRO,Idrometro,,m,2026-06-21 16:30:00,0.45,46.125494,13.430038,Torreano T. Chiarò
181,1,RR,RR,,mm,2026-06-21 16:30:00,0.0,46.125494,13.430038,Torreano T. Chiarò
181,30,P,Pluviometro,,mm,2026-06-21 16:30:00,0.0,46.125494,13.430038,Torreano T. Chiarò
181,52,Prec_5_min,Precipitazione 5 min,,mm,2026-06-21 16:30:00,0.0,46.125494,13.430038,Torreano T. Chiarò
181,53,Prec_60_min,Precipitazione 60 min,,mm,2026-06-21 16:30:00,0.0,46.125494,13.430038,Torreano T. Chiarò
181,54,Prec_3_ore,Precipitazione 3 ore,,mm,2026-06-21 16:30:00,0.0,46.125494,13.430038,Torreano T. Chiarò
181,55,Prec_6_ore,Precipitazione 6 ore,,mm,2026-06-21 16:30:00,0.0,46.125494,13.430038,Torreano T. Chiarò
181,56,Prec_12_ore,Precipitazione 12 ore,,mm,2026-06-21 16:30:00,0.0,46.125494,13.430038,Torreano T. Chiarò
181,57,Prec_24_ore,Precipitazione 24 ore,,mm,2026-06-21 16:30:00,0.2,46.125494,13.430038,Torreano T. Chiarò
181,58,Prec_48_ore,Precipitazione 48 ore,,mm,2026-06-21 16:30:00,0.2,46.125494,13.430038,Torreano T. Chiarò
182,24,IDRO,Idrometro,,m,2026-06-21 16:15:00,0.2,46.195369,12.603741,Torrente Alba
183,85,P_1h,Pioggia oraria,,mm,2026-06-21 16:00:00,0.0,45.818806,13.275533,Torviscosa
183,1,RR,RR,,mm,2026-06-21 16:15:00,0.0,45.818806,13.275533,Torviscosa
183,2,T,Temperatura aria,,°C,2026-06-21 16:15:00,36.3,45.818806,13.275533,Torviscosa
183,3,U,Igrometro,,%,2026-06-21 16:15:00,33.4,45.818806,13.275533,Torviscosa
183,5,Dv,Direzione vento,,°N,2026-06-21 16:15:00,256.0,45.818806,13.275533,Torviscosa
183,6,Vv,Velocità vento,,m/s,2026-06-21 16:15:00,3.1,45.818806,13.275533,Torviscosa
183,7,VvMax,Velocità vento massima,,m/s,2026-06-21 16:15:00,4.4,45.818806,13.275533,Torviscosa
183,8,DvMax,Direzione vento della velocità massima,,°N,2026-06-21 16:15:00,254.0,45.818806,13.275533,Torviscosa
183,30,P,Pluviometro,,mm,2026-06-21 16:15:00,0.0,45.818806,13.275533,Torviscosa
183,32,DvVett,Direzione vento vettoriale,,°N,2026-06-21 16:15:00,254.0,45.818806,13.275533,Torviscosa
183,33,VvVett,Velocità vento vettoriale,,m/s,2026-06-21 16:15:00,2.3,45.818806,13.275533,Torviscosa
183,52,Prec_5_min,Precipitazione 5 min,,mm,2026-06-21 16:15:00,0.0,45.818806,13.275533,Torviscosa
183,53,Prec_60_min,Precipitazione 60 min,,mm,2026-06-21 16:15:00,0.0,45.818806,13.275533,Torviscosa
183,54,Prec_3_ore,Precipitazione 3 ore,,mm,2026-06-21 16:15:00,0.0,45.818806,13.275533,Torviscosa
183,55,Prec_6_ore,Precipitazione 6 ore,,mm,2026-06-21 16:15:00,0.0,45.818806,13.275533,Torviscosa
183,56,Prec_12_ore,Precipitazione 12 ore,,mm,2026-06-21 16:15:00,0.0,45.818806,13.275533,Torviscosa
183,57,Prec_24_ore,Precipitazione 24 ore,,mm,2026-06-21 16:15:00,0.0,45.818806,13.275533,Torviscosa
183,58,Prec_48_ore,Precipitazione 48 ore,,mm,2026-06-21 16:15:00,0.0,45.818806,13.275533,Torviscosa
183,48,CAR,Corrente di carica,,mA,2026-06-21 16:15:00,35.0,45.818806,13.275533,Torviscosa
183,49,SCAR,Corrente di scarica,,mA,2026-06-21 16:15:00,119.0,45.818806,13.275533,Torviscosa
183,143,STSpluv (RAW),Stato Pluv (RAW),,sts,2026-06-21 16:15:00,0.0,45.818806,13.275533,Torviscosa
184,85,P_1h,Pioggia oraria,,mm,2026-06-21 16:00:00,0.0,46.298232,12.793013,Tramonti di Sotto
184,1,RR,RR,,mm,2026-06-21 16:15:00,0.0,46.298232,12.793013,Tramonti di Sotto
184,2,T,Temperatura aria,,°C,2026-06-21 16:15:00,28.7,46.298232,12.793013,Tramonti di Sotto
184,23,NIVO,Nivometro,,cm,2026-06-21 16:15:00,0.0,46.298232,12.793013,Tramonti di Sotto
184,30,P,Pluviometro,,mm,2026-06-21 16:15:00,0.0,46.298232,12.793013,Tramonti di Sotto
184,52,Prec_5_min,Precipitazione 5 min,,mm,2026-06-21 16:15:00,0.0,46.298232,12.793013,Tramonti di Sotto
184,53,Prec_60_min,Precipitazione 60 min,,mm,2026-06-21 16:15:00,0.0,46.298232,12.793013,Tramonti di Sotto
184,54,Prec_3_ore,Precipitazione 3 ore,,mm,2026-06-21 16:15:00,0.0,46.298232,12.793013,Tramonti di Sotto
184,55,Prec_6_ore,Precipitazione 6 ore,,mm,2026-06-21 16:15:00,0.0,46.298232,12.793013,Tramonti di Sotto
184,56,Prec_12_ore,Precipitazione 12 ore,,mm,2026-06-21 16:15:00,0.0,46.298232,12.793013,Tramonti di Sotto
184,57,Prec_24_ore,Precipitazione 24 ore,,mm,2026-06-21 16:15:00,1.4,46.298232,12.793013,Tramonti di Sotto
184,58,Prec_48_ore,Precipitazione 48 ore,,mm,2026-06-21 16:15:00,1.4,46.298232,12.793013,Tramonti di Sotto
184,143,STSpluv (RAW),Stato Pluv (RAW),,sts,2026-06-21 16:15:00,0.0,46.298232,12.793013,Tramonti di Sotto
184,48,CAR,Corrente di carica,,mA,2026-06-21 16:15:00,51.0,46.298232,12.793013,Tramonti di Sotto
184,49,SCAR,Corrente di scarica,,mA,2026-06-21 16:15:00,92.0,46.298232,12.793013,Tramonti di Sotto
185,85,P_1h,Pioggia oraria,,mm,2026-06-21 16:00:00,0.0,46.240651,12.750119,Tramonti invaso
185,1,RR,RR,,mm,2026-06-21 16:15:00,0.0,46.240651,12.750119,Tramonti invaso
185,2,T,Temperatura aria,,°C,2026-06-21 16:15:00,27.9,46.240651,12.750119,Tramonti invaso
185,30,P,Pluviometro,,mm,2026-06-21 16:15:00,0.0,46.240651,12.750119,Tramonti invaso
185,24,IDRO,Idrometro,,m,2026-06-21 16:15:00,309.17,46.240651,12.750119,Tramonti invaso
185,52,Prec_5_min,Precipitazione 5 min,,mm,2026-06-21 16:15:00,0.0,46.240651,12.750119,Tramonti invaso
185,53,Prec_60_min,Precipitazione 60 min,,mm,2026-06-21 16:15:00,0.0,46.240651,12.750119,Tramonti invaso
185,54,Prec_3_ore,Precipitazione 3 ore,,mm,2026-06-21 16:15:00,0.0,46.240651,12.750119,Tramonti invaso
185,55,Prec_6_ore,Precipitazione 6 ore,,mm,2026-06-21 16:15:00,0.0,46.240651,12.750119,Tramonti invaso
185,56,Prec_12_ore,Precipitazione 12 ore,,mm,2026-06-21 16:15:00,0.0,46.240651,12.750119,Tramonti invaso
185,57,Prec_24_ore,Precipitazione 24 ore,,mm,2026-06-21 16:15:00,1.8,46.240651,12.750119,Tramonti invaso
185,58,Prec_48_ore,Precipitazione 48 ore,,mm,2026-06-21 16:15:00,2.2,46.240651,12.750119,Tramonti invaso
186,24,IDRO,Idrometro,,m,2026-06-21 16:15:00,0.77,46.196551,12.871441,Travesio
187,24,IDRO,Idrometro,,m,2026-06-21 16:30:00,2.0,45.828388,12.568554,Tremeacque Livenza
188,24,IDRO,Idrometro,,m,2026-06-21 16:15:00,2.59,45.828229,12.57035,Tremeacque Meduna
188,48,CAR,Corrente di carica,,mA,2026-06-21 16:15:00,14.0,45.828229,12.57035,Tremeacque Meduna
188,49,SCAR,Corrente di scarica,,mA,2026-06-21 16:15:00,98.0,45.828229,12.57035,Tremeacque Meduna
189,85,P_1h,Pioggia oraria,,mm,2026-06-21 16:00:00,0.0,46.119376554462,13.585106728836,Tribil inferiore
189,1,RR,RR,,mm,2026-06-21 16:30:00,0.0,46.119376554462,13.585106728836,Tribil inferiore
189,2,T,Temperatura aria,,°C,2026-06-21 16:30:00,28.0,46.119376554462,13.585106728836,Tribil inferiore
189,3,U,Igrometro,,%,2026-06-21 16:30:00,54.8,46.119376554462,13.585106728836,Tribil inferiore
189,30,P,Pluviometro,,mm,2026-06-21 16:30:00,0.0,46.119376554462,13.585106728836,Tribil inferiore
189,52,Prec_5_min,Precipitazione 5 min,,mm,2026-06-21 16:30:00,0.0,46.119376554462,13.585106728836,Tribil inferiore
189,53,Prec_60_min,Precipitazione 60 min,,mm,2026-06-21 16:30:00,0.0,46.119376554462,13.585106728836,Tribil inferiore
189,54,Prec_3_ore,Precipitazione 3 ore,,mm,2026-06-21 16:30:00,0.0,46.119376554462,13.585106728836,Tribil inferiore
189,55,Prec_6_ore,Precipitazione 6 ore,,mm,2026-06-21 16:30:00,0.0,46.119376554462,13.585106728836,Tribil inferiore
189,56,Prec_12_ore,Precipitazione 12 ore,,mm,2026-06-21 16:30:00,0.0,46.119376554462,13.585106728836,Tribil inferiore
189,57,Prec_24_ore,Precipitazione 24 ore,,mm,2026-06-21 16:30:00,0.0,46.119376554462,13.585106728836,Tribil inferiore
189,58,Prec_48_ore,Precipitazione 48 ore,,mm,2026-06-21 16:30:00,0.0,46.119376554462,13.585106728836,Tribil inferiore
190,85,P_1h,Pioggia oraria,,mm,2026-06-21 16:00:00,0.0,46.151582,13.213877,Tricesimo
190,1,RR,RR,,mm,2026-06-21 16:15:00,0.0,46.151582,13.213877,Tricesimo
190,2,T,Temperatura aria,,°C,2026-06-21 16:15:00,33.7,46.151582,13.213877,Tricesimo
190,30,P,Pluviometro,,mm,2026-06-21 16:15:00,0.0,46.151582,13.213877,Tricesimo
190,52,Prec_5_min,Precipitazione 5 min,,mm,2026-06-21 16:15:00,0.0,46.151582,13.213877,Tricesimo
190,53,Prec_60_min,Precipitazione 60 min,,mm,2026-06-21 16:15:00,0.0,46.151582,13.213877,Tricesimo
190,54,Prec_3_ore,Precipitazione 3 ore,,mm,2026-06-21 16:15:00,0.0,46.151582,13.213877,Tricesimo
190,55,Prec_6_ore,Precipitazione 6 ore,,mm,2026-06-21 16:15:00,0.0,46.151582,13.213877,Tricesimo
190,56,Prec_12_ore,Precipitazione 12 ore,,mm,2026-06-21 16:15:00,0.0,46.151582,13.213877,Tricesimo
190,57,Prec_24_ore,Precipitazione 24 ore,,mm,2026-06-21 16:15:00,0.0,46.151582,13.213877,Tricesimo
190,58,Prec_48_ore,Precipitazione 48 ore,,mm,2026-06-21 16:15:00,0.0,46.151582,13.213877,Tricesimo
190,3,U,Igrometro,,%,2026-06-21 16:15:00,37.9,46.151582,13.213877,Tricesimo
190,48,CAR,Corrente di carica,,mA,2026-06-21 16:15:00,86.0,46.151582,13.213877,Tricesimo
190,49,SCAR,Corrente di scarica,,mA,2026-06-21 16:15:00,92.0,46.151582,13.213877,Tricesimo
190,143,STSpluv (RAW),Stato Pluv (RAW),,sts,2026-06-21 16:15:00,0.0,46.151582,13.213877,Tricesimo
191,85,P_1h,Pioggia oraria,,mm,2026-06-21 16:00:00,0.0,45.635369,13.83295,Trieste Cattinara
191,1,RR,RR,,mm,2026-06-21 16:15:00,0.0,45.635369,13.83295,Trieste Cattinara
191,2,T,Temperatura aria,,°C,2026-06-21 16:15:00,31.6,45.635369,13.83295,Trieste Cattinara
191,3,U,Igrometro,,%,2026-06-21 16:15:00,43.8,45.635369,13.83295,Trieste Cattinara
191,5,Dv,Direzione vento,,°N,2026-06-21 16:15:00,298.0,45.635369,13.83295,Trieste Cattinara
191,6,Vv,Velocità vento,,m/s,2026-06-21 16:15:00,1.7,45.635369,13.83295,Trieste Cattinara
191,7,VvMax,Velocità vento massima,,m/s,2026-06-21 16:15:00,3.2,45.635369,13.83295,Trieste Cattinara
191,8,DvMax,Direzione vento della velocità massima,,°N,2026-06-21 16:15:00,309.0,45.635369,13.83295,Trieste Cattinara
191,17,B,Barometro,,hPa,2026-06-21 16:15:00,988.8,45.635369,13.83295,Trieste Cattinara
191,18,RG,Radiazione globale,,W/m2,2026-06-21 16:15:00,448.1,45.635369,13.83295,Trieste Cattinara
191,30,P,Pluviometro,,mm,2026-06-21 16:15:00,0.0,45.635369,13.83295,Trieste Cattinara
191,32,DvVett,Direzione vento vettoriale,,°N,2026-06-21 16:15:00,298.0,45.635369,13.83295,Trieste Cattinara
191,33,VvVett,Velocità vento vettoriale,,m/s,2026-06-21 16:15:00,1.6,45.635369,13.83295,Trieste Cattinara
191,48,CAR,Corrente di carica,,mA,2026-06-21 16:15:00,203.0,45.635369,13.83295,Trieste Cattinara
191,49,SCAR,Corrente di scarica,,mA,2026-06-21 16:15:00,108.0,45.635369,13.83295,Trieste Cattinara
191,52,Prec_5_min,Precipitazione 5 min,,mm,2026-06-21 16:15:00,0.0,45.635369,13.83295,Trieste Cattinara
191,53,Prec_60_min,Precipitazione 60 min,,mm,2026-06-21 16:15:00,0.0,45.635369,13.83295,Trieste Cattinara
191,54,Prec_3_ore,Precipitazione 3 ore,,mm,2026-06-21 16:15:00,0.0,45.635369,13.83295,Trieste Cattinara
191,55,Prec_6_ore,Precipitazione 6 ore,,mm,2026-06-21 16:15:00,0.0,45.635369,13.83295,Trieste Cattinara
191,56,Prec_12_ore,Precipitazione 12 ore,,mm,2026-06-21 16:15:00,0.0,45.635369,13.83295,Trieste Cattinara
191,57,Prec_24_ore,Precipitazione 24 ore,,mm,2026-06-21 16:15:00,0.0,45.635369,13.83295,Trieste Cattinara
191,58,Prec_48_ore,Precipitazione 48 ore,,mm,2026-06-21 16:15:00,0.0,45.635369,13.83295,Trieste Cattinara
191,143,STSpluv (RAW),Stato Pluv (RAW),,sts,2026-06-21 16:15:00,0.0,45.635369,13.83295,Trieste Cattinara
192,22,Tm,Temperatura mare,,°C,2026-06-21 16:15:00,14.9,45.81648,13.43132,Turriaco
192,24,IDRO,Idrometro,,m,2026-06-21 16:15:00,1.2,45.81648,13.43132,Turriaco
193,85,P_1h,Pioggia oraria,,mm,2026-06-21 16:00:00,0.0,46.306483,13.400202,Uccea
193,1,RR,RR,,mm,2026-06-21 16:15:00,0.0,46.306483,13.400202,Uccea
193,2,T,Temperatura aria,,°C,2026-06-21 16:15:00,29.8,46.306483,13.400202,Uccea
193,30,P,Pluviometro,,mm,2026-06-21 16:15:00,0.0,46.306483,13.400202,Uccea
193,48,CAR,Corrente di carica,,mA,2026-06-21 16:15:00,256.0,46.306483,13.400202,Uccea
193,49,SCAR,Corrente di scarica,,mA,2026-06-21 16:15:00,80.0,46.306483,13.400202,Uccea
193,52,Prec_5_min,Precipitazione 5 min,,mm,2026-06-21 16:15:00,0.0,46.306483,13.400202,Uccea
193,53,Prec_60_min,Precipitazione 60 min,,mm,2026-06-21 16:15:00,0.0,46.306483,13.400202,Uccea
193,54,Prec_3_ore,Precipitazione 3 ore,,mm,2026-06-21 16:15:00,0.0,46.306483,13.400202,Uccea
193,55,Prec_6_ore,Precipitazione 6 ore,,mm,2026-06-21 16:15:00,0.0,46.306483,13.400202,Uccea
193,56,Prec_12_ore,Precipitazione 12 ore,,mm,2026-06-21 16:15:00,0.2,46.306483,13.400202,Uccea
193,57,Prec_24_ore,Precipitazione 24 ore,,mm,2026-06-21 16:15:00,5.8,46.306483,13.400202,Uccea
193,58,Prec_48_ore,Precipitazione 48 ore,,mm,2026-06-21 16:15:00,5.8,46.306483,13.400202,Uccea
194,85,P_1h,Pioggia oraria,,mm,2026-06-21 16:00:00,0.0,46.064985,13.236595,Udine
194,1,RR,RR,,mm,2026-06-21 16:15:00,0.0,46.064985,13.236595,Udine
194,2,T,Temperatura aria,,°C,2026-06-21 16:15:00,35.3,46.064985,13.236595,Udine
194,3,U,Igrometro,,%,2026-06-21 16:15:00,34.3,46.064985,13.236595,Udine
194,17,B,Barometro,,hPa,2026-06-21 16:15:00,1003.7,46.064985,13.236595,Udine
194,30,P,Pluviometro,,mm,2026-06-21 16:15:00,0.0,46.064985,13.236595,Udine
194,52,Prec_5_min,Precipitazione 5 min,,mm,2026-06-21 16:15:00,0.0,46.064985,13.236595,Udine
194,53,Prec_60_min,Precipitazione 60 min,,mm,2026-06-21 16:15:00,0.0,46.064985,13.236595,Udine
194,54,Prec_3_ore,Precipitazione 3 ore,,mm,2026-06-21 16:15:00,0.0,46.064985,13.236595,Udine
194,55,Prec_6_ore,Precipitazione 6 ore,,mm,2026-06-21 16:15:00,0.0,46.064985,13.236595,Udine
194,56,Prec_12_ore,Precipitazione 12 ore,,mm,2026-06-21 16:15:00,0.0,46.064985,13.236595,Udine
194,57,Prec_24_ore,Precipitazione 24 ore,,mm,2026-06-21 16:15:00,0.0,46.064985,13.236595,Udine
194,58,Prec_48_ore,Precipitazione 48 ore,,mm,2026-06-21 16:15:00,0.0,46.064985,13.236595,Udine
194,48,CAR,Corrente di carica,,mA,2026-06-21 16:15:00,85.0,46.064985,13.236595,Udine
194,49,SCAR,Corrente di scarica,,mA,2026-06-21 16:15:00,90.0,46.064985,13.236595,Udine
194,143,STSpluv (RAW),Stato Pluv (RAW),,sts,2026-06-21 16:15:00,1.0,46.064985,13.236595,Udine
195,24,IDRO,Idrometro,,m,2026-06-21 16:15:00,-0.08,46.510304,13.471761,Ugovizza Uque
195,48,CAR,Corrente di carica,,mA,2026-06-21 16:15:00,161.0,46.510304,13.471761,Ugovizza Uque
195,49,SCAR,Corrente di scarica,,mA,2026-06-21 16:15:00,82.0,46.510304,13.471761,Ugovizza Uque
196,85,P_1h,Pioggia oraria,,mm,2026-06-21 16:00:00,0.0,46.144543,12.887664,Vacile
196,1,RR,RR,,mm,2026-06-21 16:15:00,0.0,46.144543,12.887664,Vacile
196,2,T,Temperatura aria,,°C,2026-06-21 16:15:00,34.6,46.144543,12.887664,Vacile
196,4,BF,Bagnatura fogliare,,min,2026-06-21 16:15:00,0.0,46.144543,12.887664,Vacile
196,30,P,Pluviometro,,mm,2026-06-21 16:15:00,0.0,46.144543,12.887664,Vacile
196,24,IDRO,Idrometro,,m,2026-06-21 16:15:00,16.37,46.144543,12.887664,Vacile
196,52,Prec_5_min,Precipitazione 5 min,,mm,2026-06-21 16:15:00,0.0,46.144543,12.887664,Vacile
196,53,Prec_60_min,Precipitazione 60 min,,mm,2026-06-21 16:15:00,0.0,46.144543,12.887664,Vacile
196,54,Prec_3_ore,Precipitazione 3 ore,,mm,2026-06-21 16:15:00,0.0,46.144543,12.887664,Vacile
196,55,Prec_6_ore,Precipitazione 6 ore,,mm,2026-06-21 16:15:00,0.0,46.144543,12.887664,Vacile
196,56,Prec_12_ore,Precipitazione 12 ore,,mm,2026-06-21 16:15:00,0.0,46.144543,12.887664,Vacile
196,57,Prec_24_ore,Precipitazione 24 ore,,mm,2026-06-21 16:15:00,0.0,46.144543,12.887664,Vacile
196,58,Prec_48_ore,Precipitazione 48 ore,,mm,2026-06-21 16:15:00,0.0,46.144543,12.887664,Vacile
196,3,U,Igrometro,,%,2026-06-21 16:15:00,35.8,46.144543,12.887664,Vacile
196,48,CAR,Corrente di carica,,mA,2026-06-21 16:15:00,175.0,46.144543,12.887664,Vacile
196,49,SCAR,Corrente di scarica,,mA,2026-06-21 16:15:00,96.0,46.144543,12.887664,Vacile
197,85,P_1h,Pioggia oraria,,mm,2026-06-21 16:00:00,0.0,46.114392,12.492302,Val dei Sass
197,1,RR,RR,,mm,2026-06-21 16:15:00,0.0,46.114392,12.492302,Val dei Sass
197,2,T,Temperatura aria,,°C,2026-06-21 16:15:00,18.8,46.114392,12.492302,Val dei Sass
197,3,U,Igrometro,,%,2026-06-21 16:15:00,80.4,46.114392,12.492302,Val dei Sass
197,5,Dv,Direzione vento,,°N,2026-06-21 16:15:00,253.0,46.114392,12.492302,Val dei Sass
197,6,Vv,Velocità vento,,m/s,2026-06-21 16:15:00,3.9,46.114392,12.492302,Val dei Sass
197,7,VvMax,Velocità vento massima,,m/s,2026-06-21 16:15:00,7.1,46.114392,12.492302,Val dei Sass
197,8,DvMax,Direzione vento della velocità massima,,°N,2026-06-21 16:15:00,255.0,46.114392,12.492302,Val dei Sass
197,17,B,Barometro,,hPa,2026-06-21 16:15:00,830.5,46.114392,12.492302,Val dei Sass
197,18,RG,Radiazione globale,,W/m2,2026-06-21 16:15:00,256.8,46.114392,12.492302,Val dei Sass
197,30,P,Pluviometro,,mm,2026-06-21 16:15:00,0.0,46.114392,12.492302,Val dei Sass
197,32,DvVett,Direzione vento vettoriale,,°N,2026-06-21 16:15:00,253.0,46.114392,12.492302,Val dei Sass
197,33,VvVett,Velocità vento vettoriale,,m/s,2026-06-21 16:15:00,3.8,46.114392,12.492302,Val dei Sass
197,52,Prec_5_min,Precipitazione 5 min,,mm,2026-06-21 16:15:00,0.0,46.114392,12.492302,Val dei Sass
197,53,Prec_60_min,Precipitazione 60 min,,mm,2026-06-21 16:15:00,0.0,46.114392,12.492302,Val dei Sass
197,54,Prec_3_ore,Precipitazione 3 ore,,mm,2026-06-21 16:15:00,0.0,46.114392,12.492302,Val dei Sass
197,55,Prec_6_ore,Precipitazione 6 ore,,mm,2026-06-21 16:15:00,0.0,46.114392,12.492302,Val dei Sass
197,56,Prec_12_ore,Precipitazione 12 ore,,mm,2026-06-21 16:15:00,0.0,46.114392,12.492302,Val dei Sass
197,57,Prec_24_ore,Precipitazione 24 ore,,mm,2026-06-21 16:15:00,1.53333333333333,46.114392,12.492302,Val dei Sass
197,58,Prec_48_ore,Precipitazione 48 ore,,mm,2026-06-21 16:15:00,22.2,46.114392,12.492302,Val dei Sass
198,85,P_1h,Pioggia oraria,,mm,2026-06-21 16:00:00,0.0,46.542897,13.474891,Val Ugovizza
198,1,RR,RR,,mm,2026-06-21 16:15:00,0.0,46.542897,13.474891,Val Ugovizza
198,2,T,Temperatura aria,,°C,2026-06-21 16:15:00,24.6,46.542897,13.474891,Val Ugovizza
198,23,NIVO,Nivometro,,cm,2026-06-21 16:15:00,36.0,46.542897,13.474891,Val Ugovizza
198,30,P,Pluviometro,,mm,2026-06-21 16:15:00,0.0,46.542897,13.474891,Val Ugovizza
198,52,Prec_5_min,Precipitazione 5 min,,mm,2026-06-21 16:15:00,0.0,46.542897,13.474891,Val Ugovizza
198,53,Prec_60_min,Precipitazione 60 min,,mm,2026-06-21 16:15:00,0.0,46.542897,13.474891,Val Ugovizza
198,54,Prec_3_ore,Precipitazione 3 ore,,mm,2026-06-21 16:15:00,0.0,46.542897,13.474891,Val Ugovizza
198,55,Prec_6_ore,Precipitazione 6 ore,,mm,2026-06-21 16:15:00,0.0,46.542897,13.474891,Val Ugovizza
198,56,Prec_12_ore,Precipitazione 12 ore,,mm,2026-06-21 16:15:00,0.0,46.542897,13.474891,Val Ugovizza
198,57,Prec_24_ore,Precipitazione 24 ore,,mm,2026-06-21 16:15:00,1.2,46.542897,13.474891,Val Ugovizza
198,58,Prec_48_ore,Precipitazione 48 ore,,mm,2026-06-21 16:15:00,1.2,46.542897,13.474891,Val Ugovizza
198,3,U,Igrometro,,%,2026-06-21 16:15:00,49.1,46.542897,13.474891,Val Ugovizza
198,48,CAR,Corrente di carica,,mA,2026-06-21 16:15:00,137.0,46.542897,13.474891,Val Ugovizza
198,49,SCAR,Corrente di scarica,,mA,2026-06-21 16:15:00,96.0,46.542897,13.474891,Val Ugovizza
198,143,STSpluv (RAW),Stato Pluv (RAW),,sts,2026-06-21 16:15:00,256.0,46.542897,13.474891,Val Ugovizza
199,85,P_1h,Pioggia oraria,,mm,2026-06-21 16:00:00,0.0,46.411276,12.906771,Villa Santina T. Degano
199,1,RR,RR,,mm,2026-06-21 16:15:00,0.0,46.411276,12.906771,Villa Santina T. Degano
199,24,IDRO,Idrometro,,m,2026-06-21 16:15:00,-0.8,46.411276,12.906771,Villa Santina T. Degano
199,30,P,Pluviometro,,mm,2026-06-21 16:15:00,0.0,46.411276,12.906771,Villa Santina T. Degano
199,52,Prec_5_min,Precipitazione 5 min,,mm,2026-06-21 16:15:00,0.0,46.411276,12.906771,Villa Santina T. Degano
199,53,Prec_60_min,Precipitazione 60 min,,mm,2026-06-21 16:15:00,0.0,46.411276,12.906771,Villa Santina T. Degano
199,54,Prec_3_ore,Precipitazione 3 ore,,mm,2026-06-21 16:15:00,0.0,46.411276,12.906771,Villa Santina T. Degano
199,55,Prec_6_ore,Precipitazione 6 ore,,mm,2026-06-21 16:15:00,0.0,46.411276,12.906771,Villa Santina T. Degano
199,56,Prec_12_ore,Precipitazione 12 ore,,mm,2026-06-21 16:15:00,0.0,46.411276,12.906771,Villa Santina T. Degano
199,57,Prec_24_ore,Precipitazione 24 ore,,mm,2026-06-21 16:15:00,1.06666666666667,46.411276,12.906771,Villa Santina T. Degano
199,58,Prec_48_ore,Precipitazione 48 ore,,mm,2026-06-21 16:15:00,1.8,46.411276,12.906771,Villa Santina T. Degano
200,24,IDRO,Idrometro,,m,2026-06-21 16:15:00,0.17,45.851242,13.419959,Villesse
201,85,P_1h,Pioggia oraria,,mm,2026-06-21 16:00:00,0.0,45.855064,12.757509,Villotta di Chions
201,1,RR,RR,,mm,2026-06-21 16:15:00,0.0,45.855064,12.757509,Villotta di Chions
201,2,T,Temperatura aria,,°C,2026-06-21 16:15:00,35.7,45.855064,12.757509,Villotta di Chions
201,3,U,Igrometro,,%,2026-06-21 16:15:00,40.0,45.855064,12.757509,Villotta di Chions
201,24,IDRO,Idrometro,,m,2026-06-21 16:15:00,0.62,45.855064,12.757509,Villotta di Chions
201,30,P,Pluviometro,,mm,2026-06-21 16:15:00,0.0,45.855064,12.757509,Villotta di Chions
201,52,Prec_5_min,Precipitazione 5 min,,mm,2026-06-21 16:15:00,0.0,45.855064,12.757509,Villotta di Chions
201,53,Prec_60_min,Precipitazione 60 min,,mm,2026-06-21 16:15:00,0.0,45.855064,12.757509,Villotta di Chions
201,54,Prec_3_ore,Precipitazione 3 ore,,mm,2026-06-21 16:15:00,0.0,45.855064,12.757509,Villotta di Chions
201,55,Prec_6_ore,Precipitazione 6 ore,,mm,2026-06-21 16:15:00,0.0,45.855064,12.757509,Villotta di Chions
201,56,Prec_12_ore,Precipitazione 12 ore,,mm,2026-06-21 16:15:00,0.0,45.855064,12.757509,Villotta di Chions
201,57,Prec_24_ore,Precipitazione 24 ore,,mm,2026-06-21 16:15:00,0.0,45.855064,12.757509,Villotta di Chions
201,58,Prec_48_ore,Precipitazione 48 ore,,mm,2026-06-21 16:15:00,0.0,45.855064,12.757509,Villotta di Chions
201,48,CAR,Corrente di carica,,mA,2026-06-21 16:15:00,178.0,45.855064,12.757509,Villotta di Chions
201,49,SCAR,Corrente di scarica,,mA,2026-06-21 16:15:00,86.0,45.855064,12.757509,Villotta di Chions
201,143,STSpluv (RAW),Stato Pluv (RAW),,sts,2026-06-21 16:15:00,0.0,45.855064,12.757509,Villotta di Chions
202,24,IDRO,Idrometro,,m,2026-06-21 16:30:00,-0.13,46.1814,12.958073,Villuzza
203,24,IDRO,Idrometro,,m,2026-06-21 16:15:00,0.69,45.925195,13.378875,Viscone
204,24,IDRO,Idrometro,,m,2026-06-21 16:30:00,-0.18,45.902859,12.614448,Visinale di Sopra
205,85,P_1h,Pioggia oraria,,mm,2026-06-21 16:00:00,0.0,45.833708,13.159947,Zavattina T. Cormor
205,1,RR,RR,,mm,2026-06-21 16:15:00,0.0,45.833708,13.159947,Zavattina T. Cormor
205,24,IDRO,Idrometro,,m,2026-06-21 16:15:00,1.28,45.833708,13.159947,Zavattina T. Cormor
205,30,P,Pluviometro,,mm,2026-06-21 16:15:00,0.0,45.833708,13.159947,Zavattina T. Cormor
205,52,Prec_5_min,Precipitazione 5 min,,mm,2026-06-21 16:15:00,0.0,45.833708,13.159947,Zavattina T. Cormor
205,53,Prec_60_min,Precipitazione 60 min,,mm,2026-06-21 16:15:00,0.0,45.833708,13.159947,Zavattina T. Cormor
205,54,Prec_3_ore,Precipitazione 3 ore,,mm,2026-06-21 16:15:00,0.0,45.833708,13.159947,Zavattina T. Cormor
205,55,Prec_6_ore,Precipitazione 6 ore,,mm,2026-06-21 16:15:00,0.0,45.833708,13.159947,Zavattina T. Cormor
205,56,Prec_12_ore,Precipitazione 12 ore,,mm,2026-06-21 16:15:00,0.0,45.833708,13.159947,Zavattina T. Cormor
205,57,Prec_24_ore,Precipitazione 24 ore,,mm,2026-06-21 16:15:00,0.0,45.833708,13.159947,Zavattina T. Cormor
205,58,Prec_48_ore,Precipitazione 48 ore,,mm,2026-06-21 16:15:00,0.0,45.833708,13.159947,Zavattina T. Cormor
206,85,P_1h,Pioggia oraria,,mm,2026-06-21 16:00:00,0.0,46.195981,13.153527,Zeglianutto
206,1,RR,RR,,mm,2026-06-21 16:15:00,0.0,46.195981,13.153527,Zeglianutto
206,30,P,Pluviometro,,mm,2026-06-21 16:15:00,0.0,46.195981,13.153527,Zeglianutto
206,2,T,Temperatura aria,,°C,2026-06-21 16:15:00,33.6,46.195981,13.153527,Zeglianutto
206,52,Prec_5_min,Precipitazione 5 min,,mm,2026-06-21 16:15:00,0.0,46.195981,13.153527,Zeglianutto
206,53,Prec_60_min,Precipitazione 60 min,,mm,2026-06-21 16:15:00,0.0,46.195981,13.153527,Zeglianutto
206,54,Prec_3_ore,Precipitazione 3 ore,,mm,2026-06-21 16:15:00,0.0,46.195981,13.153527,Zeglianutto
206,55,Prec_6_ore,Precipitazione 6 ore,,mm,2026-06-21 16:15:00,0.0,46.195981,13.153527,Zeglianutto
206,56,Prec_12_ore,Precipitazione 12 ore,,mm,2026-06-21 16:15:00,0.0,46.195981,13.153527,Zeglianutto
206,57,Prec_24_ore,Precipitazione 24 ore,,mm,2026-06-21 16:15:00,0.0,46.195981,13.153527,Zeglianutto
206,58,Prec_48_ore,Precipitazione 48 ore,,mm,2026-06-21 16:15:00,0.0,46.195981,13.153527,Zeglianutto
206,3,U,Igrometro,,%,2026-06-21 16:15:00,37.1,46.195981,13.153527,Zeglianutto
206,48,CAR,Corrente di carica,,mA,2026-06-21 16:15:00,0.0,46.195981,13.153527,Zeglianutto
206,49,SCAR,Corrente di scarica,,mA,2026-06-21 16:15:00,92.0,46.195981,13.153527,Zeglianutto
206,143,STSpluv (RAW),Stato Pluv (RAW),,sts,2026-06-21 16:15:00,0.0,46.195981,13.153527,Zeglianutto
207,24,IDRO,Idrometro,,m,2026-06-21 16:15:00,-0.3,46.163771,13.257275,Zompitta idro
208,1,RR,RR,,mm,2026-06-21 16:00:00,0.0,46.171431,13.25473,Zompitta meteo
208,30,P,Pluviometro,,mm,2026-06-21 16:00:00,0.0,46.171431,13.25473,Zompitta meteo
208,52,Prec_5_min,Precipitazione 5 min,,mm,2026-06-21 16:00:00,0.0,46.171431,13.25473,Zompitta meteo
208,53,Prec_60_min,Precipitazione 60 min,,mm,2026-06-21 16:00:00,0.0,46.171431,13.25473,Zompitta meteo
208,54,Prec_3_ore,Precipitazione 3 ore,,mm,2026-06-21 16:00:00,0.0,46.171431,13.25473,Zompitta meteo
208,55,Prec_6_ore,Precipitazione 6 ore,,mm,2026-06-21 16:00:00,0.0,46.171431,13.25473,Zompitta meteo
208,56,Prec_12_ore,Precipitazione 12 ore,,mm,2026-06-21 16:00:00,0.0,46.171431,13.25473,Zompitta meteo
208,57,Prec_24_ore,Precipitazione 24 ore,,mm,2026-06-21 16:00:00,0.0,46.171431,13.25473,Zompitta meteo
208,58,Prec_48_ore,Precipitazione 48 ore,,mm,2026-06-21 16:00:00,0.0,46.171431,13.25473,Zompitta meteo
208,2,T,Temperatura aria,,°C,2026-06-21 16:15:00,34.5,46.171431,13.25473,Zompitta meteo
208,3,U,Igrometro,,%,2026-06-21 16:15:00,35.9,46.171431,13.25473,Zompitta meteo
208,5,Dv,Direzione vento,,°N,2026-06-21 16:15:00,287.0,46.171431,13.25473,Zompitta meteo
208,6,Vv,Velocità vento,,m/s,2026-06-21 16:15:00,0.9,46.171431,13.25473,Zompitta meteo
208,7,VvMax,Velocità vento massima,,m/s,2026-06-21 16:15:00,4.7,46.171431,13.25473,Zompitta meteo
208,8,DvMax,Direzione vento della velocità massima,,°N,2026-06-21 16:15:00,250.0,46.171431,13.25473,Zompitta meteo
208,17,B,Barometro,,hPa,2026-06-21 16:15:00,999.6,46.171431,13.25473,Zompitta meteo
208,18,RG,Radiazione globale,,W/m2,2026-06-21 16:15:00,271.4,46.171431,13.25473,Zompitta meteo
208,32,DvVett,Direzione vento vettoriale,,°N,2026-06-21 16:15:00,250.0,46.171431,13.25473,Zompitta meteo
208,33,VvVett,Velocità vento vettoriale,,m/s,2026-06-21 16:15:00,1.9,46.171431,13.25473,Zompitta meteo
208,48,CAR,Corrente di carica,,mA,2026-06-21 16:15:00,150.0,46.171431,13.25473,Zompitta meteo
208,49,SCAR,Corrente di scarica,,mA,2026-06-21 16:15:00,127.0,46.171431,13.25473,Zompitta meteo
209,85,P_1h,Pioggia oraria,,mm,2026-06-21 16:00:00,0.0,45.874009,12.713078,Zuiano
209,1,RR,RR,,mm,2026-06-21 16:15:00,0.0,45.874009,12.713078,Zuiano
209,2,T,Temperatura aria,,°C,2026-06-21 16:15:00,34.7,45.874009,12.713078,Zuiano
209,24,IDRO,Idrometro,,m,2026-06-21 16:15:00,1.12,45.874009,12.713078,Zuiano
209,30,P,Pluviometro,,mm,2026-06-21 16:15:00,0.0,45.874009,12.713078,Zuiano
209,52,Prec_5_min,Precipitazione 5 min,,mm,2026-06-21 16:15:00,0.0,45.874009,12.713078,Zuiano
209,53,Prec_60_min,Precipitazione 60 min,,mm,2026-06-21 16:15:00,0.0,45.874009,12.713078,Zuiano
209,54,Prec_3_ore,Precipitazione 3 ore,,mm,2026-06-21 16:15:00,0.0,45.874009,12.713078,Zuiano
209,55,Prec_6_ore,Precipitazione 6 ore,,mm,2026-06-21 16:15:00,0.0,45.874009,12.713078,Zuiano
209,56,Prec_12_ore,Precipitazione 12 ore,,mm,2026-06-21 16:15:00,0.0,45.874009,12.713078,Zuiano
209,57,Prec_24_ore,Precipitazione 24 ore,,mm,2026-06-21 16:15:00,0.0,45.874009,12.713078,Zuiano
209,58,Prec_48_ore,Precipitazione 48 ore,,mm,2026-06-21 16:15:00,0.0,45.874009,12.713078,Zuiano
209,3,U,Igrometro,,%,2026-06-21 16:15:00,40.9,45.874009,12.713078,Zuiano
209,48,CAR,Corrente di carica,,mA,2026-06-21 16:15:00,31.0,45.874009,12.713078,Zuiano
209,49,SCAR,Corrente di scarica,,mA,2026-06-21 16:15:00,98.0,45.874009,12.713078,Zuiano
209,143,STSpluv (RAW),Stato Pluv (RAW),,sts,2026-06-21 16:15:00,0.0,45.874009,12.713078,Zuiano
210,53,Prec_60_min,Precipitazione 60 min,,mm,2026-06-21 16:00:00,0.0,45.958076,13.51241,Capriva
210,54,Prec_3_ore,Precipitazione 3 ore,,mm,2026-06-21 16:00:00,0.0,45.958076,13.51241,Capriva
210,55,Prec_6_ore,Precipitazione 6 ore,,mm,2026-06-21 16:00:00,0.0,45.958076,13.51241,Capriva
210,56,Prec_12_ore,Precipitazione 12 ore,,mm,2026-06-21 16:00:00,0.0,45.958076,13.51241,Capriva
210,57,Prec_24_ore,Precipitazione 24 ore,,mm,2026-06-21 16:00:00,0.0,45.958076,13.51241,Capriva
210,58,Prec_48_ore,Precipitazione 48 ore,,mm,2026-06-21 16:00:00,0.0,45.958076,13.51241,Capriva
210,1,RR,RR,,mm,2026-06-21 16:15:00,0.0,45.958076,13.51241,Capriva
210,2,T,Temperatura aria,,°C,2026-06-21 16:15:00,35.1933333333333,45.958076,13.51241,Capriva
210,3,U,Igrometro,,%,2026-06-21 16:15:00,46.2,45.958076,13.51241,Capriva
210,4,BF,Bagnatura fogliare,,min,2026-06-21 16:15:00,0.0,45.958076,13.51241,Capriva
210,5,Dv,Direzione vento,,°N,2026-06-21 16:15:00,274.466666666667,45.958076,13.51241,Capriva
210,6,Vv,Velocità vento,,m/s,2026-06-21 16:15:00,1.53333333333333,45.958076,13.51241,Capriva
210,7,VvMax,Velocità vento massima,,m/s,2026-06-21 16:15:00,3.0,45.958076,13.51241,Capriva
210,8,DvMax,Direzione vento della velocità massima,,°N,2026-06-21 16:15:00,279.2,45.958076,13.51241,Capriva
210,13,Dv2,Direzione vento 2 metri,,°N,2026-06-21 16:15:00,274.333333333333,45.958076,13.51241,Capriva
210,14,Vv2,Velocità vento 2 metri,,m/s,2026-06-21 16:15:00,0.42,45.958076,13.51241,Capriva
210,15,Vv2max,Velocità vento massima 2 metri,,m/s,2026-06-21 16:15:00,0.74,45.958076,13.51241,Capriva
210,16,Dv2max,Direzione vento della velocità massima 2 metri,,°N,2026-06-21 16:15:00,275.2,45.958076,13.51241,Capriva
210,17,B,Barometro,,hPa,2026-06-21 16:15:00,1009.44666666667,45.958076,13.51241,Capriva
210,18,RG,Radiazione globale,,W/m2,2026-06-21 16:15:00,427.22,45.958076,13.51241,Capriva
210,19,T50,Temperatura 50,,°C,2026-06-21 16:15:00,35.2666666666667,45.958076,13.51241,Capriva
210,20,T0,Temperatura 0,,°C,2026-06-21 16:15:00,31.2,45.958076,13.51241,Capriva
210,21,T-10,Temperatura -10,,°C,2026-06-21 16:15:00,29.7333333333333,45.958076,13.51241,Capriva
210,30,P,Pluviometro,,mm,2026-06-21 16:15:00,0.0,45.958076,13.51241,Capriva
210,32,DvVett,Direzione vento vettoriale,,°N,2026-06-21 16:15:00,274.466666666667,45.958076,13.51241,Capriva
210,33,VvVett,Velocità vento vettoriale,,m/s,2026-06-21 16:15:00,1.48666666666667,45.958076,13.51241,Capriva
210,36,Dv2vett,Direzione vento 2 metri vett,,°N,2026-06-21 16:15:00,274.066666666667,45.958076,13.51241,Capriva
210,37,Vv2vett,Velocità vento 2 metri vett,,m/s,2026-06-21 16:15:00,0.42,45.958076,13.51241,Capriva
210,52,Prec_5_min,Precipitazione 5 min,,mm,2026-06-21 16:15:00,0.0,45.958076,13.51241,Capriva
210,81,MISxG,Misure xG,,sts,2026-06-21 16:15:00,1.0,45.958076,13.51241,Capriva
211,85,P_1h,Pioggia oraria,,mm,2026-06-21 16:00:00,0.0,45.849444,13.337006,Cervignano
211,143,STSpluv (RAW),Stato Pluv (RAW),,sts,2026-06-21 16:00:00,0.0,45.849444,13.337006,Cervignano
211,1,RR,RR,,mm,2026-06-21 16:15:00,0.0,45.849444,13.337006,Cervignano
211,2,T,Temperatura aria,,°C,2026-06-21 16:15:00,35.22,45.849444,13.337006,Cervignano
211,3,U,Igrometro,,%,2026-06-21 16:15:00,40.0066666666667,45.849444,13.337006,Cervignano
211,4,BF,Bagnatura fogliare,,min,2026-06-21 16:15:00,0.0,45.849444,13.337006,Cervignano
211,5,Dv,Direzione vento,,°N,2026-06-21 16:15:00,288.8,45.849444,13.337006,Cervignano
211,6,Vv,Velocità vento,,m/s,2026-06-21 16:15:00,2.0,45.849444,13.337006,Cervignano
211,7,VvMax,Velocità vento massima,,m/s,2026-06-21 16:15:00,3.9,45.849444,13.337006,Cervignano
211,8,DvMax,Direzione vento della velocità massima,,°N,2026-06-21 16:15:00,284.8,45.849444,13.337006,Cervignano
211,13,Dv2,Direzione vento 2 metri,,°N,2026-06-21 16:15:00,288.8,45.849444,13.337006,Cervignano
211,14,Vv2,Velocità vento 2 metri,,m/s,2026-06-21 16:15:00,1.32,45.849444,13.337006,Cervignano
211,15,Vv2max,Velocità vento massima 2 metri,,m/s,2026-06-21 16:15:00,1.63333333333333,45.849444,13.337006,Cervignano
211,16,Dv2max,Direzione vento della velocità massima 2 metri,,°N,2026-06-21 16:15:00,296.6,45.849444,13.337006,Cervignano
211,17,B,Barometro,,hPa,2026-06-21 16:15:00,1019.1,45.849444,13.337006,Cervignano
211,18,RG,Radiazione globale,,W/m2,2026-06-21 16:15:00,378.786666666667,45.849444,13.337006,Cervignano
211,19,T50,Temperatura 50,,°C,2026-06-21 16:15:00,35.86,45.849444,13.337006,Cervignano
211,20,T0,Temperatura 0,,°C,2026-06-21 16:15:00,36.8866666666667,45.849444,13.337006,Cervignano
211,21,T-10,Temperatura -10,,°C,2026-06-21 16:15:00,25.3,45.849444,13.337006,Cervignano
211,30,P,Pluviometro,,mm,2026-06-21 16:15:00,0.0,45.849444,13.337006,Cervignano
211,32,DvVett,Direzione vento vettoriale,,°N,2026-06-21 16:15:00,292.866666666667,45.849444,13.337006,Cervignano
211,33,VvVett,Velocità vento vettoriale,,m/s,2026-06-21 16:15:00,1.86,45.849444,13.337006,Cervignano
211,36,Dv2vett,Direzione vento 2 metri vett,,°N,2026-06-21 16:15:00,293.266666666667,45.849444,13.337006,Cervignano
211,37,Vv2vett,Velocità vento 2 metri vett,,m/s,2026-06-21 16:15:00,1.21333333333333,45.849444,13.337006,Cervignano
211,52,Prec_5_min,Precipitazione 5 min,,mm,2026-06-21 16:15:00,0.0,45.849444,13.337006,Cervignano
211,53,Prec_60_min,Precipitazione 60 min,,mm,2026-06-21 16:15:00,0.0,45.849444,13.337006,Cervignano
211,54,Prec_3_ore,Precipitazione 3 ore,,mm,2026-06-21 16:15:00,0.0,45.849444,13.337006,Cervignano
211,55,Prec_6_ore,Precipitazione 6 ore,,mm,2026-06-21 16:15:00,0.0,45.849444,13.337006,Cervignano
211,56,Prec_12_ore,Precipitazione 12 ore,,mm,2026-06-21 16:15:00,0.0,45.849444,13.337006,Cervignano
211,57,Prec_24_ore,Precipitazione 24 ore,,mm,2026-06-21 16:15:00,0.0,45.849444,13.337006,Cervignano
211,58,Prec_48_ore,Precipitazione 48 ore,,mm,2026-06-21 16:15:00,0.0,45.849444,13.337006,Cervignano
211,81,MISxG,Misure xG,,sts,2026-06-21 16:15:00,1.0,45.849444,13.337006,Cervignano
211,48,CAR,Corrente di carica,,mA,2026-06-21 16:15:00,348.0,45.849444,13.337006,Cervignano
211,49,SCAR,Corrente di scarica,,mA,2026-06-21 16:15:00,136.0,45.849444,13.337006,Cervignano
212,85,P_1h,Pioggia oraria,,mm,2026-06-21 16:00:00,0.0,45.649981,13.752239,Trieste
212,1,RR,RR,,mm,2026-06-21 16:15:00,0.0,45.649981,13.752239,Trieste
212,2,T,Temperatura aria,,°C,2026-06-21 16:15:00,29.8333333333333,45.649981,13.752239,Trieste
212,3,U,Igrometro,,%,2026-06-21 16:15:00,52.1133333333333,45.649981,13.752239,Trieste
212,5,Dv,Direzione vento,,°N,2026-06-21 16:15:00,309.2,45.649981,13.752239,Trieste
212,6,Vv,Velocità vento,,m/s,2026-06-21 16:15:00,0.76,45.649981,13.752239,Trieste
212,7,VvMax,Velocità vento massima,,m/s,2026-06-21 16:15:00,1.3,45.649981,13.752239,Trieste
212,8,DvMax,Direzione vento della velocità massima,,°N,2026-06-21 16:15:00,320.066666666667,45.649981,13.752239,Trieste
212,17,B,Barometro,,hPa,2026-06-21 16:15:00,1020.49333333333,45.649981,13.752239,Trieste
212,18,RG,Radiazione globale,,W/m2,2026-06-21 16:15:00,360.78,45.649981,13.752239,Trieste
212,22,Tm,Temperatura mare,,°C,2026-06-21 16:15:00,25.96,45.649981,13.752239,Trieste
212,30,P,Pluviometro,,mm,2026-06-21 16:15:00,0.0,45.649981,13.752239,Trieste
212,32,DvVett,Direzione vento vettoriale,,°N,2026-06-21 16:15:00,310.866666666667,45.649981,13.752239,Trieste
212,33,VvVett,Velocità vento vettoriale,,m/s,2026-06-21 16:15:00,0.74,45.649981,13.752239,Trieste
212,48,CAR,Corrente di carica,,mA,2026-06-21 16:15:00,0.0,45.649981,13.752239,Trieste
212,49,SCAR,Corrente di scarica,,mA,2026-06-21 16:15:00,108.8,45.649981,13.752239,Trieste
212,52,Prec_5_min,Precipitazione 5 min,,mm,2026-06-21 16:15:00,0.0,45.649981,13.752239,Trieste
212,53,Prec_60_min,Precipitazione 60 min,,mm,2026-06-21 16:15:00,0.0,45.649981,13.752239,Trieste
212,54,Prec_3_ore,Precipitazione 3 ore,,mm,2026-06-21 16:15:00,0.0,45.649981,13.752239,Trieste
212,55,Prec_6_ore,Precipitazione 6 ore,,mm,2026-06-21 16:15:00,0.0,45.649981,13.752239,Trieste
212,56,Prec_12_ore,Precipitazione 12 ore,,mm,2026-06-21 16:15:00,0.0,45.649981,13.752239,Trieste
212,57,Prec_24_ore,Precipitazione 24 ore,,mm,2026-06-21 16:15:00,0.0,45.649981,13.752239,Trieste
212,58,Prec_48_ore,Precipitazione 48 ore,,mm,2026-06-21 16:15:00,0.0,45.649981,13.752239,Trieste
212,81,MISxG,Misure xG,,sts,2026-06-21 16:15:00,1.0,45.649981,13.752239,Trieste
212,140,Vvmax1s,Velocità vento massima su 1s,,m/s,2026-06-21 16:15:00,0.986666666666667,45.649981,13.752239,Trieste
212,141,DvMax1s,Direzione vento della velocità massima su 1s,,°N,2026-06-21 16:15:00,320.0,45.649981,13.752239,Trieste
213,2,T,Temperatura aria,,°C,2026-06-21 16:15:00,33.2666666666667,45.701878,13.147102,Lignano
213,3,U,Igrometro,,%,2026-06-21 16:15:00,47.4533333333333,45.701878,13.147102,Lignano
213,5,Dv,Direzione vento,,°N,2026-06-21 16:15:00,231.8,45.701878,13.147102,Lignano
213,6,Vv,Velocità vento,,m/s,2026-06-21 16:15:00,4.30666666666667,45.701878,13.147102,Lignano
213,7,VvMax,Velocità vento massima,,m/s,2026-06-21 16:15:00,5.5,45.701878,13.147102,Lignano
213,8,DvMax,Direzione vento della velocità massima,,°N,2026-06-21 16:15:00,232.666666666667,45.701878,13.147102,Lignano
213,17,B,Barometro,,hPa,2026-06-21 16:15:00,1019.80666666667,45.701878,13.147102,Lignano
213,32,DvVett,Direzione vento vettoriale,,°N,2026-06-21 16:15:00,231.866666666667,45.701878,13.147102,Lignano
213,33,VvVett,Velocità vento vettoriale,,m/s,2026-06-21 16:15:00,4.29333333333333,45.701878,13.147102,Lignano
213,81,MISxG,Misure xG,,sts,2026-06-21 16:15:00,1.0,45.701878,13.147102,Lignano
214,2,T,Temperatura aria,,°C,2026-06-21 16:15:00,19.6333333333333,46.502413,12.926352,Monte Zoncolan
214,3,U,Igrometro,,%,2026-06-21 16:15:00,64.3666666666667,46.502413,12.926352,Monte Zoncolan
214,5,Dv,Direzione vento,,°N,2026-06-21 16:15:00,222.4,46.502413,12.926352,Monte Zoncolan
214,6,Vv,Velocità vento,,m/s,2026-06-21 16:15:00,2.84,46.502413,12.926352,Monte Zoncolan
214,7,VvMax,Velocità vento massima,,m/s,2026-06-21 16:15:00,5.9,46.502413,12.926352,Monte Zoncolan
214,8,DvMax,Direzione vento della velocità massima,,°N,2026-06-21 16:15:00,220.466666666667,46.502413,12.926352,Monte Zoncolan
214,17,B,Barometro,,hPa,2026-06-21 16:15:00,833.673333333333,46.502413,12.926352,Monte Zoncolan
214,18,RG,Radiazione globale,,W/m2,2026-06-21 16:15:00,50.5466666666667,46.502413,12.926352,Monte Zoncolan
214,32,DvVett,Direzione vento vettoriale,,°N,2026-06-21 16:15:00,224.133333333333,46.502413,12.926352,Monte Zoncolan
214,33,VvVett,Velocità vento vettoriale,,m/s,2026-06-21 16:15:00,2.78,46.502413,12.926352,Monte Zoncolan
214,81,MISxG,Misure xG,,sts,2026-06-21 16:15:00,1.0,46.502413,12.926352,Monte Zoncolan
215,85,P_1h,Pioggia oraria,,mm,2026-06-21 16:00:00,0.0,46.04425,13.302889,Pradamano
215,1,RR,RR,,mm,2026-06-21 16:15:00,0.0,46.04425,13.302889,Pradamano
215,2,T,Temperatura aria,,°C,2026-06-21 16:15:00,34.6533333333333,46.04425,13.302889,Pradamano
215,3,U,Igrometro,,%,2026-06-21 16:15:00,38.06,46.04425,13.302889,Pradamano
215,4,BF,Bagnatura fogliare,,min,2026-06-21 16:15:00,0.0,46.04425,13.302889,Pradamano
215,30,P,Pluviometro,,mm,2026-06-21 16:15:00,0.0,46.04425,13.302889,Pradamano
215,52,Prec_5_min,Precipitazione 5 min,,mm,2026-06-21 16:15:00,0.0,46.04425,13.302889,Pradamano
215,53,Prec_60_min,Precipitazione 60 min,,mm,2026-06-21 16:15:00,0.0,46.04425,13.302889,Pradamano
215,54,Prec_3_ore,Precipitazione 3 ore,,mm,2026-06-21 16:15:00,0.0,46.04425,13.302889,Pradamano
215,55,Prec_6_ore,Precipitazione 6 ore,,mm,2026-06-21 16:15:00,0.0,46.04425,13.302889,Pradamano
215,56,Prec_12_ore,Precipitazione 12 ore,,mm,2026-06-21 16:15:00,0.0,46.04425,13.302889,Pradamano
215,57,Prec_24_ore,Precipitazione 24 ore,,mm,2026-06-21 16:15:00,0.0,46.04425,13.302889,Pradamano
215,58,Prec_48_ore,Precipitazione 48 ore,,mm,2026-06-21 16:15:00,0.0,46.04425,13.302889,Pradamano
215,81,MISxG,Misure xG,,sts,2026-06-21 16:15:00,1.0,46.04425,13.302889,Pradamano
215,5,Dv,Direzione vento,,°N,2026-06-21 16:15:00,273.0,46.04425,13.302889,Pradamano
215,6,Vv,Velocità vento,,m/s,2026-06-21 16:15:00,2.72,46.04425,13.302889,Pradamano
215,7,VvMax,Velocità vento massima,,m/s,2026-06-21 16:15:00,4.8,46.04425,13.302889,Pradamano
215,8,DvMax,Direzione vento della velocità massima,,°N,2026-06-21 16:15:00,267.8,46.04425,13.302889,Pradamano
215,32,DvVett,Direzione vento vettoriale,,°N,2026-06-21 16:15:00,267.6,46.04425,13.302889,Pradamano
215,33,VvVett,Velocità vento vettoriale,,m/s,2026-06-21 16:15:00,2.60666666666667,46.04425,13.302889,Pradamano
216,85,P_1h,Pioggia oraria,,mm,2026-06-21 16:00:00,0.0,45.981902,13.272524,Lauzacco
216,1,RR,RR,,mm,2026-06-21 16:15:00,0.0,45.981902,13.272524,Lauzacco
216,2,T,Temperatura aria,,°C,2026-06-21 16:15:00,34.6,45.981902,13.272524,Lauzacco
216,3,U,Igrometro,,%,2026-06-21 16:15:00,41.7533333333333,45.981902,13.272524,Lauzacco
216,4,BF,Bagnatura fogliare,,min,2026-06-21 16:15:00,0.0,45.981902,13.272524,Lauzacco
216,30,P,Pluviometro,,mm,2026-06-21 16:15:00,0.0,45.981902,13.272524,Lauzacco
216,52,Prec_5_min,Precipitazione 5 min,,mm,2026-06-21 16:15:00,0.0,45.981902,13.272524,Lauzacco
216,53,Prec_60_min,Precipitazione 60 min,,mm,2026-06-21 16:15:00,0.0,45.981902,13.272524,Lauzacco
216,54,Prec_3_ore,Precipitazione 3 ore,,mm,2026-06-21 16:15:00,0.0,45.981902,13.272524,Lauzacco
216,55,Prec_6_ore,Precipitazione 6 ore,,mm,2026-06-21 16:15:00,0.0,45.981902,13.272524,Lauzacco
216,56,Prec_12_ore,Precipitazione 12 ore,,mm,2026-06-21 16:15:00,0.0,45.981902,13.272524,Lauzacco
216,57,Prec_24_ore,Precipitazione 24 ore,,mm,2026-06-21 16:15:00,0.0,45.981902,13.272524,Lauzacco
216,58,Prec_48_ore,Precipitazione 48 ore,,mm,2026-06-21 16:15:00,0.0,45.981902,13.272524,Lauzacco
216,5,Dv,Direzione vento,,°N,2026-06-21 16:15:00,254.333333333333,45.981902,13.272524,Lauzacco
216,6,Vv,Velocità vento,,m/s,2026-06-21 16:15:00,2.3,45.981902,13.272524,Lauzacco
216,7,VvMax,Velocità vento massima,,m/s,2026-06-21 16:15:00,3.9,45.981902,13.272524,Lauzacco
216,8,DvMax,Direzione vento della velocità massima,,°N,2026-06-21 16:15:00,241.666666666667,45.981902,13.272524,Lauzacco
216,32,DvVett,Direzione vento vettoriale,,°N,2026-06-21 16:15:00,250.933333333333,45.981902,13.272524,Lauzacco
216,33,VvVett,Velocità vento vettoriale,,m/s,2026-06-21 16:15:00,2.05333333333333,45.981902,13.272524,Lauzacco
216,48,CAR,Corrente di carica,,mA,2026-06-21 16:15:00,28.0,45.981902,13.272524,Lauzacco
216,49,SCAR,Corrente di scarica,,mA,2026-06-21 16:15:00,49.0,45.981902,13.272524,Lauzacco
216,143,STSpluv (RAW),Stato Pluv (RAW),,sts,2026-06-21 16:15:00,0.0,45.981902,13.272524,Lauzacco
217,85,P_1h,Pioggia oraria,,mm,2026-06-21 16:00:00,0.0,45.928831,13.240113,Bicinicco
217,1,RR,RR,,mm,2026-06-21 16:15:00,0.0,45.928831,13.240113,Bicinicco
217,2,T,Temperatura aria,,°C,2026-06-21 16:15:00,34.7133333333333,45.928831,13.240113,Bicinicco
217,3,U,Igrometro,,%,2026-06-21 16:15:00,41.6533333333333,45.928831,13.240113,Bicinicco
217,4,BF,Bagnatura fogliare,,min,2026-06-21 16:15:00,0.0,45.928831,13.240113,Bicinicco
217,30,P,Pluviometro,,mm,2026-06-21 16:15:00,0.0,45.928831,13.240113,Bicinicco
217,52,Prec_5_min,Precipitazione 5 min,,mm,2026-06-21 16:15:00,0.0,45.928831,13.240113,Bicinicco
217,53,Prec_60_min,Precipitazione 60 min,,mm,2026-06-21 16:15:00,0.0,45.928831,13.240113,Bicinicco
217,54,Prec_3_ore,Precipitazione 3 ore,,mm,2026-06-21 16:15:00,0.0,45.928831,13.240113,Bicinicco
217,55,Prec_6_ore,Precipitazione 6 ore,,mm,2026-06-21 16:15:00,0.0,45.928831,13.240113,Bicinicco
217,56,Prec_12_ore,Precipitazione 12 ore,,mm,2026-06-21 16:15:00,0.0,45.928831,13.240113,Bicinicco
217,57,Prec_24_ore,Precipitazione 24 ore,,mm,2026-06-21 16:15:00,0.0,45.928831,13.240113,Bicinicco
217,58,Prec_48_ore,Precipitazione 48 ore,,mm,2026-06-21 16:15:00,0.0,45.928831,13.240113,Bicinicco
217,48,CAR,Corrente di carica,,mA,2026-06-21 16:15:00,208.0,45.928831,13.240113,Bicinicco
217,49,SCAR,Corrente di scarica,,mA,2026-06-21 16:15:00,37.0,45.928831,13.240113,Bicinicco
217,143,STSpluv (RAW),Stato Pluv (RAW),,sts,2026-06-21 16:15:00,0.0,45.928831,13.240113,Bicinicco
218,85,P_1h,Pioggia oraria,,mm,2026-06-21 16:00:00,0.0,45.736014,13.021434,Gorgo
218,1,RR,RR,,mm,2026-06-21 16:15:00,0.0,45.736014,13.021434,Gorgo
218,2,T,Temperatura aria,,°C,2026-06-21 16:15:00,34.0666666666667,45.736014,13.021434,Gorgo
218,3,U,Igrometro,,%,2026-06-21 16:15:00,45.3133333333333,45.736014,13.021434,Gorgo
218,4,BF,Bagnatura fogliare,,min,2026-06-21 16:15:00,0.0,45.736014,13.021434,Gorgo
218,18,RG,Radiazione globale,,W/m2,2026-06-21 16:15:00,393.353333333333,45.736014,13.021434,Gorgo
218,30,P,Pluviometro,,mm,2026-06-21 16:15:00,0.0,45.736014,13.021434,Gorgo
218,52,Prec_5_min,Precipitazione 5 min,,mm,2026-06-21 16:15:00,0.0,45.736014,13.021434,Gorgo
218,53,Prec_60_min,Precipitazione 60 min,,mm,2026-06-21 16:15:00,0.0,45.736014,13.021434,Gorgo
218,54,Prec_3_ore,Precipitazione 3 ore,,mm,2026-06-21 16:15:00,0.0,45.736014,13.021434,Gorgo
218,55,Prec_6_ore,Precipitazione 6 ore,,mm,2026-06-21 16:15:00,0.0,45.736014,13.021434,Gorgo
218,56,Prec_12_ore,Precipitazione 12 ore,,mm,2026-06-21 16:15:00,0.0,45.736014,13.021434,Gorgo
218,57,Prec_24_ore,Precipitazione 24 ore,,mm,2026-06-21 16:15:00,0.0,45.736014,13.021434,Gorgo
218,58,Prec_48_ore,Precipitazione 48 ore,,mm,2026-06-21 16:15:00,0.0,45.736014,13.021434,Gorgo
218,5,Dv,Direzione vento,,°N,2026-06-21 16:15:00,222.666666666667,45.736014,13.021434,Gorgo
218,6,Vv,Velocità vento,,m/s,2026-06-21 16:15:00,2.32,45.736014,13.021434,Gorgo
218,7,VvMax,Velocità vento massima,,m/s,2026-06-21 16:15:00,3.6,45.736014,13.021434,Gorgo
218,8,DvMax,Direzione vento della velocità massima,,°N,2026-06-21 16:15:00,221.6,45.736014,13.021434,Gorgo
218,32,DvVett,Direzione vento vettoriale,,°N,2026-06-21 16:15:00,228.2,45.736014,13.021434,Gorgo
218,33,VvVett,Velocità vento vettoriale,,m/s,2026-06-21 16:15:00,2.17333333333333,45.736014,13.021434,Gorgo
218,48,CAR,Corrente di carica,,mA,2026-06-21 16:15:00,276.0,45.736014,13.021434,Gorgo
218,49,SCAR,Corrente di scarica,,mA,2026-06-21 16:15:00,65.0,45.736014,13.021434,Gorgo
218,143,STSpluv (RAW),Stato Pluv (RAW),,sts,2026-06-21 16:15:00,0.0,45.736014,13.021434,Gorgo
219,85,P_1h,Pioggia oraria,,mm,2026-06-21 16:00:00,0.0,46.437058,13.567822,Cave del Predil
219,1,RR,RR,,mm,2026-06-21 16:15:00,0.0,46.437058,13.567822,Cave del Predil
219,2,T,Temperatura aria,,°C,2026-06-21 16:15:00,27.38,46.437058,13.567822,Cave del Predil
219,3,U,Igrometro,,%,2026-06-21 16:15:00,51.6266666666667,46.437058,13.567822,Cave del Predil
219,17,B,Barometro,,hPa,2026-06-21 16:15:00,920.06,46.437058,13.567822,Cave del Predil
219,23,NIVO,Nivometro,,cm,2026-06-21 16:15:00,0.0,46.437058,13.567822,Cave del Predil
219,30,P,Pluviometro,,mm,2026-06-21 16:15:00,0.0,46.437058,13.567822,Cave del Predil
219,52,Prec_5_min,Precipitazione 5 min,,mm,2026-06-21 16:15:00,0.0,46.437058,13.567822,Cave del Predil
219,53,Prec_60_min,Precipitazione 60 min,,mm,2026-06-21 16:15:00,0.0,46.437058,13.567822,Cave del Predil
219,54,Prec_3_ore,Precipitazione 3 ore,,mm,2026-06-21 16:15:00,0.0,46.437058,13.567822,Cave del Predil
219,55,Prec_6_ore,Precipitazione 6 ore,,mm,2026-06-21 16:15:00,0.0,46.437058,13.567822,Cave del Predil
219,56,Prec_12_ore,Precipitazione 12 ore,,mm,2026-06-21 16:15:00,0.0,46.437058,13.567822,Cave del Predil
219,57,Prec_24_ore,Precipitazione 24 ore,,mm,2026-06-21 16:15:00,3.73333333333333,46.437058,13.567822,Cave del Predil
219,58,Prec_48_ore,Precipitazione 48 ore,,mm,2026-06-21 16:15:00,3.8,46.437058,13.567822,Cave del Predil
219,81,MISxG,Misure xG,,sts,2026-06-21 16:15:00,1.0,46.437058,13.567822,Cave del Predil
221,85,P_1h,Pioggia oraria,,mm,2026-06-21 16:00:00,0.0,46.312676,13.274721,Musi
221,1,RR,RR,,mm,2026-06-21 16:15:00,0.0,46.312676,13.274721,Musi
221,2,T,Temperatura aria,,°C,2026-06-21 16:15:00,28.3133333333333,46.312676,13.274721,Musi
221,3,U,Igrometro,,%,2026-06-21 16:15:00,53.86,46.312676,13.274721,Musi
221,18,RG,Radiazione globale,,W/m2,2026-06-21 16:15:00,92.9533333333333,46.312676,13.274721,Musi
221,30,P,Pluviometro,,mm,2026-06-21 16:15:00,0.0,46.312676,13.274721,Musi
221,52,Prec_5_min,Precipitazione 5 min,,mm,2026-06-21 16:15:00,0.0,46.312676,13.274721,Musi
221,53,Prec_60_min,Precipitazione 60 min,,mm,2026-06-21 16:15:00,0.0,46.312676,13.274721,Musi
221,54,Prec_3_ore,Precipitazione 3 ore,,mm,2026-06-21 16:15:00,0.0,46.312676,13.274721,Musi
221,55,Prec_6_ore,Precipitazione 6 ore,,mm,2026-06-21 16:15:00,0.0,46.312676,13.274721,Musi
221,56,Prec_12_ore,Precipitazione 12 ore,,mm,2026-06-21 16:15:00,0.0,46.312676,13.274721,Musi
221,57,Prec_24_ore,Precipitazione 24 ore,,mm,2026-06-21 16:15:00,7.4,46.312676,13.274721,Musi
221,58,Prec_48_ore,Precipitazione 48 ore,,mm,2026-06-21 16:15:00,7.4,46.312676,13.274721,Musi
221,130,U_2,Igrometro_Test,,%,2026-06-21 16:15:00,51.48,46.312676,13.274721,Musi
221,48,CAR,Corrente di carica,,mA,2026-06-21 16:15:00,4.73333333333333,46.312676,13.274721,Musi
221,49,SCAR,Corrente di scarica,,mA,2026-06-21 16:15:00,25.6,46.312676,13.274721,Musi
222,85,P_1h,Pioggia oraria,,mm,2026-06-21 16:00:00,0.0,46.254593,12.734103,Chievolis
222,1,RR,RR,,mm,2026-06-21 16:15:00,0.0,46.254593,12.734103,Chievolis
222,52,Prec_5_min,Precipitazione 5 min,,mm,2026-06-21 16:15:00,0.0,46.254593,12.734103,Chievolis
222,53,Prec_60_min,Precipitazione 60 min,,mm,2026-06-21 16:15:00,0.0,46.254593,12.734103,Chievolis
222,54,Prec_3_ore,Precipitazione 3 ore,,mm,2026-06-21 16:15:00,0.0,46.254593,12.734103,Chievolis
222,55,Prec_6_ore,Precipitazione 6 ore,,mm,2026-06-21 16:15:00,0.0,46.254593,12.734103,Chievolis
222,56,Prec_12_ore,Precipitazione 12 ore,,mm,2026-06-21 16:15:00,0.0,46.254593,12.734103,Chievolis
222,57,Prec_24_ore,Precipitazione 24 ore,,mm,2026-06-21 16:15:00,2.93333333333333,46.254593,12.734103,Chievolis
222,58,Prec_48_ore,Precipitazione 48 ore,,mm,2026-06-21 16:15:00,3.2,46.254593,12.734103,Chievolis
222,2,T,Temperatura aria,,°C,2026-06-21 16:30:00,26.62,46.254593,12.734103,Chievolis
222,30,P,Pluviometro,,mm,2026-06-21 16:30:00,0.0,46.254593,12.734103,Chievolis
222,48,CAR,Corrente di carica,,mA,2026-06-21 16:30:00,0.0,46.254593,12.734103,Chievolis
222,49,SCAR,Corrente di scarica,,mA,2026-06-21 16:30:00,34.0,46.254593,12.734103,Chievolis
222,143,STSpluv (RAW),Stato Pluv (RAW),,sts,2026-06-21 16:30:00,256.0,46.254593,12.734103,Chievolis
223,85,P_1h,Pioggia oraria,,mm,2026-06-21 16:00:00,0.0,46.114254,13.486846,San Pietro al Natisone
223,1,RR,RR,,mm,2026-06-21 16:15:00,0.0,46.114254,13.486846,San Pietro al Natisone
223,2,T,Temperatura aria,,°C,2026-06-21 16:15:00,34.8266666666667,46.114254,13.486846,San Pietro al Natisone
223,3,U,Igrometro,,%,2026-06-21 16:15:00,44.9666666666667,46.114254,13.486846,San Pietro al Natisone
223,5,Dv,Direzione vento,,°N,2026-06-21 16:15:00,279.733333333333,46.114254,13.486846,San Pietro al Natisone
223,6,Vv,Velocità vento,,m/s,2026-06-21 16:15:00,1.51333333333333,46.114254,13.486846,San Pietro al Natisone
223,7,VvMax,Velocità vento massima,,m/s,2026-06-21 16:15:00,3.7,46.114254,13.486846,San Pietro al Natisone
223,8,DvMax,Direzione vento della velocità massima,,°N,2026-06-21 16:15:00,297.866666666667,46.114254,13.486846,San Pietro al Natisone
223,17,B,Barometro,,hPa,2026-06-21 16:15:00,999.02,46.114254,13.486846,San Pietro al Natisone
223,18,RG,Radiazione globale,,W/m2,2026-06-21 16:15:00,383.386666666667,46.114254,13.486846,San Pietro al Natisone
223,30,P,Pluviometro,,mm,2026-06-21 16:15:00,0.0,46.114254,13.486846,San Pietro al Natisone
223,32,DvVett,Direzione vento vettoriale,,°N,2026-06-21 16:15:00,279.4,46.114254,13.486846,San Pietro al Natisone
223,33,VvVett,Velocità vento vettoriale,,m/s,2026-06-21 16:15:00,1.43333333333333,46.114254,13.486846,San Pietro al Natisone
223,52,Prec_5_min,Precipitazione 5 min,,mm,2026-06-21 16:15:00,0.0,46.114254,13.486846,San Pietro al Natisone
223,53,Prec_60_min,Precipitazione 60 min,,mm,2026-06-21 16:15:00,0.0,46.114254,13.486846,San Pietro al Natisone
223,54,Prec_3_ore,Precipitazione 3 ore,,mm,2026-06-21 16:15:00,0.0,46.114254,13.486846,San Pietro al Natisone
223,55,Prec_6_ore,Precipitazione 6 ore,,mm,2026-06-21 16:15:00,0.0,46.114254,13.486846,San Pietro al Natisone
223,56,Prec_12_ore,Precipitazione 12 ore,,mm,2026-06-21 16:15:00,0.0,46.114254,13.486846,San Pietro al Natisone
223,57,Prec_24_ore,Precipitazione 24 ore,,mm,2026-06-21 16:15:00,0.0,46.114254,13.486846,San Pietro al Natisone
223,58,Prec_48_ore,Precipitazione 48 ore,,mm,2026-06-21 16:15:00,0.0,46.114254,13.486846,San Pietro al Natisone
223,48,CAR,Corrente di carica,,mA,2026-06-21 16:15:00,0.0,46.114254,13.486846,San Pietro al Natisone
223,49,SCAR,Corrente di scarica,,mA,2026-06-21 16:15:00,54.0,46.114254,13.486846,San Pietro al Natisone
223,143,STSpluv (RAW),Stato Pluv (RAW),,sts,2026-06-21 16:15:00,0.0,46.114254,13.486846,San Pietro al Natisone
224,85,P_1h,Pioggia oraria,,mm,2026-06-21 16:00:00,0.0,46.009008,12.945618,Rivis
224,1,RR,RR,,mm,2026-06-21 16:15:00,0.0,46.009008,12.945618,Rivis
224,2,T,Temperatura aria,,°C,2026-06-21 16:15:00,33.98,46.009008,12.945618,Rivis
224,3,U,Igrometro,,%,2026-06-21 16:15:00,43.6,46.009008,12.945618,Rivis
224,4,BF,Bagnatura fogliare,,min,2026-06-21 16:15:00,0.0,46.009008,12.945618,Rivis
224,30,P,Pluviometro,,mm,2026-06-21 16:15:00,0.0,46.009008,12.945618,Rivis
224,52,Prec_5_min,Precipitazione 5 min,,mm,2026-06-21 16:15:00,0.0,46.009008,12.945618,Rivis
224,53,Prec_60_min,Precipitazione 60 min,,mm,2026-06-21 16:15:00,0.0,46.009008,12.945618,Rivis
224,54,Prec_3_ore,Precipitazione 3 ore,,mm,2026-06-21 16:15:00,0.0,46.009008,12.945618,Rivis
224,55,Prec_6_ore,Precipitazione 6 ore,,mm,2026-06-21 16:15:00,0.0,46.009008,12.945618,Rivis
224,56,Prec_12_ore,Precipitazione 12 ore,,mm,2026-06-21 16:15:00,0.0,46.009008,12.945618,Rivis
224,57,Prec_24_ore,Precipitazione 24 ore,,mm,2026-06-21 16:15:00,0.0,46.009008,12.945618,Rivis
224,58,Prec_48_ore,Precipitazione 48 ore,,mm,2026-06-21 16:15:00,0.0,46.009008,12.945618,Rivis
224,48,CAR,Corrente di carica,,mA,2026-06-21 16:15:00,32.0,46.009008,12.945618,Rivis
224,49,SCAR,Corrente di scarica,,mA,2026-06-21 16:15:00,30.0,46.009008,12.945618,Rivis
224,143,STSpluv (RAW),Stato Pluv (RAW),,sts,2026-06-21 16:15:00,0.0,46.009008,12.945618,Rivis
225,85,P_1h,Pioggia oraria,,mm,2026-06-21 16:00:00,0.0,45.919409,12.937408,Camino
225,1,RR,RR,,mm,2026-06-21 16:15:00,0.0,45.919409,12.937408,Camino
225,2,T,Temperatura aria,,°C,2026-06-21 16:15:00,34.2533333333333,45.919409,12.937408,Camino
225,3,U,Igrometro,,%,2026-06-21 16:15:00,42.8333333333333,45.919409,12.937408,Camino
225,4,BF,Bagnatura fogliare,,min,2026-06-21 16:15:00,0.0,45.919409,12.937408,Camino
225,30,P,Pluviometro,,mm,2026-06-21 16:15:00,0.0,45.919409,12.937408,Camino
225,52,Prec_5_min,Precipitazione 5 min,,mm,2026-06-21 16:15:00,0.0,45.919409,12.937408,Camino
225,53,Prec_60_min,Precipitazione 60 min,,mm,2026-06-21 16:15:00,0.0,45.919409,12.937408,Camino
225,54,Prec_3_ore,Precipitazione 3 ore,,mm,2026-06-21 16:15:00,0.0,45.919409,12.937408,Camino
225,55,Prec_6_ore,Precipitazione 6 ore,,mm,2026-06-21 16:15:00,0.0,45.919409,12.937408,Camino
225,56,Prec_12_ore,Precipitazione 12 ore,,mm,2026-06-21 16:15:00,0.0,45.919409,12.937408,Camino
225,57,Prec_24_ore,Precipitazione 24 ore,,mm,2026-06-21 16:15:00,0.0,45.919409,12.937408,Camino
225,58,Prec_48_ore,Precipitazione 48 ore,,mm,2026-06-21 16:15:00,0.0,45.919409,12.937408,Camino
225,48,CAR,Corrente di carica,,mA,2026-06-21 16:15:00,1.0,45.919409,12.937408,Camino
225,49,SCAR,Corrente di scarica,,mA,2026-06-21 16:15:00,35.0,45.919409,12.937408,Camino
225,143,STSpluv (RAW),Stato Pluv (RAW),,sts,2026-06-21 16:15:00,1.0,45.919409,12.937408,Camino
227,85,P_1h,Pioggia oraria,,mm,2026-06-21 16:00:00,0.0,45.97707,13.59432,Scedina San Floriano
227,1,RR,RR,,mm,2026-06-21 16:15:00,0.0,45.97707,13.59432,Scedina San Floriano
227,2,T,Temperatura aria,,°C,2026-06-21 16:15:00,33.5,45.97707,13.59432,Scedina San Floriano
227,3,U,Igrometro,,%,2026-06-21 16:15:00,41.4666666666667,45.97707,13.59432,Scedina San Floriano
227,4,BF,Bagnatura fogliare,,min,2026-06-21 16:15:00,0.0,45.97707,13.59432,Scedina San Floriano
227,30,P,Pluviometro,,mm,2026-06-21 16:15:00,0.0,45.97707,13.59432,Scedina San Floriano
227,52,Prec_5_min,Precipitazione 5 min,,mm,2026-06-21 16:15:00,0.0,45.97707,13.59432,Scedina San Floriano
227,53,Prec_60_min,Precipitazione 60 min,,mm,2026-06-21 16:15:00,0.0,45.97707,13.59432,Scedina San Floriano
227,54,Prec_3_ore,Precipitazione 3 ore,,mm,2026-06-21 16:15:00,0.0,45.97707,13.59432,Scedina San Floriano
227,55,Prec_6_ore,Precipitazione 6 ore,,mm,2026-06-21 16:15:00,0.0,45.97707,13.59432,Scedina San Floriano
227,56,Prec_12_ore,Precipitazione 12 ore,,mm,2026-06-21 16:15:00,0.0,45.97707,13.59432,Scedina San Floriano
227,57,Prec_24_ore,Precipitazione 24 ore,,mm,2026-06-21 16:15:00,0.0,45.97707,13.59432,Scedina San Floriano
227,58,Prec_48_ore,Precipitazione 48 ore,,mm,2026-06-21 16:15:00,0.0,45.97707,13.59432,Scedina San Floriano
228,85,P_1h,Pioggia oraria,,mm,2026-06-21 16:00:00,0.0,45.946762,13.565849,Fornace Lucinico
228,1,RR,RR,,mm,2026-06-21 16:15:00,0.0,45.946762,13.565849,Fornace Lucinico
228,2,T,Temperatura aria,,°C,2026-06-21 16:15:00,35.0,45.946762,13.565849,Fornace Lucinico
228,3,U,Igrometro,,%,2026-06-21 16:15:00,37.7333333333333,45.946762,13.565849,Fornace Lucinico
228,4,BF,Bagnatura fogliare,,min,2026-06-21 16:15:00,0.0,45.946762,13.565849,Fornace Lucinico
228,30,P,Pluviometro,,mm,2026-06-21 16:15:00,0.0,45.946762,13.565849,Fornace Lucinico
228,52,Prec_5_min,Precipitazione 5 min,,mm,2026-06-21 16:15:00,0.0,45.946762,13.565849,Fornace Lucinico
228,53,Prec_60_min,Precipitazione 60 min,,mm,2026-06-21 16:15:00,0.0,45.946762,13.565849,Fornace Lucinico
228,54,Prec_3_ore,Precipitazione 3 ore,,mm,2026-06-21 16:15:00,0.0,45.946762,13.565849,Fornace Lucinico
228,55,Prec_6_ore,Precipitazione 6 ore,,mm,2026-06-21 16:15:00,0.0,45.946762,13.565849,Fornace Lucinico
228,56,Prec_12_ore,Precipitazione 12 ore,,mm,2026-06-21 16:15:00,0.0,45.946762,13.565849,Fornace Lucinico
228,57,Prec_24_ore,Precipitazione 24 ore,,mm,2026-06-21 16:15:00,0.0,45.946762,13.565849,Fornace Lucinico
228,58,Prec_48_ore,Precipitazione 48 ore,,mm,2026-06-21 16:15:00,0.0,45.946762,13.565849,Fornace Lucinico
228,5,Dv,Direzione vento,,°N,2026-06-21 16:15:00,285.0,45.946762,13.565849,Fornace Lucinico
228,6,Vv,Velocità vento,,m/s,2026-06-21 16:15:00,0.566666666666667,45.946762,13.565849,Fornace Lucinico
228,7,VvMax,Velocità vento massima,,m/s,2026-06-21 16:15:00,2.0,45.946762,13.565849,Fornace Lucinico
228,8,DvMax,Direzione vento della velocità massima,,°N,2026-06-21 16:15:00,330.666666666667,45.946762,13.565849,Fornace Lucinico
228,32,DvVett,Direzione vento vettoriale,,°N,2026-06-21 16:15:00,296.666666666667,45.946762,13.565849,Fornace Lucinico
228,33,VvVett,Velocità vento vettoriale,,m/s,2026-06-21 16:15:00,0.566666666666667,45.946762,13.565849,Fornace Lucinico
228,48,CAR,Corrente di carica,,mA,2026-06-21 16:15:00,286.0,45.946762,13.565849,Fornace Lucinico
228,49,SCAR,Corrente di scarica,,mA,2026-06-21 16:15:00,71.0,45.946762,13.565849,Fornace Lucinico
228,143,STSpluv (RAW),Stato Pluv (RAW),,sts,2026-06-21 16:15:00,1.0,45.946762,13.565849,Fornace Lucinico
229,85,P_1h,Pioggia oraria,,mm,2026-06-21 16:00:00,0.0,46.219088,13.263235,Nimis Ramandolo
229,1,RR,RR,,mm,2026-06-21 16:30:00,0.0,46.219088,13.263235,Nimis Ramandolo
229,2,T,Temperatura aria,,°C,2026-06-21 16:30:00,32.6666666666667,46.219088,13.263235,Nimis Ramandolo
229,3,U,Igrometro,,%,2026-06-21 16:30:00,45.0333333333333,46.219088,13.263235,Nimis Ramandolo
229,4,BF,Bagnatura fogliare,,min,2026-06-21 16:30:00,0.0,46.219088,13.263235,Nimis Ramandolo
229,30,P,Pluviometro,,mm,2026-06-21 16:30:00,0.0,46.219088,13.263235,Nimis Ramandolo
229,52,Prec_5_min,Precipitazione 5 min,,mm,2026-06-21 16:30:00,0.0,46.219088,13.263235,Nimis Ramandolo
229,53,Prec_60_min,Precipitazione 60 min,,mm,2026-06-21 16:30:00,0.0,46.219088,13.263235,Nimis Ramandolo
229,54,Prec_3_ore,Precipitazione 3 ore,,mm,2026-06-21 16:30:00,0.0,46.219088,13.263235,Nimis Ramandolo
229,55,Prec_6_ore,Precipitazione 6 ore,,mm,2026-06-21 16:30:00,0.0,46.219088,13.263235,Nimis Ramandolo
229,56,Prec_12_ore,Precipitazione 12 ore,,mm,2026-06-21 16:30:00,0.0,46.219088,13.263235,Nimis Ramandolo
229,57,Prec_24_ore,Precipitazione 24 ore,,mm,2026-06-21 16:30:00,4.8,46.219088,13.263235,Nimis Ramandolo
229,58,Prec_48_ore,Precipitazione 48 ore,,mm,2026-06-21 16:30:00,4.8,46.219088,13.263235,Nimis Ramandolo
230,85,P_1h,Pioggia oraria,,mm,2026-06-21 16:00:00,0.0,46.163634,13.27627,Savorgnano
230,1,RR,RR,,mm,2026-06-21 16:15:00,0.0,46.163634,13.27627,Savorgnano
230,2,T,Temperatura aria,,°C,2026-06-21 16:15:00,34.2,46.163634,13.27627,Savorgnano
230,3,U,Igrometro,,%,2026-06-21 16:15:00,36.2666666666667,46.163634,13.27627,Savorgnano
230,4,BF,Bagnatura fogliare,,min,2026-06-21 16:15:00,0.0,46.163634,13.27627,Savorgnano
230,18,RG,Radiazione globale,,W/m2,2026-06-21 16:15:00,410.033333333333,46.163634,13.27627,Savorgnano
230,30,P,Pluviometro,,mm,2026-06-21 16:15:00,0.0,46.163634,13.27627,Savorgnano
230,52,Prec_5_min,Precipitazione 5 min,,mm,2026-06-21 16:15:00,0.0,46.163634,13.27627,Savorgnano
230,53,Prec_60_min,Precipitazione 60 min,,mm,2026-06-21 16:15:00,0.0,46.163634,13.27627,Savorgnano
230,54,Prec_3_ore,Precipitazione 3 ore,,mm,2026-06-21 16:15:00,0.0,46.163634,13.27627,Savorgnano
230,55,Prec_6_ore,Precipitazione 6 ore,,mm,2026-06-21 16:15:00,0.0,46.163634,13.27627,Savorgnano
230,56,Prec_12_ore,Precipitazione 12 ore,,mm,2026-06-21 16:15:00,0.0,46.163634,13.27627,Savorgnano
230,57,Prec_24_ore,Precipitazione 24 ore,,mm,2026-06-21 16:15:00,0.0,46.163634,13.27627,Savorgnano
230,58,Prec_48_ore,Precipitazione 48 ore,,mm,2026-06-21 16:15:00,0.0,46.163634,13.27627,Savorgnano
230,48,CAR,Corrente di carica,,mA,2026-06-21 16:15:00,3.0,46.163634,13.27627,Savorgnano
230,49,SCAR,Corrente di scarica,,mA,2026-06-21 16:15:00,46.0,46.163634,13.27627,Savorgnano
230,143,STSpluv (RAW),Stato Pluv (RAW),,sts,2026-06-21 16:15:00,0.0,46.163634,13.27627,Savorgnano
231,85,P_1h,Pioggia oraria,,mm,2026-06-21 16:00:00,0.0,46.033379,13.442843,Spessa di Cividale
231,1,RR,RR,,mm,2026-06-21 16:30:00,0.0,46.033379,13.442843,Spessa di Cividale
231,2,T,Temperatura aria,,°C,2026-06-21 16:30:00,34.1666666666667,46.033379,13.442843,Spessa di Cividale
231,3,U,Igrometro,,%,2026-06-21 16:30:00,39.9,46.033379,13.442843,Spessa di Cividale
231,4,BF,Bagnatura fogliare,,min,2026-06-21 16:30:00,0.0,46.033379,13.442843,Spessa di Cividale
231,30,P,Pluviometro,,mm,2026-06-21 16:30:00,0.0,46.033379,13.442843,Spessa di Cividale
231,52,Prec_5_min,Precipitazione 5 min,,mm,2026-06-21 16:30:00,0.0,46.033379,13.442843,Spessa di Cividale
231,53,Prec_60_min,Precipitazione 60 min,,mm,2026-06-21 16:30:00,0.0,46.033379,13.442843,Spessa di Cividale
231,54,Prec_3_ore,Precipitazione 3 ore,,mm,2026-06-21 16:30:00,0.0,46.033379,13.442843,Spessa di Cividale
231,55,Prec_6_ore,Precipitazione 6 ore,,mm,2026-06-21 16:30:00,0.0,46.033379,13.442843,Spessa di Cividale
231,56,Prec_12_ore,Precipitazione 12 ore,,mm,2026-06-21 16:30:00,0.0,46.033379,13.442843,Spessa di Cividale
231,57,Prec_24_ore,Precipitazione 24 ore,,mm,2026-06-21 16:30:00,0.0,46.033379,13.442843,Spessa di Cividale
231,58,Prec_48_ore,Precipitazione 48 ore,,mm,2026-06-21 16:30:00,0.0,46.033379,13.442843,Spessa di Cividale
231,48,CAR,Corrente di carica,,mA,2026-06-21 16:30:00,94.0,46.033379,13.442843,Spessa di Cividale
231,49,SCAR,Corrente di scarica,,mA,2026-06-21 16:30:00,40.0,46.033379,13.442843,Spessa di Cividale
231,143,STSpluv (RAW),Stato Pluv (RAW),,sts,2026-06-21 16:30:00,1.0,46.033379,13.442843,Spessa di Cividale
232,85,P_1h,Pioggia oraria,,mm,2026-06-21 16:00:00,1.6,45.906572,13.453118,Mariano del Friuli
232,1,RR,RR,,mm,2026-06-21 16:15:00,0.6,45.906572,13.453118,Mariano del Friuli
232,2,T,Temperatura aria,,°C,2026-06-21 16:30:00,35.1,45.906572,13.453118,Mariano del Friuli
232,3,U,Igrometro,,%,2026-06-21 16:30:00,36.9666666666667,45.906572,13.453118,Mariano del Friuli
232,4,BF,Bagnatura fogliare,,min,2026-06-21 16:30:00,4.26666666666667,45.906572,13.453118,Mariano del Friuli
232,30,P,Pluviometro,,mm,2026-06-21 16:30:00,0.399999999999977,45.906572,13.453118,Mariano del Friuli
232,52,Prec_5_min,Precipitazione 5 min,,mm,2026-06-21 16:30:00,0.173333333333333,45.906572,13.453118,Mariano del Friuli
232,53,Prec_60_min,Precipitazione 60 min,,mm,2026-06-21 16:30:00,1.73333333333333,45.906572,13.453118,Mariano del Friuli
232,54,Prec_3_ore,Precipitazione 3 ore,,mm,2026-06-21 16:30:00,4.93333333333333,45.906572,13.453118,Mariano del Friuli
232,55,Prec_6_ore,Precipitazione 6 ore,,mm,2026-06-21 16:30:00,9.33333333333333,45.906572,13.453118,Mariano del Friuli
232,56,Prec_12_ore,Precipitazione 12 ore,,mm,2026-06-21 16:30:00,10.0666666666667,45.906572,13.453118,Mariano del Friuli
232,57,Prec_24_ore,Precipitazione 24 ore,,mm,2026-06-21 16:30:00,10.0666666666667,45.906572,13.453118,Mariano del Friuli
232,58,Prec_48_ore,Precipitazione 48 ore,,mm,2026-06-21 16:30:00,10.0666666666667,45.906572,13.453118,Mariano del Friuli
232,5,Dv,Direzione vento,,°N,2026-06-21 16:30:00,262.333333333333,45.906572,13.453118,Mariano del Friuli
232,6,Vv,Velocità vento,,m/s,2026-06-21 16:30:00,1.66666666666667,45.906572,13.453118,Mariano del Friuli
232,7,VvMax,Velocità vento massima,,m/s,2026-06-21 16:30:00,3.3,45.906572,13.453118,Mariano del Friuli
232,8,DvMax,Direzione vento della velocità massima,,°N,2026-06-21 16:30:00,264.333333333333,45.906572,13.453118,Mariano del Friuli
232,32,DvVett,Direzione vento vettoriale,,°N,2026-06-21 16:30:00,268.333333333333,45.906572,13.453118,Mariano del Friuli
232,33,VvVett,Velocità vento vettoriale,,m/s,2026-06-21 16:30:00,1.53333333333333,45.906572,13.453118,Mariano del Friuli
232,48,CAR,Corrente di carica,,mA,2026-06-21 16:30:00,98.0,45.906572,13.453118,Mariano del Friuli
232,49,SCAR,Corrente di scarica,,mA,2026-06-21 16:30:00,66.0,45.906572,13.453118,Mariano del Friuli
233,85,P_1h,Pioggia oraria,,mm,2026-06-21 16:00:00,0.0,45.961144,13.478387,Cormons Monte
233,1,RR,RR,,mm,2026-06-21 16:15:00,0.0,45.961144,13.478387,Cormons Monte
233,2,T,Temperatura aria,,°C,2026-06-21 16:15:00,35.1666666666667,45.961144,13.478387,Cormons Monte
233,3,U,Igrometro,,%,2026-06-21 16:15:00,37.8,45.961144,13.478387,Cormons Monte
233,4,BF,Bagnatura fogliare,,min,2026-06-21 16:15:00,0.0,45.961144,13.478387,Cormons Monte
233,18,RG,Radiazione globale,,W/m2,2026-06-21 16:15:00,358.866666666667,45.961144,13.478387,Cormons Monte
233,30,P,Pluviometro,,mm,2026-06-21 16:15:00,0.0,45.961144,13.478387,Cormons Monte
233,52,Prec_5_min,Precipitazione 5 min,,mm,2026-06-21 16:15:00,0.0,45.961144,13.478387,Cormons Monte
233,53,Prec_60_min,Precipitazione 60 min,,mm,2026-06-21 16:15:00,0.0,45.961144,13.478387,Cormons Monte
233,54,Prec_3_ore,Precipitazione 3 ore,,mm,2026-06-21 16:15:00,0.0,45.961144,13.478387,Cormons Monte
233,55,Prec_6_ore,Precipitazione 6 ore,,mm,2026-06-21 16:15:00,0.0,45.961144,13.478387,Cormons Monte
233,56,Prec_12_ore,Precipitazione 12 ore,,mm,2026-06-21 16:15:00,0.0,45.961144,13.478387,Cormons Monte
233,57,Prec_24_ore,Precipitazione 24 ore,,mm,2026-06-21 16:15:00,0.0,45.961144,13.478387,Cormons Monte
233,58,Prec_48_ore,Precipitazione 48 ore,,mm,2026-06-21 16:15:00,0.0,45.961144,13.478387,Cormons Monte
233,48,CAR,Corrente di carica,,mA,2026-06-21 16:15:00,0.0,45.961144,13.478387,Cormons Monte
233,49,SCAR,Corrente di scarica,,mA,2026-06-21 16:15:00,45.0,45.961144,13.478387,Cormons Monte
233,143,STSpluv (RAW),Stato Pluv (RAW),,sts,2026-06-21 16:15:00,0.0,45.961144,13.478387,Cormons Monte
234,85,P_1h,Pioggia oraria,,mm,2026-06-21 16:00:00,0.0,46.00439,13.35599,Buttrio
234,1,RR,RR,,mm,2026-06-21 16:15:00,0.0,46.00439,13.35599,Buttrio
234,2,T,Temperatura aria,,°C,2026-06-21 16:15:00,34.4333333333333,46.00439,13.35599,Buttrio
234,3,U,Igrometro,,%,2026-06-21 16:15:00,35.6666666666667,46.00439,13.35599,Buttrio
234,4,BF,Bagnatura fogliare,,min,2026-06-21 16:15:00,0.0,46.00439,13.35599,Buttrio
234,30,P,Pluviometro,,mm,2026-06-21 16:15:00,0.0,46.00439,13.35599,Buttrio
234,52,Prec_5_min,Precipitazione 5 min,,mm,2026-06-21 16:15:00,0.0,46.00439,13.35599,Buttrio
234,53,Prec_60_min,Precipitazione 60 min,,mm,2026-06-21 16:15:00,0.0,46.00439,13.35599,Buttrio
234,54,Prec_3_ore,Precipitazione 3 ore,,mm,2026-06-21 16:15:00,0.0,46.00439,13.35599,Buttrio
234,55,Prec_6_ore,Precipitazione 6 ore,,mm,2026-06-21 16:15:00,0.0,46.00439,13.35599,Buttrio
234,56,Prec_12_ore,Precipitazione 12 ore,,mm,2026-06-21 16:15:00,0.0,46.00439,13.35599,Buttrio
234,57,Prec_24_ore,Precipitazione 24 ore,,mm,2026-06-21 16:15:00,0.0,46.00439,13.35599,Buttrio
234,58,Prec_48_ore,Precipitazione 48 ore,,mm,2026-06-21 16:15:00,0.0,46.00439,13.35599,Buttrio
234,48,CAR,Corrente di carica,,mA,2026-06-21 16:15:00,110.0,46.00439,13.35599,Buttrio
234,49,SCAR,Corrente di scarica,,mA,2026-06-21 16:15:00,39.0,46.00439,13.35599,Buttrio
234,143,STSpluv (RAW),Stato Pluv (RAW),,sts,2026-06-21 16:15:00,1.0,46.00439,13.35599,Buttrio
235,85,P_1h,Pioggia oraria,,mm,2026-06-21 16:00:00,0.0,45.99164,13.41224,Dolegnano
235,1,RR,RR,,mm,2026-06-21 16:30:00,0.0,45.99164,13.41224,Dolegnano
235,2,T,Temperatura aria,,°C,2026-06-21 16:30:00,34.8333333333333,45.99164,13.41224,Dolegnano
235,3,U,Igrometro,,%,2026-06-21 16:30:00,35.3,45.99164,13.41224,Dolegnano
235,4,BF,Bagnatura fogliare,,min,2026-06-21 16:30:00,0.0,45.99164,13.41224,Dolegnano
235,30,P,Pluviometro,,mm,2026-06-21 16:30:00,0.0,45.99164,13.41224,Dolegnano
235,52,Prec_5_min,Precipitazione 5 min,,mm,2026-06-21 16:30:00,0.0,45.99164,13.41224,Dolegnano
235,53,Prec_60_min,Precipitazione 60 min,,mm,2026-06-21 16:30:00,0.0,45.99164,13.41224,Dolegnano
235,54,Prec_3_ore,Precipitazione 3 ore,,mm,2026-06-21 16:30:00,0.0,45.99164,13.41224,Dolegnano
235,55,Prec_6_ore,Precipitazione 6 ore,,mm,2026-06-21 16:30:00,0.0,45.99164,13.41224,Dolegnano
235,56,Prec_12_ore,Precipitazione 12 ore,,mm,2026-06-21 16:30:00,0.0,45.99164,13.41224,Dolegnano
235,57,Prec_24_ore,Precipitazione 24 ore,,mm,2026-06-21 16:30:00,0.0,45.99164,13.41224,Dolegnano
235,58,Prec_48_ore,Precipitazione 48 ore,,mm,2026-06-21 16:30:00,0.0,45.99164,13.41224,Dolegnano
235,48,CAR,Corrente di carica,,mA,2026-06-21 16:30:00,100.0,45.99164,13.41224,Dolegnano
235,49,SCAR,Corrente di scarica,,mA,2026-06-21 16:30:00,56.0,45.99164,13.41224,Dolegnano
235,143,STSpluv (RAW),Stato Pluv (RAW),,sts,2026-06-21 16:30:00,0.0,45.99164,13.41224,Dolegnano
236,85,P_1h,Pioggia oraria,,mm,2026-06-21 16:00:00,0.0,46.03814,13.42421,Premariacco Ipplis
236,1,RR,RR,,mm,2026-06-21 16:30:00,0.0,46.03814,13.42421,Premariacco Ipplis
236,2,T,Temperatura aria,,°C,2026-06-21 16:30:00,34.0666666666667,46.03814,13.42421,Premariacco Ipplis
236,3,U,Igrometro,,%,2026-06-21 16:30:00,37.5333333333333,46.03814,13.42421,Premariacco Ipplis
236,4,BF,Bagnatura fogliare,,min,2026-06-21 16:30:00,0.0,46.03814,13.42421,Premariacco Ipplis
236,30,P,Pluviometro,,mm,2026-06-21 16:30:00,0.0,46.03814,13.42421,Premariacco Ipplis
236,52,Prec_5_min,Precipitazione 5 min,,mm,2026-06-21 16:30:00,0.0,46.03814,13.42421,Premariacco Ipplis
236,53,Prec_60_min,Precipitazione 60 min,,mm,2026-06-21 16:30:00,0.0,46.03814,13.42421,Premariacco Ipplis
236,54,Prec_3_ore,Precipitazione 3 ore,,mm,2026-06-21 16:30:00,0.0,46.03814,13.42421,Premariacco Ipplis
236,55,Prec_6_ore,Precipitazione 6 ore,,mm,2026-06-21 16:30:00,0.0,46.03814,13.42421,Premariacco Ipplis
236,56,Prec_12_ore,Precipitazione 12 ore,,mm,2026-06-21 16:30:00,0.0,46.03814,13.42421,Premariacco Ipplis
236,57,Prec_24_ore,Precipitazione 24 ore,,mm,2026-06-21 16:30:00,0.0,46.03814,13.42421,Premariacco Ipplis
236,58,Prec_48_ore,Precipitazione 48 ore,,mm,2026-06-21 16:30:00,0.0,46.03814,13.42421,Premariacco Ipplis
236,48,CAR,Corrente di carica,,mA,2026-06-21 16:30:00,67.3333333333333,46.03814,13.42421,Premariacco Ipplis
236,49,SCAR,Corrente di scarica,,mA,2026-06-21 16:30:00,25.0,46.03814,13.42421,Premariacco Ipplis
236,143,STSpluv (RAW),Stato Pluv (RAW),,sts,2026-06-21 16:30:00,0.0,46.03814,13.42421,Premariacco Ipplis
237,85,P_1h,Pioggia oraria,,mm,2026-06-21 16:00:00,0.0,45.86692,13.47545,Fogliano Redipuglia
237,1,RR,RR,,mm,2026-06-21 16:15:00,0.0,45.86692,13.47545,Fogliano Redipuglia
237,2,T,Temperatura aria,,°C,2026-06-21 16:15:00,33.7333333333333,45.86692,13.47545,Fogliano Redipuglia
237,3,U,Igrometro,,%,2026-06-21 16:15:00,50.6333333333333,45.86692,13.47545,Fogliano Redipuglia
237,4,BF,Bagnatura fogliare,,min,2026-06-21 16:15:00,0.0,45.86692,13.47545,Fogliano Redipuglia
237,30,P,Pluviometro,,mm,2026-06-21 16:15:00,0.0,45.86692,13.47545,Fogliano Redipuglia
237,52,Prec_5_min,Precipitazione 5 min,,mm,2026-06-21 16:15:00,0.0,45.86692,13.47545,Fogliano Redipuglia
237,53,Prec_60_min,Precipitazione 60 min,,mm,2026-06-21 16:15:00,0.0,45.86692,13.47545,Fogliano Redipuglia
237,54,Prec_3_ore,Precipitazione 3 ore,,mm,2026-06-21 16:15:00,0.0,45.86692,13.47545,Fogliano Redipuglia
237,55,Prec_6_ore,Precipitazione 6 ore,,mm,2026-06-21 16:15:00,0.0,45.86692,13.47545,Fogliano Redipuglia
237,56,Prec_12_ore,Precipitazione 12 ore,,mm,2026-06-21 16:15:00,0.0,45.86692,13.47545,Fogliano Redipuglia
237,57,Prec_24_ore,Precipitazione 24 ore,,mm,2026-06-21 16:15:00,0.0,45.86692,13.47545,Fogliano Redipuglia
237,58,Prec_48_ore,Precipitazione 48 ore,,mm,2026-06-21 16:15:00,0.0,45.86692,13.47545,Fogliano Redipuglia
237,5,Dv,Direzione vento,,°N,2026-06-21 16:15:00,162.333333333333,45.86692,13.47545,Fogliano Redipuglia
237,6,Vv,Velocità vento,,m/s,2026-06-21 16:15:00,1.26666666666667,45.86692,13.47545,Fogliano Redipuglia
237,7,VvMax,Velocità vento massima,,m/s,2026-06-21 16:15:00,4.0,45.86692,13.47545,Fogliano Redipuglia
237,8,DvMax,Direzione vento della velocità massima,,°N,2026-06-21 16:15:00,168.666666666667,45.86692,13.47545,Fogliano Redipuglia
237,32,DvVett,Direzione vento vettoriale,,°N,2026-06-21 16:15:00,167.333333333333,45.86692,13.47545,Fogliano Redipuglia
237,33,VvVett,Velocità vento vettoriale,,m/s,2026-06-21 16:15:00,1.56666666666667,45.86692,13.47545,Fogliano Redipuglia
237,48,CAR,Corrente di carica,,mA,2026-06-21 16:15:00,110.0,45.86692,13.47545,Fogliano Redipuglia
237,49,SCAR,Corrente di scarica,,mA,2026-06-21 16:15:00,71.0,45.86692,13.47545,Fogliano Redipuglia
237,143,STSpluv (RAW),Stato Pluv (RAW),,sts,2026-06-21 16:15:00,1.0,45.86692,13.47545,Fogliano Redipuglia
238,85,P_1h,Pioggia oraria,,mm,2026-06-21 16:00:00,0.0,45.98485,12.46588,Caneva
238,1,RR,RR,,mm,2026-06-21 16:15:00,0.0,45.98485,12.46588,Caneva
238,2,T,Temperatura aria,,°C,2026-06-21 16:15:00,33.8666666666667,45.98485,12.46588,Caneva
238,3,U,Igrometro,,%,2026-06-21 16:15:00,36.8333333333333,45.98485,12.46588,Caneva
238,4,BF,Bagnatura fogliare,,min,2026-06-21 16:15:00,0.0,45.98485,12.46588,Caneva
238,30,P,Pluviometro,,mm,2026-06-21 16:15:00,0.0,45.98485,12.46588,Caneva
238,52,Prec_5_min,Precipitazione 5 min,,mm,2026-06-21 16:15:00,0.0,45.98485,12.46588,Caneva
238,53,Prec_60_min,Precipitazione 60 min,,mm,2026-06-21 16:15:00,0.0,45.98485,12.46588,Caneva
238,54,Prec_3_ore,Precipitazione 3 ore,,mm,2026-06-21 16:15:00,0.0,45.98485,12.46588,Caneva
238,55,Prec_6_ore,Precipitazione 6 ore,,mm,2026-06-21 16:15:00,0.0,45.98485,12.46588,Caneva
238,56,Prec_12_ore,Precipitazione 12 ore,,mm,2026-06-21 16:15:00,0.0,45.98485,12.46588,Caneva
238,57,Prec_24_ore,Precipitazione 24 ore,,mm,2026-06-21 16:15:00,0.0,45.98485,12.46588,Caneva
238,58,Prec_48_ore,Precipitazione 48 ore,,mm,2026-06-21 16:15:00,0.0,45.98485,12.46588,Caneva
238,48,CAR,Corrente di carica,,mA,2026-06-21 16:15:00,124.0,45.98485,12.46588,Caneva
238,49,SCAR,Corrente di scarica,,mA,2026-06-21 16:15:00,48.0,45.98485,12.46588,Caneva
238,143,STSpluv (RAW),Stato Pluv (RAW),,sts,2026-06-21 16:15:00,0.0,45.98485,12.46588,Caneva
239,24,IDRO,Idrometro,,m,2026-06-21 16:15:00,0.86,45.770261,12.996944,Latisana 2 ss14 idro
239,48,CAR,Corrente di carica,,mA,2026-06-21 16:15:00,184.0,45.770261,12.996944,Latisana 2 ss14 idro
239,49,SCAR,Corrente di scarica,,mA,2026-06-21 16:15:00,102.0,45.770261,12.996944,Latisana 2 ss14 idro
239,67,VH2O,Velocità acqua,,m/s,2026-06-21 16:15:00,0.19,45.770261,12.996944,Latisana 2 ss14 idro
239,82,RQ-30 SNR,Qualità (SNR) [Sommer RQ-30],,,2026-06-21 16:15:00,64.1,45.770261,12.996944,Latisana 2 ss14 idro
239,83,RQ-30 D_O,Direzione opposta [Sommer RQ-30],,%,2026-06-21 16:15:00,51.9,45.770261,12.996944,Latisana 2 ss14 idro
239,27,Q_1,Portata_1,,mc/s,2026-06-21 16:15:00,107.3,45.770261,12.996944,Latisana 2 ss14 idro
240,24,IDRO,Idrometro,,m,2026-06-21 16:15:00,0.34,45.772131,12.996125,Latisana 1 idro
241,24,IDRO,Idrometro,,m,2026-06-21 16:30:00,0.41,46.203754,12.514495,Cellina Prescudin idro
500,18,RG,Radiazione globale,,W/m2,2026-06-21 16:30:00,321.5,45.610448,13.752571,Muggia S+M
500,5,Dv,Direzione vento,,°N,2026-06-21 16:30:00,326.266666666667,45.610448,13.752571,Muggia S+M
500,6,Vv,Velocità vento,,m/s,2026-06-21 16:30:00,1.48666666666667,45.610448,13.752571,Muggia S+M
500,7,VvMax,Velocità vento massima,,m/s,2026-06-21 16:30:00,2.8,45.610448,13.752571,Muggia S+M
500,8,DvMax,Direzione vento della velocità massima,,°N,2026-06-21 16:30:00,329.466666666667,45.610448,13.752571,Muggia S+M
500,32,DvVett,Direzione vento vettoriale,,°N,2026-06-21 16:30:00,326.533333333333,45.610448,13.752571,Muggia S+M
500,33,VvVett,Velocità vento vettoriale,,m/s,2026-06-21 16:30:00,1.45333333333333,45.610448,13.752571,Muggia S+M
502,24,IDRO,Idrometro,,m,2026-06-21 16:30:00,1.82566666666667,45.64735,13.759398,Trieste Marea
502,86,LIV_MARE_IGM42,Livello mare IGM42,,m,2026-06-21 16:30:00,0.17,45.64735,13.759398,Trieste Marea
503,85,P_1h,Pioggia oraria,,mm,2026-06-21 16:00:00,0.0,46.118707,12.505972,Val Sughet
503,1,RR,RR,,mm,2026-06-21 16:30:00,0.0,46.118707,12.505972,Val Sughet
503,2,T,Temperatura aria,,°C,2026-06-21 16:30:00,19.5,46.118707,12.505972,Val Sughet
503,3,U,Igrometro,,%,2026-06-21 16:30:00,74.8,46.118707,12.505972,Val Sughet
503,5,Dv,Direzione vento,,°N,2026-06-21 16:30:00,319.0,46.118707,12.505972,Val Sughet
503,6,Vv,Velocità vento,,m/s,2026-06-21 16:30:00,3.5,46.118707,12.505972,Val Sughet
503,7,VvMax,Velocità vento massima,,m/s,2026-06-21 16:30:00,6.7,46.118707,12.505972,Val Sughet
503,8,DvMax,Direzione vento della velocità massima,,°N,2026-06-21 16:30:00,322.0,46.118707,12.505972,Val Sughet
503,23,NIVO,Nivometro,,cm,2026-06-21 16:30:00,16.0,46.118707,12.505972,Val Sughet
503,30,P,Pluviometro,,mm,2026-06-21 16:30:00,0.0,46.118707,12.505972,Val Sughet
503,32,DvVett,Direzione vento vettoriale,,°N,2026-06-21 16:30:00,320.0,46.118707,12.505972,Val Sughet
503,33,VvVett,Velocità vento vettoriale,,m/s,2026-06-21 16:30:00,3.3,46.118707,12.505972,Val Sughet
503,52,Prec_5_min,Precipitazione 5 min,,mm,2026-06-21 16:30:00,0.0,46.118707,12.505972,Val Sughet
503,53,Prec_60_min,Precipitazione 60 min,,mm,2026-06-21 16:30:00,0.0,46.118707,12.505972,Val Sughet
503,54,Prec_3_ore,Precipitazione 3 ore,,mm,2026-06-21 16:30:00,0.0,46.118707,12.505972,Val Sughet
503,55,Prec_6_ore,Precipitazione 6 ore,,mm,2026-06-21 16:30:00,0.0,46.118707,12.505972,Val Sughet
503,56,Prec_12_ore,Precipitazione 12 ore,,mm,2026-06-21 16:30:00,0.0,46.118707,12.505972,Val Sughet
503,57,Prec_24_ore,Precipitazione 24 ore,,mm,2026-06-21 16:30:00,1.0,46.118707,12.505972,Val Sughet
503,58,Prec_48_ore,Precipitazione 48 ore,,mm,2026-06-21 16:30:00,24.0,46.118707,12.505972,Val Sughet
504,85,P_1h,Pioggia oraria,,mm,2026-06-21 16:00:00,0.0,45.647373,13.764613,Trieste Nautico
504,1,RR,RR,,mm,2026-06-21 16:30:00,0.0,45.647373,13.764613,Trieste Nautico
504,2,T,Temperatura aria,,°C,2026-06-21 16:30:00,31.2866666666667,45.647373,13.764613,Trieste Nautico
504,3,U,Igrometro,,%,2026-06-21 16:30:00,43.5533333333333,45.647373,13.764613,Trieste Nautico
504,5,Dv,Direzione vento,,°N,2026-06-21 16:30:00,331.8,45.647373,13.764613,Trieste Nautico
504,6,Vv,Velocità vento,,m/s,2026-06-21 16:30:00,1.49333333333333,45.647373,13.764613,Trieste Nautico
504,7,VvMax,Velocità vento massima,,m/s,2026-06-21 16:30:00,2.4,45.647373,13.764613,Trieste Nautico
504,8,DvMax,Direzione vento della velocità massima,,°N,2026-06-21 16:30:00,329.133333333333,45.647373,13.764613,Trieste Nautico
504,17,B,Barometro,,hPa,2026-06-21 16:30:00,1017.5,45.647373,13.764613,Trieste Nautico
504,30,P,Pluviometro,,mm,2026-06-21 16:30:00,0.0,45.647373,13.764613,Trieste Nautico
504,32,DvVett,Direzione vento vettoriale,,°N,2026-06-21 16:30:00,331.666666666667,45.647373,13.764613,Trieste Nautico
504,33,VvVett,Velocità vento vettoriale,,m/s,2026-06-21 16:30:00,1.47333333333333,45.647373,13.764613,Trieste Nautico
504,52,Prec_5_min,Precipitazione 5 min,,mm,2026-06-21 16:30:00,0.0,45.647373,13.764613,Trieste Nautico
504,53,Prec_60_min,Precipitazione 60 min,,mm,2026-06-21 16:30:00,0.0,45.647373,13.764613,Trieste Nautico
504,54,Prec_3_ore,Precipitazione 3 ore,,mm,2026-06-21 16:30:00,0.0,45.647373,13.764613,Trieste Nautico
504,55,Prec_6_ore,Precipitazione 6 ore,,mm,2026-06-21 16:30:00,0.0,45.647373,13.764613,Trieste Nautico
504,56,Prec_12_ore,Precipitazione 12 ore,,mm,2026-06-21 16:30:00,0.0,45.647373,13.764613,Trieste Nautico
504,57,Prec_24_ore,Precipitazione 24 ore,,mm,2026-06-21 16:30:00,0.0,45.647373,13.764613,Trieste Nautico
504,58,Prec_48_ore,Precipitazione 48 ore,,mm,2026-06-21 16:30:00,0.0,45.647373,13.764613,Trieste Nautico
504,81,MISxG,Misure xG,,sts,2026-06-21 16:30:00,1.0,45.647373,13.764613,Trieste Nautico
505,85,P_1h,Pioggia oraria,,mm,2026-06-21 16:00:00,0.0,46.114924,12.524263,Piancavallo
505,1,RR,RR,,mm,2026-06-21 16:30:00,0.0,46.114924,12.524263,Piancavallo
505,2,T,Temperatura aria,,°C,2026-06-21 16:30:00,23.72,46.114924,12.524263,Piancavallo
505,3,U,Igrometro,,%,2026-06-21 16:30:00,72.9666666666667,46.114924,12.524263,Piancavallo
505,17,B,Barometro,,hPa,2026-06-21 16:30:00,881.22,46.114924,12.524263,Piancavallo
505,23,NIVO,Nivometro,,cm,2026-06-21 16:30:00,20.0,46.114924,12.524263,Piancavallo
505,30,P,Pluviometro,,mm,2026-06-21 16:30:00,0.0,46.114924,12.524263,Piancavallo
505,18,RG,Radiazione globale,,W/m2,2026-06-21 16:30:00,157.273333333333,46.114924,12.524263,Piancavallo
505,21,T-10,Temperatura -10,,°C,2026-06-21 16:30:00,17.7666666666667,46.114924,12.524263,Piancavallo
505,52,Prec_5_min,Precipitazione 5 min,,mm,2026-06-21 16:30:00,0.0,46.114924,12.524263,Piancavallo
505,53,Prec_60_min,Precipitazione 60 min,,mm,2026-06-21 16:30:00,0.0,46.114924,12.524263,Piancavallo
505,54,Prec_3_ore,Precipitazione 3 ore,,mm,2026-06-21 16:30:00,0.0,46.114924,12.524263,Piancavallo
505,55,Prec_6_ore,Precipitazione 6 ore,,mm,2026-06-21 16:30:00,0.0,46.114924,12.524263,Piancavallo
505,56,Prec_12_ore,Precipitazione 12 ore,,mm,2026-06-21 16:30:00,0.0,46.114924,12.524263,Piancavallo
505,57,Prec_24_ore,Precipitazione 24 ore,,mm,2026-06-21 16:30:00,0.6,46.114924,12.524263,Piancavallo
505,58,Prec_48_ore,Precipitazione 48 ore,,mm,2026-06-21 16:30:00,19.4,46.114924,12.524263,Piancavallo
505,5,Dv,Direzione vento,,°N,2026-06-21 16:30:00,109.333333333333,46.114924,12.524263,Piancavallo
505,6,Vv,Velocità vento,,m/s,2026-06-21 16:30:00,0.993333333333333,46.114924,12.524263,Piancavallo
505,7,VvMax,Velocità vento massima,,m/s,2026-06-21 16:30:00,2.0,46.114924,12.524263,Piancavallo
505,8,DvMax,Direzione vento della velocità massima,,°N,2026-06-21 16:30:00,113.533333333333,46.114924,12.524263,Piancavallo
505,81,MISxG,Misure xG,,sts,2026-06-21 16:30:00,1.0,46.114924,12.524263,Piancavallo
505,32,DvVett,Direzione vento vettoriale,,°N,2026-06-21 16:30:00,109.533333333333,46.114924,12.524263,Piancavallo
505,33,VvVett,Velocità vento vettoriale,,m/s,2026-06-21 16:30:00,0.986666666666667,46.114924,12.524263,Piancavallo
505,48,CAR,Corrente di carica,,mA,2026-06-21 16:30:00,0.0,46.114924,12.524263,Piancavallo
505,49,SCAR,Corrente di scarica,,mA,2026-06-21 16:30:00,79.0,46.114924,12.524263,Piancavallo
505,143,STSpluv (RAW),Stato Pluv (RAW),,sts,2026-06-21 16:30:00,1.0,46.114924,12.524263,Piancavallo
511,85,P_1h,Pioggia oraria,,mm,2026-06-21 16:00:00,0.0,45.709423,13.76463,Borgo Grotta Gigante
511,1,RR,RR,,mm,2026-06-21 16:30:00,0.0,45.709423,13.76463,Borgo Grotta Gigante
511,2,T,Temperatura aria,,°C,2026-06-21 16:30:00,31.5266666666667,45.709423,13.76463,Borgo Grotta Gigante
511,3,U,Igrometro,,%,2026-06-21 16:30:00,44.84,45.709423,13.76463,Borgo Grotta Gigante
511,5,Dv,Direzione vento,,°N,2026-06-21 16:30:00,238.533333333333,45.709423,13.76463,Borgo Grotta Gigante
511,6,Vv,Velocità vento,,m/s,2026-06-21 16:30:00,1.87333333333333,45.709423,13.76463,Borgo Grotta Gigante
511,7,VvMax,Velocità vento massima,,m/s,2026-06-21 16:30:00,3.0,45.709423,13.76463,Borgo Grotta Gigante
511,8,DvMax,Direzione vento della velocità massima,,°N,2026-06-21 16:30:00,237.933333333333,45.709423,13.76463,Borgo Grotta Gigante
511,17,B,Barometro,,hPa,2026-06-21 16:30:00,990.013333333333,45.709423,13.76463,Borgo Grotta Gigante
511,18,RG,Radiazione globale,,W/m2,2026-06-21 16:30:00,328.746666666667,45.709423,13.76463,Borgo Grotta Gigante
511,30,P,Pluviometro,,mm,2026-06-21 16:30:00,0.0,45.709423,13.76463,Borgo Grotta Gigante
511,32,DvVett,Direzione vento vettoriale,,°N,2026-06-21 16:30:00,238.533333333333,45.709423,13.76463,Borgo Grotta Gigante
511,33,VvVett,Velocità vento vettoriale,,m/s,2026-06-21 16:30:00,1.79333333333333,45.709423,13.76463,Borgo Grotta Gigante
511,52,Prec_5_min,Precipitazione 5 min,,mm,2026-06-21 16:30:00,0.0,45.709423,13.76463,Borgo Grotta Gigante
511,53,Prec_60_min,Precipitazione 60 min,,mm,2026-06-21 16:30:00,0.0,45.709423,13.76463,Borgo Grotta Gigante
511,54,Prec_3_ore,Precipitazione 3 ore,,mm,2026-06-21 16:30:00,0.0,45.709423,13.76463,Borgo Grotta Gigante
511,55,Prec_6_ore,Precipitazione 6 ore,,mm,2026-06-21 16:30:00,0.0,45.709423,13.76463,Borgo Grotta Gigante
511,56,Prec_12_ore,Precipitazione 12 ore,,mm,2026-06-21 16:30:00,0.0,45.709423,13.76463,Borgo Grotta Gigante
511,57,Prec_24_ore,Precipitazione 24 ore,,mm,2026-06-21 16:30:00,0.0,45.709423,13.76463,Borgo Grotta Gigante
511,58,Prec_48_ore,Precipitazione 48 ore,,mm,2026-06-21 16:30:00,0.0,45.709423,13.76463,Borgo Grotta Gigante
511,48,CAR,Corrente di carica,,mA,2026-06-21 16:30:00,0.0,45.709423,13.76463,Borgo Grotta Gigante
511,49,SCAR,Corrente di scarica,,mA,2026-06-21 16:30:00,131.6,45.709423,13.76463,Borgo Grotta Gigante
511,143,STSpluv (RAW),Stato Pluv (RAW),,sts,2026-06-21 16:30:00,0.0,45.709423,13.76463,Borgo Grotta Gigante
512,85,P_1h,Pioggia oraria,,mm,2026-06-21 16:00:00,0.0,46.14688,13.026494,San Mauro
512,30,P,Pluviometro,,mm,2026-06-21 16:15:00,0.0,46.14688,13.026494,San Mauro
512,1,RR,RR,,mm,2026-06-21 16:15:00,0.0,46.14688,13.026494,San Mauro
512,52,Prec_5_min,Precipitazione 5 min,,mm,2026-06-21 16:15:00,0.0,46.14688,13.026494,San Mauro
512,53,Prec_60_min,Precipitazione 60 min,,mm,2026-06-21 16:15:00,0.0,46.14688,13.026494,San Mauro
512,54,Prec_3_ore,Precipitazione 3 ore,,mm,2026-06-21 16:15:00,0.0,46.14688,13.026494,San Mauro
512,55,Prec_6_ore,Precipitazione 6 ore,,mm,2026-06-21 16:15:00,0.0,46.14688,13.026494,San Mauro
512,56,Prec_12_ore,Precipitazione 12 ore,,mm,2026-06-21 16:15:00,0.0,46.14688,13.026494,San Mauro
512,57,Prec_24_ore,Precipitazione 24 ore,,mm,2026-06-21 16:15:00,0.0,46.14688,13.026494,San Mauro
512,58,Prec_48_ore,Precipitazione 48 ore,,mm,2026-06-21 16:15:00,0.0,46.14688,13.026494,San Mauro
512,143,STSpluv (RAW),Stato Pluv (RAW),,sts,2026-06-21 16:15:00,0.0,46.14688,13.026494,San Mauro
512,48,CAR,Corrente di carica,,mA,2026-06-21 16:15:00,137.0,46.14688,13.026494,San Mauro
512,49,SCAR,Corrente di scarica,,mA,2026-06-21 16:15:00,32.0,46.14688,13.026494,San Mauro
513,24,IDRO,Idrometro,,m,2026-06-21 16:15:00,2.04,46.144039,13.024471,Scolmatore Corno Tag.
513,27,Q_1,Portata_1,,mc/s,2026-06-21 16:15:00,1.5,46.144039,13.024471,Scolmatore Corno Tag.
513,28,Q_2,Portata_2,,mc/s,2026-06-21 16:15:00,1.2,46.144039,13.024471,Scolmatore Corno Tag.
513,44,ANreg,Anomalia regolatore,,sts,2026-06-21 16:15:00,0.0,46.144039,13.024471,Scolmatore Corno Tag.
513,45,ALLbatt,Allarme batterie,,sts,2026-06-21 16:15:00,0.0,46.144039,13.024471,Scolmatore Corno Tag.
513,46,TENSrete,Tensione da rete,,sts,2026-06-21 16:15:00,1.0,46.144039,13.024471,Scolmatore Corno Tag.
513,47,TENSge,Tensione da Gruppo elettrogeno,,sts,2026-06-21 16:15:00,0.0,46.144039,13.024471,Scolmatore Corno Tag.
514,85,P_1h,Pioggia oraria,,mm,2026-06-21 16:00:00,0.0,46.064067,12.443082,Candaglia
514,1,RR,RR,,mm,2026-06-21 16:15:00,0.0,46.064067,12.443082,Candaglia
514,2,T,Temperatura aria,,°C,2026-06-21 16:15:00,24.4,46.064067,12.443082,Candaglia
514,3,U,Igrometro,,%,2026-06-21 16:15:00,56.8,46.064067,12.443082,Candaglia
514,5,Dv,Direzione vento,,°N,2026-06-21 16:15:00,16.0,46.064067,12.443082,Candaglia
514,6,Vv,Velocità vento,,m/s,2026-06-21 16:15:00,0.7,46.064067,12.443082,Candaglia
514,7,VvMax,Velocità vento massima,,m/s,2026-06-21 16:15:00,2.8,46.064067,12.443082,Candaglia
514,8,DvMax,Direzione vento della velocità massima,,°N,2026-06-21 16:15:00,247.0,46.064067,12.443082,Candaglia
514,23,NIVO,Nivometro,,cm,2026-06-21 16:15:00,0.0,46.064067,12.443082,Candaglia
514,30,P,Pluviometro,,mm,2026-06-21 16:15:00,0.0,46.064067,12.443082,Candaglia
514,32,DvVett,Direzione vento vettoriale,,°N,2026-06-21 16:15:00,353.0,46.064067,12.443082,Candaglia
514,33,VvVett,Velocità vento vettoriale,,m/s,2026-06-21 16:15:00,0.2,46.064067,12.443082,Candaglia
514,52,Prec_5_min,Precipitazione 5 min,,mm,2026-06-21 16:15:00,0.0,46.064067,12.443082,Candaglia
514,53,Prec_60_min,Precipitazione 60 min,,mm,2026-06-21 16:15:00,0.0,46.064067,12.443082,Candaglia
514,54,Prec_3_ore,Precipitazione 3 ore,,mm,2026-06-21 16:15:00,0.0,46.064067,12.443082,Candaglia
514,55,Prec_6_ore,Precipitazione 6 ore,,mm,2026-06-21 16:15:00,0.0,46.064067,12.443082,Candaglia
514,56,Prec_12_ore,Precipitazione 12 ore,,mm,2026-06-21 16:15:00,0.0,46.064067,12.443082,Candaglia
514,57,Prec_24_ore,Precipitazione 24 ore,,mm,2026-06-21 16:15:00,1.0,46.064067,12.443082,Candaglia
514,58,Prec_48_ore,Precipitazione 48 ore,,mm,2026-06-21 16:15:00,3.4,46.064067,12.443082,Candaglia
514,48,CAR,Corrente di carica,,mA,2026-06-21 16:15:00,216.0,46.064067,12.443082,Candaglia
514,49,SCAR,Corrente di scarica,,mA,2026-06-21 16:15:00,120.0,46.064067,12.443082,Candaglia
514,143,STSpluv (RAW),Stato Pluv (RAW),,sts,2026-06-21 16:15:00,0.0,46.064067,12.443082,Candaglia
515,85,P_1h,Pioggia oraria,,mm,2026-06-21 16:00:00,0.0,46.212423,13.524168,Malghe Mersino
515,2,T,Temperatura aria,,°C,2026-06-21 16:15:00,22.8,46.212423,13.524168,Malghe Mersino
515,3,U,Igrometro,,%,2026-06-21 16:15:00,60.4,46.212423,13.524168,Malghe Mersino
515,23,NIVO,Nivometro,,cm,2026-06-21 16:15:00,37.0,46.212423,13.524168,Malghe Mersino
515,30,P,Pluviometro,,mm,2026-06-21 16:15:00,0.0,46.212423,13.524168,Malghe Mersino
515,1,RR,RR,,mm,2026-06-21 16:15:00,0.0,46.212423,13.524168,Malghe Mersino
515,52,Prec_5_min,Precipitazione 5 min,,mm,2026-06-21 16:15:00,0.0,46.212423,13.524168,Malghe Mersino
515,53,Prec_60_min,Precipitazione 60 min,,mm,2026-06-21 16:15:00,0.0,46.212423,13.524168,Malghe Mersino
515,54,Prec_3_ore,Precipitazione 3 ore,,mm,2026-06-21 16:15:00,0.0,46.212423,13.524168,Malghe Mersino
515,55,Prec_6_ore,Precipitazione 6 ore,,mm,2026-06-21 16:15:00,0.0,46.212423,13.524168,Malghe Mersino
515,56,Prec_12_ore,Precipitazione 12 ore,,mm,2026-06-21 16:15:00,0.0,46.212423,13.524168,Malghe Mersino
515,57,Prec_24_ore,Precipitazione 24 ore,,mm,2026-06-21 16:15:00,3.4,46.212423,13.524168,Malghe Mersino
515,58,Prec_48_ore,Precipitazione 48 ore,,mm,2026-06-21 16:15:00,3.4,46.212423,13.524168,Malghe Mersino
515,48,CAR,Corrente di carica,,mA,2026-06-21 16:15:00,96.0,46.212423,13.524168,Malghe Mersino
515,49,SCAR,Corrente di scarica,,mA,2026-06-21 16:15:00,21.0,46.212423,13.524168,Malghe Mersino
516,85,P_1h,Pioggia oraria,,mm,2026-06-21 16:00:00,0.0,46.194466,13.532769,Montemaggiore
516,1,RR,RR,,mm,2026-06-21 16:15:00,0.0,46.194466,13.532769,Montemaggiore
516,2,T,Temperatura aria,,°C,2026-06-21 16:15:00,28.6,46.194466,13.532769,Montemaggiore
516,3,U,Igrometro,,%,2026-06-21 16:15:00,47.4,46.194466,13.532769,Montemaggiore
516,30,P,Pluviometro,,mm,2026-06-21 16:15:00,0.0,46.194466,13.532769,Montemaggiore
516,52,Prec_5_min,Precipitazione 5 min,,mm,2026-06-21 16:15:00,0.0,46.194466,13.532769,Montemaggiore
516,53,Prec_60_min,Precipitazione 60 min,,mm,2026-06-21 16:15:00,0.0,46.194466,13.532769,Montemaggiore
516,54,Prec_3_ore,Precipitazione 3 ore,,mm,2026-06-21 16:15:00,0.0,46.194466,13.532769,Montemaggiore
516,55,Prec_6_ore,Precipitazione 6 ore,,mm,2026-06-21 16:15:00,0.0,46.194466,13.532769,Montemaggiore
516,56,Prec_12_ore,Precipitazione 12 ore,,mm,2026-06-21 16:15:00,0.0,46.194466,13.532769,Montemaggiore
516,57,Prec_24_ore,Precipitazione 24 ore,,mm,2026-06-21 16:15:00,1.2,46.194466,13.532769,Montemaggiore
516,58,Prec_48_ore,Precipitazione 48 ore,,mm,2026-06-21 16:15:00,1.2,46.194466,13.532769,Montemaggiore
516,48,CAR,Corrente di carica,,mA,2026-06-21 16:15:00,296.0,46.194466,13.532769,Montemaggiore
516,49,SCAR,Corrente di scarica,,mA,2026-06-21 16:15:00,89.0,46.194466,13.532769,Montemaggiore
516,143,STSpluv (RAW),Stato Pluv (RAW),,sts,2026-06-21 16:15:00,0.0,46.194466,13.532769,Montemaggiore
517,85,P_1h,Pioggia oraria,,mm,2026-06-21 16:00:00,0.0,45.91118,13.333072,Palmanova
517,1,RR,RR,,mm,2026-06-21 16:15:00,0.0,45.91118,13.333072,Palmanova
517,2,T,Temperatura aria,,°C,2026-06-21 16:15:00,35.7,45.91118,13.333072,Palmanova
517,3,U,Igrometro,,%,2026-06-21 16:15:00,37.2,45.91118,13.333072,Palmanova
517,5,Dv,Direzione vento,,°N,2026-06-21 16:15:00,264.0,45.91118,13.333072,Palmanova
517,6,Vv,Velocità vento,,m/s,2026-06-21 16:15:00,2.5,45.91118,13.333072,Palmanova
517,7,VvMax,Velocità vento massima,,m/s,2026-06-21 16:15:00,5.0,45.91118,13.333072,Palmanova
517,8,DvMax,Direzione vento della velocità massima,,°N,2026-06-21 16:15:00,270.0,45.91118,13.333072,Palmanova
517,17,B,Barometro,,hPa,2026-06-21 16:15:00,1016.7,45.91118,13.333072,Palmanova
517,18,RG,Radiazione globale,,W/m2,2026-06-21 16:15:00,337.2,45.91118,13.333072,Palmanova
517,30,P,Pluviometro,,mm,2026-06-21 16:15:00,0.0,45.91118,13.333072,Palmanova
517,31,PPWD,PLUV PWD,,mm,2026-06-21 16:15:00,0.0,45.91118,13.333072,Palmanova
517,32,DvVett,Direzione vento vettoriale,,°N,2026-06-21 16:15:00,264.0,45.91118,13.333072,Palmanova
517,33,VvVett,Velocità vento vettoriale,,m/s,2026-06-21 16:15:00,2.3,45.91118,13.333072,Palmanova
517,52,Prec_5_min,Precipitazione 5 min,,mm,2026-06-21 16:15:00,0.0,45.91118,13.333072,Palmanova
517,53,Prec_60_min,Precipitazione 60 min,,mm,2026-06-21 16:15:00,0.0,45.91118,13.333072,Palmanova
517,54,Prec_3_ore,Precipitazione 3 ore,,mm,2026-06-21 16:15:00,0.0,45.91118,13.333072,Palmanova
517,55,Prec_6_ore,Precipitazione 6 ore,,mm,2026-06-21 16:15:00,0.0,45.91118,13.333072,Palmanova
517,56,Prec_12_ore,Precipitazione 12 ore,,mm,2026-06-21 16:15:00,0.0,45.91118,13.333072,Palmanova
517,57,Prec_24_ore,Precipitazione 24 ore,,mm,2026-06-21 16:15:00,0.0,45.91118,13.333072,Palmanova
517,58,Prec_48_ore,Precipitazione 48 ore,,mm,2026-06-21 16:15:00,0.0,45.91118,13.333072,Palmanova
517,48,CAR,Corrente di carica,,mA,2026-06-21 16:15:00,345.0,45.91118,13.333072,Palmanova
517,49,SCAR,Corrente di scarica,,mA,2026-06-21 16:15:00,322.0,45.91118,13.333072,Palmanova
517,143,STSpluv (RAW),Stato Pluv (RAW),,sts,2026-06-21 16:15:00,0.0,45.91118,13.333072,Palmanova
517,152,P (RAW),Pluviometro (RAW),,mm,2026-06-21 16:15:00,2.0,45.91118,13.333072,Palmanova
518,85,P_1h,Pioggia oraria,,mm,2026-06-21 16:00:00,0.0,46.571172,12.745465,Stadio Biathlon Piani di Luzza
518,1,RR,RR,,mm,2026-06-21 16:15:00,0.0,46.571172,12.745465,Stadio Biathlon Piani di Luzza
518,2,T,Temperatura aria,,°C,2026-06-21 16:15:00,23.4,46.571172,12.745465,Stadio Biathlon Piani di Luzza
518,3,U,Igrometro,,%,2026-06-21 16:15:00,66.0,46.571172,12.745465,Stadio Biathlon Piani di Luzza
518,5,Dv,Direzione vento,,°N,2026-06-21 16:15:00,312.0,46.571172,12.745465,Stadio Biathlon Piani di Luzza
518,6,Vv,Velocità vento,,m/s,2026-06-21 16:15:00,0.9,46.571172,12.745465,Stadio Biathlon Piani di Luzza
518,7,VvMax,Velocità vento massima,,m/s,2026-06-21 16:15:00,2.8,46.571172,12.745465,Stadio Biathlon Piani di Luzza
518,8,DvMax,Direzione vento della velocità massima,,°N,2026-06-21 16:15:00,81.0,46.571172,12.745465,Stadio Biathlon Piani di Luzza
518,23,NIVO,Nivometro,,cm,2026-06-21 16:15:00,26.0,46.571172,12.745465,Stadio Biathlon Piani di Luzza
518,30,P,Pluviometro,,mm,2026-06-21 16:15:00,0.0,46.571172,12.745465,Stadio Biathlon Piani di Luzza
518,32,DvVett,Direzione vento vettoriale,,°N,2026-06-21 16:15:00,323.0,46.571172,12.745465,Stadio Biathlon Piani di Luzza
518,33,VvVett,Velocità vento vettoriale,,m/s,2026-06-21 16:15:00,0.5,46.571172,12.745465,Stadio Biathlon Piani di Luzza
518,52,Prec_5_min,Precipitazione 5 min,,mm,2026-06-21 16:15:00,0.0,46.571172,12.745465,Stadio Biathlon Piani di Luzza
518,53,Prec_60_min,Precipitazione 60 min,,mm,2026-06-21 16:15:00,0.0,46.571172,12.745465,Stadio Biathlon Piani di Luzza
518,54,Prec_3_ore,Precipitazione 3 ore,,mm,2026-06-21 16:15:00,0.0,46.571172,12.745465,Stadio Biathlon Piani di Luzza
518,55,Prec_6_ore,Precipitazione 6 ore,,mm,2026-06-21 16:15:00,0.0,46.571172,12.745465,Stadio Biathlon Piani di Luzza
518,56,Prec_12_ore,Precipitazione 12 ore,,mm,2026-06-21 16:15:00,0.0,46.571172,12.745465,Stadio Biathlon Piani di Luzza
518,57,Prec_24_ore,Precipitazione 24 ore,,mm,2026-06-21 16:15:00,4.2,46.571172,12.745465,Stadio Biathlon Piani di Luzza
518,58,Prec_48_ore,Precipitazione 48 ore,,mm,2026-06-21 16:15:00,9.2,46.571172,12.745465,Stadio Biathlon Piani di Luzza
518,48,CAR,Corrente di carica,,mA,2026-06-21 16:15:00,158.0,46.571172,12.745465,Stadio Biathlon Piani di Luzza
518,49,SCAR,Corrente di scarica,,mA,2026-06-21 16:15:00,242.0,46.571172,12.745465,Stadio Biathlon Piani di Luzza
519,2,T,Temperatura aria,,°C,2026-06-21 16:00:00,21.1266666666667,46.211698,13.529182,Matajur
519,3,U,Igrometro,,%,2026-06-21 16:00:00,66.3333333333333,46.211698,13.529182,Matajur
519,17,B,Barometro,,hPa,2026-06-21 16:00:00,847.666666666667,46.211698,13.529182,Matajur
519,18,RG,Radiazione globale,,W/m2,2026-06-21 16:00:00,593.593333333333,46.211698,13.529182,Matajur
519,48,CAR,Corrente di carica,,mA,2026-06-21 16:00:00,525.0,46.211698,13.529182,Matajur
519,49,SCAR,Corrente di scarica,,mA,2026-06-21 16:00:00,148.0,46.211698,13.529182,Matajur
519,5,Dv,Direzione vento,,°N,2026-06-21 16:00:00,284.066666666667,46.211698,13.529182,Matajur
519,6,Vv,Velocità vento,,m/s,2026-06-21 16:00:00,2.88666666666667,46.211698,13.529182,Matajur
519,7,VvMax,Velocità vento massima,,m/s,2026-06-21 16:00:00,5.7,46.211698,13.529182,Matajur
519,8,DvMax,Direzione vento della velocità massima,,°N,2026-06-21 16:00:00,281.466666666667,46.211698,13.529182,Matajur
519,81,MISxG,Misure xG,,sts,2026-06-21 16:00:00,1.0,46.211698,13.529182,Matajur
519,32,DvVett,Direzione vento vettoriale,,°N,2026-06-21 16:00:00,283.133333333333,46.211698,13.529182,Matajur
519,33,VvVett,Velocità vento vettoriale,,m/s,2026-06-21 16:00:00,2.76666666666667,46.211698,13.529182,Matajur
520,85,P_1h,Pioggia oraria,,mm,2026-06-21 16:00:00,0.0,46.43068,12.99673,Cazzaso
520,1,RR,RR,,mm,2026-06-21 16:15:00,0.0,46.43068,12.99673,Cazzaso
520,2,T,Temperatura aria,,°C,2026-06-21 16:15:00,26.3,46.43068,12.99673,Cazzaso
520,3,U,Igrometro,,%,2026-06-21 16:15:00,64.7,46.43068,12.99673,Cazzaso
520,30,P,Pluviometro,,mm,2026-06-21 16:15:00,0.0,46.43068,12.99673,Cazzaso
520,52,Prec_5_min,Precipitazione 5 min,,mm,2026-06-21 16:15:00,0.0,46.43068,12.99673,Cazzaso
520,53,Prec_60_min,Precipitazione 60 min,,mm,2026-06-21 16:15:00,0.0,46.43068,12.99673,Cazzaso
520,54,Prec_3_ore,Precipitazione 3 ore,,mm,2026-06-21 16:15:00,0.0,46.43068,12.99673,Cazzaso
520,55,Prec_6_ore,Precipitazione 6 ore,,mm,2026-06-21 16:15:00,0.0,46.43068,12.99673,Cazzaso
520,56,Prec_12_ore,Precipitazione 12 ore,,mm,2026-06-21 16:15:00,0.0,46.43068,12.99673,Cazzaso
520,57,Prec_24_ore,Precipitazione 24 ore,,mm,2026-06-21 16:15:00,37.1,46.43068,12.99673,Cazzaso
520,58,Prec_48_ore,Precipitazione 48 ore,,mm,2026-06-21 16:15:00,37.1,46.43068,12.99673,Cazzaso
520,144,T-5,Temperatura -5,,°C,2026-06-21 16:15:00,26.2,46.43068,12.99673,Cazzaso
520,21,T-10,Temperatura -10,,°C,2026-06-21 16:15:00,26.2,46.43068,12.99673,Cazzaso
520,145,T-20,Temperatura -20,,°C,2026-06-21 16:15:00,24.7,46.43068,12.99673,Cazzaso
520,146,T-30,Temperatura -30,,°C,2026-06-21 16:15:00,22.6,46.43068,12.99673,Cazzaso
520,147,T-40,Temperatura -40,,°C,2026-06-21 16:15:00,20.4,46.43068,12.99673,Cazzaso
520,148,T-50,Temperatura -50,,°C,2026-06-21 16:15:00,19.3,46.43068,12.99673,Cazzaso
520,149,Us-5,Umidità suolo -5cm,,%VOL,2026-06-21 16:15:00,2.0,46.43068,12.99673,Cazzaso
520,38,Us-10,Umidità suolo -10cm,,%VOL,2026-06-21 16:15:00,8.0,46.43068,12.99673,Cazzaso
520,39,Us-20,Umidità suolo -20cm,,%VOL,2026-06-21 16:15:00,0.0,46.43068,12.99673,Cazzaso
520,40,Us-40,Umidità suolo -40cm,,%VOL,2026-06-21 16:15:00,37.0,46.43068,12.99673,Cazzaso
520,48,CAR,Corrente di carica,,mA,2026-06-21 16:15:00,23.0,46.43068,12.99673,Cazzaso
520,49,SCAR,Corrente di scarica,,mA,2026-06-21 16:15:00,153.0,46.43068,12.99673,Cazzaso
520,150,Us-30,Umidità suolo -30cm,,%VOL,2026-06-21 16:15:00,28.0,46.43068,12.99673,Cazzaso
520,151,Us-50,Umidità suolo -50cm,,%VOL,2026-06-21 16:15:00,37.0,46.43068,12.99673,Cazzaso
520,143,STSpluv (RAW),Stato Pluv (RAW),,sts,2026-06-21 16:15:00,0.0,46.43068,12.99673,Cazzaso
521,85,P_1h,Pioggia oraria,,mm,2026-06-21 16:00:00,0.0,46.495869,13.68666,Fusine Valico
521,1,RR,RR,,mm,2026-06-21 16:15:00,0.0,46.495869,13.68666,Fusine Valico
521,2,T,Temperatura aria,,°C,2026-06-21 16:15:00,27.8,46.495869,13.68666,Fusine Valico
521,3,U,Igrometro,,%,2026-06-21 16:15:00,59.6,46.495869,13.68666,Fusine Valico
521,5,Dv,Direzione vento,,°N,2026-06-21 16:15:00,139.0,46.495869,13.68666,Fusine Valico
521,6,Vv,Velocità vento,,m/s,2026-06-21 16:15:00,1.3,46.495869,13.68666,Fusine Valico
521,7,VvMax,Velocità vento massima,,m/s,2026-06-21 16:15:00,3.0,46.495869,13.68666,Fusine Valico
521,8,DvMax,Direzione vento della velocità massima,,°N,2026-06-21 16:15:00,64.0,46.495869,13.68666,Fusine Valico
521,18,RG,Radiazione globale,,W/m2,2026-06-21 16:15:00,323.0,46.495869,13.68666,Fusine Valico
521,23,NIVO,Nivometro,,cm,2026-06-21 16:15:00,1.0,46.495869,13.68666,Fusine Valico
521,30,P,Pluviometro,,mm,2026-06-21 16:15:00,0.0,46.495869,13.68666,Fusine Valico
521,32,DvVett,Direzione vento vettoriale,,°N,2026-06-21 16:15:00,140.0,46.495869,13.68666,Fusine Valico
521,33,VvVett,Velocità vento vettoriale,,m/s,2026-06-21 16:15:00,1.2,46.495869,13.68666,Fusine Valico
521,52,Prec_5_min,Precipitazione 5 min,,mm,2026-06-21 16:15:00,0.0,46.495869,13.68666,Fusine Valico
521,53,Prec_60_min,Precipitazione 60 min,,mm,2026-06-21 16:15:00,0.0,46.495869,13.68666,Fusine Valico
521,54,Prec_3_ore,Precipitazione 3 ore,,mm,2026-06-21 16:15:00,0.0,46.495869,13.68666,Fusine Valico
521,55,Prec_6_ore,Precipitazione 6 ore,,mm,2026-06-21 16:15:00,0.0,46.495869,13.68666,Fusine Valico
521,56,Prec_12_ore,Precipitazione 12 ore,,mm,2026-06-21 16:15:00,0.0,46.495869,13.68666,Fusine Valico
521,57,Prec_24_ore,Precipitazione 24 ore,,mm,2026-06-21 16:15:00,1.6,46.495869,13.68666,Fusine Valico
521,58,Prec_48_ore,Precipitazione 48 ore,,mm,2026-06-21 16:15:00,44.6,46.495869,13.68666,Fusine Valico
521,143,STSpluv (RAW),Stato Pluv (RAW),,sts,2026-06-21 16:15:00,0.0,46.495869,13.68666,Fusine Valico
521,48,CAR,Corrente di carica,,mA,2026-06-21 16:15:00,478.0,46.495869,13.68666,Fusine Valico
521,49,SCAR,Corrente di scarica,,mA,2026-06-21 16:15:00,181.0,46.495869,13.68666,Fusine Valico
522,85,P_1h,Pioggia oraria,,mm,2026-06-21 16:00:00,0.0,46.263452,12.500334,Claut tre pini
522,1,RR,RR,,mm,2026-06-21 16:15:00,0.0,46.263452,12.500334,Claut tre pini
522,2,T,Temperatura aria,,°C,2026-06-21 16:15:00,27.0,46.263452,12.500334,Claut tre pini
522,3,U,Igrometro,,%,2026-06-21 16:15:00,51.6,46.263452,12.500334,Claut tre pini
522,23,NIVO,Nivometro,,cm,2026-06-21 16:15:00,13.0,46.263452,12.500334,Claut tre pini
522,30,P,Pluviometro,,mm,2026-06-21 16:15:00,0.0,46.263452,12.500334,Claut tre pini
522,48,CAR,Corrente di carica,,mA,2026-06-21 16:15:00,117.0,46.263452,12.500334,Claut tre pini
522,49,SCAR,Corrente di scarica,,mA,2026-06-21 16:15:00,205.0,46.263452,12.500334,Claut tre pini
522,52,Prec_5_min,Precipitazione 5 min,,mm,2026-06-21 16:15:00,0.0,46.263452,12.500334,Claut tre pini
522,53,Prec_60_min,Precipitazione 60 min,,mm,2026-06-21 16:15:00,0.0,46.263452,12.500334,Claut tre pini
522,54,Prec_3_ore,Precipitazione 3 ore,,mm,2026-06-21 16:15:00,0.0,46.263452,12.500334,Claut tre pini
522,55,Prec_6_ore,Precipitazione 6 ore,,mm,2026-06-21 16:15:00,0.0,46.263452,12.500334,Claut tre pini
522,56,Prec_12_ore,Precipitazione 12 ore,,mm,2026-06-21 16:15:00,0.0,46.263452,12.500334,Claut tre pini
522,57,Prec_24_ore,Precipitazione 24 ore,,mm,2026-06-21 16:15:00,1.6,46.263452,12.500334,Claut tre pini
522,58,Prec_48_ore,Precipitazione 48 ore,,mm,2026-06-21 16:15:00,14.8,46.263452,12.500334,Claut tre pini
522,143,STSpluv (RAW),Stato Pluv (RAW),,sts,2026-06-21 16:15:00,256.0,46.263452,12.500334,Claut tre pini
523,85,P_1h,Pioggia oraria,,mm,2026-06-21 16:00:00,0.0,46.236487,12.675633,Malga Valine
523,1,RR,RR,,mm,2026-06-21 16:15:00,0.0,46.236487,12.675633,Malga Valine
523,2,T,Temperatura aria,,°C,2026-06-21 16:15:00,22.6,46.236487,12.675633,Malga Valine
523,3,U,Igrometro,,%,2026-06-21 16:15:00,60.3,46.236487,12.675633,Malga Valine
523,5,Dv,Direzione vento,,°N,2026-06-21 16:15:00,282.0,46.236487,12.675633,Malga Valine
523,6,Vv,Velocità vento,,m/s,2026-06-21 16:15:00,0.7,46.236487,12.675633,Malga Valine
523,7,VvMax,Velocità vento massima,,m/s,2026-06-21 16:15:00,1.8,46.236487,12.675633,Malga Valine
523,8,DvMax,Direzione vento della velocità massima,,°N,2026-06-21 16:15:00,292.0,46.236487,12.675633,Malga Valine
523,23,NIVO,Nivometro,,cm,2026-06-21 16:15:00,21.0,46.236487,12.675633,Malga Valine
523,30,P,Pluviometro,,mm,2026-06-21 16:15:00,0.0,46.236487,12.675633,Malga Valine
523,32,DvVett,Direzione vento vettoriale,,°N,2026-06-21 16:15:00,273.0,46.236487,12.675633,Malga Valine
523,33,VvVett,Velocità vento vettoriale,,m/s,2026-06-21 16:15:00,0.5,46.236487,12.675633,Malga Valine
523,52,Prec_5_min,Precipitazione 5 min,,mm,2026-06-21 16:15:00,0.0,46.236487,12.675633,Malga Valine
523,53,Prec_60_min,Precipitazione 60 min,,mm,2026-06-21 16:15:00,0.0,46.236487,12.675633,Malga Valine
523,54,Prec_3_ore,Precipitazione 3 ore,,mm,2026-06-21 16:15:00,0.0,46.236487,12.675633,Malga Valine
523,55,Prec_6_ore,Precipitazione 6 ore,,mm,2026-06-21 16:15:00,0.0,46.236487,12.675633,Malga Valine
523,56,Prec_12_ore,Precipitazione 12 ore,,mm,2026-06-21 16:15:00,0.0,46.236487,12.675633,Malga Valine
523,57,Prec_24_ore,Precipitazione 24 ore,,mm,2026-06-21 16:15:00,2.8,46.236487,12.675633,Malga Valine
523,58,Prec_48_ore,Precipitazione 48 ore,,mm,2026-06-21 16:15:00,4.2,46.236487,12.675633,Malga Valine
524,85,P_1h,Pioggia oraria,,mm,2026-06-21 16:00:00,0.0,46.171862,12.656364,Ravedis invaso
524,1,RR,RR,,mm,2026-06-21 16:15:00,0.0,46.171862,12.656364,Ravedis invaso
524,2,T,Temperatura aria,,°C,2026-06-21 16:15:00,29.7,46.171862,12.656364,Ravedis invaso
524,3,U,Igrometro,,%,2026-06-21 16:15:00,48.7,46.171862,12.656364,Ravedis invaso
524,5,Dv,Direzione vento,,°N,2026-06-21 16:15:00,25.0,46.171862,12.656364,Ravedis invaso
524,6,Vv,Velocità vento,,m/s,2026-06-21 16:15:00,1.4,46.171862,12.656364,Ravedis invaso
524,7,VvMax,Velocità vento massima,,m/s,2026-06-21 16:15:00,2.9,46.171862,12.656364,Ravedis invaso
524,8,DvMax,Direzione vento della velocità massima,,°N,2026-06-21 16:15:00,25.0,46.171862,12.656364,Ravedis invaso
524,17,B,Barometro,,hPa,2026-06-21 16:15:00,983.3,46.171862,12.656364,Ravedis invaso
524,18,RG,Radiazione globale,,W/m2,2026-06-21 16:15:00,139.2,46.171862,12.656364,Ravedis invaso
524,24,IDRO,Idrometro,,m,2026-06-21 16:15:00,324.25,46.171862,12.656364,Ravedis invaso
524,30,P,Pluviometro,,mm,2026-06-21 16:15:00,0.0,46.171862,12.656364,Ravedis invaso
524,32,DvVett,Direzione vento vettoriale,,°N,2026-06-21 16:15:00,22.0,46.171862,12.656364,Ravedis invaso
524,33,VvVett,Velocità vento vettoriale,,m/s,2026-06-21 16:15:00,1.3,46.171862,12.656364,Ravedis invaso
524,52,Prec_5_min,Precipitazione 5 min,,mm,2026-06-21 16:15:00,0.0,46.171862,12.656364,Ravedis invaso
524,53,Prec_60_min,Precipitazione 60 min,,mm,2026-06-21 16:15:00,0.0,46.171862,12.656364,Ravedis invaso
524,54,Prec_3_ore,Precipitazione 3 ore,,mm,2026-06-21 16:15:00,0.0,46.171862,12.656364,Ravedis invaso
524,55,Prec_6_ore,Precipitazione 6 ore,,mm,2026-06-21 16:15:00,0.0,46.171862,12.656364,Ravedis invaso
524,56,Prec_12_ore,Precipitazione 12 ore,,mm,2026-06-21 16:15:00,0.0,46.171862,12.656364,Ravedis invaso
524,57,Prec_24_ore,Precipitazione 24 ore,,mm,2026-06-21 16:15:00,0.4,46.171862,12.656364,Ravedis invaso
524,58,Prec_48_ore,Precipitazione 48 ore,,mm,2026-06-21 16:15:00,0.4,46.171862,12.656364,Ravedis invaso
524,48,CAR,Corrente di carica,,mA,2026-06-21 16:15:00,0.0,46.171862,12.656364,Ravedis invaso
524,49,SCAR,Corrente di scarica,,mA,2026-06-21 16:15:00,287.0,46.171862,12.656364,Ravedis invaso
524,143,STSpluv (RAW),Stato Pluv (RAW),,sts,2026-06-21 16:15:00,2.0,46.171862,12.656364,Ravedis invaso
525,48,CAR,Corrente di carica,,mA,2026-06-21 16:15:00,36.0,46.19453,12.542135,Varma
525,49,SCAR,Corrente di scarica,,mA,2026-06-21 16:15:00,194.0,46.19453,12.542135,Varma
526,85,P_1h,Pioggia oraria,,mm,2026-06-21 16:00:00,0.0,46.335267,13.134807,Venzone Tagliamento
526,1,RR,RR,,mm,2026-06-21 16:15:00,0.0,46.335267,13.134807,Venzone Tagliamento
526,24,IDRO,Idrometro,,m,2026-06-21 16:15:00,-0.3,46.335267,13.134807,Venzone Tagliamento
526,25,IDRO_2,Idrometro_2,,m,2026-06-21 16:15:00,-0.33,46.335267,13.134807,Venzone Tagliamento
526,30,P,Pluviometro,,mm,2026-06-21 16:15:00,0.0,46.335267,13.134807,Venzone Tagliamento
526,52,Prec_5_min,Precipitazione 5 min,,mm,2026-06-21 16:15:00,0.0,46.335267,13.134807,Venzone Tagliamento
526,53,Prec_60_min,Precipitazione 60 min,,mm,2026-06-21 16:15:00,0.0,46.335267,13.134807,Venzone Tagliamento
526,54,Prec_3_ore,Precipitazione 3 ore,,mm,2026-06-21 16:15:00,0.0,46.335267,13.134807,Venzone Tagliamento
526,55,Prec_6_ore,Precipitazione 6 ore,,mm,2026-06-21 16:15:00,0.0,46.335267,13.134807,Venzone Tagliamento
526,56,Prec_12_ore,Precipitazione 12 ore,,mm,2026-06-21 16:15:00,0.0,46.335267,13.134807,Venzone Tagliamento
526,57,Prec_24_ore,Precipitazione 24 ore,,mm,2026-06-21 16:15:00,39.5,46.335267,13.134807,Venzone Tagliamento
526,58,Prec_48_ore,Precipitazione 48 ore,,mm,2026-06-21 16:15:00,39.5,46.335267,13.134807,Venzone Tagliamento
526,48,CAR,Corrente di carica,,mA,2026-06-21 16:15:00,346.0,46.335267,13.134807,Venzone Tagliamento
526,49,SCAR,Corrente di scarica,,mA,2026-06-21 16:15:00,309.0,46.335267,13.134807,Venzone Tagliamento
526,67,VH2O,Velocità acqua,,m/s,2026-06-21 16:15:00,1.7,46.335267,13.134807,Venzone Tagliamento
526,82,RQ-30 SNR,Qualità (SNR) [Sommer RQ-30],,,2026-06-21 16:15:00,66.8,46.335267,13.134807,Venzone Tagliamento
526,83,RQ-30 D_O,Direzione opposta [Sommer RQ-30],,%,2026-06-21 16:15:00,5.3,46.335267,13.134807,Venzone Tagliamento
526,27,Q_1,Portata_1,,mc/s,2026-06-21 16:15:00,113.4,46.335267,13.134807,Venzone Tagliamento
526,143,STSpluv (RAW),Stato Pluv (RAW),,sts,2026-06-21 16:15:00,0.0,46.335267,13.134807,Venzone Tagliamento
527,85,P_1h,Pioggia oraria,,mm,2026-06-21 16:00:00,0.0,46.482062,13.520179,Monte Lussari
527,1,RR,RR,,mm,2026-06-21 16:15:00,0.0,46.482062,13.520179,Monte Lussari
527,2,T,Temperatura aria,,°C,2026-06-21 16:15:00,21.0733333333333,46.482062,13.520179,Monte Lussari
527,3,U,Igrometro,,%,2026-06-21 16:15:00,50.14,46.482062,13.520179,Monte Lussari
527,5,Dv,Direzione vento,,°N,2026-06-21 16:15:00,99.4666666666667,46.482062,13.520179,Monte Lussari
527,6,Vv,Velocità vento,,m/s,2026-06-21 16:15:00,2.11333333333333,46.482062,13.520179,Monte Lussari
527,7,VvMax,Velocità vento massima,,m/s,2026-06-21 16:15:00,4.6,46.482062,13.520179,Monte Lussari
527,8,DvMax,Direzione vento della velocità massima,,°N,2026-06-21 16:15:00,100.266666666667,46.482062,13.520179,Monte Lussari
527,17,B,Barometro,,hPa,2026-06-21 16:15:00,834.613333333333,46.482062,13.520179,Monte Lussari
527,18,RG,Radiazione globale,,W/m2,2026-06-21 16:15:00,415.22,46.482062,13.520179,Monte Lussari
527,30,P,Pluviometro,,mm,2026-06-21 16:15:00,0.0,46.482062,13.520179,Monte Lussari
527,32,DvVett,Direzione vento vettoriale,,°N,2026-06-21 16:15:00,82.2,46.482062,13.520179,Monte Lussari
527,33,VvVett,Velocità vento vettoriale,,m/s,2026-06-21 16:15:00,1.38666666666667,46.482062,13.520179,Monte Lussari
527,52,Prec_5_min,Precipitazione 5 min,,mm,2026-06-21 16:15:00,0.0,46.482062,13.520179,Monte Lussari
527,53,Prec_60_min,Precipitazione 60 min,,mm,2026-06-21 16:15:00,0.0,46.482062,13.520179,Monte Lussari
527,54,Prec_3_ore,Precipitazione 3 ore,,mm,2026-06-21 16:15:00,0.0,46.482062,13.520179,Monte Lussari
527,55,Prec_6_ore,Precipitazione 6 ore,,mm,2026-06-21 16:15:00,0.0,46.482062,13.520179,Monte Lussari
527,56,Prec_12_ore,Precipitazione 12 ore,,mm,2026-06-21 16:15:00,0.0,46.482062,13.520179,Monte Lussari
527,57,Prec_24_ore,Precipitazione 24 ore,,mm,2026-06-21 16:15:00,2.13333333333333,46.482062,13.520179,Monte Lussari
527,58,Prec_48_ore,Precipitazione 48 ore,,mm,2026-06-21 16:15:00,2.2,46.482062,13.520179,Monte Lussari
528,85,P_1h,Pioggia oraria,,mm,2026-06-21 16:00:00,0.0,46.482524,13.299785,Pietratagliata
528,1,RR,RR,,mm,2026-06-21 16:15:00,0.0,46.482524,13.299785,Pietratagliata
528,2,T,Temperatura aria,,°C,2026-06-21 16:15:00,25.5,46.482524,13.299785,Pietratagliata
528,3,U,Igrometro,,%,2026-06-21 16:15:00,71.7,46.482524,13.299785,Pietratagliata
528,5,Dv,Direzione vento,,°N,2026-06-21 16:15:00,21.0,46.482524,13.299785,Pietratagliata
528,6,Vv,Velocità vento,,m/s,2026-06-21 16:15:00,0.7,46.482524,13.299785,Pietratagliata
528,7,VvMax,Velocità vento massima,,m/s,2026-06-21 16:15:00,1.1,46.482524,13.299785,Pietratagliata
528,8,DvMax,Direzione vento della velocità massima,,°N,2026-06-21 16:15:00,14.0,46.482524,13.299785,Pietratagliata
528,30,P,Pluviometro,,mm,2026-06-21 16:15:00,0.0,46.482524,13.299785,Pietratagliata
528,32,DvVett,Direzione vento vettoriale,,°N,2026-06-21 16:15:00,17.0,46.482524,13.299785,Pietratagliata
528,33,VvVett,Velocità vento vettoriale,,m/s,2026-06-21 16:15:00,0.6,46.482524,13.299785,Pietratagliata
528,52,Prec_5_min,Precipitazione 5 min,,mm,2026-06-21 16:15:00,0.0,46.482524,13.299785,Pietratagliata
528,53,Prec_60_min,Precipitazione 60 min,,mm,2026-06-21 16:15:00,0.0,46.482524,13.299785,Pietratagliata
528,54,Prec_3_ore,Precipitazione 3 ore,,mm,2026-06-21 16:15:00,0.0,46.482524,13.299785,Pietratagliata
528,55,Prec_6_ore,Precipitazione 6 ore,,mm,2026-06-21 16:15:00,0.0,46.482524,13.299785,Pietratagliata
528,56,Prec_12_ore,Precipitazione 12 ore,,mm,2026-06-21 16:15:00,0.0,46.482524,13.299785,Pietratagliata
528,57,Prec_24_ore,Precipitazione 24 ore,,mm,2026-06-21 16:15:00,2.2,46.482524,13.299785,Pietratagliata
528,58,Prec_48_ore,Precipitazione 48 ore,,mm,2026-06-21 16:15:00,2.2,46.482524,13.299785,Pietratagliata
528,48,CAR,Corrente di carica,,mA,2026-06-21 16:15:00,71.0,46.482524,13.299785,Pietratagliata
528,49,SCAR,Corrente di scarica,,mA,2026-06-21 16:15:00,97.0,46.482524,13.299785,Pietratagliata
529,24,IDRO,Idrometro,,m,2026-06-21 16:15:00,-0.39,46.405906,12.58673,Forni di sopra idro
530,1,RR,RR,,mm,2026-06-21 16:00:00,0.0,46.409755,12.593751,Forni di sopra
530,2,T,Temperatura aria,,°C,2026-06-21 16:00:00,24.3866666666667,46.409755,12.593751,Forni di sopra
530,3,U,Igrometro,,%,2026-06-21 16:00:00,57.0866666666667,46.409755,12.593751,Forni di sopra
530,5,Dv,Direzione vento,,°N,2026-06-21 16:00:00,322.066666666667,46.409755,12.593751,Forni di sopra
530,17,B,Barometro,,hPa,2026-06-21 16:00:00,919.84,46.409755,12.593751,Forni di sopra
530,18,RG,Radiazione globale,,W/m2,2026-06-21 16:00:00,57.5733333333333,46.409755,12.593751,Forni di sopra
530,21,T-10,Temperatura -10,,°C,2026-06-21 16:00:00,19.2,46.409755,12.593751,Forni di sopra
530,30,P,Pluviometro,,mm,2026-06-21 16:00:00,0.0,46.409755,12.593751,Forni di sopra
530,52,Prec_5_min,Precipitazione 5 min,,mm,2026-06-21 16:00:00,0.0,46.409755,12.593751,Forni di sopra
530,53,Prec_60_min,Precipitazione 60 min,,mm,2026-06-21 16:00:00,0.0,46.409755,12.593751,Forni di sopra
530,54,Prec_3_ore,Precipitazione 3 ore,,mm,2026-06-21 16:00:00,0.0,46.409755,12.593751,Forni di sopra
530,55,Prec_6_ore,Precipitazione 6 ore,,mm,2026-06-21 16:00:00,0.0,46.409755,12.593751,Forni di sopra
530,56,Prec_12_ore,Precipitazione 12 ore,,mm,2026-06-21 16:00:00,0.0,46.409755,12.593751,Forni di sopra
530,57,Prec_24_ore,Precipitazione 24 ore,,mm,2026-06-21 16:00:00,0.6,46.409755,12.593751,Forni di sopra
530,58,Prec_48_ore,Precipitazione 48 ore,,mm,2026-06-21 16:00:00,16.5,46.409755,12.593751,Forni di sopra
530,6,Vv,Velocità vento,,m/s,2026-06-21 16:00:00,3.35333333333333,46.409755,12.593751,Forni di sopra
530,7,VvMax,Velocità vento massima,,m/s,2026-06-21 16:00:00,6.6,46.409755,12.593751,Forni di sopra
530,8,DvMax,Direzione vento della velocità massima,,°N,2026-06-21 16:00:00,320.0,46.409755,12.593751,Forni di sopra
530,23,NIVO,Nivometro,,cm,2026-06-21 16:00:00,9.0,46.409755,12.593751,Forni di sopra
530,32,DvVett,Direzione vento vettoriale,,°N,2026-06-21 16:00:00,322.4,46.409755,12.593751,Forni di sopra
530,33,VvVett,Velocità vento vettoriale,,m/s,2026-06-21 16:00:00,3.26,46.409755,12.593751,Forni di sopra
530,48,CAR,Corrente di carica,,mA,2026-06-21 16:00:00,0.0,46.409755,12.593751,Forni di sopra
530,49,SCAR,Corrente di scarica,,mA,2026-06-21 16:00:00,120.0,46.409755,12.593751,Forni di sopra
530,81,MISxG,Misure xG,,sts,2026-06-21 16:00:00,1.0,46.409755,12.593751,Forni di sopra
532,85,P_1h,Pioggia oraria,,mm,2026-06-21 16:00:00,0.0,46.347423,13.392928,Coritis
532,1,RR,RR,,mm,2026-06-21 16:15:00,0.0,46.347423,13.392928,Coritis
532,2,T,Temperatura aria,,°C,2026-06-21 16:15:00,30.1,46.347423,13.392928,Coritis
532,3,U,Igrometro,,%,2026-06-21 16:15:00,41.6,46.347423,13.392928,Coritis
532,23,NIVO,Nivometro,,cm,2026-06-21 16:15:00,9.0,46.347423,13.392928,Coritis
532,30,P,Pluviometro,,mm,2026-06-21 16:15:00,0.0,46.347423,13.392928,Coritis
532,52,Prec_5_min,Precipitazione 5 min,,mm,2026-06-21 16:15:00,0.0,46.347423,13.392928,Coritis
532,53,Prec_60_min,Precipitazione 60 min,,mm,2026-06-21 16:15:00,0.0,46.347423,13.392928,Coritis
532,54,Prec_3_ore,Precipitazione 3 ore,,mm,2026-06-21 16:15:00,0.0,46.347423,13.392928,Coritis
532,55,Prec_6_ore,Precipitazione 6 ore,,mm,2026-06-21 16:15:00,0.0,46.347423,13.392928,Coritis
532,56,Prec_12_ore,Precipitazione 12 ore,,mm,2026-06-21 16:15:00,0.2,46.347423,13.392928,Coritis
532,57,Prec_24_ore,Precipitazione 24 ore,,mm,2026-06-21 16:15:00,2.8,46.347423,13.392928,Coritis
532,58,Prec_48_ore,Precipitazione 48 ore,,mm,2026-06-21 16:15:00,2.8,46.347423,13.392928,Coritis
532,48,CAR,Corrente di carica,,mA,2026-06-21 16:15:00,270.0,46.347423,13.392928,Coritis
532,49,SCAR,Corrente di scarica,,mA,2026-06-21 16:15:00,97.0,46.347423,13.392928,Coritis
532,143,STSpluv (RAW),Stato Pluv (RAW),,sts,2026-06-21 16:15:00,0.0,46.347423,13.392928,Coritis
533,22,Tm,Temperatura mare,,°C,2026-06-21 16:15:00,26.6666666666667,45.67139,13.39655,Grado mare
534,85,P_1h,Pioggia oraria,,mm,2026-06-21 16:00:00,0.0,46.484141,12.72301,Casera Pieltinis
534,1,RR,RR,,mm,2026-06-21 16:15:00,0.0,46.484141,12.72301,Casera Pieltinis
534,2,T,Temperatura aria,,°C,2026-06-21 16:15:00,19.7,46.484141,12.72301,Casera Pieltinis
534,3,U,Igrometro,,%,2026-06-21 16:15:00,64.3,46.484141,12.72301,Casera Pieltinis
534,5,Dv,Direzione vento,,°N,2026-06-21 16:15:00,75.0,46.484141,12.72301,Casera Pieltinis
534,6,Vv,Velocità vento,,m/s,2026-06-21 16:15:00,0.8,46.484141,12.72301,Casera Pieltinis
534,7,VvMax,Velocità vento massima,,m/s,2026-06-21 16:15:00,1.4,46.484141,12.72301,Casera Pieltinis
534,8,DvMax,Direzione vento della velocità massima,,°N,2026-06-21 16:15:00,93.0,46.484141,12.72301,Casera Pieltinis
534,23,NIVO,Nivometro,,cm,2026-06-21 16:15:00,20.0,46.484141,12.72301,Casera Pieltinis
534,30,P,Pluviometro,,mm,2026-06-21 16:15:00,0.0,46.484141,12.72301,Casera Pieltinis
534,32,DvVett,Direzione vento vettoriale,,°N,2026-06-21 16:15:00,74.0,46.484141,12.72301,Casera Pieltinis
534,33,VvVett,Velocità vento vettoriale,,m/s,2026-06-21 16:15:00,0.6,46.484141,12.72301,Casera Pieltinis
534,52,Prec_5_min,Precipitazione 5 min,,mm,2026-06-21 16:15:00,0.0,46.484141,12.72301,Casera Pieltinis
534,53,Prec_60_min,Precipitazione 60 min,,mm,2026-06-21 16:15:00,0.0,46.484141,12.72301,Casera Pieltinis
534,54,Prec_3_ore,Precipitazione 3 ore,,mm,2026-06-21 16:15:00,0.0,46.484141,12.72301,Casera Pieltinis
534,55,Prec_6_ore,Precipitazione 6 ore,,mm,2026-06-21 16:15:00,0.0,46.484141,12.72301,Casera Pieltinis
534,56,Prec_12_ore,Precipitazione 12 ore,,mm,2026-06-21 16:15:00,0.0,46.484141,12.72301,Casera Pieltinis
534,57,Prec_24_ore,Precipitazione 24 ore,,mm,2026-06-21 16:15:00,1.6,46.484141,12.72301,Casera Pieltinis
534,58,Prec_48_ore,Precipitazione 48 ore,,mm,2026-06-21 16:15:00,11.0,46.484141,12.72301,Casera Pieltinis
535,85,P_1h,Pioggia oraria,,mm,2026-06-21 16:00:00,0.0,46.451796,12.626534,Chiansaveit
535,1,RR,RR,,mm,2026-06-21 16:15:00,0.0,46.451796,12.626534,Chiansaveit
535,2,T,Temperatura aria,,°C,2026-06-21 16:15:00,19.6,46.451796,12.626534,Chiansaveit
535,3,U,Igrometro,,%,2026-06-21 16:15:00,63.7,46.451796,12.626534,Chiansaveit
535,5,Dv,Direzione vento,,°N,2026-06-21 16:15:00,162.0,46.451796,12.626534,Chiansaveit
535,6,Vv,Velocità vento,,m/s,2026-06-21 16:15:00,0.2,46.451796,12.626534,Chiansaveit
535,7,VvMax,Velocità vento massima,,m/s,2026-06-21 16:15:00,1.8,46.451796,12.626534,Chiansaveit
535,8,DvMax,Direzione vento della velocità massima,,°N,2026-06-21 16:15:00,139.0,46.451796,12.626534,Chiansaveit
535,23,NIVO,Nivometro,,cm,2026-06-21 16:15:00,0.0,46.451796,12.626534,Chiansaveit
535,30,P,Pluviometro,,mm,2026-06-21 16:15:00,0.0,46.451796,12.626534,Chiansaveit
535,32,DvVett,Direzione vento vettoriale,,°N,2026-06-21 16:15:00,148.0,46.451796,12.626534,Chiansaveit
535,33,VvVett,Velocità vento vettoriale,,m/s,2026-06-21 16:15:00,0.4,46.451796,12.626534,Chiansaveit
535,52,Prec_5_min,Precipitazione 5 min,,mm,2026-06-21 16:15:00,0.0,46.451796,12.626534,Chiansaveit
535,53,Prec_60_min,Precipitazione 60 min,,mm,2026-06-21 16:15:00,0.0,46.451796,12.626534,Chiansaveit
535,54,Prec_3_ore,Precipitazione 3 ore,,mm,2026-06-21 16:15:00,0.0,46.451796,12.626534,Chiansaveit
535,55,Prec_6_ore,Precipitazione 6 ore,,mm,2026-06-21 16:15:00,0.0,46.451796,12.626534,Chiansaveit
535,56,Prec_12_ore,Precipitazione 12 ore,,mm,2026-06-21 16:15:00,0.0,46.451796,12.626534,Chiansaveit
535,57,Prec_24_ore,Precipitazione 24 ore,,mm,2026-06-21 16:15:00,2.6,46.451796,12.626534,Chiansaveit
535,58,Prec_48_ore,Precipitazione 48 ore,,mm,2026-06-21 16:15:00,12.2,46.451796,12.626534,Chiansaveit
535,48,CAR,Corrente di carica,,mA,2026-06-21 16:15:00,132.0,46.451796,12.626534,Chiansaveit
535,49,SCAR,Corrente di scarica,,mA,2026-06-21 16:15:00,127.0,46.451796,12.626534,Chiansaveit
536,85,P_1h,Pioggia oraria,,mm,2026-06-21 16:00:00,0.0,46.352878,12.67754,Malga Chiampiuz
536,1,RR,RR,,mm,2026-06-21 16:15:00,0.0,46.352878,12.67754,Malga Chiampiuz
536,2,T,Temperatura aria,,°C,2026-06-21 16:15:00,19.5,46.352878,12.67754,Malga Chiampiuz
536,3,U,Igrometro,,%,2026-06-21 16:15:00,65.7,46.352878,12.67754,Malga Chiampiuz
536,5,Dv,Direzione vento,,°N,2026-06-21 16:15:00,231.0,46.352878,12.67754,Malga Chiampiuz
536,6,Vv,Velocità vento,,m/s,2026-06-21 16:15:00,2.3,46.352878,12.67754,Malga Chiampiuz
536,7,VvMax,Velocità vento massima,,m/s,2026-06-21 16:15:00,4.0,46.352878,12.67754,Malga Chiampiuz
536,8,DvMax,Direzione vento della velocità massima,,°N,2026-06-21 16:15:00,230.0,46.352878,12.67754,Malga Chiampiuz
536,23,NIVO,Nivometro,,cm,2026-06-21 16:15:00,6.0,46.352878,12.67754,Malga Chiampiuz
536,30,P,Pluviometro,,mm,2026-06-21 16:15:00,0.0,46.352878,12.67754,Malga Chiampiuz
536,32,DvVett,Direzione vento vettoriale,,°N,2026-06-21 16:15:00,229.0,46.352878,12.67754,Malga Chiampiuz
536,33,VvVett,Velocità vento vettoriale,,m/s,2026-06-21 16:15:00,2.1,46.352878,12.67754,Malga Chiampiuz
536,52,Prec_5_min,Precipitazione 5 min,,mm,2026-06-21 16:15:00,0.0,46.352878,12.67754,Malga Chiampiuz
536,53,Prec_60_min,Precipitazione 60 min,,mm,2026-06-21 16:15:00,0.0,46.352878,12.67754,Malga Chiampiuz
536,54,Prec_3_ore,Precipitazione 3 ore,,mm,2026-06-21 16:15:00,0.0,46.352878,12.67754,Malga Chiampiuz
536,55,Prec_6_ore,Precipitazione 6 ore,,mm,2026-06-21 16:15:00,0.0,46.352878,12.67754,Malga Chiampiuz
536,56,Prec_12_ore,Precipitazione 12 ore,,mm,2026-06-21 16:15:00,0.0,46.352878,12.67754,Malga Chiampiuz
536,57,Prec_24_ore,Precipitazione 24 ore,,mm,2026-06-21 16:15:00,2.2,46.352878,12.67754,Malga Chiampiuz
536,58,Prec_48_ore,Precipitazione 48 ore,,mm,2026-06-21 16:15:00,6.8,46.352878,12.67754,Malga Chiampiuz
537,85,P_1h,Pioggia oraria,,mm,2026-06-21 16:00:00,0.0,46.348537,12.79841,Malga Rest
537,1,RR,RR,,mm,2026-06-21 16:15:00,0.0,46.348537,12.79841,Malga Rest
537,2,T,Temperatura aria,,°C,2026-06-21 16:15:00,20.6,46.348537,12.79841,Malga Rest
537,3,U,Igrometro,,%,2026-06-21 16:15:00,63.7,46.348537,12.79841,Malga Rest
537,5,Dv,Direzione vento,,°N,2026-06-21 16:15:00,153.0,46.348537,12.79841,Malga Rest
537,6,Vv,Velocità vento,,m/s,2026-06-21 16:15:00,2.8,46.348537,12.79841,Malga Rest
537,7,VvMax,Velocità vento massima,,m/s,2026-06-21 16:15:00,3.4,46.348537,12.79841,Malga Rest
537,8,DvMax,Direzione vento della velocità massima,,°N,2026-06-21 16:15:00,159.0,46.348537,12.79841,Malga Rest
537,23,NIVO,Nivometro,,cm,2026-06-21 16:15:00,10.0,46.348537,12.79841,Malga Rest
537,30,P,Pluviometro,,mm,2026-06-21 16:15:00,0.0,46.348537,12.79841,Malga Rest
537,32,DvVett,Direzione vento vettoriale,,°N,2026-06-21 16:15:00,154.0,46.348537,12.79841,Malga Rest
537,33,VvVett,Velocità vento vettoriale,,m/s,2026-06-21 16:15:00,2.7,46.348537,12.79841,Malga Rest
537,52,Prec_5_min,Precipitazione 5 min,,mm,2026-06-21 16:15:00,0.0,46.348537,12.79841,Malga Rest
537,53,Prec_60_min,Precipitazione 60 min,,mm,2026-06-21 16:15:00,0.0,46.348537,12.79841,Malga Rest
537,54,Prec_3_ore,Precipitazione 3 ore,,mm,2026-06-21 16:15:00,0.0,46.348537,12.79841,Malga Rest
537,55,Prec_6_ore,Precipitazione 6 ore,,mm,2026-06-21 16:15:00,0.0,46.348537,12.79841,Malga Rest
537,56,Prec_12_ore,Precipitazione 12 ore,,mm,2026-06-21 16:15:00,0.0,46.348537,12.79841,Malga Rest
537,57,Prec_24_ore,Precipitazione 24 ore,,mm,2026-06-21 16:15:00,1.4,46.348537,12.79841,Malga Rest
537,58,Prec_48_ore,Precipitazione 48 ore,,mm,2026-06-21 16:15:00,2.0,46.348537,12.79841,Malga Rest
537,48,CAR,Corrente di carica,,mA,2026-06-21 16:15:00,28.0,46.348537,12.79841,Malga Rest
537,49,SCAR,Corrente di scarica,,mA,2026-06-21 16:15:00,102.0,46.348537,12.79841,Malga Rest
538,85,P_1h,Pioggia oraria,,mm,2026-06-21 16:00:00,0.0,46.345945,12.590436,Rifugio Pussa
538,1,RR,RR,,mm,2026-06-21 16:15:00,0.0,46.345945,12.590436,Rifugio Pussa
538,2,T,Temperatura aria,,°C,2026-06-21 16:15:00,22.1,46.345945,12.590436,Rifugio Pussa
538,3,U,Igrometro,,%,2026-06-21 16:15:00,72.3,46.345945,12.590436,Rifugio Pussa
538,5,Dv,Direzione vento,,°N,2026-06-21 16:15:00,87.0,46.345945,12.590436,Rifugio Pussa
538,6,Vv,Velocità vento,,m/s,2026-06-21 16:15:00,0.8,46.345945,12.590436,Rifugio Pussa
538,7,VvMax,Velocità vento massima,,m/s,2026-06-21 16:15:00,1.7,46.345945,12.590436,Rifugio Pussa
538,8,DvMax,Direzione vento della velocità massima,,°N,2026-06-21 16:15:00,42.0,46.345945,12.590436,Rifugio Pussa
538,17,B,Barometro,,hPa,2026-06-21 16:15:00,919.3,46.345945,12.590436,Rifugio Pussa
538,18,RG,Radiazione globale,,W/m2,2026-06-21 16:15:00,54.1,46.345945,12.590436,Rifugio Pussa
538,23,NIVO,Nivometro,,cm,2026-06-21 16:15:00,0.0,46.345945,12.590436,Rifugio Pussa
538,30,P,Pluviometro,,mm,2026-06-21 16:15:00,0.0,46.345945,12.590436,Rifugio Pussa
538,32,DvVett,Direzione vento vettoriale,,°N,2026-06-21 16:15:00,81.0,46.345945,12.590436,Rifugio Pussa
538,33,VvVett,Velocità vento vettoriale,,m/s,2026-06-21 16:15:00,0.7,46.345945,12.590436,Rifugio Pussa
538,52,Prec_5_min,Precipitazione 5 min,,mm,2026-06-21 16:15:00,0.0,46.345945,12.590436,Rifugio Pussa
538,53,Prec_60_min,Precipitazione 60 min,,mm,2026-06-21 16:15:00,0.0,46.345945,12.590436,Rifugio Pussa
538,54,Prec_3_ore,Precipitazione 3 ore,,mm,2026-06-21 16:15:00,0.0,46.345945,12.590436,Rifugio Pussa
538,55,Prec_6_ore,Precipitazione 6 ore,,mm,2026-06-21 16:15:00,0.0,46.345945,12.590436,Rifugio Pussa
538,56,Prec_12_ore,Precipitazione 12 ore,,mm,2026-06-21 16:15:00,0.0,46.345945,12.590436,Rifugio Pussa
538,57,Prec_24_ore,Precipitazione 24 ore,,mm,2026-06-21 16:15:00,2.0,46.345945,12.590436,Rifugio Pussa
538,58,Prec_48_ore,Precipitazione 48 ore,,mm,2026-06-21 16:15:00,14.4,46.345945,12.590436,Rifugio Pussa
538,48,CAR,Corrente di carica,,mA,2026-06-21 16:15:00,136.0,46.345945,12.590436,Rifugio Pussa
538,49,SCAR,Corrente di scarica,,mA,2026-06-21 16:15:00,128.0,46.345945,12.590436,Rifugio Pussa
539,85,P_1h,Pioggia oraria,,mm,2026-06-21 16:00:00,0.6,46.45473,12.559611,Varmost M.te Simone
539,1,RR,RR,,mm,2026-06-21 16:30:00,0.0,46.45473,12.559611,Varmost M.te Simone
539,2,T,Temperatura aria,,°C,2026-06-21 16:30:00,17.2,46.45473,12.559611,Varmost M.te Simone
539,3,U,Igrometro,,%,2026-06-21 16:30:00,68.6,46.45473,12.559611,Varmost M.te Simone
539,5,Dv,Direzione vento,,°N,2026-06-21 16:30:00,18.0,46.45473,12.559611,Varmost M.te Simone
539,6,Vv,Velocità vento,,m/s,2026-06-21 16:30:00,1.2,46.45473,12.559611,Varmost M.te Simone
539,7,VvMax,Velocità vento massima,,m/s,2026-06-21 16:30:00,3.6,46.45473,12.559611,Varmost M.te Simone
539,8,DvMax,Direzione vento della velocità massima,,°N,2026-06-21 16:30:00,336.0,46.45473,12.559611,Varmost M.te Simone
539,23,NIVO,Nivometro,,cm,2026-06-21 16:30:00,2.0,46.45473,12.559611,Varmost M.te Simone
539,30,P,Pluviometro,,mm,2026-06-21 16:30:00,0.0,46.45473,12.559611,Varmost M.te Simone
539,32,DvVett,Direzione vento vettoriale,,°N,2026-06-21 16:30:00,12.0,46.45473,12.559611,Varmost M.te Simone
539,33,VvVett,Velocità vento vettoriale,,m/s,2026-06-21 16:30:00,1.5,46.45473,12.559611,Varmost M.te Simone
539,52,Prec_5_min,Precipitazione 5 min,,mm,2026-06-21 16:30:00,0.0,46.45473,12.559611,Varmost M.te Simone
539,53,Prec_60_min,Precipitazione 60 min,,mm,2026-06-21 16:30:00,0.8,46.45473,12.559611,Varmost M.te Simone
539,54,Prec_3_ore,Precipitazione 3 ore,,mm,2026-06-21 16:30:00,0.8,46.45473,12.559611,Varmost M.te Simone
539,55,Prec_6_ore,Precipitazione 6 ore,,mm,2026-06-21 16:30:00,0.8,46.45473,12.559611,Varmost M.te Simone
539,56,Prec_12_ore,Precipitazione 12 ore,,mm,2026-06-21 16:30:00,0.8,46.45473,12.559611,Varmost M.te Simone
539,57,Prec_24_ore,Precipitazione 24 ore,,mm,2026-06-21 16:30:00,4.0,46.45473,12.559611,Varmost M.te Simone
539,58,Prec_48_ore,Precipitazione 48 ore,,mm,2026-06-21 16:30:00,6.8,46.45473,12.559611,Varmost M.te Simone
539,48,CAR,Corrente di carica,,mA,2026-06-21 16:30:00,0.0,46.45473,12.559611,Varmost M.te Simone
539,49,SCAR,Corrente di scarica,,mA,2026-06-21 16:30:00,78.0,46.45473,12.559611,Varmost M.te Simone
540,24,IDRO,Idrometro,,m,2026-06-21 16:15:00,0.6,46.404051,12.929658,Invillino F. Tagliamento
541,85,P_1h,Pioggia oraria,,mm,2026-06-21 16:00:00,0.0,46.37434,13.47033,Livinal Lunc
541,1,RR,RR,,mm,2026-06-21 16:15:00,0.0,46.37434,13.47033,Livinal Lunc
541,2,T,Temperatura aria,,°C,2026-06-21 16:15:00,19.4,46.37434,13.47033,Livinal Lunc
541,3,U,Igrometro,,%,2026-06-21 16:15:00,64.3,46.37434,13.47033,Livinal Lunc
541,5,Dv,Direzione vento,,°N,2026-06-21 16:15:00,10.0,46.37434,13.47033,Livinal Lunc
541,6,Vv,Velocità vento,,m/s,2026-06-21 16:15:00,1.8,46.37434,13.47033,Livinal Lunc
541,7,VvMax,Velocità vento massima,,m/s,2026-06-21 16:15:00,4.1,46.37434,13.47033,Livinal Lunc
541,8,DvMax,Direzione vento della velocità massima,,°N,2026-06-21 16:15:00,27.0,46.37434,13.47033,Livinal Lunc
541,18,RG,Radiazione globale,,W/m2,2026-06-21 16:15:00,233.3,46.37434,13.47033,Livinal Lunc
541,23,NIVO,Nivometro,,cm,2026-06-21 16:15:00,0.0,46.37434,13.47033,Livinal Lunc
541,30,P,Pluviometro,,mm,2026-06-21 16:15:00,0.0,46.37434,13.47033,Livinal Lunc
541,32,DvVett,Direzione vento vettoriale,,°N,2026-06-21 16:15:00,11.0,46.37434,13.47033,Livinal Lunc
541,33,VvVett,Velocità vento vettoriale,,m/s,2026-06-21 16:15:00,1.7,46.37434,13.47033,Livinal Lunc
541,59,Tn0cm,Temperatura neve 0 cm,,°C,2026-06-21 16:15:00,24.2,46.37434,13.47033,Livinal Lunc
541,42,Tn30cm,Temperatura neve 30 cm,,°C,2026-06-21 16:15:00,24.2,46.37434,13.47033,Livinal Lunc
541,60,Tn60cm,Temperatura neve 60 cm,,°C,2026-06-21 16:15:00,22.9,46.37434,13.47033,Livinal Lunc
541,61,Tn90cm,Temperatura neve 90 cm,,°C,2026-06-21 16:15:00,21.5,46.37434,13.47033,Livinal Lunc
541,62,TnIR,Temperatura neve IR,,°C,2026-06-21 16:15:00,23.6,46.37434,13.47033,Livinal Lunc
541,63,Rr,Radiazione riflessa,,W/m2,2026-06-21 16:15:00,0.0,46.37434,13.47033,Livinal Lunc
541,64,Tamb,Temperatura ambiente SOMMER,,°C,2026-06-21 16:15:00,19.7,46.37434,13.47033,Livinal Lunc
541,52,Prec_5_min,Precipitazione 5 min,,mm,2026-06-21 16:15:00,0.0,46.37434,13.47033,Livinal Lunc
541,53,Prec_60_min,Precipitazione 60 min,,mm,2026-06-21 16:15:00,0.0,46.37434,13.47033,Livinal Lunc
541,54,Prec_3_ore,Precipitazione 3 ore,,mm,2026-06-21 16:15:00,0.0,46.37434,13.47033,Livinal Lunc
541,55,Prec_6_ore,Precipitazione 6 ore,,mm,2026-06-21 16:15:00,0.0,46.37434,13.47033,Livinal Lunc
541,56,Prec_12_ore,Precipitazione 12 ore,,mm,2026-06-21 16:15:00,0.0,46.37434,13.47033,Livinal Lunc
541,57,Prec_24_ore,Precipitazione 24 ore,,mm,2026-06-21 16:15:00,4.6,46.37434,13.47033,Livinal Lunc
541,58,Prec_48_ore,Precipitazione 48 ore,,mm,2026-06-21 16:15:00,4.6,46.37434,13.47033,Livinal Lunc
541,48,CAR,Corrente di carica,,mA,2026-06-21 16:15:00,379.0,46.37434,13.47033,Livinal Lunc
541,49,SCAR,Corrente di scarica,,mA,2026-06-21 16:15:00,142.0,46.37434,13.47033,Livinal Lunc
542,85,P_1h,Pioggia oraria,,mm,2026-06-21 16:00:00,0.0,46.3906,13.47604,Sella Nevea
542,2,T,Temperatura aria,,°C,2026-06-21 16:15:00,26.1,46.3906,13.47604,Sella Nevea
542,3,U,Igrometro,,%,2026-06-21 16:15:00,51.0,46.3906,13.47604,Sella Nevea
542,23,NIVO,Nivometro,,cm,2026-06-21 16:15:00,0.0,46.3906,13.47604,Sella Nevea
542,1,RR,RR,,mm,2026-06-21 16:15:00,0.0,46.3906,13.47604,Sella Nevea
542,30,P,Pluviometro,,mm,2026-06-21 16:15:00,0.0,46.3906,13.47604,Sella Nevea
542,52,Prec_5_min,Precipitazione 5 min,,mm,2026-06-21 16:15:00,0.0,46.3906,13.47604,Sella Nevea
542,53,Prec_60_min,Precipitazione 60 min,,mm,2026-06-21 16:15:00,0.0,46.3906,13.47604,Sella Nevea
542,54,Prec_3_ore,Precipitazione 3 ore,,mm,2026-06-21 16:15:00,0.0,46.3906,13.47604,Sella Nevea
542,55,Prec_6_ore,Precipitazione 6 ore,,mm,2026-06-21 16:15:00,0.0,46.3906,13.47604,Sella Nevea
542,56,Prec_12_ore,Precipitazione 12 ore,,mm,2026-06-21 16:15:00,0.0,46.3906,13.47604,Sella Nevea
542,57,Prec_24_ore,Precipitazione 24 ore,,mm,2026-06-21 16:15:00,3.8,46.3906,13.47604,Sella Nevea
542,58,Prec_48_ore,Precipitazione 48 ore,,mm,2026-06-21 16:15:00,3.8,46.3906,13.47604,Sella Nevea
542,48,CAR,Corrente di carica,,mA,2026-06-21 16:15:00,0.0,46.3906,13.47604,Sella Nevea
542,49,SCAR,Corrente di scarica,,mA,2026-06-21 16:15:00,39.0,46.3906,13.47604,Sella Nevea
542,143,STSpluv (RAW),Stato Pluv (RAW),,sts,2026-06-21 16:15:00,0.0,46.3906,13.47604,Sella Nevea
543,24,IDRO,Idrometro,,m,2026-06-21 16:15:00,2.64,45.950911,12.502155,Sacile
543,2,T,Temperatura aria,,°C,2026-06-21 16:15:00,35.4,45.950911,12.502155,Sacile
543,48,CAR,Corrente di carica,,mA,2026-06-21 16:15:00,58.0,45.950911,12.502155,Sacile
543,49,SCAR,Corrente di scarica,,mA,2026-06-21 16:15:00,17.0,45.950911,12.502155,Sacile
543,3,U,Igrometro,,%,2026-06-21 16:15:00,31.8,45.950911,12.502155,Sacile
544,85,P_1h,Pioggia oraria,,mm,2026-06-21 16:00:00,0.0,45.760264,13.692423,Prepotto_TS
544,1,RR,RR,,mm,2026-06-21 16:15:00,0.0,45.760264,13.692423,Prepotto_TS
544,2,T,Temperatura aria,,°C,2026-06-21 16:15:00,31.4,45.760264,13.692423,Prepotto_TS
544,3,U,Igrometro,,%,2026-06-21 16:15:00,47.6,45.760264,13.692423,Prepotto_TS
544,4,BF,Bagnatura fogliare,,min,2026-06-21 16:15:00,0.0,45.760264,13.692423,Prepotto_TS
544,30,P,Pluviometro,,mm,2026-06-21 16:15:00,0.0,45.760264,13.692423,Prepotto_TS
544,52,Prec_5_min,Precipitazione 5 min,,mm,2026-06-21 16:15:00,0.0,45.760264,13.692423,Prepotto_TS
544,53,Prec_60_min,Precipitazione 60 min,,mm,2026-06-21 16:15:00,0.0,45.760264,13.692423,Prepotto_TS
544,54,Prec_3_ore,Precipitazione 3 ore,,mm,2026-06-21 16:15:00,0.0,45.760264,13.692423,Prepotto_TS
544,55,Prec_6_ore,Precipitazione 6 ore,,mm,2026-06-21 16:15:00,0.0,45.760264,13.692423,Prepotto_TS
544,56,Prec_12_ore,Precipitazione 12 ore,,mm,2026-06-21 16:15:00,0.0,45.760264,13.692423,Prepotto_TS
544,57,Prec_24_ore,Precipitazione 24 ore,,mm,2026-06-21 16:15:00,0.0,45.760264,13.692423,Prepotto_TS
544,58,Prec_48_ore,Precipitazione 48 ore,,mm,2026-06-21 16:15:00,0.0,45.760264,13.692423,Prepotto_TS
544,48,CAR,Corrente di carica,,mA,2026-06-21 16:15:00,141.0,45.760264,13.692423,Prepotto_TS
544,49,SCAR,Corrente di scarica,,mA,2026-06-21 16:15:00,34.0,45.760264,13.692423,Prepotto_TS
545,1,RR,RR,,mm,2026-06-21 16:00:00,0.0,45.702031,13.729317,Contovello
545,2,T,Temperatura aria,,°C,2026-06-21 16:00:00,30.8,45.702031,13.729317,Contovello
545,3,U,Igrometro,,%,2026-06-21 16:00:00,49.0,45.702031,13.729317,Contovello
545,4,BF,Bagnatura fogliare,,min,2026-06-21 16:00:00,0.0,45.702031,13.729317,Contovello
545,18,RG,Radiazione globale,,W/m2,2026-06-21 16:00:00,427.8,45.702031,13.729317,Contovello
545,30,P,Pluviometro,,mm,2026-06-21 16:00:00,0.0,45.702031,13.729317,Contovello
545,52,Prec_5_min,Precipitazione 5 min,,mm,2026-06-21 16:00:00,0.0,45.702031,13.729317,Contovello
545,53,Prec_60_min,Precipitazione 60 min,,mm,2026-06-21 16:00:00,0.0,45.702031,13.729317,Contovello
545,54,Prec_3_ore,Precipitazione 3 ore,,mm,2026-06-21 16:00:00,0.0,45.702031,13.729317,Contovello
545,55,Prec_6_ore,Precipitazione 6 ore,,mm,2026-06-21 16:00:00,0.0,45.702031,13.729317,Contovello
545,56,Prec_12_ore,Precipitazione 12 ore,,mm,2026-06-21 16:00:00,0.0,45.702031,13.729317,Contovello
545,57,Prec_24_ore,Precipitazione 24 ore,,mm,2026-06-21 16:00:00,0.0,45.702031,13.729317,Contovello
545,58,Prec_48_ore,Precipitazione 48 ore,,mm,2026-06-21 16:00:00,0.0,45.702031,13.729317,Contovello
545,85,P_1h,Pioggia oraria,,mm,2026-06-21 16:00:00,0.0,45.702031,13.729317,Contovello
545,48,CAR,Corrente di carica,,mA,2026-06-21 16:00:00,11.0,45.702031,13.729317,Contovello
545,49,SCAR,Corrente di scarica,,mA,2026-06-21 16:00:00,40.0,45.702031,13.729317,Contovello
546,85,P_1h,Pioggia oraria,,mm,2026-06-21 16:00:00,0.0,46.456698,13.248559,Bivacco Bianchi
546,1,RR,RR,,mm,2026-06-21 16:15:00,0.0,46.456698,13.248559,Bivacco Bianchi
546,2,T,Temperatura aria,,°C,2026-06-21 16:15:00,20.2,46.456698,13.248559,Bivacco Bianchi
546,3,U,Igrometro,,%,2026-06-21 16:15:00,66.9,46.456698,13.248559,Bivacco Bianchi
546,5,Dv,Direzione vento,,°N,2026-06-21 16:15:00,233.0,46.456698,13.248559,Bivacco Bianchi
546,6,Vv,Velocità vento,,m/s,2026-06-21 16:15:00,1.0,46.456698,13.248559,Bivacco Bianchi
546,7,VvMax,Velocità vento massima,,m/s,2026-06-21 16:15:00,2.2,46.456698,13.248559,Bivacco Bianchi
546,8,DvMax,Direzione vento della velocità massima,,°N,2026-06-21 16:15:00,207.0,46.456698,13.248559,Bivacco Bianchi
546,23,NIVO,Nivometro,,cm,2026-06-21 16:15:00,11.0,46.456698,13.248559,Bivacco Bianchi
546,30,P,Pluviometro,,mm,2026-06-21 16:15:00,0.0,46.456698,13.248559,Bivacco Bianchi
546,32,DvVett,Direzione vento vettoriale,,°N,2026-06-21 16:15:00,225.0,46.456698,13.248559,Bivacco Bianchi
546,33,VvVett,Velocità vento vettoriale,,m/s,2026-06-21 16:15:00,0.7,46.456698,13.248559,Bivacco Bianchi
546,52,Prec_5_min,Precipitazione 5 min,,mm,2026-06-21 16:15:00,0.0,46.456698,13.248559,Bivacco Bianchi
546,53,Prec_60_min,Precipitazione 60 min,,mm,2026-06-21 16:15:00,0.0,46.456698,13.248559,Bivacco Bianchi
546,54,Prec_3_ore,Precipitazione 3 ore,,mm,2026-06-21 16:15:00,0.0,46.456698,13.248559,Bivacco Bianchi
546,55,Prec_6_ore,Precipitazione 6 ore,,mm,2026-06-21 16:15:00,0.0,46.456698,13.248559,Bivacco Bianchi
546,56,Prec_12_ore,Precipitazione 12 ore,,mm,2026-06-21 16:15:00,0.0,46.456698,13.248559,Bivacco Bianchi
546,57,Prec_24_ore,Precipitazione 24 ore,,mm,2026-06-21 16:15:00,4.6,46.456698,13.248559,Bivacco Bianchi
546,58,Prec_48_ore,Precipitazione 48 ore,,mm,2026-06-21 16:15:00,4.6,46.456698,13.248559,Bivacco Bianchi
547,85,P_1h,Pioggia oraria,,mm,2026-06-21 16:00:00,0.0,46.48154,13.140573,Casera del Mestri
547,48,CAR,Corrente di carica,,mA,2026-06-21 16:15:00,194.0,46.48154,13.140573,Casera del Mestri
547,49,SCAR,Corrente di scarica,,mA,2026-06-21 16:15:00,111.0,46.48154,13.140573,Casera del Mestri
547,1,RR,RR,,mm,2026-06-21 16:15:00,0.0,46.48154,13.140573,Casera del Mestri
547,2,T,Temperatura aria,,°C,2026-06-21 16:15:00,22.5,46.48154,13.140573,Casera del Mestri
547,3,U,Igrometro,,%,2026-06-21 16:15:00,56.5,46.48154,13.140573,Casera del Mestri
547,5,Dv,Direzione vento,,°N,2026-06-21 16:15:00,274.0,46.48154,13.140573,Casera del Mestri
547,6,Vv,Velocità vento,,m/s,2026-06-21 16:15:00,1.2,46.48154,13.140573,Casera del Mestri
547,7,VvMax,Velocità vento massima,,m/s,2026-06-21 16:15:00,3.3,46.48154,13.140573,Casera del Mestri
547,8,DvMax,Direzione vento della velocità massima,,°N,2026-06-21 16:15:00,319.0,46.48154,13.140573,Casera del Mestri
547,23,NIVO,Nivometro,,cm,2026-06-21 16:15:00,14.0,46.48154,13.140573,Casera del Mestri
547,30,P,Pluviometro,,mm,2026-06-21 16:15:00,0.0,46.48154,13.140573,Casera del Mestri
547,32,DvVett,Direzione vento vettoriale,,°N,2026-06-21 16:15:00,298.0,46.48154,13.140573,Casera del Mestri
547,33,VvVett,Velocità vento vettoriale,,m/s,2026-06-21 16:15:00,0.6,46.48154,13.140573,Casera del Mestri
547,52,Prec_5_min,Precipitazione 5 min,,mm,2026-06-21 16:15:00,0.0,46.48154,13.140573,Casera del Mestri
547,53,Prec_60_min,Precipitazione 60 min,,mm,2026-06-21 16:15:00,0.0,46.48154,13.140573,Casera del Mestri
547,54,Prec_3_ore,Precipitazione 3 ore,,mm,2026-06-21 16:15:00,0.0,46.48154,13.140573,Casera del Mestri
547,55,Prec_6_ore,Precipitazione 6 ore,,mm,2026-06-21 16:15:00,0.0,46.48154,13.140573,Casera del Mestri
547,56,Prec_12_ore,Precipitazione 12 ore,,mm,2026-06-21 16:15:00,0.0,46.48154,13.140573,Casera del Mestri
547,57,Prec_24_ore,Precipitazione 24 ore,,mm,2026-06-21 16:15:00,4.33333333333333,46.48154,13.140573,Casera del Mestri
547,58,Prec_48_ore,Precipitazione 48 ore,,mm,2026-06-21 16:15:00,5.6,46.48154,13.140573,Casera del Mestri
548,85,P_1h,Pioggia oraria,,mm,2026-06-21 16:00:00,0.0,46.290642,13.350665,Gran Monte
548,1,RR,RR,,mm,2026-06-21 16:15:00,0.0,46.290642,13.350665,Gran Monte
548,2,T,Temperatura aria,,°C,2026-06-21 16:15:00,22.3,46.290642,13.350665,Gran Monte
548,3,U,Igrometro,,%,2026-06-21 16:15:00,66.6,46.290642,13.350665,Gran Monte
548,5,Dv,Direzione vento,,°N,2026-06-21 16:15:00,61.0,46.290642,13.350665,Gran Monte
548,6,Vv,Velocità vento,,m/s,2026-06-21 16:15:00,0.8,46.290642,13.350665,Gran Monte
548,7,VvMax,Velocità vento massima,,m/s,2026-06-21 16:15:00,3.7,46.290642,13.350665,Gran Monte
548,8,DvMax,Direzione vento della velocità massima,,°N,2026-06-21 16:15:00,136.0,46.290642,13.350665,Gran Monte
548,23,NIVO,Nivometro,,cm,2026-06-21 16:15:00,6.0,46.290642,13.350665,Gran Monte
548,30,P,Pluviometro,,mm,2026-06-21 16:15:00,0.0,46.290642,13.350665,Gran Monte
548,32,DvVett,Direzione vento vettoriale,,°N,2026-06-21 16:15:00,45.0,46.290642,13.350665,Gran Monte
548,33,VvVett,Velocità vento vettoriale,,m/s,2026-06-21 16:15:00,1.0,46.290642,13.350665,Gran Monte
548,52,Prec_5_min,Precipitazione 5 min,,mm,2026-06-21 16:15:00,0.0,46.290642,13.350665,Gran Monte
548,53,Prec_60_min,Precipitazione 60 min,,mm,2026-06-21 16:15:00,0.0,46.290642,13.350665,Gran Monte
548,54,Prec_3_ore,Precipitazione 3 ore,,mm,2026-06-21 16:15:00,0.0,46.290642,13.350665,Gran Monte
548,55,Prec_6_ore,Precipitazione 6 ore,,mm,2026-06-21 16:15:00,0.0,46.290642,13.350665,Gran Monte
548,56,Prec_12_ore,Precipitazione 12 ore,,mm,2026-06-21 16:15:00,0.0,46.290642,13.350665,Gran Monte
548,57,Prec_24_ore,Precipitazione 24 ore,,mm,2026-06-21 16:15:00,5.6,46.290642,13.350665,Gran Monte
548,58,Prec_48_ore,Precipitazione 48 ore,,mm,2026-06-21 16:15:00,5.6,46.290642,13.350665,Gran Monte
548,48,CAR,Corrente di carica,,mA,2026-06-21 16:15:00,246.0,46.290642,13.350665,Gran Monte
548,49,SCAR,Corrente di scarica,,mA,2026-06-21 16:15:00,96.0,46.290642,13.350665,Gran Monte
549,85,P_1h,Pioggia oraria,,mm,2026-06-21 16:00:00,0.0,46.410423,12.862513,Enemonzo
549,1,RR,RR,,mm,2026-06-21 16:30:00,0.0,46.410423,12.862513,Enemonzo
549,2,T,Temperatura aria,,°C,2026-06-21 16:30:00,26.8733333333333,46.410423,12.862513,Enemonzo
549,3,U,Igrometro,,%,2026-06-21 16:30:00,66.06,46.410423,12.862513,Enemonzo
549,5,Dv,Direzione vento,,°N,2026-06-21 16:30:00,299.666666666667,46.410423,12.862513,Enemonzo
549,6,Vv,Velocità vento,,m/s,2026-06-21 16:30:00,2.67333333333333,46.410423,12.862513,Enemonzo
549,7,VvMax,Velocità vento massima,,m/s,2026-06-21 16:30:00,4.3,46.410423,12.862513,Enemonzo
549,8,DvMax,Direzione vento della velocità massima,,°N,2026-06-21 16:30:00,306.8,46.410423,12.862513,Enemonzo
549,17,B,Barometro,,hPa,2026-06-21 16:30:00,968.38,46.410423,12.862513,Enemonzo
549,18,RG,Radiazione globale,,W/m2,2026-06-21 16:30:00,69.4733333333333,46.410423,12.862513,Enemonzo
549,21,T-10,Temperatura -10,,°C,2026-06-21 16:30:00,27.0,46.410423,12.862513,Enemonzo
549,30,P,Pluviometro,,mm,2026-06-21 16:30:00,0.0,46.410423,12.862513,Enemonzo
549,32,DvVett,Direzione vento vettoriale,,°N,2026-06-21 16:30:00,300.0,46.410423,12.862513,Enemonzo
549,33,VvVett,Velocità vento vettoriale,,m/s,2026-06-21 16:30:00,2.63333333333333,46.410423,12.862513,Enemonzo
549,52,Prec_5_min,Precipitazione 5 min,,mm,2026-06-21 16:30:00,0.0,46.410423,12.862513,Enemonzo
549,53,Prec_60_min,Precipitazione 60 min,,mm,2026-06-21 16:30:00,0.0,46.410423,12.862513,Enemonzo
549,54,Prec_3_ore,Precipitazione 3 ore,,mm,2026-06-21 16:30:00,0.0,46.410423,12.862513,Enemonzo
549,55,Prec_6_ore,Precipitazione 6 ore,,mm,2026-06-21 16:30:00,0.0,46.410423,12.862513,Enemonzo
549,56,Prec_12_ore,Precipitazione 12 ore,,mm,2026-06-21 16:30:00,0.0,46.410423,12.862513,Enemonzo
549,57,Prec_24_ore,Precipitazione 24 ore,,mm,2026-06-21 16:30:00,1.1,46.410423,12.862513,Enemonzo
549,58,Prec_48_ore,Precipitazione 48 ore,,mm,2026-06-21 16:30:00,2.3,46.410423,12.862513,Enemonzo
549,81,MISxG,Misure xG,,sts,2026-06-21 16:30:00,1.0,46.410423,12.862513,Enemonzo
550,24,IDRO,Idrometro,,m,2026-06-21 16:15:00,0.02,46.217139108931,13.223274350166,Tarcento Idro
551,85,P_1h,Pioggia oraria,,mm,2026-06-21 16:00:00,0.0,46.076489,12.768772,Vivaro
551,1,RR,RR,,mm,2026-06-21 16:15:00,0.0,46.076489,12.768772,Vivaro
551,2,T,Temperatura aria,,°C,2026-06-21 16:15:00,32.9866666666667,46.076489,12.768772,Vivaro
551,3,U,Igrometro,,%,2026-06-21 16:15:00,47.7466666666667,46.076489,12.768772,Vivaro
551,4,BF,Bagnatura fogliare,,min,2026-06-21 16:15:00,0.0,46.076489,12.768772,Vivaro
551,5,Dv,Direzione vento,,°N,2026-06-21 16:15:00,217.0,46.076489,12.768772,Vivaro
551,6,Vv,Velocità vento,,m/s,2026-06-21 16:15:00,2.14,46.076489,12.768772,Vivaro
551,7,VvMax,Velocità vento massima,,m/s,2026-06-21 16:15:00,4.1,46.076489,12.768772,Vivaro
551,8,DvMax,Direzione vento della velocità massima,,°N,2026-06-21 16:15:00,210.4,46.076489,12.768772,Vivaro
551,13,Dv2,Direzione vento 2 metri,,°N,2026-06-21 16:15:00,217.0,46.076489,12.768772,Vivaro
551,14,Vv2,Velocità vento 2 metri,,m/s,2026-06-21 16:15:00,1.15333333333333,46.076489,12.768772,Vivaro
551,15,Vv2max,Velocità vento massima 2 metri,,m/s,2026-06-21 16:15:00,1.7,46.076489,12.768772,Vivaro
551,16,Dv2max,Direzione vento della velocità massima 2 metri,,°N,2026-06-21 16:15:00,215.2,46.076489,12.768772,Vivaro
551,17,B,Barometro,,hPa,2026-06-21 16:15:00,1000.8,46.076489,12.768772,Vivaro
551,18,RG,Radiazione globale,,W/m2,2026-06-21 16:15:00,429.113333333333,46.076489,12.768772,Vivaro
551,19,T50,Temperatura 50,,°C,2026-06-21 16:15:00,33.78,46.076489,12.768772,Vivaro
551,20,T0,Temperatura 0,,°C,2026-06-21 16:15:00,32.2866666666667,46.076489,12.768772,Vivaro
551,21,T-10,Temperatura -10,,°C,2026-06-21 16:15:00,26.0,46.076489,12.768772,Vivaro
551,30,P,Pluviometro,,mm,2026-06-21 16:15:00,0.0,46.076489,12.768772,Vivaro
551,32,DvVett,Direzione vento vettoriale,,°N,2026-06-21 16:15:00,216.6,46.076489,12.768772,Vivaro
551,33,VvVett,Velocità vento vettoriale,,m/s,2026-06-21 16:15:00,2.08,46.076489,12.768772,Vivaro
551,36,Dv2vett,Direzione vento 2 metri vett,,°N,2026-06-21 16:15:00,216.933333333333,46.076489,12.768772,Vivaro
551,37,Vv2vett,Velocità vento 2 metri vett,,m/s,2026-06-21 16:15:00,1.10666666666667,46.076489,12.768772,Vivaro
551,52,Prec_5_min,Precipitazione 5 min,,mm,2026-06-21 16:15:00,0.0,46.076489,12.768772,Vivaro
551,53,Prec_60_min,Precipitazione 60 min,,mm,2026-06-21 16:15:00,0.0,46.076489,12.768772,Vivaro
551,54,Prec_3_ore,Precipitazione 3 ore,,mm,2026-06-21 16:15:00,0.0,46.076489,12.768772,Vivaro
551,55,Prec_6_ore,Precipitazione 6 ore,,mm,2026-06-21 16:15:00,0.0,46.076489,12.768772,Vivaro
551,56,Prec_12_ore,Precipitazione 12 ore,,mm,2026-06-21 16:15:00,0.0,46.076489,12.768772,Vivaro
551,57,Prec_24_ore,Precipitazione 24 ore,,mm,2026-06-21 16:15:00,10.0,46.076489,12.768772,Vivaro
551,58,Prec_48_ore,Precipitazione 48 ore,,mm,2026-06-21 16:15:00,10.0,46.076489,12.768772,Vivaro
551,81,MISxG,Misure xG,,sts,2026-06-21 16:15:00,1.0,46.076489,12.768772,Vivaro
552,85,P_1h,Pioggia oraria,,mm,2026-06-21 16:00:00,0.0,45.895674,12.815004,San Vito al Tagliamento
552,1,RR,RR,,mm,2026-06-21 16:15:00,0.0,45.895674,12.815004,San Vito al Tagliamento
552,2,T,Temperatura aria,,°C,2026-06-21 16:15:00,34.18,45.895674,12.815004,San Vito al Tagliamento
552,3,U,Igrometro,,%,2026-06-21 16:15:00,47.76,45.895674,12.815004,San Vito al Tagliamento
552,4,BF,Bagnatura fogliare,,min,2026-06-21 16:15:00,0.0,45.895674,12.815004,San Vito al Tagliamento
552,5,Dv,Direzione vento,,°N,2026-06-21 16:15:00,246.333333333333,45.895674,12.815004,San Vito al Tagliamento
552,6,Vv,Velocità vento,,m/s,2026-06-21 16:15:00,2.51333333333333,45.895674,12.815004,San Vito al Tagliamento
552,7,VvMax,Velocità vento massima,,m/s,2026-06-21 16:15:00,4.3,45.895674,12.815004,San Vito al Tagliamento
552,8,DvMax,Direzione vento della velocità massima,,°N,2026-06-21 16:15:00,248.4,45.895674,12.815004,San Vito al Tagliamento
552,13,Dv2,Direzione vento 2 metri,,°N,2026-06-21 16:15:00,246.333333333333,45.895674,12.815004,San Vito al Tagliamento
552,14,Vv2,Velocità vento 2 metri,,m/s,2026-06-21 16:15:00,1.28666666666667,45.895674,12.815004,San Vito al Tagliamento
552,15,Vv2max,Velocità vento massima 2 metri,,m/s,2026-06-21 16:15:00,2.05333333333333,45.895674,12.815004,San Vito al Tagliamento
552,16,Dv2max,Direzione vento della velocità massima 2 metri,,°N,2026-06-21 16:15:00,245.733333333333,45.895674,12.815004,San Vito al Tagliamento
552,17,B,Barometro,,hPa,2026-06-21 16:15:00,1018.2,45.895674,12.815004,San Vito al Tagliamento
552,18,RG,Radiazione globale,,W/m2,2026-06-21 16:15:00,375.966666666667,45.895674,12.815004,San Vito al Tagliamento
552,19,T50,Temperatura 50,,°C,2026-06-21 16:15:00,34.9,45.895674,12.815004,San Vito al Tagliamento
552,20,T0,Temperatura 0,,°C,2026-06-21 16:15:00,33.9333333333333,45.895674,12.815004,San Vito al Tagliamento
552,21,T-10,Temperatura -10,,°C,2026-06-21 16:15:00,27.7,45.895674,12.815004,San Vito al Tagliamento
552,30,P,Pluviometro,,mm,2026-06-21 16:15:00,0.0,45.895674,12.815004,San Vito al Tagliamento
552,32,DvVett,Direzione vento vettoriale,,°N,2026-06-21 16:15:00,246.933333333333,45.895674,12.815004,San Vito al Tagliamento
552,33,VvVett,Velocità vento vettoriale,,m/s,2026-06-21 16:15:00,2.47333333333333,45.895674,12.815004,San Vito al Tagliamento
552,36,Dv2vett,Direzione vento 2 metri vett,,°N,2026-06-21 16:15:00,246.266666666667,45.895674,12.815004,San Vito al Tagliamento
552,37,Vv2vett,Velocità vento 2 metri vett,,m/s,2026-06-21 16:15:00,1.28,45.895674,12.815004,San Vito al Tagliamento
552,52,Prec_5_min,Precipitazione 5 min,,mm,2026-06-21 16:15:00,0.0,45.895674,12.815004,San Vito al Tagliamento
552,53,Prec_60_min,Precipitazione 60 min,,mm,2026-06-21 16:15:00,0.0,45.895674,12.815004,San Vito al Tagliamento
552,54,Prec_3_ore,Precipitazione 3 ore,,mm,2026-06-21 16:15:00,0.0,45.895674,12.815004,San Vito al Tagliamento
552,55,Prec_6_ore,Precipitazione 6 ore,,mm,2026-06-21 16:15:00,0.0,45.895674,12.815004,San Vito al Tagliamento
552,56,Prec_12_ore,Precipitazione 12 ore,,mm,2026-06-21 16:15:00,0.0,45.895674,12.815004,San Vito al Tagliamento
552,57,Prec_24_ore,Precipitazione 24 ore,,mm,2026-06-21 16:15:00,0.0,45.895674,12.815004,San Vito al Tagliamento
552,58,Prec_48_ore,Precipitazione 48 ore,,mm,2026-06-21 16:15:00,0.0,45.895674,12.815004,San Vito al Tagliamento
552,81,MISxG,Misure xG,,sts,2026-06-21 16:15:00,1.0,45.895674,12.815004,San Vito al Tagliamento
553,85,P_1h,Pioggia oraria,,mm,2026-06-21 16:00:00,0.0,45.917922,12.544995,Brugnera
553,1,RR,RR,,mm,2026-06-21 16:15:00,0.0,45.917922,12.544995,Brugnera
553,2,T,Temperatura aria,,°C,2026-06-21 16:15:00,34.6466666666667,45.917922,12.544995,Brugnera
553,3,U,Igrometro,,%,2026-06-21 16:15:00,41.3733333333333,45.917922,12.544995,Brugnera
553,4,BF,Bagnatura fogliare,,min,2026-06-21 16:15:00,0.0,45.917922,12.544995,Brugnera
553,5,Dv,Direzione vento,,°N,2026-06-21 16:15:00,228.6,45.917922,12.544995,Brugnera
553,6,Vv,Velocità vento,,m/s,2026-06-21 16:15:00,2.35333333333333,45.917922,12.544995,Brugnera
553,7,VvMax,Velocità vento massima,,m/s,2026-06-21 16:15:00,4.1,45.917922,12.544995,Brugnera
553,8,DvMax,Direzione vento della velocità massima,,°N,2026-06-21 16:15:00,227.066666666667,45.917922,12.544995,Brugnera
553,13,Dv2,Direzione vento 2 metri,,°N,2026-06-21 16:15:00,228.6,45.917922,12.544995,Brugnera
553,14,Vv2,Velocità vento 2 metri,,m/s,2026-06-21 16:15:00,1.50666666666667,45.917922,12.544995,Brugnera
553,15,Vv2max,Velocità vento massima 2 metri,,m/s,2026-06-21 16:15:00,2.22666666666667,45.917922,12.544995,Brugnera
553,16,Dv2max,Direzione vento della velocità massima 2 metri,,°N,2026-06-21 16:15:00,232.8,45.917922,12.544995,Brugnera
553,17,B,Barometro,,hPa,2026-06-21 16:15:00,1018.05333333333,45.917922,12.544995,Brugnera
553,18,RG,Radiazione globale,,W/m2,2026-06-21 16:15:00,438.28,45.917922,12.544995,Brugnera
553,19,T50,Temperatura 50,,°C,2026-06-21 16:15:00,34.8466666666667,45.917922,12.544995,Brugnera
553,20,T0,Temperatura 0,,°C,2026-06-21 16:15:00,32.6666666666667,45.917922,12.544995,Brugnera
553,21,T-10,Temperatura -10,,°C,2026-06-21 16:15:00,28.4,45.917922,12.544995,Brugnera
553,30,P,Pluviometro,,mm,2026-06-21 16:15:00,0.0,45.917922,12.544995,Brugnera
553,32,DvVett,Direzione vento vettoriale,,°N,2026-06-21 16:15:00,228.2,45.917922,12.544995,Brugnera
553,33,VvVett,Velocità vento vettoriale,,m/s,2026-06-21 16:15:00,2.32666666666667,45.917922,12.544995,Brugnera
553,36,Dv2vett,Direzione vento 2 metri vett,,°N,2026-06-21 16:15:00,229.333333333333,45.917922,12.544995,Brugnera
553,37,Vv2vett,Velocità vento 2 metri vett,,m/s,2026-06-21 16:15:00,1.48,45.917922,12.544995,Brugnera
553,52,Prec_5_min,Precipitazione 5 min,,mm,2026-06-21 16:15:00,0.0,45.917922,12.544995,Brugnera
553,53,Prec_60_min,Precipitazione 60 min,,mm,2026-06-21 16:15:00,0.0,45.917922,12.544995,Brugnera
553,54,Prec_3_ore,Precipitazione 3 ore,,mm,2026-06-21 16:15:00,0.0,45.917922,12.544995,Brugnera
553,55,Prec_6_ore,Precipitazione 6 ore,,mm,2026-06-21 16:15:00,0.0,45.917922,12.544995,Brugnera
553,56,Prec_12_ore,Precipitazione 12 ore,,mm,2026-06-21 16:15:00,0.0,45.917922,12.544995,Brugnera
553,57,Prec_24_ore,Precipitazione 24 ore,,mm,2026-06-21 16:15:00,0.0,45.917922,12.544995,Brugnera
553,58,Prec_48_ore,Precipitazione 48 ore,,mm,2026-06-21 16:15:00,0.0,45.917922,12.544995,Brugnera
553,81,MISxG,Misure xG,,sts,2026-06-21 16:15:00,1.0,45.917922,12.544995,Brugnera
554,85,P_1h,Pioggia oraria,,mm,2026-06-21 16:00:00,0.0,45.889803,13.48185,Gradisca S+M
554,1,RR,RR,,mm,2026-06-21 16:15:00,0.0,45.889803,13.48185,Gradisca S+M
554,2,T,Temperatura aria,,°C,2026-06-21 16:15:00,35.5733333333333,45.889803,13.48185,Gradisca S+M
554,3,U,Igrometro,,%,2026-06-21 16:15:00,38.36,45.889803,13.48185,Gradisca S+M
554,4,BF,Bagnatura fogliare,,min,2026-06-21 16:15:00,0.0,45.889803,13.48185,Gradisca S+M
554,5,Dv,Direzione vento,,°N,2026-06-21 16:15:00,238.066666666667,45.889803,13.48185,Gradisca S+M
554,6,Vv,Velocità vento,,m/s,2026-06-21 16:15:00,3.39333333333333,45.889803,13.48185,Gradisca S+M
554,7,VvMax,Velocità vento massima,,m/s,2026-06-21 16:15:00,4.8,45.889803,13.48185,Gradisca S+M
554,8,DvMax,Direzione vento della velocità massima,,°N,2026-06-21 16:15:00,238.266666666667,45.889803,13.48185,Gradisca S+M
554,13,Dv2,Direzione vento 2 metri,,°N,2026-06-21 16:15:00,238.066666666667,45.889803,13.48185,Gradisca S+M
554,14,Vv2,Velocità vento 2 metri,,m/s,2026-06-21 16:15:00,2.24666666666667,45.889803,13.48185,Gradisca S+M
554,15,Vv2max,Velocità vento massima 2 metri,,m/s,2026-06-21 16:15:00,3.04666666666667,45.889803,13.48185,Gradisca S+M
554,16,Dv2max,Direzione vento della velocità massima 2 metri,,°N,2026-06-21 16:15:00,236.666666666667,45.889803,13.48185,Gradisca S+M
554,17,B,Barometro,,hPa,2026-06-21 16:15:00,1014.52,45.889803,13.48185,Gradisca S+M
554,18,RG,Radiazione globale,,W/m2,2026-06-21 16:15:00,384.353333333333,45.889803,13.48185,Gradisca S+M
554,19,T50,Temperatura 50,,°C,2026-06-21 16:15:00,36.0066666666667,45.889803,13.48185,Gradisca S+M
554,20,T0,Temperatura 0,,°C,2026-06-21 16:15:00,37.7066666666667,45.889803,13.48185,Gradisca S+M
554,21,T-10,Temperatura -10,,°C,2026-06-21 16:15:00,28.2,45.889803,13.48185,Gradisca S+M
554,30,P,Pluviometro,,mm,2026-06-21 16:15:00,0.0,45.889803,13.48185,Gradisca S+M
554,32,DvVett,Direzione vento vettoriale,,°N,2026-06-21 16:15:00,237.933333333333,45.889803,13.48185,Gradisca S+M
554,33,VvVett,Velocità vento vettoriale,,m/s,2026-06-21 16:15:00,3.36,45.889803,13.48185,Gradisca S+M
554,36,Dv2vett,Direzione vento 2 metri vett,,°N,2026-06-21 16:15:00,238.0,45.889803,13.48185,Gradisca S+M
554,37,Vv2vett,Velocità vento 2 metri vett,,m/s,2026-06-21 16:15:00,2.24,45.889803,13.48185,Gradisca S+M
554,52,Prec_5_min,Precipitazione 5 min,,mm,2026-06-21 16:15:00,0.0,45.889803,13.48185,Gradisca S+M
554,53,Prec_60_min,Precipitazione 60 min,,mm,2026-06-21 16:15:00,0.0,45.889803,13.48185,Gradisca S+M
554,54,Prec_3_ore,Precipitazione 3 ore,,mm,2026-06-21 16:15:00,0.0,45.889803,13.48185,Gradisca S+M
554,55,Prec_6_ore,Precipitazione 6 ore,,mm,2026-06-21 16:15:00,0.0,45.889803,13.48185,Gradisca S+M
554,56,Prec_12_ore,Precipitazione 12 ore,,mm,2026-06-21 16:15:00,0.0,45.889803,13.48185,Gradisca S+M
554,57,Prec_24_ore,Precipitazione 24 ore,,mm,2026-06-21 16:15:00,0.0,45.889803,13.48185,Gradisca S+M
554,58,Prec_48_ore,Precipitazione 48 ore,,mm,2026-06-21 16:15:00,0.0,45.889803,13.48185,Gradisca S+M
554,81,MISxG,Misure xG,,sts,2026-06-21 16:15:00,1.0,45.889803,13.48185,Gradisca S+M
554,140,Vvmax1s,Velocità vento massima su 1s,,m/s,2026-06-21 16:15:00,4.15333333333333,45.889803,13.48185,Gradisca S+M
554,141,DvMax1s,Direzione vento della velocità massima su 1s,,°N,2026-06-21 16:15:00,236.133333333333,45.889803,13.48185,Gradisca S+M
554,48,CAR,Corrente di carica,,mA,2026-06-21 16:15:00,0.0,45.889803,13.48185,Gradisca S+M
554,49,SCAR,Corrente di scarica,,mA,2026-06-21 16:15:00,146.0,45.889803,13.48185,Gradisca S+M
554,143,STSpluv (RAW),Stato Pluv (RAW),,sts,2026-06-21 16:15:00,0.0,45.889803,13.48185,Gradisca S+M
555,85,P_1h,Pioggia oraria,,mm,2026-06-21 16:00:00,0.0,45.737831,13.741996,Sgonico
555,1,RR,RR,,mm,2026-06-21 16:15:00,0.0,45.737831,13.741996,Sgonico
555,2,T,Temperatura aria,,°C,2026-06-21 16:15:00,31.3066666666667,45.737831,13.741996,Sgonico
555,3,U,Igrometro,,%,2026-06-21 16:15:00,43.48,45.737831,13.741996,Sgonico
555,4,BF,Bagnatura fogliare,,min,2026-06-21 16:15:00,0.0,45.737831,13.741996,Sgonico
555,5,Dv,Direzione vento,,°N,2026-06-21 16:15:00,197.733333333333,45.737831,13.741996,Sgonico
555,6,Vv,Velocità vento,,m/s,2026-06-21 16:15:00,1.6,45.737831,13.741996,Sgonico
555,7,VvMax,Velocità vento massima,,m/s,2026-06-21 16:15:00,3.5,45.737831,13.741996,Sgonico
555,8,DvMax,Direzione vento della velocità massima,,°N,2026-06-21 16:15:00,196.8,45.737831,13.741996,Sgonico
555,13,Dv2,Direzione vento 2 metri,,°N,2026-06-21 16:15:00,197.533333333333,45.737831,13.741996,Sgonico
555,14,Vv2,Velocità vento 2 metri,,m/s,2026-06-21 16:15:00,1.17333333333333,45.737831,13.741996,Sgonico
555,15,Vv2max,Velocità vento massima 2 metri,,m/s,2026-06-21 16:15:00,1.75333333333333,45.737831,13.741996,Sgonico
555,16,Dv2max,Direzione vento della velocità massima 2 metri,,°N,2026-06-21 16:15:00,202.066666666667,45.737831,13.741996,Sgonico
555,17,B,Barometro,,hPa,2026-06-21 16:15:00,989.626666666667,45.737831,13.741996,Sgonico
555,18,RG,Radiazione globale,,W/m2,2026-06-21 16:15:00,379.533333333333,45.737831,13.741996,Sgonico
555,19,T50,Temperatura 50,,°C,2026-06-21 16:15:00,33.4533333333333,45.737831,13.741996,Sgonico
555,20,T0,Temperatura 0,,°C,2026-06-21 16:15:00,35.5533333333333,45.737831,13.741996,Sgonico
555,21,T-10,Temperatura -10,,°C,2026-06-21 16:15:00,23.5133333333333,45.737831,13.741996,Sgonico
555,30,P,Pluviometro,,mm,2026-06-21 16:15:00,0.0,45.737831,13.741996,Sgonico
555,32,DvVett,Direzione vento vettoriale,,°N,2026-06-21 16:15:00,198.266666666667,45.737831,13.741996,Sgonico
555,33,VvVett,Velocità vento vettoriale,,m/s,2026-06-21 16:15:00,1.51333333333333,45.737831,13.741996,Sgonico
555,36,Dv2vett,Direzione vento 2 metri vett,,°N,2026-06-21 16:15:00,197.866666666667,45.737831,13.741996,Sgonico
555,37,Vv2vett,Velocità vento 2 metri vett,,m/s,2026-06-21 16:15:00,1.08666666666667,45.737831,13.741996,Sgonico
555,52,Prec_5_min,Precipitazione 5 min,,mm,2026-06-21 16:15:00,0.0,45.737831,13.741996,Sgonico
555,53,Prec_60_min,Precipitazione 60 min,,mm,2026-06-21 16:15:00,0.0,45.737831,13.741996,Sgonico
555,54,Prec_3_ore,Precipitazione 3 ore,,mm,2026-06-21 16:15:00,0.0,45.737831,13.741996,Sgonico
555,55,Prec_6_ore,Precipitazione 6 ore,,mm,2026-06-21 16:15:00,0.0,45.737831,13.741996,Sgonico
555,56,Prec_12_ore,Precipitazione 12 ore,,mm,2026-06-21 16:15:00,0.0,45.737831,13.741996,Sgonico
555,57,Prec_24_ore,Precipitazione 24 ore,,mm,2026-06-21 16:15:00,0.0,45.737831,13.741996,Sgonico
555,58,Prec_48_ore,Precipitazione 48 ore,,mm,2026-06-21 16:15:00,0.0,45.737831,13.741996,Sgonico
555,81,MISxG,Misure xG,,sts,2026-06-21 16:15:00,1.0,45.737831,13.741996,Sgonico
555,140,Vvmax1s,Velocità vento massima su 1s,,m/s,2026-06-21 16:15:00,2.38666666666667,45.737831,13.741996,Sgonico
555,141,DvMax1s,Direzione vento della velocità massima su 1s,,°N,2026-06-21 16:15:00,199.4,45.737831,13.741996,Sgonico
556,85,P_1h,Pioggia oraria,,mm,2026-06-21 16:00:00,0.0,45.952356,13.002779,Codroipo S+M
556,1,RR,RR,,mm,2026-06-21 16:15:00,0.0,45.952356,13.002779,Codroipo S+M
556,2,T,Temperatura aria,,°C,2026-06-21 16:15:00,34.4066666666667,45.952356,13.002779,Codroipo S+M
556,3,U,Igrometro,,%,2026-06-21 16:15:00,48.9866666666667,45.952356,13.002779,Codroipo S+M
556,5,Dv,Direzione vento,,°N,2026-06-21 16:15:00,258.066666666667,45.952356,13.002779,Codroipo S+M
556,6,Vv,Velocità vento,,m/s,2026-06-21 16:15:00,1.30666666666667,45.952356,13.002779,Codroipo S+M
556,7,VvMax,Velocità vento massima,,m/s,2026-06-21 16:15:00,3.8,45.952356,13.002779,Codroipo S+M
556,8,DvMax,Direzione vento della velocità massima,,°N,2026-06-21 16:15:00,273.333333333333,45.952356,13.002779,Codroipo S+M
556,17,B,Barometro,,hPa,2026-06-21 16:15:00,1014.40666666667,45.952356,13.002779,Codroipo S+M
556,18,RG,Radiazione globale,,W/m2,2026-06-21 16:15:00,374.52,45.952356,13.002779,Codroipo S+M
556,19,T50,Temperatura 50,,°C,2026-06-21 16:15:00,36.4133333333333,45.952356,13.002779,Codroipo S+M
556,20,T0,Temperatura 0,,°C,2026-06-21 16:15:00,32.52,45.952356,13.002779,Codroipo S+M
556,21,T-10,Temperatura -10,,°C,2026-06-21 16:15:00,27.3,45.952356,13.002779,Codroipo S+M
556,30,P,Pluviometro,,mm,2026-06-21 16:15:00,0.0,45.952356,13.002779,Codroipo S+M
556,32,DvVett,Direzione vento vettoriale,,°N,2026-06-21 16:15:00,260.066666666667,45.952356,13.002779,Codroipo S+M
556,33,VvVett,Velocità vento vettoriale,,m/s,2026-06-21 16:15:00,1.25333333333333,45.952356,13.002779,Codroipo S+M
556,52,Prec_5_min,Precipitazione 5 min,,mm,2026-06-21 16:15:00,0.0,45.952356,13.002779,Codroipo S+M
556,53,Prec_60_min,Precipitazione 60 min,,mm,2026-06-21 16:15:00,0.0,45.952356,13.002779,Codroipo S+M
556,54,Prec_3_ore,Precipitazione 3 ore,,mm,2026-06-21 16:15:00,0.0,45.952356,13.002779,Codroipo S+M
556,55,Prec_6_ore,Precipitazione 6 ore,,mm,2026-06-21 16:15:00,0.0,45.952356,13.002779,Codroipo S+M
556,56,Prec_12_ore,Precipitazione 12 ore,,mm,2026-06-21 16:15:00,0.0,45.952356,13.002779,Codroipo S+M
556,57,Prec_24_ore,Precipitazione 24 ore,,mm,2026-06-21 16:15:00,0.0,45.952356,13.002779,Codroipo S+M
556,58,Prec_48_ore,Precipitazione 48 ore,,mm,2026-06-21 16:15:00,0.0,45.952356,13.002779,Codroipo S+M
556,81,MISxG,Misure xG,,sts,2026-06-21 16:15:00,1.0,45.952356,13.002779,Codroipo S+M
558,85,P_1h,Pioggia oraria,,mm,2026-06-21 16:00:00,0.0,46.035204,13.226687,Udine S+M
558,1,RR,RR,,mm,2026-06-21 16:15:00,0.0,46.035204,13.226687,Udine S+M
558,2,T,Temperatura aria,,°C,2026-06-21 16:15:00,34.3266666666667,46.035204,13.226687,Udine S+M
558,3,U,Igrometro,,%,2026-06-21 16:15:00,39.1066666666667,46.035204,13.226687,Udine S+M
558,4,BF,Bagnatura fogliare,,min,2026-06-21 16:15:00,0.0,46.035204,13.226687,Udine S+M
558,5,Dv,Direzione vento,,°N,2026-06-21 16:15:00,285.4,46.035204,13.226687,Udine S+M
558,6,Vv,Velocità vento,,m/s,2026-06-21 16:15:00,2.94,46.035204,13.226687,Udine S+M
558,7,VvMax,Velocità vento massima,,m/s,2026-06-21 16:15:00,5.1,46.035204,13.226687,Udine S+M
558,8,DvMax,Direzione vento della velocità massima,,°N,2026-06-21 16:15:00,286.4,46.035204,13.226687,Udine S+M
558,13,Dv2,Direzione vento 2 metri,,°N,2026-06-21 16:15:00,285.4,46.035204,13.226687,Udine S+M
558,14,Vv2,Velocità vento 2 metri,,m/s,2026-06-21 16:15:00,2.18666666666667,46.035204,13.226687,Udine S+M
558,15,Vv2max,Velocità vento massima 2 metri,,m/s,2026-06-21 16:15:00,3.13333333333333,46.035204,13.226687,Udine S+M
558,16,Dv2max,Direzione vento della velocità massima 2 metri,,°N,2026-06-21 16:15:00,279.8,46.035204,13.226687,Udine S+M
558,17,B,Barometro,,hPa,2026-06-21 16:15:00,1011.28666666667,46.035204,13.226687,Udine S+M
558,18,RG,Radiazione globale,,W/m2,2026-06-21 16:15:00,382.84,46.035204,13.226687,Udine S+M
558,19,T50,Temperatura 50,,°C,2026-06-21 16:15:00,34.18,46.035204,13.226687,Udine S+M
558,20,T0,Temperatura 0,,°C,2026-06-21 16:15:00,33.7866666666667,46.035204,13.226687,Udine S+M
558,21,T-10,Temperatura -10,,°C,2026-06-21 16:15:00,27.9133333333333,46.035204,13.226687,Udine S+M
558,30,P,Pluviometro,,mm,2026-06-21 16:15:00,0.0,46.035204,13.226687,Udine S+M
558,32,DvVett,Direzione vento vettoriale,,°N,2026-06-21 16:15:00,285.4,46.035204,13.226687,Udine S+M
558,33,VvVett,Velocità vento vettoriale,,m/s,2026-06-21 16:15:00,2.88666666666667,46.035204,13.226687,Udine S+M
558,36,Dv2vett,Direzione vento 2 metri vett,,°N,2026-06-21 16:15:00,284.866666666667,46.035204,13.226687,Udine S+M
558,37,Vv2vett,Velocità vento 2 metri vett,,m/s,2026-06-21 16:15:00,2.14,46.035204,13.226687,Udine S+M
558,52,Prec_5_min,Precipitazione 5 min,,mm,2026-06-21 16:15:00,0.0,46.035204,13.226687,Udine S+M
558,53,Prec_60_min,Precipitazione 60 min,,mm,2026-06-21 16:15:00,0.0,46.035204,13.226687,Udine S+M
558,54,Prec_3_ore,Precipitazione 3 ore,,mm,2026-06-21 16:15:00,0.0,46.035204,13.226687,Udine S+M
558,55,Prec_6_ore,Precipitazione 6 ore,,mm,2026-06-21 16:15:00,0.0,46.035204,13.226687,Udine S+M
558,56,Prec_12_ore,Precipitazione 12 ore,,mm,2026-06-21 16:15:00,0.0,46.035204,13.226687,Udine S+M
558,57,Prec_24_ore,Precipitazione 24 ore,,mm,2026-06-21 16:15:00,0.0,46.035204,13.226687,Udine S+M
558,58,Prec_48_ore,Precipitazione 48 ore,,mm,2026-06-21 16:15:00,0.0,46.035204,13.226687,Udine S+M
558,81,MISxG,Misure xG,,sts,2026-06-21 16:15:00,1.0,46.035204,13.226687,Udine S+M
558,48,CAR,Corrente di carica,,mA,2026-06-21 16:15:00,0.0,46.035204,13.226687,Udine S+M
558,49,SCAR,Corrente di scarica,,mA,2026-06-21 16:15:00,175.0,46.035204,13.226687,Udine S+M
558,143,STSpluv (RAW),Stato Pluv (RAW),,sts,2026-06-21 16:15:00,2.0,46.035204,13.226687,Udine S+M
559,85,P_1h,Pioggia oraria,,mm,2026-06-21 16:00:00,0.0,45.882299,13.155793,Talmassons
559,1,RR,RR,,mm,2026-06-21 16:15:00,0.0,45.882299,13.155793,Talmassons
559,2,T,Temperatura aria,,°C,2026-06-21 16:15:00,35.3133333333333,45.882299,13.155793,Talmassons
559,3,U,Igrometro,,%,2026-06-21 16:15:00,42.1066666666667,45.882299,13.155793,Talmassons
559,4,BF,Bagnatura fogliare,,min,2026-06-21 16:15:00,0.0,45.882299,13.155793,Talmassons
559,5,Dv,Direzione vento,,°N,2026-06-21 16:15:00,262.533333333333,45.882299,13.155793,Talmassons
559,6,Vv,Velocità vento,,m/s,2026-06-21 16:15:00,3.35333333333333,45.882299,13.155793,Talmassons
559,7,VvMax,Velocità vento massima,,m/s,2026-06-21 16:15:00,4.6,45.882299,13.155793,Talmassons
559,8,DvMax,Direzione vento della velocità massima,,°N,2026-06-21 16:15:00,261.8,45.882299,13.155793,Talmassons
559,13,Dv2,Direzione vento 2 metri,,°N,2026-06-21 16:15:00,262.533333333333,45.882299,13.155793,Talmassons
559,14,Vv2,Velocità vento 2 metri,,m/s,2026-06-21 16:15:00,2.56666666666667,45.882299,13.155793,Talmassons
559,15,Vv2max,Velocità vento massima 2 metri,,m/s,2026-06-21 16:15:00,3.29333333333333,45.882299,13.155793,Talmassons
559,16,Dv2max,Direzione vento della velocità massima 2 metri,,°N,2026-06-21 16:15:00,265.8,45.882299,13.155793,Talmassons
559,17,B,Barometro,,hPa,2026-06-21 16:15:00,1019.52,45.882299,13.155793,Talmassons
559,18,RG,Radiazione globale,,W/m2,2026-06-21 16:15:00,379.16,45.882299,13.155793,Talmassons
559,19,T50,Temperatura 50,,°C,2026-06-21 16:15:00,35.7,45.882299,13.155793,Talmassons
559,20,T0,Temperatura 0,,°C,2026-06-21 16:15:00,29.48,45.882299,13.155793,Talmassons
559,21,T-10,Temperatura -10,,°C,2026-06-21 16:15:00,22.5933333333333,45.882299,13.155793,Talmassons
559,30,P,Pluviometro,,mm,2026-06-21 16:15:00,0.0,45.882299,13.155793,Talmassons
559,32,DvVett,Direzione vento vettoriale,,°N,2026-06-21 16:15:00,262.533333333333,45.882299,13.155793,Talmassons
559,33,VvVett,Velocità vento vettoriale,,m/s,2026-06-21 16:15:00,3.32666666666667,45.882299,13.155793,Talmassons
559,36,Dv2vett,Direzione vento 2 metri vett,,°N,2026-06-21 16:15:00,262.8,45.882299,13.155793,Talmassons
559,37,Vv2vett,Velocità vento 2 metri vett,,m/s,2026-06-21 16:15:00,2.54,45.882299,13.155793,Talmassons
559,52,Prec_5_min,Precipitazione 5 min,,mm,2026-06-21 16:15:00,0.0,45.882299,13.155793,Talmassons
559,53,Prec_60_min,Precipitazione 60 min,,mm,2026-06-21 16:15:00,0.0,45.882299,13.155793,Talmassons
559,54,Prec_3_ore,Precipitazione 3 ore,,mm,2026-06-21 16:15:00,0.0,45.882299,13.155793,Talmassons
559,55,Prec_6_ore,Precipitazione 6 ore,,mm,2026-06-21 16:15:00,0.0,45.882299,13.155793,Talmassons
559,56,Prec_12_ore,Precipitazione 12 ore,,mm,2026-06-21 16:15:00,0.0,45.882299,13.155793,Talmassons
559,57,Prec_24_ore,Precipitazione 24 ore,,mm,2026-06-21 16:15:00,0.0,45.882299,13.155793,Talmassons
559,58,Prec_48_ore,Precipitazione 48 ore,,mm,2026-06-21 16:15:00,0.0,45.882299,13.155793,Talmassons
559,81,MISxG,Misure xG,,sts,2026-06-21 16:15:00,1.0,45.882299,13.155793,Talmassons
559,48,CAR,Corrente di carica,,mA,2026-06-21 16:15:00,0.0,45.882299,13.155793,Talmassons
559,49,SCAR,Corrente di scarica,,mA,2026-06-21 16:15:00,171.0,45.882299,13.155793,Talmassons
559,143,STSpluv (RAW),Stato Pluv (RAW),,sts,2026-06-21 16:15:00,0.0,45.882299,13.155793,Talmassons
560,85,P_1h,Pioggia oraria,,mm,2026-06-21 16:00:00,0.0,45.805698,13.052581,Palazzolo S+M
560,1,RR,RR,,mm,2026-06-21 16:15:00,0.0,45.805698,13.052581,Palazzolo S+M
560,2,T,Temperatura aria,,°C,2026-06-21 16:15:00,35.1,45.805698,13.052581,Palazzolo S+M
560,3,U,Igrometro,,%,2026-06-21 16:15:00,41.26,45.805698,13.052581,Palazzolo S+M
560,4,BF,Bagnatura fogliare,,min,2026-06-21 16:15:00,0.0,45.805698,13.052581,Palazzolo S+M
560,5,Dv,Direzione vento,,°N,2026-06-21 16:15:00,268.333333333333,45.805698,13.052581,Palazzolo S+M
560,6,Vv,Velocità vento,,m/s,2026-06-21 16:15:00,3.38,45.805698,13.052581,Palazzolo S+M
560,7,VvMax,Velocità vento massima,,m/s,2026-06-21 16:15:00,4.9,45.805698,13.052581,Palazzolo S+M
560,8,DvMax,Direzione vento della velocità massima,,°N,2026-06-21 16:15:00,269.266666666667,45.805698,13.052581,Palazzolo S+M
560,13,Dv2,Direzione vento 2 metri,,°N,2026-06-21 16:15:00,268.333333333333,45.805698,13.052581,Palazzolo S+M
560,14,Vv2,Velocità vento 2 metri,,m/s,2026-06-21 16:15:00,1.78666666666667,45.805698,13.052581,Palazzolo S+M
560,15,Vv2max,Velocità vento massima 2 metri,,m/s,2026-06-21 16:15:00,2.43333333333333,45.805698,13.052581,Palazzolo S+M
560,16,Dv2max,Direzione vento della velocità massima 2 metri,,°N,2026-06-21 16:15:00,266.266666666667,45.805698,13.052581,Palazzolo S+M
560,17,B,Barometro,,hPa,2026-06-21 16:15:00,1019.86666666667,45.805698,13.052581,Palazzolo S+M
560,18,RG,Radiazione globale,,W/m2,2026-06-21 16:15:00,367.08,45.805698,13.052581,Palazzolo S+M
560,19,T50,Temperatura 50,,°C,2026-06-21 16:15:00,36.48,45.805698,13.052581,Palazzolo S+M
560,20,T0,Temperatura 0,,°C,2026-06-21 16:15:00,33.5866666666667,45.805698,13.052581,Palazzolo S+M
560,21,T-10,Temperatura -10,,°C,2026-06-21 16:15:00,22.5,45.805698,13.052581,Palazzolo S+M
560,30,P,Pluviometro,,mm,2026-06-21 16:15:00,0.0,45.805698,13.052581,Palazzolo S+M
560,32,DvVett,Direzione vento vettoriale,,°N,2026-06-21 16:15:00,268.333333333333,45.805698,13.052581,Palazzolo S+M
560,33,VvVett,Velocità vento vettoriale,,m/s,2026-06-21 16:15:00,3.37333333333333,45.805698,13.052581,Palazzolo S+M
560,36,Dv2vett,Direzione vento 2 metri vett,,°N,2026-06-21 16:15:00,268.0,45.805698,13.052581,Palazzolo S+M
560,37,Vv2vett,Velocità vento 2 metri vett,,m/s,2026-06-21 16:15:00,1.77333333333333,45.805698,13.052581,Palazzolo S+M
560,52,Prec_5_min,Precipitazione 5 min,,mm,2026-06-21 16:15:00,0.0,45.805698,13.052581,Palazzolo S+M
560,53,Prec_60_min,Precipitazione 60 min,,mm,2026-06-21 16:15:00,0.0,45.805698,13.052581,Palazzolo S+M
560,54,Prec_3_ore,Precipitazione 3 ore,,mm,2026-06-21 16:15:00,0.0,45.805698,13.052581,Palazzolo S+M
560,55,Prec_6_ore,Precipitazione 6 ore,,mm,2026-06-21 16:15:00,0.0,45.805698,13.052581,Palazzolo S+M
560,56,Prec_12_ore,Precipitazione 12 ore,,mm,2026-06-21 16:15:00,0.0,45.805698,13.052581,Palazzolo S+M
560,57,Prec_24_ore,Precipitazione 24 ore,,mm,2026-06-21 16:15:00,0.0,45.805698,13.052581,Palazzolo S+M
560,58,Prec_48_ore,Precipitazione 48 ore,,mm,2026-06-21 16:15:00,0.0,45.805698,13.052581,Palazzolo S+M
560,48,CAR,Corrente di carica,,mA,2026-06-21 16:15:00,0.0,45.805698,13.052581,Palazzolo S+M
560,49,SCAR,Corrente di scarica,,mA,2026-06-21 16:15:00,141.0,45.805698,13.052581,Palazzolo S+M
560,81,MISxG,Misure xG,,sts,2026-06-21 16:15:00,1.0,45.805698,13.052581,Palazzolo S+M
560,143,STSpluv (RAW),Stato Pluv (RAW),,sts,2026-06-21 16:15:00,0.0,45.805698,13.052581,Palazzolo S+M
561,85,P_1h,Pioggia oraria,,mm,2026-06-21 16:00:00,0.0,45.714761,13.45882,Fossalon
561,1,RR,RR,,mm,2026-06-21 16:15:00,0.0,45.714761,13.45882,Fossalon
561,2,T,Temperatura aria,,°C,2026-06-21 16:15:00,31.44,45.714761,13.45882,Fossalon
561,3,U,Igrometro,,%,2026-06-21 16:15:00,59.9733333333333,45.714761,13.45882,Fossalon
561,4,BF,Bagnatura fogliare,,min,2026-06-21 16:15:00,0.0,45.714761,13.45882,Fossalon
561,5,Dv,Direzione vento,,°N,2026-06-21 16:15:00,210.2,45.714761,13.45882,Fossalon
561,6,Vv,Velocità vento,,m/s,2026-06-21 16:15:00,3.91333333333333,45.714761,13.45882,Fossalon
561,7,VvMax,Velocità vento massima,,m/s,2026-06-21 16:15:00,6.4,45.714761,13.45882,Fossalon
561,8,DvMax,Direzione vento della velocità massima,,°N,2026-06-21 16:15:00,208.2,45.714761,13.45882,Fossalon
561,13,Dv2,Direzione vento 2 metri,,°N,2026-06-21 16:15:00,210.2,45.714761,13.45882,Fossalon
561,14,Vv2,Velocità vento 2 metri,,m/s,2026-06-21 16:15:00,2.41333333333333,45.714761,13.45882,Fossalon
561,15,Vv2max,Velocità vento massima 2 metri,,m/s,2026-06-21 16:15:00,3.46,45.714761,13.45882,Fossalon
561,16,Dv2max,Direzione vento della velocità massima 2 metri,,°N,2026-06-21 16:15:00,212.6,45.714761,13.45882,Fossalon
561,17,B,Barometro,,hPa,2026-06-21 16:15:00,1019.25333333333,45.714761,13.45882,Fossalon
561,18,RG,Radiazione globale,,W/m2,2026-06-21 16:15:00,387.44,45.714761,13.45882,Fossalon
561,19,T50,Temperatura 50,,°C,2026-06-21 16:15:00,31.7266666666667,45.714761,13.45882,Fossalon
561,20,T0,Temperatura 0,,°C,2026-06-21 16:15:00,39.46,45.714761,13.45882,Fossalon
561,21,T-10,Temperatura -10,,°C,2026-06-21 16:15:00,27.3,45.714761,13.45882,Fossalon
561,30,P,Pluviometro,,mm,2026-06-21 16:15:00,0.0,45.714761,13.45882,Fossalon
561,32,DvVett,Direzione vento vettoriale,,°N,2026-06-21 16:15:00,210.4,45.714761,13.45882,Fossalon
561,33,VvVett,Velocità vento vettoriale,,m/s,2026-06-21 16:15:00,3.89333333333333,45.714761,13.45882,Fossalon
561,36,Dv2vett,Direzione vento 2 metri vett,,°N,2026-06-21 16:15:00,210.4,45.714761,13.45882,Fossalon
561,37,Vv2vett,Velocità vento 2 metri vett,,m/s,2026-06-21 16:15:00,2.39333333333333,45.714761,13.45882,Fossalon
561,52,Prec_5_min,Precipitazione 5 min,,mm,2026-06-21 16:15:00,0.0,45.714761,13.45882,Fossalon
561,53,Prec_60_min,Precipitazione 60 min,,mm,2026-06-21 16:15:00,0.0,45.714761,13.45882,Fossalon
561,54,Prec_3_ore,Precipitazione 3 ore,,mm,2026-06-21 16:15:00,0.0,45.714761,13.45882,Fossalon
561,55,Prec_6_ore,Precipitazione 6 ore,,mm,2026-06-21 16:15:00,0.0,45.714761,13.45882,Fossalon
561,56,Prec_12_ore,Precipitazione 12 ore,,mm,2026-06-21 16:15:00,0.0,45.714761,13.45882,Fossalon
561,57,Prec_24_ore,Precipitazione 24 ore,,mm,2026-06-21 16:15:00,0.0,45.714761,13.45882,Fossalon
561,58,Prec_48_ore,Precipitazione 48 ore,,mm,2026-06-21 16:15:00,0.0,45.714761,13.45882,Fossalon
561,81,MISxG,Misure xG,,sts,2026-06-21 16:15:00,1.0,45.714761,13.45882,Fossalon
561,48,CAR,Corrente di carica,,mA,2026-06-21 16:15:00,0.0,45.714761,13.45882,Fossalon
561,49,SCAR,Corrente di scarica,,mA,2026-06-21 16:15:00,178.733333333333,45.714761,13.45882,Fossalon
561,143,STSpluv (RAW),Stato Pluv (RAW),,sts,2026-06-21 16:15:00,0.0,45.714761,13.45882,Fossalon
562,85,P_1h,Pioggia oraria,,mm,2026-06-21 16:00:00,0.0,46.261279,13.12209,Gemona S+M
562,1,RR,RR,,mm,2026-06-21 16:15:00,0.0,46.261279,13.12209,Gemona S+M
562,2,T,Temperatura aria,,°C,2026-06-21 16:15:00,33.82,46.261279,13.12209,Gemona S+M
562,3,U,Igrometro,,%,2026-06-21 16:15:00,39.54,46.261279,13.12209,Gemona S+M
562,4,BF,Bagnatura fogliare,,min,2026-06-21 16:15:00,0.0,46.261279,13.12209,Gemona S+M
562,5,Dv,Direzione vento,,°N,2026-06-21 16:15:00,197.866666666667,46.261279,13.12209,Gemona S+M
562,6,Vv,Velocità vento,,m/s,2026-06-21 16:15:00,2.77333333333333,46.261279,13.12209,Gemona S+M
562,7,VvMax,Velocità vento massima,,m/s,2026-06-21 16:15:00,4.6,46.261279,13.12209,Gemona S+M
562,8,DvMax,Direzione vento della velocità massima,,°N,2026-06-21 16:15:00,197.4,46.261279,13.12209,Gemona S+M
562,13,Dv2,Direzione vento 2 metri,,°N,2026-06-21 16:15:00,197.8,46.261279,13.12209,Gemona S+M
562,14,Vv2,Velocità vento 2 metri,,m/s,2026-06-21 16:15:00,0.733333333333333,46.261279,13.12209,Gemona S+M
562,15,Vv2max,Velocità vento massima 2 metri,,m/s,2026-06-21 16:15:00,1.14,46.261279,13.12209,Gemona S+M
562,16,Dv2max,Direzione vento della velocità massima 2 metri,,°N,2026-06-21 16:15:00,195.333333333333,46.261279,13.12209,Gemona S+M
562,17,B,Barometro,,hPa,2026-06-21 16:15:00,996.3,46.261279,13.12209,Gemona S+M
562,18,RG,Radiazione globale,,W/m2,2026-06-21 16:15:00,198.813333333333,46.261279,13.12209,Gemona S+M
562,19,T50,Temperatura 50,,°C,2026-06-21 16:15:00,34.48,46.261279,13.12209,Gemona S+M
562,20,T0,Temperatura 0,,°C,2026-06-21 16:15:00,38.8066666666667,46.261279,13.12209,Gemona S+M
562,21,T-10,Temperatura -10,,°C,2026-06-21 16:15:00,22.5,46.261279,13.12209,Gemona S+M
562,30,P,Pluviometro,,mm,2026-06-21 16:15:00,0.0,46.261279,13.12209,Gemona S+M
562,32,DvVett,Direzione vento vettoriale,,°N,2026-06-21 16:15:00,197.733333333333,46.261279,13.12209,Gemona S+M
562,33,VvVett,Velocità vento vettoriale,,m/s,2026-06-21 16:15:00,2.74666666666667,46.261279,13.12209,Gemona S+M
562,36,Dv2vett,Direzione vento 2 metri vett,,°N,2026-06-21 16:15:00,197.8,46.261279,13.12209,Gemona S+M
562,37,Vv2vett,Velocità vento 2 metri vett,,m/s,2026-06-21 16:15:00,0.733333333333333,46.261279,13.12209,Gemona S+M
562,52,Prec_5_min,Precipitazione 5 min,,mm,2026-06-21 16:15:00,0.0,46.261279,13.12209,Gemona S+M
562,53,Prec_60_min,Precipitazione 60 min,,mm,2026-06-21 16:15:00,0.0,46.261279,13.12209,Gemona S+M
562,54,Prec_3_ore,Precipitazione 3 ore,,mm,2026-06-21 16:15:00,0.0,46.261279,13.12209,Gemona S+M
562,55,Prec_6_ore,Precipitazione 6 ore,,mm,2026-06-21 16:15:00,0.0,46.261279,13.12209,Gemona S+M
562,56,Prec_12_ore,Precipitazione 12 ore,,mm,2026-06-21 16:15:00,0.0,46.261279,13.12209,Gemona S+M
562,57,Prec_24_ore,Precipitazione 24 ore,,mm,2026-06-21 16:15:00,2.2,46.261279,13.12209,Gemona S+M
562,58,Prec_48_ore,Precipitazione 48 ore,,mm,2026-06-21 16:15:00,2.2,46.261279,13.12209,Gemona S+M
562,81,MISxG,Misure xG,,sts,2026-06-21 16:15:00,1.0,46.261279,13.12209,Gemona S+M
563,85,P_1h,Pioggia oraria,,mm,2026-06-21 16:00:00,0.0,46.080373,13.420006,Cividale S+M
563,1,RR,RR,,mm,2026-06-21 16:15:00,0.0,46.080373,13.420006,Cividale S+M
563,2,T,Temperatura aria,,°C,2026-06-21 16:15:00,35.4666666666667,46.080373,13.420006,Cividale S+M
563,3,U,Igrometro,,%,2026-06-21 16:15:00,47.5133333333333,46.080373,13.420006,Cividale S+M
563,5,Dv,Direzione vento,,°N,2026-06-21 16:15:00,288.333333333333,46.080373,13.420006,Cividale S+M
563,6,Vv,Velocità vento,,m/s,2026-06-21 16:15:00,1.84,46.080373,13.420006,Cividale S+M
563,7,VvMax,Velocità vento massima,,m/s,2026-06-21 16:15:00,4.1,46.080373,13.420006,Cividale S+M
563,8,DvMax,Direzione vento della velocità massima,,°N,2026-06-21 16:15:00,286.333333333333,46.080373,13.420006,Cividale S+M
563,17,B,Barometro,,hPa,2026-06-21 16:15:00,1002.02,46.080373,13.420006,Cividale S+M
563,18,RG,Radiazione globale,,W/m2,2026-06-21 16:15:00,425.493333333333,46.080373,13.420006,Cividale S+M
563,19,T50,Temperatura 50,,°C,2026-06-21 16:15:00,36.4733333333333,46.080373,13.420006,Cividale S+M
563,20,T0,Temperatura 0,,°C,2026-06-21 16:15:00,37.26,46.080373,13.420006,Cividale S+M
563,21,T-10,Temperatura -10,,°C,2026-06-21 16:15:00,26.3466666666667,46.080373,13.420006,Cividale S+M
563,30,P,Pluviometro,,mm,2026-06-21 16:15:00,0.0,46.080373,13.420006,Cividale S+M
563,32,DvVett,Direzione vento vettoriale,,°N,2026-06-21 16:15:00,288.133333333333,46.080373,13.420006,Cividale S+M
563,33,VvVett,Velocità vento vettoriale,,m/s,2026-06-21 16:15:00,1.78,46.080373,13.420006,Cividale S+M
563,52,Prec_5_min,Precipitazione 5 min,,mm,2026-06-21 16:15:00,0.0,46.080373,13.420006,Cividale S+M
563,53,Prec_60_min,Precipitazione 60 min,,mm,2026-06-21 16:15:00,0.0,46.080373,13.420006,Cividale S+M
563,54,Prec_3_ore,Precipitazione 3 ore,,mm,2026-06-21 16:15:00,0.0,46.080373,13.420006,Cividale S+M
563,55,Prec_6_ore,Precipitazione 6 ore,,mm,2026-06-21 16:15:00,0.0,46.080373,13.420006,Cividale S+M
563,56,Prec_12_ore,Precipitazione 12 ore,,mm,2026-06-21 16:15:00,0.0,46.080373,13.420006,Cividale S+M
563,57,Prec_24_ore,Precipitazione 24 ore,,mm,2026-06-21 16:15:00,0.0,46.080373,13.420006,Cividale S+M
563,58,Prec_48_ore,Precipitazione 48 ore,,mm,2026-06-21 16:15:00,0.0,46.080373,13.420006,Cividale S+M
563,81,MISxG,Misure xG,,sts,2026-06-21 16:15:00,1.0,46.080373,13.420006,Cividale S+M
564,85,P_1h,Pioggia oraria,,mm,2026-06-21 16:00:00,0.0,45.871692,13.083567,Ariis
564,1,RR,RR,,mm,2026-06-21 16:15:00,0.0,45.871692,13.083567,Ariis
564,2,T,Temperatura aria,,°C,2026-06-21 16:15:00,33.4533333333333,45.871692,13.083567,Ariis
564,3,U,Igrometro,,%,2026-06-21 16:15:00,48.2066666666667,45.871692,13.083567,Ariis
564,4,BF,Bagnatura fogliare,,min,2026-06-21 16:15:00,0.0,45.871692,13.083567,Ariis
564,30,P,Pluviometro,,mm,2026-06-21 16:15:00,0.0,45.871692,13.083567,Ariis
564,52,Prec_5_min,Precipitazione 5 min,,mm,2026-06-21 16:15:00,0.0,45.871692,13.083567,Ariis
564,53,Prec_60_min,Precipitazione 60 min,,mm,2026-06-21 16:15:00,0.0,45.871692,13.083567,Ariis
564,54,Prec_3_ore,Precipitazione 3 ore,,mm,2026-06-21 16:15:00,0.0,45.871692,13.083567,Ariis
564,55,Prec_6_ore,Precipitazione 6 ore,,mm,2026-06-21 16:15:00,0.0,45.871692,13.083567,Ariis
564,56,Prec_12_ore,Precipitazione 12 ore,,mm,2026-06-21 16:15:00,0.0,45.871692,13.083567,Ariis
564,57,Prec_24_ore,Precipitazione 24 ore,,mm,2026-06-21 16:15:00,0.0,45.871692,13.083567,Ariis
564,58,Prec_48_ore,Precipitazione 48 ore,,mm,2026-06-21 16:15:00,0.0,45.871692,13.083567,Ariis
564,48,CAR,Corrente di carica,,mA,2026-06-21 16:15:00,145.0,45.871692,13.083567,Ariis
564,49,SCAR,Corrente di scarica,,mA,2026-06-21 16:15:00,112.0,45.871692,13.083567,Ariis
564,81,MISxG,Misure xG,,sts,2026-06-21 16:15:00,1.0,45.871692,13.083567,Ariis
564,143,STSpluv (RAW),Stato Pluv (RAW),,sts,2026-06-21 16:15:00,0.0,45.871692,13.083567,Ariis
565,85,P_1h,Pioggia oraria,,mm,2026-06-21 16:00:00,0.0,46.243419,12.572656,Baldass
565,1,RR,RR,,mm,2026-06-21 16:15:00,0.0,46.243419,12.572656,Baldass
565,2,T,Temperatura aria,,°C,2026-06-21 16:15:00,18.8,46.243419,12.572656,Baldass
565,3,U,Igrometro,,%,2026-06-21 16:15:00,66.6,46.243419,12.572656,Baldass
565,5,Dv,Direzione vento,,°N,2026-06-21 16:15:00,214.0,46.243419,12.572656,Baldass
565,6,Vv,Velocità vento,,m/s,2026-06-21 16:15:00,1.7,46.243419,12.572656,Baldass
565,7,VvMax,Velocità vento massima,,m/s,2026-06-21 16:15:00,3.0,46.243419,12.572656,Baldass
565,8,DvMax,Direzione vento della velocità massima,,°N,2026-06-21 16:15:00,236.0,46.243419,12.572656,Baldass
565,17,B,Barometro,,hPa,2026-06-21 16:15:00,829.9,46.243419,12.572656,Baldass
565,18,RG,Radiazione globale,,W/m2,2026-06-21 16:15:00,61.5,46.243419,12.572656,Baldass
565,23,NIVO,Nivometro,,cm,2026-06-21 16:15:00,0.0,46.243419,12.572656,Baldass
565,30,P,Pluviometro,,mm,2026-06-21 16:15:00,0.0,46.243419,12.572656,Baldass
565,32,DvVett,Direzione vento vettoriale,,°N,2026-06-21 16:15:00,216.0,46.243419,12.572656,Baldass
565,33,VvVett,Velocità vento vettoriale,,m/s,2026-06-21 16:15:00,1.6,46.243419,12.572656,Baldass
565,59,Tn0cm,Temperatura neve 0 cm,,°C,2026-06-21 16:15:00,19.9,46.243419,12.572656,Baldass
565,42,Tn30cm,Temperatura neve 30 cm,,°C,2026-06-21 16:15:00,19.5,46.243419,12.572656,Baldass
565,60,Tn60cm,Temperatura neve 60 cm,,°C,2026-06-21 16:15:00,19.4,46.243419,12.572656,Baldass
565,61,Tn90cm,Temperatura neve 90 cm,,°C,2026-06-21 16:15:00,19.3,46.243419,12.572656,Baldass
565,62,TnIR,Temperatura neve IR,,°C,2026-06-21 16:15:00,19.9,46.243419,12.572656,Baldass
565,63,Rr,Radiazione riflessa,,W/m2,2026-06-21 16:15:00,13.7,46.243419,12.572656,Baldass
565,52,Prec_5_min,Precipitazione 5 min,,mm,2026-06-21 16:15:00,0.0,46.243419,12.572656,Baldass
565,53,Prec_60_min,Precipitazione 60 min,,mm,2026-06-21 16:15:00,0.0,46.243419,12.572656,Baldass
565,54,Prec_3_ore,Precipitazione 3 ore,,mm,2026-06-21 16:15:00,0.0,46.243419,12.572656,Baldass
565,55,Prec_6_ore,Precipitazione 6 ore,,mm,2026-06-21 16:15:00,0.0,46.243419,12.572656,Baldass
565,56,Prec_12_ore,Precipitazione 12 ore,,mm,2026-06-21 16:15:00,0.0,46.243419,12.572656,Baldass
565,57,Prec_24_ore,Precipitazione 24 ore,,mm,2026-06-21 16:15:00,1.8,46.243419,12.572656,Baldass
565,58,Prec_48_ore,Precipitazione 48 ore,,mm,2026-06-21 16:15:00,6.8,46.243419,12.572656,Baldass
565,48,CAR,Corrente di carica,,mA,2026-06-21 16:15:00,153.0,46.243419,12.572656,Baldass
565,49,SCAR,Corrente di scarica,,mA,2026-06-21 16:15:00,106.0,46.243419,12.572656,Baldass
566,85,P_1h,Pioggia oraria,,mm,2026-06-21 16:00:00,0.0,46.297487,12.601825,Casera Podestine
566,1,RR,RR,,mm,2026-06-21 16:15:00,0.0,46.297487,12.601825,Casera Podestine
566,2,T,Temperatura aria,,°C,2026-06-21 16:15:00,23.1,46.297487,12.601825,Casera Podestine
566,3,U,Igrometro,,%,2026-06-21 16:15:00,72.2,46.297487,12.601825,Casera Podestine
566,5,Dv,Direzione vento,,°N,2026-06-21 16:15:00,90.0,46.297487,12.601825,Casera Podestine
566,6,Vv,Velocità vento,,m/s,2026-06-21 16:15:00,0.0,46.297487,12.601825,Casera Podestine
566,7,VvMax,Velocità vento massima,,m/s,2026-06-21 16:15:00,0.6,46.297487,12.601825,Casera Podestine
566,8,DvMax,Direzione vento della velocità massima,,°N,2026-06-21 16:15:00,75.0,46.297487,12.601825,Casera Podestine
566,23,NIVO,Nivometro,,cm,2026-06-21 16:15:00,16.0,46.297487,12.601825,Casera Podestine
566,30,P,Pluviometro,,mm,2026-06-21 16:15:00,0.0,46.297487,12.601825,Casera Podestine
566,32,DvVett,Direzione vento vettoriale,,°N,2026-06-21 16:15:00,91.0,46.297487,12.601825,Casera Podestine
566,33,VvVett,Velocità vento vettoriale,,m/s,2026-06-21 16:15:00,0.3,46.297487,12.601825,Casera Podestine
566,52,Prec_5_min,Precipitazione 5 min,,mm,2026-06-21 16:15:00,0.0,46.297487,12.601825,Casera Podestine
566,53,Prec_60_min,Precipitazione 60 min,,mm,2026-06-21 16:15:00,0.0,46.297487,12.601825,Casera Podestine
566,54,Prec_3_ore,Precipitazione 3 ore,,mm,2026-06-21 16:15:00,0.0,46.297487,12.601825,Casera Podestine
566,55,Prec_6_ore,Precipitazione 6 ore,,mm,2026-06-21 16:15:00,0.0,46.297487,12.601825,Casera Podestine
566,56,Prec_12_ore,Precipitazione 12 ore,,mm,2026-06-21 16:15:00,0.0,46.297487,12.601825,Casera Podestine
566,57,Prec_24_ore,Precipitazione 24 ore,,mm,2026-06-21 16:15:00,2.0,46.297487,12.601825,Casera Podestine
566,58,Prec_48_ore,Precipitazione 48 ore,,mm,2026-06-21 16:15:00,16.2,46.297487,12.601825,Casera Podestine
568,2,T,Temperatura aria,,°C,2026-06-21 16:15:00,22.4933333333333,46.157276,12.597008,Pala d'Altei
568,3,U,Igrometro,,%,2026-06-21 16:15:00,58.4,46.157276,12.597008,Pala d'Altei
568,5,Dv,Direzione vento,,°N,2026-06-21 16:15:00,313.6,46.157276,12.597008,Pala d'Altei
568,6,Vv,Velocità vento,,m/s,2026-06-21 16:15:00,3.24,46.157276,12.597008,Pala d'Altei
568,7,VvMax,Velocità vento massima,,m/s,2026-06-21 16:15:00,5.7,46.157276,12.597008,Pala d'Altei
568,8,DvMax,Direzione vento della velocità massima,,°N,2026-06-21 16:15:00,314.2,46.157276,12.597008,Pala d'Altei
568,17,B,Barometro,,hPa,2026-06-21 16:15:00,857.466666666667,46.157276,12.597008,Pala d'Altei
568,18,RG,Radiazione globale,,W/m2,2026-06-21 16:15:00,268.466666666667,46.157276,12.597008,Pala d'Altei
568,32,DvVett,Direzione vento vettoriale,,°N,2026-06-21 16:15:00,313.8,46.157276,12.597008,Pala d'Altei
568,33,VvVett,Velocità vento vettoriale,,m/s,2026-06-21 16:15:00,3.21333333333333,46.157276,12.597008,Pala d'Altei
568,48,CAR,Corrente di carica,,mA,2026-06-21 16:15:00,160.0,46.157276,12.597008,Pala d'Altei
568,49,SCAR,Corrente di scarica,,mA,2026-06-21 16:15:00,120.0,46.157276,12.597008,Pala d'Altei
568,81,MISxG,Misure xG,,sts,2026-06-21 16:15:00,1.0,46.157276,12.597008,Pala d'Altei
569,85,P_1h,Pioggia oraria,,mm,2026-06-21 16:00:00,0.0,46.101703,13.0739,Fagagna S+M
569,1,RR,RR,,mm,2026-06-21 16:15:00,0.0,46.101703,13.0739,Fagagna S+M
569,2,T,Temperatura aria,,°C,2026-06-21 16:15:00,33.9133333333333,46.101703,13.0739,Fagagna S+M
569,3,U,Igrometro,,%,2026-06-21 16:15:00,40.1133333333333,46.101703,13.0739,Fagagna S+M
569,4,BF,Bagnatura fogliare,,min,2026-06-21 16:15:00,0.0,46.101703,13.0739,Fagagna S+M
569,5,Dv,Direzione vento,,°N,2026-06-21 16:15:00,241.2,46.101703,13.0739,Fagagna S+M
569,6,Vv,Velocità vento,,m/s,2026-06-21 16:15:00,3.28666666666667,46.101703,13.0739,Fagagna S+M
569,7,VvMax,Velocità vento massima,,m/s,2026-06-21 16:15:00,4.7,46.101703,13.0739,Fagagna S+M
569,8,DvMax,Direzione vento della velocità massima,,°N,2026-06-21 16:15:00,245.866666666667,46.101703,13.0739,Fagagna S+M
569,13,Dv2,Direzione vento 2 metri,,°N,2026-06-21 16:15:00,241.2,46.101703,13.0739,Fagagna S+M
569,14,Vv2,Velocità vento 2 metri,,m/s,2026-06-21 16:15:00,2.17333333333333,46.101703,13.0739,Fagagna S+M
569,15,Vv2max,Velocità vento massima 2 metri,,m/s,2026-06-21 16:15:00,3.00666666666667,46.101703,13.0739,Fagagna S+M
569,16,Dv2max,Direzione vento della velocità massima 2 metri,,°N,2026-06-21 16:15:00,239.666666666667,46.101703,13.0739,Fagagna S+M
569,17,B,Barometro,,hPa,2026-06-21 16:15:00,1004.23333333333,46.101703,13.0739,Fagagna S+M
569,18,RG,Radiazione globale,,W/m2,2026-06-21 16:15:00,384.413333333333,46.101703,13.0739,Fagagna S+M
569,19,T50,Temperatura 50,,°C,2026-06-21 16:15:00,33.9133333333333,46.101703,13.0739,Fagagna S+M
569,20,T0,Temperatura 0,,°C,2026-06-21 16:15:00,34.96,46.101703,13.0739,Fagagna S+M
569,21,T-10,Temperatura -10,,°C,2026-06-21 16:15:00,28.6,46.101703,13.0739,Fagagna S+M
569,30,P,Pluviometro,,mm,2026-06-21 16:15:00,0.0,46.101703,13.0739,Fagagna S+M
569,32,DvVett,Direzione vento vettoriale,,°N,2026-06-21 16:15:00,241.466666666667,46.101703,13.0739,Fagagna S+M
569,33,VvVett,Velocità vento vettoriale,,m/s,2026-06-21 16:15:00,3.25333333333333,46.101703,13.0739,Fagagna S+M
569,36,Dv2vett,Direzione vento 2 metri vett,,°N,2026-06-21 16:15:00,241.2,46.101703,13.0739,Fagagna S+M
569,37,Vv2vett,Velocità vento 2 metri vett,,m/s,2026-06-21 16:15:00,2.16,46.101703,13.0739,Fagagna S+M
569,52,Prec_5_min,Precipitazione 5 min,,mm,2026-06-21 16:15:00,0.0,46.101703,13.0739,Fagagna S+M
569,53,Prec_60_min,Precipitazione 60 min,,mm,2026-06-21 16:15:00,0.0,46.101703,13.0739,Fagagna S+M
569,54,Prec_3_ore,Precipitazione 3 ore,,mm,2026-06-21 16:15:00,0.0,46.101703,13.0739,Fagagna S+M
569,55,Prec_6_ore,Precipitazione 6 ore,,mm,2026-06-21 16:15:00,0.0,46.101703,13.0739,Fagagna S+M
569,56,Prec_12_ore,Precipitazione 12 ore,,mm,2026-06-21 16:15:00,0.0,46.101703,13.0739,Fagagna S+M
569,57,Prec_24_ore,Precipitazione 24 ore,,mm,2026-06-21 16:15:00,0.0,46.101703,13.0739,Fagagna S+M
569,58,Prec_48_ore,Precipitazione 48 ore,,mm,2026-06-21 16:15:00,0.0,46.101703,13.0739,Fagagna S+M
569,81,MISxG,Misure xG,,sts,2026-06-21 16:15:00,1.0,46.101703,13.0739,Fagagna S+M
569,48,CAR,Corrente di carica,,mA,2026-06-21 16:15:00,5.0,46.101703,13.0739,Fagagna S+M
569,49,SCAR,Corrente di scarica,,mA,2026-06-21 16:15:00,131.0,46.101703,13.0739,Fagagna S+M
569,143,STSpluv (RAW),Stato Pluv (RAW),,sts,2026-06-21 16:15:00,1.0,46.101703,13.0739,Fagagna S+M
570,85,P_1h,Pioggia oraria,,mm,2026-06-21 16:00:00,0.0,46.510736,13.552011,Tarvisio S+M
570,1,RR,RR,,mm,2026-06-21 16:15:00,0.0,46.510736,13.552011,Tarvisio S+M
570,2,T,Temperatura aria,,°C,2026-06-21 16:15:00,28.5,46.510736,13.552011,Tarvisio S+M
570,3,U,Igrometro,,%,2026-06-21 16:15:00,47.8,46.510736,13.552011,Tarvisio S+M
570,5,Dv,Direzione vento,,°N,2026-06-21 16:15:00,85.0,46.510736,13.552011,Tarvisio S+M
570,6,Vv,Velocità vento,,m/s,2026-06-21 16:15:00,3.1,46.510736,13.552011,Tarvisio S+M
570,7,VvMax,Velocità vento massima,,m/s,2026-06-21 16:15:00,6.7,46.510736,13.552011,Tarvisio S+M
570,8,DvMax,Direzione vento della velocità massima,,°N,2026-06-21 16:15:00,79.0,46.510736,13.552011,Tarvisio S+M
570,17,B,Barometro,,hPa,2026-06-21 16:15:00,934.3,46.510736,13.552011,Tarvisio S+M
570,18,RG,Radiazione globale,,W/m2,2026-06-21 16:15:00,447.2,46.510736,13.552011,Tarvisio S+M
570,21,T-10,Temperatura -10,,°C,2026-06-21 16:15:00,20.9,46.510736,13.552011,Tarvisio S+M
570,23,NIVO,Nivometro,,cm,2026-06-21 16:15:00,2.0,46.510736,13.552011,Tarvisio S+M
570,30,P,Pluviometro,,mm,2026-06-21 16:15:00,0.0,46.510736,13.552011,Tarvisio S+M
570,32,DvVett,Direzione vento vettoriale,,°N,2026-06-21 16:15:00,86.0,46.510736,13.552011,Tarvisio S+M
570,33,VvVett,Velocità vento vettoriale,,m/s,2026-06-21 16:15:00,3.0,46.510736,13.552011,Tarvisio S+M
570,52,Prec_5_min,Precipitazione 5 min,,mm,2026-06-21 16:15:00,0.0,46.510736,13.552011,Tarvisio S+M
570,53,Prec_60_min,Precipitazione 60 min,,mm,2026-06-21 16:15:00,0.0,46.510736,13.552011,Tarvisio S+M
570,54,Prec_3_ore,Precipitazione 3 ore,,mm,2026-06-21 16:15:00,0.0,46.510736,13.552011,Tarvisio S+M
570,55,Prec_6_ore,Precipitazione 6 ore,,mm,2026-06-21 16:15:00,0.0,46.510736,13.552011,Tarvisio S+M
570,56,Prec_12_ore,Precipitazione 12 ore,,mm,2026-06-21 16:15:00,0.0,46.510736,13.552011,Tarvisio S+M
570,57,Prec_24_ore,Precipitazione 24 ore,,mm,2026-06-21 16:15:00,1.46666666666667,46.510736,13.552011,Tarvisio S+M
570,58,Prec_48_ore,Precipitazione 48 ore,,mm,2026-06-21 16:15:00,2.0,46.510736,13.552011,Tarvisio S+M
570,48,CAR,Corrente di carica,,mA,2026-06-21 16:15:00,0.0,46.510736,13.552011,Tarvisio S+M
570,49,SCAR,Corrente di scarica,,mA,2026-06-21 16:15:00,124.0,46.510736,13.552011,Tarvisio S+M
571,85,P_1h,Pioggia oraria,,mm,2026-06-21 16:00:00,0.0,46.52803,13.63821,Tarvisio Coccau
571,1,RR,RR,,mm,2026-06-21 16:30:00,0.0,46.52803,13.63821,Tarvisio Coccau
571,24,IDRO,Idrometro,,m,2026-06-21 16:30:00,0.44,46.52803,13.63821,Tarvisio Coccau
571,27,Q_1,Portata_1,,mc/s,2026-06-21 16:30:00,1.42,46.52803,13.63821,Tarvisio Coccau
571,30,P,Pluviometro,,mm,2026-06-21 16:30:00,0.0,46.52803,13.63821,Tarvisio Coccau
571,67,VH2O,Velocità acqua,,m/s,2026-06-21 16:30:00,0.91,46.52803,13.63821,Tarvisio Coccau
571,52,Prec_5_min,Precipitazione 5 min,,mm,2026-06-21 16:30:00,0.0,46.52803,13.63821,Tarvisio Coccau
571,53,Prec_60_min,Precipitazione 60 min,,mm,2026-06-21 16:30:00,0.0,46.52803,13.63821,Tarvisio Coccau
571,54,Prec_3_ore,Precipitazione 3 ore,,mm,2026-06-21 16:30:00,0.0,46.52803,13.63821,Tarvisio Coccau
571,55,Prec_6_ore,Precipitazione 6 ore,,mm,2026-06-21 16:30:00,0.0,46.52803,13.63821,Tarvisio Coccau
571,56,Prec_12_ore,Precipitazione 12 ore,,mm,2026-06-21 16:30:00,0.0,46.52803,13.63821,Tarvisio Coccau
571,57,Prec_24_ore,Precipitazione 24 ore,,mm,2026-06-21 16:30:00,1.4,46.52803,13.63821,Tarvisio Coccau
571,58,Prec_48_ore,Precipitazione 48 ore,,mm,2026-06-21 16:30:00,52.6,46.52803,13.63821,Tarvisio Coccau
571,48,CAR,Corrente di carica,,mA,2026-06-21 16:30:00,93.0,46.52803,13.63821,Tarvisio Coccau
571,49,SCAR,Corrente di scarica,,mA,2026-06-21 16:30:00,52.0,46.52803,13.63821,Tarvisio Coccau
572,1,RR,RR,,mm,2026-06-21 16:00:00,0.0,46.46133,13.57348,Tarvisio Cave
572,24,IDRO,Idrometro,,m,2026-06-21 16:00:00,0.37,46.46133,13.57348,Tarvisio Cave
572,27,Q_1,Portata_1,,mc/s,2026-06-21 16:00:00,1.61,46.46133,13.57348,Tarvisio Cave
572,30,P,Pluviometro,,mm,2026-06-21 16:00:00,0.0,46.46133,13.57348,Tarvisio Cave
572,66,TORB,Torbidità,,NTU,2026-06-21 16:00:00,369.8,46.46133,13.57348,Tarvisio Cave
572,67,VH2O,Velocità acqua,,m/s,2026-06-21 16:00:00,0.63,46.46133,13.57348,Tarvisio Cave
572,52,Prec_5_min,Precipitazione 5 min,,mm,2026-06-21 16:00:00,0.0,46.46133,13.57348,Tarvisio Cave
572,53,Prec_60_min,Precipitazione 60 min,,mm,2026-06-21 16:00:00,0.0,46.46133,13.57348,Tarvisio Cave
572,54,Prec_3_ore,Precipitazione 3 ore,,mm,2026-06-21 16:00:00,0.0,46.46133,13.57348,Tarvisio Cave
572,55,Prec_6_ore,Precipitazione 6 ore,,mm,2026-06-21 16:00:00,0.0,46.46133,13.57348,Tarvisio Cave
572,56,Prec_12_ore,Precipitazione 12 ore,,mm,2026-06-21 16:00:00,0.0,46.46133,13.57348,Tarvisio Cave
572,57,Prec_24_ore,Precipitazione 24 ore,,mm,2026-06-21 16:00:00,2.4,46.46133,13.57348,Tarvisio Cave
572,58,Prec_48_ore,Precipitazione 48 ore,,mm,2026-06-21 16:00:00,2.6,46.46133,13.57348,Tarvisio Cave
572,48,CAR,Corrente di carica,,mA,2026-06-21 16:00:00,180.0,46.46133,13.57348,Tarvisio Cave
572,49,SCAR,Corrente di scarica,,mA,2026-06-21 16:00:00,71.0,46.46133,13.57348,Tarvisio Cave
572,85,P_1h,Pioggia oraria,,mm,2026-06-21 16:00:00,0.0,46.46133,13.57348,Tarvisio Cave
572,143,STSpluv (RAW),Stato Pluv (RAW),,sts,2026-06-21 16:00:00,0.0,46.46133,13.57348,Tarvisio Cave
573,24,IDRO,Idrometro,,m,2026-06-21 16:00:00,1.02,45.83388,13.214675,Chiarisacco F. Corno
574,2,T,Temperatura aria,,°C,2026-06-21 16:15:00,28.4266666666667,45.61858,13.5653,Boa Paloma
574,3,U,Igrometro,,%,2026-06-21 16:15:00,79.2866666666667,45.61858,13.5653,Boa Paloma
574,5,Dv,Direzione vento,,°N,2026-06-21 16:15:00,225.266666666667,45.61858,13.5653,Boa Paloma
574,6,Vv,Velocità vento,,m/s,2026-06-21 16:15:00,4.96,45.61858,13.5653,Boa Paloma
574,7,VvMax,Velocità vento massima,,m/s,2026-06-21 16:15:00,5.6,45.61858,13.5653,Boa Paloma
574,8,DvMax,Direzione vento della velocità massima,,°N,2026-06-21 16:15:00,225.333333333333,45.61858,13.5653,Boa Paloma
574,17,B,Barometro,,hPa,2026-06-21 16:15:00,1020.08666666667,45.61858,13.5653,Boa Paloma
574,18,RG,Radiazione globale,,W/m2,2026-06-21 16:15:00,330.3,45.61858,13.5653,Boa Paloma
574,32,DvVett,Direzione vento vettoriale,,°N,2026-06-21 16:15:00,225.266666666667,45.61858,13.5653,Boa Paloma
574,33,VvVett,Velocità vento vettoriale,,m/s,2026-06-21 16:15:00,4.95333333333333,45.61858,13.5653,Boa Paloma
574,81,MISxG,Misure xG,,sts,2026-06-21 16:15:00,1.0,45.61858,13.5653,Boa Paloma
578,2,T,Temperatura aria,,°C,2026-06-21 16:15:00,28.0,45.59447,13.34381,Grado Boa Meteo
578,5,Dv,Direzione vento,,°N,2026-06-21 16:15:00,223.0,45.59447,13.34381,Grado Boa Meteo
578,6,Vv,Velocità vento,,m/s,2026-06-21 16:15:00,3.2,45.59447,13.34381,Grado Boa Meteo
578,7,VvMax,Velocità vento massima,,m/s,2026-06-21 16:15:00,4.0,45.59447,13.34381,Grado Boa Meteo
578,8,DvMax,Direzione vento della velocità massima,,°N,2026-06-21 16:15:00,228.0,45.59447,13.34381,Grado Boa Meteo
578,32,DvVett,Direzione vento vettoriale,,°N,2026-06-21 16:15:00,224.0,45.59447,13.34381,Grado Boa Meteo
578,33,VvVett,Velocità vento vettoriale,,m/s,2026-06-21 16:15:00,3.2,45.59447,13.34381,Grado Boa Meteo
578,48,CAR,Corrente di carica,,mA,2026-06-21 16:15:00,167.0,45.59447,13.34381,Grado Boa Meteo
578,49,SCAR,Corrente di scarica,,mA,2026-06-21 16:15:00,88.0,45.59447,13.34381,Grado Boa Meteo
579,24,IDRO,Idrometro,,m,2026-06-21 16:15:00,6.91,45.91679,12.66018,Ponte di Corva sul fiume Meduna
580,85,P_1h,Pioggia oraria,,mm,2026-06-21 16:00:00,0.0,46.173115,13.317904,Attimis B.go Faris
580,1,RR,RR,,mm,2026-06-21 16:15:00,0.0,46.173115,13.317904,Attimis B.go Faris
580,2,T,Temperatura aria,,°C,2026-06-21 16:15:00,33.1,46.173115,13.317904,Attimis B.go Faris
580,3,U,Igrometro,,%,2026-06-21 16:15:00,56.7,46.173115,13.317904,Attimis B.go Faris
580,30,P,Pluviometro,,mm,2026-06-21 16:15:00,0.0,46.173115,13.317904,Attimis B.go Faris
580,52,Prec_5_min,Precipitazione 5 min,,mm,2026-06-21 16:15:00,0.0,46.173115,13.317904,Attimis B.go Faris
580,53,Prec_60_min,Precipitazione 60 min,,mm,2026-06-21 16:15:00,0.0,46.173115,13.317904,Attimis B.go Faris
580,54,Prec_3_ore,Precipitazione 3 ore,,mm,2026-06-21 16:15:00,0.0,46.173115,13.317904,Attimis B.go Faris
580,55,Prec_6_ore,Precipitazione 6 ore,,mm,2026-06-21 16:15:00,0.0,46.173115,13.317904,Attimis B.go Faris
580,56,Prec_12_ore,Precipitazione 12 ore,,mm,2026-06-21 16:15:00,0.0,46.173115,13.317904,Attimis B.go Faris
580,57,Prec_24_ore,Precipitazione 24 ore,,mm,2026-06-21 16:15:00,0.4,46.173115,13.317904,Attimis B.go Faris
580,58,Prec_48_ore,Precipitazione 48 ore,,mm,2026-06-21 16:15:00,0.4,46.173115,13.317904,Attimis B.go Faris
580,48,CAR,Corrente di carica,,mA,2026-06-21 16:15:00,159.0,46.173115,13.317904,Attimis B.go Faris
580,49,SCAR,Corrente di scarica,,mA,2026-06-21 16:15:00,83.0,46.173115,13.317904,Attimis B.go Faris
581,85,P_1h,Pioggia oraria,,mm,2026-06-21 16:00:00,0.0,46.155714,13.592415,Clodig
581,1,RR,RR,,mm,2026-06-21 16:15:00,0.0,46.155714,13.592415,Clodig
581,2,T,Temperatura aria,,°C,2026-06-21 16:15:00,27.5,46.155714,13.592415,Clodig
581,3,U,Igrometro,,%,2026-06-21 16:15:00,73.6,46.155714,13.592415,Clodig
581,30,P,Pluviometro,,mm,2026-06-21 16:15:00,0.0,46.155714,13.592415,Clodig
581,52,Prec_5_min,Precipitazione 5 min,,mm,2026-06-21 16:15:00,0.0,46.155714,13.592415,Clodig
581,53,Prec_60_min,Precipitazione 60 min,,mm,2026-06-21 16:15:00,0.0,46.155714,13.592415,Clodig
581,54,Prec_3_ore,Precipitazione 3 ore,,mm,2026-06-21 16:15:00,0.0,46.155714,13.592415,Clodig
581,55,Prec_6_ore,Precipitazione 6 ore,,mm,2026-06-21 16:15:00,0.0,46.155714,13.592415,Clodig
581,56,Prec_12_ore,Precipitazione 12 ore,,mm,2026-06-21 16:15:00,0.0,46.155714,13.592415,Clodig
581,57,Prec_24_ore,Precipitazione 24 ore,,mm,2026-06-21 16:15:00,0.2,46.155714,13.592415,Clodig
581,58,Prec_48_ore,Precipitazione 48 ore,,mm,2026-06-21 16:15:00,0.2,46.155714,13.592415,Clodig
581,48,CAR,Corrente di carica,,mA,2026-06-21 16:15:00,129.0,46.155714,13.592415,Clodig
581,49,SCAR,Corrente di scarica,,mA,2026-06-21 16:15:00,82.0,46.155714,13.592415,Clodig
582,85,P_1h,Pioggia oraria,,mm,2026-06-21 16:00:00,0.0,46.155630081339,13.527176678181,Savogna
582,1,RR,RR,,mm,2026-06-21 16:15:00,0.0,46.155630081339,13.527176678181,Savogna
582,2,T,Temperatura aria,,°C,2026-06-21 16:15:00,29.6,46.155630081339,13.527176678181,Savogna
582,3,U,Igrometro,,%,2026-06-21 16:15:00,62.5,46.155630081339,13.527176678181,Savogna
582,30,P,Pluviometro,,mm,2026-06-21 16:15:00,0.0,46.155630081339,13.527176678181,Savogna
582,52,Prec_5_min,Precipitazione 5 min,,mm,2026-06-21 16:15:00,0.0,46.155630081339,13.527176678181,Savogna
582,53,Prec_60_min,Precipitazione 60 min,,mm,2026-06-21 16:15:00,0.0,46.155630081339,13.527176678181,Savogna
582,54,Prec_3_ore,Precipitazione 3 ore,,mm,2026-06-21 16:15:00,0.0,46.155630081339,13.527176678181,Savogna
582,55,Prec_6_ore,Precipitazione 6 ore,,mm,2026-06-21 16:15:00,0.0,46.155630081339,13.527176678181,Savogna
582,56,Prec_12_ore,Precipitazione 12 ore,,mm,2026-06-21 16:15:00,0.0,46.155630081339,13.527176678181,Savogna
582,57,Prec_24_ore,Precipitazione 24 ore,,mm,2026-06-21 16:15:00,0.0,46.155630081339,13.527176678181,Savogna
582,58,Prec_48_ore,Precipitazione 48 ore,,mm,2026-06-21 16:15:00,0.0,46.155630081339,13.527176678181,Savogna
582,48,CAR,Corrente di carica,,mA,2026-06-21 16:15:00,125.0,46.155630081339,13.527176678181,Savogna
582,49,SCAR,Corrente di scarica,,mA,2026-06-21 16:15:00,82.0,46.155630081339,13.527176678181,Savogna
583,22,Tm,Temperatura mare,,°C,2026-06-21 16:00:00,25.15,45.671484,13.06851,Bevazzana
583,24,IDRO,Idrometro,,m,2026-06-21 16:00:00,0.745,45.671484,13.06851,Bevazzana
584,1,RR,RR,,mm,2026-06-21 16:00:00,0.0,46.036896805409,12.496647834778,Gorgazzo
584,2,T,Temperatura aria,,°C,2026-06-21 16:00:00,33.9,46.036896805409,12.496647834778,Gorgazzo
584,3,U,Igrometro,,%,2026-06-21 16:00:00,38.2,46.036896805409,12.496647834778,Gorgazzo
584,85,P_1h,Pioggia oraria,,mm,2026-06-21 16:00:00,0.0,46.036896805409,12.496647834778,Gorgazzo
584,30,P,Pluviometro,,mm,2026-06-21 16:00:00,0.0,46.036896805409,12.496647834778,Gorgazzo
584,52,Prec_5_min,Precipitazione 5 min,,mm,2026-06-21 16:00:00,0.0,46.036896805409,12.496647834778,Gorgazzo
584,53,Prec_60_min,Precipitazione 60 min,,mm,2026-06-21 16:00:00,0.0,46.036896805409,12.496647834778,Gorgazzo
584,54,Prec_3_ore,Precipitazione 3 ore,,mm,2026-06-21 16:00:00,0.0,46.036896805409,12.496647834778,Gorgazzo
584,55,Prec_6_ore,Precipitazione 6 ore,,mm,2026-06-21 16:00:00,0.0,46.036896805409,12.496647834778,Gorgazzo
584,56,Prec_12_ore,Precipitazione 12 ore,,mm,2026-06-21 16:00:00,0.0,46.036896805409,12.496647834778,Gorgazzo
584,57,Prec_24_ore,Precipitazione 24 ore,,mm,2026-06-21 16:00:00,0.0,46.036896805409,12.496647834778,Gorgazzo
584,58,Prec_48_ore,Precipitazione 48 ore,,mm,2026-06-21 16:00:00,0.0,46.036896805409,12.496647834778,Gorgazzo
585,85,P_1h,Pioggia oraria,,mm,2026-06-21 16:00:00,0.0,45.93043,13.62839,Gorizia ARPA
585,1,RR,RR,,mm,2026-06-21 16:15:00,0.0,45.93043,13.62839,Gorizia ARPA
585,2,T,Temperatura aria,,°C,2026-06-21 16:15:00,35.4,45.93043,13.62839,Gorizia ARPA
585,3,U,Igrometro,,%,2026-06-21 16:15:00,37.8,45.93043,13.62839,Gorizia ARPA
585,30,P,Pluviometro,,mm,2026-06-21 16:15:00,0.0,45.93043,13.62839,Gorizia ARPA
585,52,Prec_5_min,Precipitazione 5 min,,mm,2026-06-21 16:15:00,0.0,45.93043,13.62839,Gorizia ARPA
585,53,Prec_60_min,Precipitazione 60 min,,mm,2026-06-21 16:15:00,0.0,45.93043,13.62839,Gorizia ARPA
585,54,Prec_3_ore,Precipitazione 3 ore,,mm,2026-06-21 16:15:00,0.0,45.93043,13.62839,Gorizia ARPA
585,55,Prec_6_ore,Precipitazione 6 ore,,mm,2026-06-21 16:15:00,0.0,45.93043,13.62839,Gorizia ARPA
585,56,Prec_12_ore,Precipitazione 12 ore,,mm,2026-06-21 16:15:00,0.0,45.93043,13.62839,Gorizia ARPA
585,57,Prec_24_ore,Precipitazione 24 ore,,mm,2026-06-21 16:15:00,0.0,45.93043,13.62839,Gorizia ARPA
585,58,Prec_48_ore,Precipitazione 48 ore,,mm,2026-06-21 16:15:00,0.0,45.93043,13.62839,Gorizia ARPA
586,85,P_1h,Pioggia oraria,,mm,2026-06-21 16:00:00,0.0,46.554586,12.853858,Rigolato
586,1,RR,RR,,mm,2026-06-21 16:15:00,0.0,46.554586,12.853858,Rigolato
586,2,T,Temperatura aria,,°C,2026-06-21 16:15:00,28.5,46.554586,12.853858,Rigolato
586,3,U,Igrometro,,%,2026-06-21 16:15:00,48.0,46.554586,12.853858,Rigolato
586,30,P,Pluviometro,,mm,2026-06-21 16:15:00,0.0,46.554586,12.853858,Rigolato
586,52,Prec_5_min,Precipitazione 5 min,,mm,2026-06-21 16:15:00,0.0,46.554586,12.853858,Rigolato
586,53,Prec_60_min,Precipitazione 60 min,,mm,2026-06-21 16:15:00,0.0,46.554586,12.853858,Rigolato
586,54,Prec_3_ore,Precipitazione 3 ore,,mm,2026-06-21 16:15:00,0.0,46.554586,12.853858,Rigolato
586,55,Prec_6_ore,Precipitazione 6 ore,,mm,2026-06-21 16:15:00,0.0,46.554586,12.853858,Rigolato
586,56,Prec_12_ore,Precipitazione 12 ore,,mm,2026-06-21 16:15:00,0.0,46.554586,12.853858,Rigolato
586,57,Prec_24_ore,Precipitazione 24 ore,,mm,2026-06-21 16:15:00,1.6,46.554586,12.853858,Rigolato
586,58,Prec_48_ore,Precipitazione 48 ore,,mm,2026-06-21 16:15:00,2.2,46.554586,12.853858,Rigolato
586,48,CAR,Corrente di carica,,mA,2026-06-21 16:15:00,79.0,46.554586,12.853858,Rigolato
586,49,SCAR,Corrente di scarica,,mA,2026-06-21 16:15:00,78.0,46.554586,12.853858,Rigolato
587,24,IDRO,Idrometro,,m,2026-06-21 16:00:00,0.5,46.038706616508,12.49664247036,Gorgazzo Idro
588,1,RR,RR,,mm,2026-06-21 16:00:00,0.0,46.21651923701,13.224266767502,Tarcento Meteo
588,85,P_1h,Pioggia oraria,,mm,2026-06-21 16:00:00,0.0,46.21651923701,13.224266767502,Tarcento Meteo
588,30,P,Pluviometro,,mm,2026-06-21 16:00:00,0.0,46.21651923701,13.224266767502,Tarcento Meteo
588,52,Prec_5_min,Precipitazione 5 min,,mm,2026-06-21 16:00:00,0.0,46.21651923701,13.224266767502,Tarcento Meteo
588,53,Prec_60_min,Precipitazione 60 min,,mm,2026-06-21 16:00:00,0.0,46.21651923701,13.224266767502,Tarcento Meteo
588,54,Prec_3_ore,Precipitazione 3 ore,,mm,2026-06-21 16:00:00,0.0,46.21651923701,13.224266767502,Tarcento Meteo
588,55,Prec_6_ore,Precipitazione 6 ore,,mm,2026-06-21 16:00:00,0.0,46.21651923701,13.224266767502,Tarcento Meteo
588,56,Prec_12_ore,Precipitazione 12 ore,,mm,2026-06-21 16:00:00,0.0,46.21651923701,13.224266767502,Tarcento Meteo
588,57,Prec_24_ore,Precipitazione 24 ore,,mm,2026-06-21 16:00:00,0.4,46.21651923701,13.224266767502,Tarcento Meteo
588,58,Prec_48_ore,Precipitazione 48 ore,,mm,2026-06-21 16:00:00,0.4,46.21651923701,13.224266767502,Tarcento Meteo
588,2,T,Temperatura aria,,°C,2026-06-21 16:00:00,33.5,46.21651923701,13.224266767502,Tarcento Meteo
588,3,U,Igrometro,,%,2026-06-21 16:00:00,35.4,46.21651923701,13.224266767502,Tarcento Meteo
588,48,CAR,Corrente di carica,,mA,2026-06-21 16:00:00,41.0,46.21651923701,13.224266767502,Tarcento Meteo
588,49,SCAR,Corrente di scarica,,mA,2026-06-21 16:00:00,59.0,46.21651923701,13.224266767502,Tarcento Meteo
589,22,Tm,Temperatura mare,,°C,2026-06-21 16:00:00,23.1,45.761667,13.496333,Foce Isonzo
589,24,IDRO,Idrometro,,m,2026-06-21 16:00:00,0.305,45.761667,13.496333,Foce Isonzo
589,41,Q_tot,Portata_totale,,mc/s,2026-06-21 16:00:00,32.85,45.761667,13.496333,Foce Isonzo
589,108,Q_sup,Portata_superiore,,mc/s,2026-06-21 16:00:00,28.25,45.761667,13.496333,Foce Isonzo
589,109,Q_inf,Portata_inferiore,,mc/s,2026-06-21 16:00:00,4.65,45.761667,13.496333,Foce Isonzo
589,110,CV_med,Corrente_media,,m/s,2026-06-21 16:00:00,0.0,45.761667,13.496333,Foce Isonzo
589,111,CV_sup,Corrente_superiore,,m/s,2026-06-21 16:00:00,0.1,45.761667,13.496333,Foce Isonzo
589,112,CV_inf,Corrente_inferiore,,m/s,2026-06-21 16:00:00,0.0,45.761667,13.496333,Foce Isonzo
592,81,MISxG,Misure xG,,sts,2026-06-21 16:00:00,1.0,46.221333268011,12.902326583862,Clauzetto frana
592,24,IDRO,Idrometro,,m,2026-06-21 16:15:00,0.005,46.221333268011,12.902326583862,Clauzetto frana
592,48,CAR,Corrente di carica,,mA,2026-06-21 16:15:00,125.0,46.221333268011,12.902326583862,Clauzetto frana
592,49,SCAR,Corrente di scarica,,mA,2026-06-21 16:15:00,240.0,46.221333268011,12.902326583862,Clauzetto frana
594,85,P_1h,Pioggia oraria,,mm,2026-06-21 16:00:00,0.0,45.93393,13.59649,Gorizia Consorzio di Bonifica
594,1,RR,RR,,mm,2026-06-21 16:15:00,0.0,45.93393,13.59649,Gorizia Consorzio di Bonifica
594,2,T,Temperatura aria,,°C,2026-06-21 16:15:00,35.2,45.93393,13.59649,Gorizia Consorzio di Bonifica
594,3,U,Igrometro,,%,2026-06-21 16:15:00,37.3,45.93393,13.59649,Gorizia Consorzio di Bonifica
594,30,P,Pluviometro,,mm,2026-06-21 16:15:00,0.0,45.93393,13.59649,Gorizia Consorzio di Bonifica
594,52,Prec_5_min,Precipitazione 5 min,,mm,2026-06-21 16:15:00,0.0,45.93393,13.59649,Gorizia Consorzio di Bonifica
594,53,Prec_60_min,Precipitazione 60 min,,mm,2026-06-21 16:15:00,0.0,45.93393,13.59649,Gorizia Consorzio di Bonifica
594,54,Prec_3_ore,Precipitazione 3 ore,,mm,2026-06-21 16:15:00,0.0,45.93393,13.59649,Gorizia Consorzio di Bonifica
594,55,Prec_6_ore,Precipitazione 6 ore,,mm,2026-06-21 16:15:00,0.0,45.93393,13.59649,Gorizia Consorzio di Bonifica
594,56,Prec_12_ore,Precipitazione 12 ore,,mm,2026-06-21 16:15:00,0.0,45.93393,13.59649,Gorizia Consorzio di Bonifica
594,57,Prec_24_ore,Precipitazione 24 ore,,mm,2026-06-21 16:15:00,0.0,45.93393,13.59649,Gorizia Consorzio di Bonifica
594,58,Prec_48_ore,Precipitazione 48 ore,,mm,2026-06-21 16:15:00,0.0,45.93393,13.59649,Gorizia Consorzio di Bonifica
596,85,P_1h,Pioggia oraria,,mm,2026-06-21 16:00:00,0.0,46.45983,12.87169,Ovaro Muina
596,1,RR,RR,,mm,2026-06-21 16:15:00,0.0,46.45983,12.87169,Ovaro Muina
596,24,IDRO,Idrometro,,m,2026-06-21 16:15:00,0.26,46.45983,12.87169,Ovaro Muina
596,30,P,Pluviometro,,mm,2026-06-21 16:15:00,0.0,46.45983,12.87169,Ovaro Muina
596,52,Prec_5_min,Precipitazione 5 min,,mm,2026-06-21 16:15:00,0.0,46.45983,12.87169,Ovaro Muina
596,53,Prec_60_min,Precipitazione 60 min,,mm,2026-06-21 16:15:00,0.0,46.45983,12.87169,Ovaro Muina
596,54,Prec_3_ore,Precipitazione 3 ore,,mm,2026-06-21 16:15:00,0.0,46.45983,12.87169,Ovaro Muina
596,55,Prec_6_ore,Precipitazione 6 ore,,mm,2026-06-21 16:15:00,0.0,46.45983,12.87169,Ovaro Muina
596,56,Prec_12_ore,Precipitazione 12 ore,,mm,2026-06-21 16:15:00,0.0,46.45983,12.87169,Ovaro Muina
596,57,Prec_24_ore,Precipitazione 24 ore,,mm,2026-06-21 16:15:00,1.2,46.45983,12.87169,Ovaro Muina
596,58,Prec_48_ore,Precipitazione 48 ore,,mm,2026-06-21 16:15:00,2.2,46.45983,12.87169,Ovaro Muina
597,24,IDRO,Idrometro,,m,2026-06-21 16:15:00,0.46,45.871958,13.08393,Ariis Idro
598,85,P_1h,Pioggia oraria,,mm,2026-06-21 16:00:00,0.0,46.414287,12.804309,Ampezzo
598,1,RR,RR,,mm,2026-06-21 16:15:00,0.0,46.414287,12.804309,Ampezzo
598,2,T,Temperatura aria,,°C,2026-06-21 16:15:00,28.2,46.414287,12.804309,Ampezzo
598,3,U,Igrometro,,%,2026-06-21 16:15:00,49.4,46.414287,12.804309,Ampezzo
598,23,NIVO,Nivometro,,cm,2026-06-21 16:15:00,40.0,46.414287,12.804309,Ampezzo
598,48,CAR,Corrente di carica,,mA,2026-06-21 16:15:00,101.0,46.414287,12.804309,Ampezzo
598,49,SCAR,Corrente di scarica,,mA,2026-06-21 16:15:00,91.0,46.414287,12.804309,Ampezzo
598,30,P,Pluviometro,,mm,2026-06-21 16:15:00,0.0,46.414287,12.804309,Ampezzo
598,52,Prec_5_min,Precipitazione 5 min,,mm,2026-06-21 16:15:00,0.0,46.414287,12.804309,Ampezzo
598,53,Prec_60_min,Precipitazione 60 min,,mm,2026-06-21 16:15:00,0.0,46.414287,12.804309,Ampezzo
598,54,Prec_3_ore,Precipitazione 3 ore,,mm,2026-06-21 16:15:00,0.0,46.414287,12.804309,Ampezzo
598,55,Prec_6_ore,Precipitazione 6 ore,,mm,2026-06-21 16:15:00,0.0,46.414287,12.804309,Ampezzo
598,56,Prec_12_ore,Precipitazione 12 ore,,mm,2026-06-21 16:15:00,0.0,46.414287,12.804309,Ampezzo
598,57,Prec_24_ore,Precipitazione 24 ore,,mm,2026-06-21 16:15:00,1.0,46.414287,12.804309,Ampezzo
598,58,Prec_48_ore,Precipitazione 48 ore,,mm,2026-06-21 16:15:00,3.2,46.414287,12.804309,Ampezzo
599,85,P_1h,Pioggia oraria,,mm,2026-06-21 16:00:00,0.0,46.475051,13.017616,Avosacco
599,1,RR,RR,,mm,2026-06-21 16:15:00,0.0,46.475051,13.017616,Avosacco
599,30,P,Pluviometro,,mm,2026-06-21 16:15:00,0.0,46.475051,13.017616,Avosacco
599,52,Prec_5_min,Precipitazione 5 min,,mm,2026-06-21 16:15:00,0.0,46.475051,13.017616,Avosacco
599,53,Prec_60_min,Precipitazione 60 min,,mm,2026-06-21 16:15:00,0.0,46.475051,13.017616,Avosacco
599,54,Prec_3_ore,Precipitazione 3 ore,,mm,2026-06-21 16:15:00,0.0,46.475051,13.017616,Avosacco
599,55,Prec_6_ore,Precipitazione 6 ore,,mm,2026-06-21 16:15:00,0.0,46.475051,13.017616,Avosacco
599,56,Prec_12_ore,Precipitazione 12 ore,,mm,2026-06-21 16:15:00,0.0,46.475051,13.017616,Avosacco
599,57,Prec_24_ore,Precipitazione 24 ore,,mm,2026-06-21 16:15:00,1.53333333333333,46.475051,13.017616,Avosacco
599,58,Prec_48_ore,Precipitazione 48 ore,,mm,2026-06-21 16:15:00,2.2,46.475051,13.017616,Avosacco
600,85,P_1h,Pioggia oraria,,mm,2026-06-21 16:00:00,0.0,46.181545,13.393231,Canebola
600,48,CAR,Corrente di carica,,mA,2026-06-21 16:15:00,114.0,46.181545,13.393231,Canebola
600,49,SCAR,Corrente di scarica,,mA,2026-06-21 16:15:00,81.0,46.181545,13.393231,Canebola
600,1,RR,RR,,mm,2026-06-21 16:15:00,0.0,46.181545,13.393231,Canebola
600,2,T,Temperatura aria,,°C,2026-06-21 16:15:00,29.5,46.181545,13.393231,Canebola
600,3,U,Igrometro,,%,2026-06-21 16:15:00,52.6,46.181545,13.393231,Canebola
600,30,P,Pluviometro,,mm,2026-06-21 16:15:00,0.0,46.181545,13.393231,Canebola
600,52,Prec_5_min,Precipitazione 5 min,,mm,2026-06-21 16:15:00,0.0,46.181545,13.393231,Canebola
600,53,Prec_60_min,Precipitazione 60 min,,mm,2026-06-21 16:15:00,0.0,46.181545,13.393231,Canebola
600,54,Prec_3_ore,Precipitazione 3 ore,,mm,2026-06-21 16:15:00,0.0,46.181545,13.393231,Canebola
600,55,Prec_6_ore,Precipitazione 6 ore,,mm,2026-06-21 16:15:00,0.0,46.181545,13.393231,Canebola
600,56,Prec_12_ore,Precipitazione 12 ore,,mm,2026-06-21 16:15:00,0.0,46.181545,13.393231,Canebola
600,57,Prec_24_ore,Precipitazione 24 ore,,mm,2026-06-21 16:15:00,1.4,46.181545,13.393231,Canebola
600,58,Prec_48_ore,Precipitazione 48 ore,,mm,2026-06-21 16:15:00,1.4,46.181545,13.393231,Canebola
601,85,P_1h,Pioggia oraria,,mm,2026-06-21 16:00:00,0.0,46.1315,13.352652,Faedis
601,1,RR,RR,,mm,2026-06-21 16:15:00,0.0,46.1315,13.352652,Faedis
601,2,T,Temperatura aria,,°C,2026-06-21 16:15:00,34.7733333333333,46.1315,13.352652,Faedis
601,3,U,Igrometro,,%,2026-06-21 16:15:00,39.88,46.1315,13.352652,Faedis
601,4,BF,Bagnatura fogliare,,min,2026-06-21 16:15:00,0.0,46.1315,13.352652,Faedis
601,5,Dv,Direzione vento,,°N,2026-06-21 16:15:00,287.0,46.1315,13.352652,Faedis
601,6,Vv,Velocità vento,,m/s,2026-06-21 16:15:00,1.2,46.1315,13.352652,Faedis
601,7,VvMax,Velocità vento massima,,m/s,2026-06-21 16:15:00,2.9,46.1315,13.352652,Faedis
601,8,DvMax,Direzione vento della velocità massima,,°N,2026-06-21 16:15:00,278.133333333333,46.1315,13.352652,Faedis
601,17,B,Barometro,,hPa,2026-06-21 16:15:00,1005.00666666667,46.1315,13.352652,Faedis
601,18,RG,Radiazione globale,,W/m2,2026-06-21 16:15:00,369.913333333333,46.1315,13.352652,Faedis
601,19,T50,Temperatura 50,,°C,2026-06-21 16:15:00,35.14,46.1315,13.352652,Faedis
601,20,T0,Temperatura 0,,°C,2026-06-21 16:15:00,33.32,46.1315,13.352652,Faedis
601,21,T-10,Temperatura -10,,°C,2026-06-21 16:15:00,23.4,46.1315,13.352652,Faedis
601,81,MISxG,Misure xG,,sts,2026-06-21 16:15:00,1.0,46.1315,13.352652,Faedis
601,30,P,Pluviometro,,mm,2026-06-21 16:15:00,0.0,46.1315,13.352652,Faedis
601,32,DvVett,Direzione vento vettoriale,,°N,2026-06-21 16:15:00,285.8,46.1315,13.352652,Faedis
601,33,VvVett,Velocità vento vettoriale,,m/s,2026-06-21 16:15:00,1.14666666666667,46.1315,13.352652,Faedis
601,48,CAR,Corrente di carica,,mA,2026-06-21 16:15:00,167.0,46.1315,13.352652,Faedis
601,49,SCAR,Corrente di scarica,,mA,2026-06-21 16:15:00,122.866666666667,46.1315,13.352652,Faedis
601,52,Prec_5_min,Precipitazione 5 min,,mm,2026-06-21 16:15:00,0.0,46.1315,13.352652,Faedis
601,53,Prec_60_min,Precipitazione 60 min,,mm,2026-06-21 16:15:00,0.0,46.1315,13.352652,Faedis
601,54,Prec_3_ore,Precipitazione 3 ore,,mm,2026-06-21 16:15:00,0.0,46.1315,13.352652,Faedis
601,55,Prec_6_ore,Precipitazione 6 ore,,mm,2026-06-21 16:15:00,0.0,46.1315,13.352652,Faedis
601,56,Prec_12_ore,Precipitazione 12 ore,,mm,2026-06-21 16:15:00,0.0,46.1315,13.352652,Faedis
601,57,Prec_24_ore,Precipitazione 24 ore,,mm,2026-06-21 16:15:00,0.0,46.1315,13.352652,Faedis
601,58,Prec_48_ore,Precipitazione 48 ore,,mm,2026-06-21 16:15:00,0.0,46.1315,13.352652,Faedis
602,24,IDRO,Idrometro,,m,2026-06-21 16:15:00,0.05,45.607263,13.820138,Francovez Rosandra
602,48,CAR,Corrente di carica,,mA,2026-06-21 16:15:00,141.0,45.607263,13.820138,Francovez Rosandra
602,49,SCAR,Corrente di scarica,,mA,2026-06-21 16:15:00,105.0,45.607263,13.820138,Francovez Rosandra
603,85,P_1h,Pioggia oraria,,mm,2026-06-21 16:00:00,0.0,46.363551,13.313233,Oseacco
603,1,RR,RR,,mm,2026-06-21 16:15:00,0.0,46.363551,13.313233,Oseacco
603,2,T,Temperatura aria,,°C,2026-06-21 16:15:00,30.5,46.363551,13.313233,Oseacco
603,3,U,Igrometro,,%,2026-06-21 16:15:00,50.3,46.363551,13.313233,Oseacco
603,30,P,Pluviometro,,mm,2026-06-21 16:15:00,0.0,46.363551,13.313233,Oseacco
603,48,CAR,Corrente di carica,,mA,2026-06-21 16:15:00,104.0,46.363551,13.313233,Oseacco
603,49,SCAR,Corrente di scarica,,mA,2026-06-21 16:15:00,88.0,46.363551,13.313233,Oseacco
603,52,Prec_5_min,Precipitazione 5 min,,mm,2026-06-21 16:15:00,0.0,46.363551,13.313233,Oseacco
603,53,Prec_60_min,Precipitazione 60 min,,mm,2026-06-21 16:15:00,0.0,46.363551,13.313233,Oseacco
603,54,Prec_3_ore,Precipitazione 3 ore,,mm,2026-06-21 16:15:00,0.0,46.363551,13.313233,Oseacco
603,55,Prec_6_ore,Precipitazione 6 ore,,mm,2026-06-21 16:15:00,0.0,46.363551,13.313233,Oseacco
603,56,Prec_12_ore,Precipitazione 12 ore,,mm,2026-06-21 16:15:00,0.0,46.363551,13.313233,Oseacco
603,57,Prec_24_ore,Precipitazione 24 ore,,mm,2026-06-21 16:15:00,2.8,46.363551,13.313233,Oseacco
603,58,Prec_48_ore,Precipitazione 48 ore,,mm,2026-06-21 16:15:00,2.8,46.363551,13.313233,Oseacco
604,85,P_1h,Pioggia oraria,,mm,2026-06-21 16:00:00,3.4,46.454024,12.514507,Passo della Mauria
604,1,RR,RR,,mm,2026-06-21 16:15:00,0.0,46.454024,12.514507,Passo della Mauria
604,2,T,Temperatura aria,,°C,2026-06-21 16:15:00,16.6,46.454024,12.514507,Passo della Mauria
604,3,U,Igrometro,,%,2026-06-21 16:15:00,96.6,46.454024,12.514507,Passo della Mauria
604,23,NIVO,Nivometro,,cm,2026-06-21 16:15:00,0.0,46.454024,12.514507,Passo della Mauria
604,30,P,Pluviometro,,mm,2026-06-21 16:15:00,0.0,46.454024,12.514507,Passo della Mauria
604,48,CAR,Corrente di carica,,mA,2026-06-21 16:15:00,12.0,46.454024,12.514507,Passo della Mauria
604,49,SCAR,Corrente di scarica,,mA,2026-06-21 16:15:00,208.0,46.454024,12.514507,Passo della Mauria
604,52,Prec_5_min,Precipitazione 5 min,,mm,2026-06-21 16:15:00,0.0,46.454024,12.514507,Passo della Mauria
604,53,Prec_60_min,Precipitazione 60 min,,mm,2026-06-21 16:15:00,3.4,46.454024,12.514507,Passo della Mauria
604,54,Prec_3_ore,Precipitazione 3 ore,,mm,2026-06-21 16:15:00,4.6,46.454024,12.514507,Passo della Mauria
604,55,Prec_6_ore,Precipitazione 6 ore,,mm,2026-06-21 16:15:00,4.6,46.454024,12.514507,Passo della Mauria
604,56,Prec_12_ore,Precipitazione 12 ore,,mm,2026-06-21 16:15:00,4.6,46.454024,12.514507,Passo della Mauria
604,57,Prec_24_ore,Precipitazione 24 ore,,mm,2026-06-21 16:15:00,7.4,46.454024,12.514507,Passo della Mauria
604,58,Prec_48_ore,Precipitazione 48 ore,,mm,2026-06-21 16:15:00,7.6,46.454024,12.514507,Passo della Mauria
605,85,P_1h,Pioggia oraria,,mm,2026-06-21 16:00:00,0.0,46.201317,13.469899,Stupizza
605,48,CAR,Corrente di carica,,mA,2026-06-21 16:15:00,129.0,46.201317,13.469899,Stupizza
605,49,SCAR,Corrente di scarica,,mA,2026-06-21 16:15:00,84.0,46.201317,13.469899,Stupizza
605,1,RR,RR,,mm,2026-06-21 16:15:00,0.0,46.201317,13.469899,Stupizza
605,2,T,Temperatura aria,,°C,2026-06-21 16:15:00,28.2,46.201317,13.469899,Stupizza
605,3,U,Igrometro,,%,2026-06-21 16:15:00,66.5,46.201317,13.469899,Stupizza
605,30,P,Pluviometro,,mm,2026-06-21 16:15:00,0.0,46.201317,13.469899,Stupizza
605,52,Prec_5_min,Precipitazione 5 min,,mm,2026-06-21 16:15:00,0.0,46.201317,13.469899,Stupizza
605,53,Prec_60_min,Precipitazione 60 min,,mm,2026-06-21 16:15:00,0.0,46.201317,13.469899,Stupizza
605,54,Prec_3_ore,Precipitazione 3 ore,,mm,2026-06-21 16:15:00,0.0,46.201317,13.469899,Stupizza
605,55,Prec_6_ore,Precipitazione 6 ore,,mm,2026-06-21 16:15:00,0.0,46.201317,13.469899,Stupizza
605,56,Prec_12_ore,Precipitazione 12 ore,,mm,2026-06-21 16:15:00,0.0,46.201317,13.469899,Stupizza
605,57,Prec_24_ore,Precipitazione 24 ore,,mm,2026-06-21 16:15:00,1.4,46.201317,13.469899,Stupizza
605,58,Prec_48_ore,Precipitazione 48 ore,,mm,2026-06-21 16:15:00,1.4,46.201317,13.469899,Stupizza
606,85,P_1h,Pioggia oraria,,mm,2026-06-21 16:00:00,0.0,45.644008,13.876164,Basovizza
606,1,RR,RR,,mm,2026-06-21 16:30:00,0.0,45.644008,13.876164,Basovizza
606,2,T,Temperatura aria,,°C,2026-06-21 16:30:00,30.6,45.644008,13.876164,Basovizza
606,3,U,Igrometro,,%,2026-06-21 16:30:00,43.8,45.644008,13.876164,Basovizza
606,4,BF,Bagnatura fogliare,,min,2026-06-21 16:30:00,0.0,45.644008,13.876164,Basovizza
606,30,P,Pluviometro,,mm,2026-06-21 16:30:00,0.0,45.644008,13.876164,Basovizza
606,48,CAR,Corrente di carica,,mA,2026-06-21 16:30:00,78.0,45.644008,13.876164,Basovizza
606,49,SCAR,Corrente di scarica,,mA,2026-06-21 16:30:00,28.0,45.644008,13.876164,Basovizza
606,52,Prec_5_min,Precipitazione 5 min,,mm,2026-06-21 16:30:00,0.0,45.644008,13.876164,Basovizza
606,53,Prec_60_min,Precipitazione 60 min,,mm,2026-06-21 16:30:00,0.0,45.644008,13.876164,Basovizza
606,54,Prec_3_ore,Precipitazione 3 ore,,mm,2026-06-21 16:30:00,0.0,45.644008,13.876164,Basovizza
606,55,Prec_6_ore,Precipitazione 6 ore,,mm,2026-06-21 16:30:00,0.0,45.644008,13.876164,Basovizza
606,56,Prec_12_ore,Precipitazione 12 ore,,mm,2026-06-21 16:30:00,0.0,45.644008,13.876164,Basovizza
606,57,Prec_24_ore,Precipitazione 24 ore,,mm,2026-06-21 16:30:00,0.0,45.644008,13.876164,Basovizza
606,58,Prec_48_ore,Precipitazione 48 ore,,mm,2026-06-21 16:30:00,0.0,45.644008,13.876164,Basovizza
607,85,P_1h,Pioggia oraria,,mm,2026-06-21 16:00:00,0.0,46.181142,12.950781,Pinzano
607,1,RR,RR,,mm,2026-06-21 16:15:00,0.0,46.181142,12.950781,Pinzano
607,2,T,Temperatura aria,,°C,2026-06-21 16:15:00,33.6,46.181142,12.950781,Pinzano
607,3,U,Igrometro,,%,2026-06-21 16:15:00,40.2,46.181142,12.950781,Pinzano
607,30,P,Pluviometro,,mm,2026-06-21 16:15:00,0.0,46.181142,12.950781,Pinzano
607,48,CAR,Corrente di carica,,mA,2026-06-21 16:15:00,110.0,46.181142,12.950781,Pinzano
607,49,SCAR,Corrente di scarica,,mA,2026-06-21 16:15:00,86.0,46.181142,12.950781,Pinzano
607,52,Prec_5_min,Precipitazione 5 min,,mm,2026-06-21 16:15:00,0.0,46.181142,12.950781,Pinzano
607,53,Prec_60_min,Precipitazione 60 min,,mm,2026-06-21 16:15:00,0.0,46.181142,12.950781,Pinzano
607,54,Prec_3_ore,Precipitazione 3 ore,,mm,2026-06-21 16:15:00,0.0,46.181142,12.950781,Pinzano
607,55,Prec_6_ore,Precipitazione 6 ore,,mm,2026-06-21 16:15:00,0.0,46.181142,12.950781,Pinzano
607,56,Prec_12_ore,Precipitazione 12 ore,,mm,2026-06-21 16:15:00,0.0,46.181142,12.950781,Pinzano
607,57,Prec_24_ore,Precipitazione 24 ore,,mm,2026-06-21 16:15:00,0.0,46.181142,12.950781,Pinzano
607,58,Prec_48_ore,Precipitazione 48 ore,,mm,2026-06-21 16:15:00,0.0,46.181142,12.950781,Pinzano
608,85,P_1h,Pioggia oraria,,mm,2026-06-21 16:00:00,0.0,46.215047,12.707587,Poffabro
608,1,RR,RR,,mm,2026-06-21 16:15:00,0.0,46.215047,12.707587,Poffabro
608,2,T,Temperatura aria,,°C,2026-06-21 16:15:00,27.9,46.215047,12.707587,Poffabro
608,3,U,Igrometro,,%,2026-06-21 16:15:00,55.4,46.215047,12.707587,Poffabro
608,30,P,Pluviometro,,mm,2026-06-21 16:15:00,0.0,46.215047,12.707587,Poffabro
608,48,CAR,Corrente di carica,,mA,2026-06-21 16:15:00,90.0,46.215047,12.707587,Poffabro
608,49,SCAR,Corrente di scarica,,mA,2026-06-21 16:15:00,86.0,46.215047,12.707587,Poffabro
608,52,Prec_5_min,Precipitazione 5 min,,mm,2026-06-21 16:15:00,0.0,46.215047,12.707587,Poffabro
608,53,Prec_60_min,Precipitazione 60 min,,mm,2026-06-21 16:15:00,0.0,46.215047,12.707587,Poffabro
608,54,Prec_3_ore,Precipitazione 3 ore,,mm,2026-06-21 16:15:00,0.0,46.215047,12.707587,Poffabro
608,55,Prec_6_ore,Precipitazione 6 ore,,mm,2026-06-21 16:15:00,0.0,46.215047,12.707587,Poffabro
608,56,Prec_12_ore,Precipitazione 12 ore,,mm,2026-06-21 16:15:00,0.0,46.215047,12.707587,Poffabro
608,57,Prec_24_ore,Precipitazione 24 ore,,mm,2026-06-21 16:15:00,1.8,46.215047,12.707587,Poffabro
608,58,Prec_48_ore,Precipitazione 48 ore,,mm,2026-06-21 16:15:00,2.2,46.215047,12.707587,Poffabro
609,85,P_1h,Pioggia oraria,,mm,2026-06-21 16:00:00,0.0,46.46771,13.49666,Val Saisera
609,1,RR,RR,,mm,2026-06-21 16:15:00,0.0,46.46771,13.49666,Val Saisera
609,2,T,Temperatura aria,,°C,2026-06-21 16:15:00,29.2,46.46771,13.49666,Val Saisera
609,3,U,Igrometro,,%,2026-06-21 16:15:00,37.0,46.46771,13.49666,Val Saisera
609,23,NIVO,Nivometro,,cm,2026-06-21 16:15:00,3.0,46.46771,13.49666,Val Saisera
609,30,P,Pluviometro,,mm,2026-06-21 16:15:00,0.0,46.46771,13.49666,Val Saisera
609,48,CAR,Corrente di carica,,mA,2026-06-21 16:15:00,252.0,46.46771,13.49666,Val Saisera
609,49,SCAR,Corrente di scarica,,mA,2026-06-21 16:15:00,189.0,46.46771,13.49666,Val Saisera
609,52,Prec_5_min,Precipitazione 5 min,,mm,2026-06-21 16:15:00,0.0,46.46771,13.49666,Val Saisera
609,53,Prec_60_min,Precipitazione 60 min,,mm,2026-06-21 16:15:00,0.0,46.46771,13.49666,Val Saisera
609,54,Prec_3_ore,Precipitazione 3 ore,,mm,2026-06-21 16:15:00,0.0,46.46771,13.49666,Val Saisera
609,55,Prec_6_ore,Precipitazione 6 ore,,mm,2026-06-21 16:15:00,0.0,46.46771,13.49666,Val Saisera
609,56,Prec_12_ore,Precipitazione 12 ore,,mm,2026-06-21 16:15:00,0.2,46.46771,13.49666,Val Saisera
609,57,Prec_24_ore,Precipitazione 24 ore,,mm,2026-06-21 16:15:00,6.0,46.46771,13.49666,Val Saisera
609,58,Prec_48_ore,Precipitazione 48 ore,,mm,2026-06-21 16:15:00,6.0,46.46771,13.49666,Val Saisera
610,85,P_1h,Pioggia oraria,,mm,2026-06-21 16:00:00,0.0,46.261776,13.256179,Vedronza
610,1,RR,RR,,mm,2026-06-21 16:15:00,0.0,46.261776,13.256179,Vedronza
610,2,T,Temperatura aria,,°C,2026-06-21 16:15:00,32.2,46.261776,13.256179,Vedronza
610,3,U,Igrometro,,%,2026-06-21 16:15:00,55.6,46.261776,13.256179,Vedronza
610,30,P,Pluviometro,,mm,2026-06-21 16:15:00,0.0,46.261776,13.256179,Vedronza
610,48,CAR,Corrente di carica,,mA,2026-06-21 16:15:00,135.0,46.261776,13.256179,Vedronza
610,49,SCAR,Corrente di scarica,,mA,2026-06-21 16:15:00,83.0,46.261776,13.256179,Vedronza
610,52,Prec_5_min,Precipitazione 5 min,,mm,2026-06-21 16:15:00,0.0,46.261776,13.256179,Vedronza
610,53,Prec_60_min,Precipitazione 60 min,,mm,2026-06-21 16:15:00,0.0,46.261776,13.256179,Vedronza
610,54,Prec_3_ore,Precipitazione 3 ore,,mm,2026-06-21 16:15:00,0.0,46.261776,13.256179,Vedronza
610,55,Prec_6_ore,Precipitazione 6 ore,,mm,2026-06-21 16:15:00,0.0,46.261776,13.256179,Vedronza
610,56,Prec_12_ore,Precipitazione 12 ore,,mm,2026-06-21 16:15:00,0.0,46.261776,13.256179,Vedronza
610,57,Prec_24_ore,Precipitazione 24 ore,,mm,2026-06-21 16:15:00,30.8,46.261776,13.256179,Vedronza
610,58,Prec_48_ore,Precipitazione 48 ore,,mm,2026-06-21 16:15:00,30.8,46.261776,13.256179,Vedronza
611,23,NIVO,Nivometro,,cm,2026-06-21 16:00:00,25.0,46.114911,12.492347,Val dei Sass NIVO
611,48,CAR,Corrente di carica,,mA,2026-06-21 16:00:00,102.0,46.114911,12.492347,Val dei Sass NIVO
611,49,SCAR,Corrente di scarica,,mA,2026-06-21 16:00:00,43.0,46.114911,12.492347,Val dei Sass NIVO
612,85,P_1h,Pioggia oraria,,mm,2026-06-21 16:00:00,0.0,46.516967210607,12.864919432694,Comeglians (new)
612,30,P,Pluviometro,,mm,2026-06-21 16:30:00,0.200000000000045,46.516967210607,12.864919432694,Comeglians (new)
612,52,Prec_5_min,Precipitazione 5 min,,mm,2026-06-21 16:30:00,0.0533333333333333,46.516967210607,12.864919432694,Comeglians (new)
612,53,Prec_60_min,Precipitazione 60 min,,mm,2026-06-21 16:30:00,0.0666666666666667,46.516967210607,12.864919432694,Comeglians (new)
612,54,Prec_3_ore,Precipitazione 3 ore,,mm,2026-06-21 16:30:00,0.0666666666666667,46.516967210607,12.864919432694,Comeglians (new)
612,55,Prec_6_ore,Precipitazione 6 ore,,mm,2026-06-21 16:30:00,0.0666666666666667,46.516967210607,12.864919432694,Comeglians (new)
612,56,Prec_12_ore,Precipitazione 12 ore,,mm,2026-06-21 16:30:00,0.0666666666666667,46.516967210607,12.864919432694,Comeglians (new)
612,57,Prec_24_ore,Precipitazione 24 ore,,mm,2026-06-21 16:30:00,1.66666666666667,46.516967210607,12.864919432694,Comeglians (new)
612,58,Prec_48_ore,Precipitazione 48 ore,,mm,2026-06-21 16:30:00,2.46666666666667,46.516967210607,12.864919432694,Comeglians (new)
612,1,RR,RR,,mm,2026-06-21 16:30:00,0.2,46.516967210607,12.864919432694,Comeglians (new)
612,2,T,Temperatura aria,,°C,2026-06-21 16:30:00,24.2,46.516967210607,12.864919432694,Comeglians (new)
612,3,U,Igrometro,,%,2026-06-21 16:30:00,76.4,46.516967210607,12.864919432694,Comeglians (new)
612,24,IDRO,Idrometro,,m,2026-06-21 16:30:00,1.18,46.516967210607,12.864919432694,Comeglians (new)
613,85,P_1h,Pioggia oraria,,mm,2026-06-21 16:00:00,0.0,45.65504,13.844509,Padriciano
613,1,RR,RR,,mm,2026-06-21 16:15:00,0.0,45.65504,13.844509,Padriciano
613,2,T,Temperatura aria,,°C,2026-06-21 16:15:00,30.1,45.65504,13.844509,Padriciano
613,3,U,Igrometro,,%,2026-06-21 16:15:00,47.6,45.65504,13.844509,Padriciano
613,4,BF,Bagnatura fogliare,,min,2026-06-21 16:15:00,0.0,45.65504,13.844509,Padriciano
613,30,P,Pluviometro,,mm,2026-06-21 16:15:00,0.0,45.65504,13.844509,Padriciano
613,48,CAR,Corrente di carica,,mA,2026-06-21 16:15:00,73.0,45.65504,13.844509,Padriciano
613,49,SCAR,Corrente di scarica,,mA,2026-06-21 16:15:00,28.0,45.65504,13.844509,Padriciano
613,52,Prec_5_min,Precipitazione 5 min,,mm,2026-06-21 16:15:00,0.0,45.65504,13.844509,Padriciano
613,53,Prec_60_min,Precipitazione 60 min,,mm,2026-06-21 16:15:00,0.0,45.65504,13.844509,Padriciano
613,54,Prec_3_ore,Precipitazione 3 ore,,mm,2026-06-21 16:15:00,0.0,45.65504,13.844509,Padriciano
613,55,Prec_6_ore,Precipitazione 6 ore,,mm,2026-06-21 16:15:00,0.0,45.65504,13.844509,Padriciano
613,56,Prec_12_ore,Precipitazione 12 ore,,mm,2026-06-21 16:15:00,0.0,45.65504,13.844509,Padriciano
613,57,Prec_24_ore,Precipitazione 24 ore,,mm,2026-06-21 16:15:00,0.0,45.65504,13.844509,Padriciano
613,58,Prec_48_ore,Precipitazione 48 ore,,mm,2026-06-21 16:15:00,0.0,45.65504,13.844509,Padriciano
615,1,RR,RR,,mm,2026-06-21 16:00:00,0.0,46.194425,12.775264,Cavasso Nuovo
615,2,T,Temperatura aria,,°C,2026-06-21 16:00:00,32.8,46.194425,12.775264,Cavasso Nuovo
615,3,U,Igrometro,,%,2026-06-21 16:00:00,43.0,46.194425,12.775264,Cavasso Nuovo
615,85,P_1h,Pioggia oraria,,mm,2026-06-21 16:00:00,0.0,46.194425,12.775264,Cavasso Nuovo
615,30,P,Pluviometro,,mm,2026-06-21 16:00:00,0.0,46.194425,12.775264,Cavasso Nuovo
615,48,CAR,Corrente di carica,,mA,2026-06-21 16:00:00,102.0,46.194425,12.775264,Cavasso Nuovo
615,49,SCAR,Corrente di scarica,,mA,2026-06-21 16:00:00,51.0,46.194425,12.775264,Cavasso Nuovo
615,52,Prec_5_min,Precipitazione 5 min,,mm,2026-06-21 16:00:00,0.0,46.194425,12.775264,Cavasso Nuovo
615,53,Prec_60_min,Precipitazione 60 min,,mm,2026-06-21 16:00:00,0.0,46.194425,12.775264,Cavasso Nuovo
615,54,Prec_3_ore,Precipitazione 3 ore,,mm,2026-06-21 16:00:00,0.0,46.194425,12.775264,Cavasso Nuovo
615,55,Prec_6_ore,Precipitazione 6 ore,,mm,2026-06-21 16:00:00,0.0,46.194425,12.775264,Cavasso Nuovo
615,56,Prec_12_ore,Precipitazione 12 ore,,mm,2026-06-21 16:00:00,0.0,46.194425,12.775264,Cavasso Nuovo
615,57,Prec_24_ore,Precipitazione 24 ore,,mm,2026-06-21 16:00:00,0.2,46.194425,12.775264,Cavasso Nuovo
615,58,Prec_48_ore,Precipitazione 48 ore,,mm,2026-06-21 16:00:00,0.2,46.194425,12.775264,Cavasso Nuovo
616,85,P_1h,Pioggia oraria,,mm,2026-06-21 16:00:00,0.0,46.466196,12.710435,Sauris di sotto
616,1,RR,RR,,mm,2026-06-21 16:15:00,0.0,46.466196,12.710435,Sauris di sotto
616,2,T,Temperatura aria,,°C,2026-06-21 16:15:00,22.2,46.466196,12.710435,Sauris di sotto
616,3,U,Igrometro,,%,2026-06-21 16:15:00,69.9,46.466196,12.710435,Sauris di sotto
616,23,NIVO,Nivometro,,cm,2026-06-21 16:15:00,33.0,46.466196,12.710435,Sauris di sotto
616,30,P,Pluviometro,,mm,2026-06-21 16:15:00,0.0,46.466196,12.710435,Sauris di sotto
616,48,CAR,Corrente di carica,,mA,2026-06-21 16:15:00,95.0,46.466196,12.710435,Sauris di sotto
616,49,SCAR,Corrente di scarica,,mA,2026-06-21 16:15:00,87.0,46.466196,12.710435,Sauris di sotto
616,52,Prec_5_min,Precipitazione 5 min,,mm,2026-06-21 16:15:00,0.0,46.466196,12.710435,Sauris di sotto
616,53,Prec_60_min,Precipitazione 60 min,,mm,2026-06-21 16:15:00,0.0,46.466196,12.710435,Sauris di sotto
616,54,Prec_3_ore,Precipitazione 3 ore,,mm,2026-06-21 16:15:00,0.0,46.466196,12.710435,Sauris di sotto
616,55,Prec_6_ore,Precipitazione 6 ore,,mm,2026-06-21 16:15:00,0.0,46.466196,12.710435,Sauris di sotto
616,56,Prec_12_ore,Precipitazione 12 ore,,mm,2026-06-21 16:15:00,0.0,46.466196,12.710435,Sauris di sotto
616,57,Prec_24_ore,Precipitazione 24 ore,,mm,2026-06-21 16:15:00,1.8,46.466196,12.710435,Sauris di sotto
616,58,Prec_48_ore,Precipitazione 48 ore,,mm,2026-06-21 16:15:00,6.6,46.466196,12.710435,Sauris di sotto
626,24,IDRO,Idrometro,,m,2026-06-21 16:30:00,0.346666666666667,45.800062,13.228165,Porto Nogaro Marea
626,81,MISxG,Misure xG,,sts,2026-06-21 16:30:00,1.0,45.800062,13.228165,Porto Nogaro Marea
626,86,LIV_MARE_IGM42,Livello mare IGM42,,m,2026-06-21 16:30:00,0.346666666666667,45.800062,13.228165,Porto Nogaro Marea
626,48,CAR,Corrente di carica,,mA,2026-06-21 16:30:00,166.533333333333,45.800062,13.228165,Porto Nogaro Marea
626,49,SCAR,Corrente di scarica,,mA,2026-06-21 16:30:00,112.066666666667,45.800062,13.228165,Porto Nogaro Marea
627,85,P_1h,Pioggia oraria,,mm,2026-06-21 16:00:00,0.0,46.371503,13.071209,Amaro
627,7,VvMax,Velocità vento massima,,m/s,2026-06-21 16:15:00,3.7,46.371503,13.071209,Amaro
627,1,RR,RR,,mm,2026-06-21 16:30:00,0.0,46.371503,13.071209,Amaro
627,2,T,Temperatura aria,,°C,2026-06-21 16:30:00,31.4333333333333,46.371503,13.071209,Amaro
627,3,U,Igrometro,,%,2026-06-21 16:30:00,46.56,46.371503,13.071209,Amaro
627,5,Dv,Direzione vento,,°N,2026-06-21 16:30:00,73.6,46.371503,13.071209,Amaro
627,6,Vv,Velocità vento,,m/s,2026-06-21 16:30:00,1.74,46.371503,13.071209,Amaro
627,8,DvMax,Direzione vento della velocità massima,,°N,2026-06-21 16:30:00,50.2666666666667,46.371503,13.071209,Amaro
627,18,RG,Radiazione globale,,W/m2,2026-06-21 16:30:00,115.753333333333,46.371503,13.071209,Amaro
627,81,MISxG,Misure xG,,sts,2026-06-21 16:30:00,1.0,46.371503,13.071209,Amaro
627,30,P,Pluviometro,,mm,2026-06-21 16:30:00,0.0,46.371503,13.071209,Amaro
627,32,DvVett,Direzione vento vettoriale,,°N,2026-06-21 16:30:00,73.4666666666667,46.371503,13.071209,Amaro
627,33,VvVett,Velocità vento vettoriale,,m/s,2026-06-21 16:30:00,1.71333333333333,46.371503,13.071209,Amaro
627,48,CAR,Corrente di carica,,mA,2026-06-21 16:30:00,119.0,46.371503,13.071209,Amaro
627,49,SCAR,Corrente di scarica,,mA,2026-06-21 16:30:00,73.0,46.371503,13.071209,Amaro
627,52,Prec_5_min,Precipitazione 5 min,,mm,2026-06-21 16:30:00,0.0,46.371503,13.071209,Amaro
627,53,Prec_60_min,Precipitazione 60 min,,mm,2026-06-21 16:30:00,0.0,46.371503,13.071209,Amaro
627,54,Prec_3_ore,Precipitazione 3 ore,,mm,2026-06-21 16:30:00,0.0,46.371503,13.071209,Amaro
627,55,Prec_6_ore,Precipitazione 6 ore,,mm,2026-06-21 16:30:00,0.0,46.371503,13.071209,Amaro
627,56,Prec_12_ore,Precipitazione 12 ore,,mm,2026-06-21 16:30:00,0.0,46.371503,13.071209,Amaro
627,57,Prec_24_ore,Precipitazione 24 ore,,mm,2026-06-21 16:30:00,22.2666666666667,46.371503,13.071209,Amaro
627,58,Prec_48_ore,Precipitazione 48 ore,,mm,2026-06-21 16:30:00,22.4,46.371503,13.071209,Amaro
628,24,IDRO,Idrometro,,m,2026-06-21 16:30:00,0.08,46.365819,13.323348,Resia idro
628,81,MISxG,Misure xG,,sts,2026-06-21 16:30:00,1.0,46.365819,13.323348,Resia idro
628,48,CAR,Corrente di carica,,mA,2026-06-21 16:30:00,105.0,46.365819,13.323348,Resia idro
628,49,SCAR,Corrente di scarica,,mA,2026-06-21 16:30:00,69.0,46.365819,13.323348,Resia idro
629,1,RR,RR,,mm,2026-06-21 16:00:00,0.0,45.98689,12.65388,Pordenone Comina
629,2,T,Temperatura aria,,°C,2026-06-21 16:00:00,34.6133333333333,45.98689,12.65388,Pordenone Comina
629,3,U,Igrometro,,%,2026-06-21 16:00:00,36.7533333333333,45.98689,12.65388,Pordenone Comina
629,5,Dv,Direzione vento,,°N,2026-06-21 16:00:00,223.866666666667,45.98689,12.65388,Pordenone Comina
629,6,Vv,Velocità vento,,m/s,2026-06-21 16:00:00,2.63333333333333,45.98689,12.65388,Pordenone Comina
629,7,VvMax,Velocità vento massima,,m/s,2026-06-21 16:00:00,4.3,45.98689,12.65388,Pordenone Comina
629,8,DvMax,Direzione vento della velocità massima,,°N,2026-06-21 16:00:00,227.333333333333,45.98689,12.65388,Pordenone Comina
629,17,B,Barometro,,hPa,2026-06-21 16:00:00,1015.6,45.98689,12.65388,Pordenone Comina
629,18,RG,Radiazione globale,,W/m2,2026-06-21 16:00:00,457.246666666667,45.98689,12.65388,Pordenone Comina
629,81,MISxG,Misure xG,,sts,2026-06-21 16:00:00,1.0,45.98689,12.65388,Pordenone Comina
629,85,P_1h,Pioggia oraria,,mm,2026-06-21 16:00:00,0.0,45.98689,12.65388,Pordenone Comina
629,30,P,Pluviometro,,mm,2026-06-21 16:00:00,0.0,45.98689,12.65388,Pordenone Comina
629,32,DvVett,Direzione vento vettoriale,,°N,2026-06-21 16:00:00,223.666666666667,45.98689,12.65388,Pordenone Comina
629,33,VvVett,Velocità vento vettoriale,,m/s,2026-06-21 16:00:00,2.54666666666667,45.98689,12.65388,Pordenone Comina
629,52,Prec_5_min,Precipitazione 5 min,,mm,2026-06-21 16:00:00,0.0,45.98689,12.65388,Pordenone Comina
629,53,Prec_60_min,Precipitazione 60 min,,mm,2026-06-21 16:00:00,0.0,45.98689,12.65388,Pordenone Comina
629,54,Prec_3_ore,Precipitazione 3 ore,,mm,2026-06-21 16:00:00,0.0,45.98689,12.65388,Pordenone Comina
629,55,Prec_6_ore,Precipitazione 6 ore,,mm,2026-06-21 16:00:00,0.0,45.98689,12.65388,Pordenone Comina
629,56,Prec_12_ore,Precipitazione 12 ore,,mm,2026-06-21 16:00:00,0.0,45.98689,12.65388,Pordenone Comina
629,57,Prec_24_ore,Precipitazione 24 ore,,mm,2026-06-21 16:00:00,8.3,45.98689,12.65388,Pordenone Comina
629,58,Prec_48_ore,Precipitazione 48 ore,,mm,2026-06-21 16:00:00,8.3,45.98689,12.65388,Pordenone Comina
630,24,IDRO,Idrometro,,m,2026-06-21 16:15:00,0.25,45.917333,13.411914,Medea F.Judrio
630,48,CAR,Corrente di carica,,mA,2026-06-21 16:15:00,265.0,45.917333,13.411914,Medea F.Judrio
630,49,SCAR,Corrente di scarica,,mA,2026-06-21 16:15:00,203.0,45.917333,13.411914,Medea F.Judrio
631,24,IDRO,Idrometro,,m,2026-06-21 16:15:00,1.75,45.977777,13.448392,Visinale F.Judrio
632,85,P_1h,Pioggia oraria,,mm,2026-06-21 16:00:00,0.0,45.95106,12.50068,Sacile Pluvio
632,1,RR,RR,,mm,2026-06-21 16:30:00,0.0,45.95106,12.50068,Sacile Pluvio
632,30,P,Pluviometro,,mm,2026-06-21 16:30:00,0.0,45.95106,12.50068,Sacile Pluvio
632,48,CAR,Corrente di carica,,mA,2026-06-21 16:30:00,49.0,45.95106,12.50068,Sacile Pluvio
632,49,SCAR,Corrente di scarica,,mA,2026-06-21 16:30:00,21.0,45.95106,12.50068,Sacile Pluvio
632,52,Prec_5_min,Precipitazione 5 min,,mm,2026-06-21 16:30:00,0.0,45.95106,12.50068,Sacile Pluvio
632,53,Prec_60_min,Precipitazione 60 min,,mm,2026-06-21 16:30:00,0.0,45.95106,12.50068,Sacile Pluvio
632,54,Prec_3_ore,Precipitazione 3 ore,,mm,2026-06-21 16:30:00,0.0,45.95106,12.50068,Sacile Pluvio
632,55,Prec_6_ore,Precipitazione 6 ore,,mm,2026-06-21 16:30:00,0.0,45.95106,12.50068,Sacile Pluvio
632,56,Prec_12_ore,Precipitazione 12 ore,,mm,2026-06-21 16:30:00,0.0,45.95106,12.50068,Sacile Pluvio
632,57,Prec_24_ore,Precipitazione 24 ore,,mm,2026-06-21 16:30:00,0.0,45.95106,12.50068,Sacile Pluvio
632,58,Prec_48_ore,Precipitazione 48 ore,,mm,2026-06-21 16:30:00,0.0,45.95106,12.50068,Sacile Pluvio
632,143,STSpluv (RAW),Stato Pluv (RAW),,sts,2026-06-21 16:30:00,0.0,45.95106,12.50068,Sacile Pluvio
