station_id,station_name,variable,value,dt,lat,lon,gestore,source
ADRIATIC::MH_dpcn-marche_Acqualagna,Acqualagna,PREC,0.0,2026-06-21 16:00:00+00:00,43.62819,12.68448,MeteoHub_dpcn-marche,ADRIATIC
ADRIATIC::MH_dpcn-marche_Agugliano,Agugliano,PREC,0.0,2026-06-21 16:00:00+00:00,43.5433,13.3806,MeteoHub_dpcn-marche,ADRIATIC
ADRIATIC::MH_dpcn-marche_Amandola,Amandola,PREC,0.0,2026-06-21 16:00:00+00:00,42.97638,13.35133,MeteoHub_dpcn-marche,ADRIATIC
ADRIATIC::MH_dpcn-marche_Ancona_Regione,Ancona Regione,PREC,0.0,2026-06-21 16:00:00+00:00,43.6103,13.5083,MeteoHub_dpcn-marche,ADRIATIC
ADRIATIC::MH_dpcn-marche_Ancona_Torrette,Ancona Torrette,PREC,0.0,2026-06-21 16:00:00+00:00,43.61095,13.4498,MeteoHub_dpcn-marche,ADRIATIC
ADRIATIC::MH_dpcn-marche_Appignano,Appignano,PREC,0.0,2026-06-21 16:00:00+00:00,43.3642,13.3431,MeteoHub_dpcn-marche,ADRIATIC
ADRIATIC::MH_dpcn-marche_Arcevia,Arcevia,PREC,0.0,2026-06-21 16:00:00+00:00,43.4975,12.9367,MeteoHub_dpcn-marche,ADRIATIC
ADRIATIC::MH_dpcn-marche_Arquata_del_Tronto,Arquata del Tronto,PREC,0.0,2026-06-21 16:00:00+00:00,42.77782,13.29545,MeteoHub_dpcn-marche,ADRIATIC
ADRIATIC::MH_dpcn-marche_Arzilla,Arzilla,PREC,0.0,2026-06-21 16:00:00+00:00,43.84,12.8947,MeteoHub_dpcn-marche,ADRIATIC
ADRIATIC::MH_dpcn-marche_Baraccola,Baraccola,PREC,0.0,2026-06-21 16:00:00+00:00,43.57445,13.52388,MeteoHub_dpcn-marche,ADRIATIC
ADRIATIC::MH_dpcn-marche_Barbara,Barbara,PREC,0.0,2026-06-21 16:00:00+00:00,43.58027,13.02907,MeteoHub_dpcn-marche,ADRIATIC
ADRIATIC::MH_dpcn-marche_Biscubio,Biscubio,PREC,0.0,2026-06-21 16:00:00+00:00,43.56204,12.4304,MeteoHub_dpcn-marche,ADRIATIC
ADRIATIC::MH_dpcn-marche_Bronzo,Bronzo,PREC,0.0,2026-06-21 16:00:00+00:00,43.80855,12.51255,MeteoHub_dpcn-marche,ADRIATIC
ADRIATIC::MH_dpcn-marche_Cagli_Civita,Cagli Civita,PREC,0.0,2026-06-21 16:00:00+00:00,43.5468,12.64387,MeteoHub_dpcn-marche,ADRIATIC
ADRIATIC::MH_dpcn-marche_Camerino,Camerino,PREC,0.0,2026-06-21 16:00:00+00:00,43.1461,13.0661,MeteoHub_dpcn-marche,ADRIATIC
ADRIATIC::MH_dpcn-marche_Campodiegoli,Campodiegoli,PREC,0.0,2026-06-21 16:00:00+00:00,43.3103,12.8242,MeteoHub_dpcn-marche,ADRIATIC
ADRIATIC::MH_dpcn-marche_Camponocecchio,Camponocecchio,PREC,0.0,2026-06-21 16:00:00+00:00,43.40635,12.98029,MeteoHub_dpcn-marche,ADRIATIC
ADRIATIC::MH_dpcn-marche_Cantiano,Cantiano,PREC,0.0,2026-06-21 16:00:00+00:00,43.46707,12.64052,MeteoHub_dpcn-marche,ADRIATIC
ADRIATIC::MH_dpcn-marche_Capodacqua,Capodacqua,PREC,0.0,2026-06-21 16:00:00+00:00,42.73848,13.23818,MeteoHub_dpcn-marche,ADRIATIC
ADRIATIC::MH_dpcn-marche_Carassai,Carassai,PREC,0.0,2026-06-21 15:45:00+00:00,43.02597,13.64595,MeteoHub_dpcn-marche,ADRIATIC
ADRIATIC::MH_dpcn-marche_Carpegna,Carpegna,PREC,0.0,2026-06-21 16:00:00+00:00,43.78058,12.34062,MeteoHub_dpcn-marche,ADRIATIC
ADRIATIC::MH_dpcn-marche_Casteldelci,Casteldelci,PREC,0.0,2026-06-21 16:10:00+00:00,43.79056,12.13194,MeteoHub_dpcn-marche,ADRIATIC
ADRIATIC::MH_dpcn-marche_Cesane_Foresta,Cesane Foresta,PREC,0.0,2026-06-21 16:00:00+00:00,43.6926,12.7675,MeteoHub_dpcn-marche,ADRIATIC
ADRIATIC::MH_dpcn-marche_Cesano,Cesano,PREC,0.0,2026-06-21 16:00:00+00:00,43.6649,13.01444,MeteoHub_dpcn-marche,ADRIATIC
ADRIATIC::MH_dpcn-marche_Chienti_2,Chienti 2,PREC,0.0,2026-06-21 16:00:00+00:00,43.2608,13.59,MeteoHub_dpcn-marche,ADRIATIC
ADRIATIC::MH_dpcn-marche_Cingoli,Cingoli,PREC,0.0,2026-06-21 16:00:00+00:00,43.36223,13.19233,MeteoHub_dpcn-marche,ADRIATIC
ADRIATIC::MH_dpcn-marche_Colle,Colle,PREC,0.0,2026-06-21 16:00:00+00:00,43.5347,13.0564,MeteoHub_dpcn-marche,ADRIATIC
ADRIATIC::MH_dpcn-marche_Colleponi,Colleponi,PREC,0.0,2026-06-21 16:00:00+00:00,43.43372,12.90434,MeteoHub_dpcn-marche,ADRIATIC
ADRIATIC::MH_dpcn-marche_Conca_1,Conca 1,PREC,0.0,2026-06-21 16:00:00+00:00,43.8711,12.4956,MeteoHub_dpcn-marche,ADRIATIC
ADRIATIC::MH_dpcn-marche_Conca_2,Conca 2,PREC,0.0,2026-06-21 16:00:00+00:00,43.8839,12.5289,MeteoHub_dpcn-marche,ADRIATIC
ADRIATIC::MH_dpcn-marche_Corinaldo,Corinaldo,PREC,0.0,2026-06-21 16:00:00+00:00,43.6605,13.04638,MeteoHub_dpcn-marche,ADRIATIC
ADRIATIC::MH_dpcn-marche_Cupramontana,Cupramontana,PREC,0.0,2026-06-21 16:00:00+00:00,43.44538,13.11565,MeteoHub_dpcn-marche,ADRIATIC
ADRIATIC::MH_dpcn-marche_Endesa,Endesa,PREC,0.0,2026-06-21 16:00:00+00:00,42.92618,13.09863,MeteoHub_dpcn-marche,ADRIATIC
ADRIATIC::MH_dpcn-marche_Esanatoglia2,Esanatoglia2,PREC,0.0,2026-06-21 16:00:00+00:00,43.25313,12.94332,MeteoHub_dpcn-marche,ADRIATIC
ADRIATIC::MH_dpcn-marche_Fabriano_Centro,Fabriano Centro,PREC,0.0,2026-06-21 16:00:00+00:00,43.33027,12.90403,MeteoHub_dpcn-marche,ADRIATIC
ADRIATIC::MH_dpcn-marche_Fermo,Fermo,PREC,0.0,2026-06-21 16:00:00+00:00,43.1575,13.7144,MeteoHub_dpcn-marche,ADRIATIC
ADRIATIC::MH_dpcn-marche_Fiastra_Tribbio,Fiastra Tribbio,PREC,0.0,2026-06-21 16:00:00+00:00,43.0347,13.156,MeteoHub_dpcn-marche,ADRIATIC
ADRIATIC::MH_dpcn-marche_Filottrano,Filottrano,PREC,0.0,2026-06-21 16:00:00+00:00,43.4358,13.3511,MeteoHub_dpcn-marche,ADRIATIC
ADRIATIC::MH_dpcn-marche_Fiumesino,Fiumesino,PREC,0.0,2026-06-21 16:00:00+00:00,43.62947,13.37233,MeteoHub_dpcn-marche,ADRIATIC
ADRIATIC::MH_dpcn-marche_Foce_Cesano,Foce Cesano,PREC,0.0,2026-06-21 16:00:00+00:00,43.74958,13.17091,MeteoHub_dpcn-marche,ADRIATIC
ADRIATIC::MH_dpcn-marche_Foce_Chienti,Foce Chienti,PREC,0.0,2026-06-21 16:00:00+00:00,43.2972,13.72883,MeteoHub_dpcn-marche,ADRIATIC
ADRIATIC::MH_dpcn-marche_Foce_Metauro,Foce Metauro,PREC,0.0,2026-06-21 16:00:00+00:00,43.82704,13.05262,MeteoHub_dpcn-marche,ADRIATIC
ADRIATIC::MH_dpcn-marche_Foce_Tesino,Foce Tesino,PREC,0.0,2026-06-21 16:00:00+00:00,42.97552,13.86875,MeteoHub_dpcn-marche,ADRIATIC
ADRIATIC::MH_dpcn-marche_Foglia_1,Foglia 1,PREC,0.0,2026-06-21 16:00:00+00:00,43.79423,12.6188,MeteoHub_dpcn-marche,ADRIATIC
ADRIATIC::MH_dpcn-marche_Foglia_2,Foglia 2,PREC,0.0,2026-06-21 16:00:00+00:00,43.85179,12.7868,MeteoHub_dpcn-marche,ADRIATIC
ADRIATIC::MH_dpcn-marche_Foglia_3,Foglia 3,PREC,0.0,2026-06-21 16:00:00+00:00,43.90758,12.89751,MeteoHub_dpcn-marche,ADRIATIC
ADRIATIC::MH_dpcn-marche_Fonte_Avellana,Fonte Avellana,PREC,0.0,2026-06-21 16:00:00+00:00,43.4711,12.7264,MeteoHub_dpcn-marche,ADRIATIC
ADRIATIC::MH_dpcn-marche_Force,Force,PREC,0.0,2026-06-21 16:00:00+00:00,42.9628,13.4897,MeteoHub_dpcn-marche,ADRIATIC
ADRIATIC::MH_dpcn-marche_Fossombrone,Fossombrone,PREC,0.0,2026-06-21 16:00:00+00:00,43.68252,12.7984,MeteoHub_dpcn-marche,ADRIATIC
ADRIATIC::MH_dpcn-marche_Frontino,Frontino,PREC,0.0,2026-06-21 16:00:00+00:00,43.75863,12.357,MeteoHub_dpcn-marche,ADRIATIC
ADRIATIC::MH_dpcn-marche_Gallo,Gallo,PREC,0.0,2026-06-21 16:00:00+00:00,43.78148,12.70724,MeteoHub_dpcn-marche,ADRIATIC
ADRIATIC::MH_dpcn-marche_Grottazzolina,Grottazzolina,PREC,0.0,2026-06-21 16:00:00+00:00,43.1061,13.5986,MeteoHub_dpcn-marche,ADRIATIC
ADRIATIC::MH_dpcn-marche_Gualdo,Gualdo,PREC,0.0,2026-06-21 16:00:00+00:00,42.88622,13.16578,MeteoHub_dpcn-marche,ADRIATIC
ADRIATIC::MH_dpcn-marche_Illice,Illice,PREC,0.0,2026-06-21 15:45:00+00:00,42.90522,13.40683,MeteoHub_dpcn-marche,ADRIATIC
ADRIATIC::MH_dpcn-marche_Jesi,Jesi,PREC,0.0,2026-06-21 16:00:00+00:00,43.5319,13.23,MeteoHub_dpcn-marche,ADRIATIC
ADRIATIC::MH_dpcn-marche_Loreto,Loreto,PREC,0.0,2026-06-21 16:00:00+00:00,43.43578,13.61955,MeteoHub_dpcn-marche,ADRIATIC
ADRIATIC::MH_dpcn-marche_Loro_Piceno,Loro Piceno,PREC,0.0,2026-06-21 16:00:00+00:00,43.16,13.4036,MeteoHub_dpcn-marche,ADRIATIC
ADRIATIC::MH_dpcn-marche_Macerata_Montalbano,Macerata Montalbano,PREC,0.0,2026-06-21 16:00:00+00:00,43.29223,13.4187,MeteoHub_dpcn-marche,ADRIATIC
ADRIATIC::MH_dpcn-marche_Marina_di_Montemarciano,Marina di Montemarciano,PREC,0.0,2026-06-21 16:00:00+00:00,43.6463,13.34047,MeteoHub_dpcn-marche,ADRIATIC
ADRIATIC::MH_dpcn-marche_Metauro,Metauro,PREC,0.0,2026-06-21 16:00:00+00:00,43.76256,12.96747,MeteoHub_dpcn-marche,ADRIATIC
ADRIATIC::MH_dpcn-marche_Misa,Misa,PREC,0.0,2026-06-21 16:00:00+00:00,43.66254,13.16497,MeteoHub_dpcn-marche,ADRIATIC
ADRIATIC::MH_dpcn-marche_Moie,Moie,PREC,0.0,2026-06-21 16:00:00+00:00,43.49617,13.12579,MeteoHub_dpcn-marche,ADRIATIC
ADRIATIC::MH_dpcn-marche_Monte_Bove_Sud,Monte Bove Sud,PREC,0.0,2026-06-21 16:00:00+00:00,42.9119,13.1892,MeteoHub_dpcn-marche,ADRIATIC
ADRIATIC::MH_dpcn-marche_Monte_Carpegna,Monte Carpegna,PREC,0.0,2026-06-21 15:45:00+00:00,43.80088,12.32015,MeteoHub_dpcn-marche,ADRIATIC
ADRIATIC::MH_dpcn-marche_Monte_Nerone,Monte Nerone,PREC,0.0,2026-06-21 16:00:00+00:00,43.55328,12.52087,MeteoHub_dpcn-marche,ADRIATIC
ADRIATIC::MH_dpcn-marche_Monte_Paganuccio,Monte Paganuccio,PREC,0.0,2026-06-21 16:00:00+00:00,43.6281,12.75872,MeteoHub_dpcn-marche,ADRIATIC
ADRIATIC::MH_dpcn-marche_Monte_Petrano,Monte Petrano,PREC,0.0,2026-06-21 16:00:00+00:00,43.5153,12.62183,MeteoHub_dpcn-marche,ADRIATIC
ADRIATIC::MH_dpcn-marche_Monte_Prata,Monte Prata,PREC,0.0,2026-06-21 16:00:00+00:00,42.8736,13.205,MeteoHub_dpcn-marche,ADRIATIC
ADRIATIC::MH_dpcn-marche_Montecavallo,Montecavallo,PREC,0.0,2026-06-21 16:00:00+00:00,42.98368,12.99405,MeteoHub_dpcn-marche,ADRIATIC
ADRIATIC::MH_dpcn-marche_Montefano,Montefano,PREC,0.0,2026-06-21 16:00:00+00:00,43.4094,13.4369,MeteoHub_dpcn-marche,ADRIATIC
ADRIATIC::MH_dpcn-marche_Montemonaco,Montemonaco,PREC,0.0,2026-06-21 16:00:00+00:00,42.8997,13.3253,MeteoHub_dpcn-marche,ADRIATIC
ADRIATIC::MH_dpcn-marche_Mozzano,Mozzano,PREC,0.0,2026-06-21 16:00:00+00:00,42.84965,13.53753,MeteoHub_dpcn-marche,ADRIATIC
ADRIATIC::MH_dpcn-marche_Musone,Musone,PREC,0.0,2026-06-21 15:45:00+00:00,43.4756,13.38844,MeteoHub_dpcn-marche,ADRIATIC
ADRIATIC::MH_dpcn-marche_Osimo_Monteragolo,Osimo Monteragolo,PREC,0.0,2026-06-21 16:00:00+00:00,43.49232,13.50175,MeteoHub_dpcn-marche,ADRIATIC
ADRIATIC::MH_dpcn-marche_Passatempo,Passatempo,PREC,0.0,2026-06-21 16:00:00+00:00,43.44728,13.4492,MeteoHub_dpcn-marche,ADRIATIC
ADRIATIC::MH_dpcn-marche_Pergola,Pergola,PREC,0.0,2026-06-21 16:00:00+00:00,43.56863,12.84411,MeteoHub_dpcn-marche,ADRIATIC
ADRIATIC::MH_dpcn-marche_Piagge,Piagge,PREC,0.0,2026-06-21 16:00:00+00:00,43.7375,12.96922,MeteoHub_dpcn-marche,ADRIATIC
ADRIATIC::MH_dpcn-marche_Pian_di_Pieca,Pian di Pieca,PREC,0.0,2026-06-21 16:00:00+00:00,43.08003,13.28157,MeteoHub_dpcn-marche,ADRIATIC
ADRIATIC::MH_dpcn-marche_Pianello_di_Cagli,Pianello di Cagli,PREC,0.0,2026-06-21 15:45:00+00:00,43.51215,12.55335,MeteoHub_dpcn-marche,ADRIATIC
ADRIATIC::MH_dpcn-marche_Pievebovigliana,Pievebovigliana,PREC,0.0,2026-06-21 16:00:00+00:00,43.07257,13.0869,MeteoHub_dpcn-marche,ADRIATIC
ADRIATIC::MH_dpcn-marche_Pintura_di_Bolognola,Pintura di Bolognola,PREC,0.0,2026-06-21 16:00:00+00:00,42.9911,13.2392,MeteoHub_dpcn-marche,ADRIATIC
ADRIATIC::MH_dpcn-marche_Piobbico,Piobbico,PREC,0.0,2026-06-21 16:00:00+00:00,43.58673,12.5152,MeteoHub_dpcn-marche,ADRIATIC
ADRIATIC::MH_dpcn-marche_Pioraco_2,Pioraco 2,PREC,0.0,2026-06-21 16:00:00+00:00,43.18112,12.97333,MeteoHub_dpcn-marche,ADRIATIC
ADRIATIC::MH_dpcn-marche_Piscina_Acquasanta_Terme,Piscina Acquasanta Terme,PREC,0.0,2026-06-21 16:00:00+00:00,42.76832,13.40897,MeteoHub_dpcn-marche,ADRIATIC
ADRIATIC::MH_dpcn-marche_Poggio_San_Vicino,Poggio San Vicino,PREC,0.0,2026-06-21 16:00:00+00:00,43.36842,13.07953,MeteoHub_dpcn-marche,ADRIATIC
ADRIATIC::MH_dpcn-marche_Porto_S.Elpidio,Porto S.Elpidio,PREC,0.0,2026-06-21 16:00:00+00:00,43.23261,13.77223,MeteoHub_dpcn-marche,ADRIATIC
ADRIATIC::MH_dpcn-marche_Potenza_1,Potenza 1,PREC,0.0,2026-06-21 16:00:00+00:00,43.22954,13.18845,MeteoHub_dpcn-marche,ADRIATIC
ADRIATIC::MH_dpcn-marche_Recanati,Recanati,PREC,0.0,2026-06-21 16:00:00+00:00,43.3836,13.5933,MeteoHub_dpcn-marche,ADRIATIC
ADRIATIC::MH_dpcn-marche_Ripatransone,Ripatransone,PREC,0.0,2026-06-21 16:00:00+00:00,42.99213,13.785,MeteoHub_dpcn-marche,ADRIATIC
ADRIATIC::MH_dpcn-marche_Rostighello,Rostighello,PREC,0.0,2026-06-21 16:00:00+00:00,43.43805,13.53805,MeteoHub_dpcn-marche,ADRIATIC
ADRIATIC::MH_dpcn-marche_Rotella,Rotella,PREC,0.0,2026-06-21 16:00:00+00:00,42.9542,13.5686,MeteoHub_dpcn-marche,ADRIATIC
ADRIATIC::MH_dpcn-marche_San_Benedetto,San Benedetto,PREC,0.0,2026-06-21 16:00:00+00:00,42.9333,13.8892,MeteoHub_dpcn-marche,ADRIATIC
ADRIATIC::MH_dpcn-marche_San_Giovanni,San Giovanni,PREC,0.0,2026-06-21 16:00:00+00:00,43.3886,13.0417,MeteoHub_dpcn-marche,ADRIATIC
ADRIATIC::MH_dpcn-marche_San_Lorenzo_in_Campo,San Lorenzo in Campo,PREC,0.0,2026-06-21 16:00:00+00:00,43.605,12.95333,MeteoHub_dpcn-marche,ADRIATIC
ADRIATIC::MH_dpcn-marche_Sant_Angelo_in_Pontano,Sant Angelo in Pontano,PREC,0.0,2026-06-21 16:00:00+00:00,43.104,13.399,MeteoHub_dpcn-marche,ADRIATIC
ADRIATIC::MH_dpcn-marche_Sant_Angelo_in_Vado,Sant Angelo in Vado,PREC,0.0,2026-06-21 16:00:00+00:00,43.66678,12.4102,MeteoHub_dpcn-marche,ADRIATIC
ADRIATIC::MH_dpcn-marche_Sassoferrato,Sassoferrato,PREC,0.0,2026-06-21 16:00:00+00:00,43.42498,12.85635,MeteoHub_dpcn-marche,ADRIATIC
ADRIATIC::MH_dpcn-marche_Sassotetto,Sassotetto,PREC,0.0,2026-06-21 16:00:00+00:00,43.0067,13.2417,MeteoHub_dpcn-marche,ADRIATIC
ADRIATIC::MH_dpcn-marche_Sefro,Sefro,PREC,0.0,2026-06-21 16:00:00+00:00,43.15903,12.97075,MeteoHub_dpcn-marche,ADRIATIC
ADRIATIC::MH_dpcn-marche_Senigallia,Senigallia,PREC,0.0,2026-06-21 16:00:00+00:00,43.70103,13.20577,MeteoHub_dpcn-marche,ADRIATIC
ADRIATIC::MH_dpcn-marche_Serralta,Serralta,PREC,0.0,2026-06-21 16:00:00+00:00,43.3158,13.1886,MeteoHub_dpcn-marche,ADRIATIC
ADRIATIC::MH_dpcn-marche_Serravalle_di_Carda,Serravalle di Carda,PREC,0.0,2026-06-21 16:00:00+00:00,43.54828,12.48647,MeteoHub_dpcn-marche,ADRIATIC
ADRIATIC::MH_dpcn-marche_Serravalle_di_Chienti,Serravalle di Chienti,PREC,0.0,2026-06-21 16:00:00+00:00,43.03055,12.9175,MeteoHub_dpcn-marche,ADRIATIC
ADRIATIC::MH_dpcn-marche_Sorti,Sorti,PREC,0.0,2026-06-21 16:00:00+00:00,43.11957,12.95295,MeteoHub_dpcn-marche,ADRIATIC
ADRIATIC::MH_dpcn-marche_Spindoli,Spindoli,PREC,0.0,2026-06-21 16:00:00+00:00,43.19405,12.90042,MeteoHub_dpcn-marche,ADRIATIC
ADRIATIC::MH_dpcn-marche_Svarchi,Svarchi,PREC,0.0,2026-06-21 16:00:00+00:00,43.47547,13.59435,MeteoHub_dpcn-marche,ADRIATIC
ADRIATIC::MH_dpcn-marche_Tavoleto,Tavoleto,PREC,0.0,2026-06-21 16:00:00+00:00,43.84342,12.5911,MeteoHub_dpcn-marche,ADRIATIC
ADRIATIC::MH_dpcn-marche_Tesino,Tesino,PREC,0.0,2026-06-21 16:00:00+00:00,42.96805,13.71175,MeteoHub_dpcn-marche,ADRIATIC
ADRIATIC::MH_dpcn-marche_Tolentino,Tolentino,PREC,0.0,2026-06-21 16:00:00+00:00,43.20922,13.29552,MeteoHub_dpcn-marche,ADRIATIC
ADRIATIC::MH_dpcn-marche_Tronto,Tronto,PREC,0.0,2026-06-21 16:00:00+00:00,42.85223,13.65146,MeteoHub_dpcn-marche,ADRIATIC
ADRIATIC::MH_dpcn-marche_Umito,Umito,PREC,0.0,2026-06-21 16:00:00+00:00,42.73742,13.40658,MeteoHub_dpcn-marche,ADRIATIC
ADRIATIC::MH_dpcn-marche_Urbania,Urbania,PREC,0.0,2026-06-21 16:00:00+00:00,43.65342,12.55213,MeteoHub_dpcn-marche,ADRIATIC
ADRIATIC::MH_dpcn-marche_Urbino,Urbino,PREC,0.0,2026-06-21 16:00:00+00:00,43.7233,12.6369,MeteoHub_dpcn-marche,ADRIATIC
ADRIATIC::MH_dpcn-marche_Ussita,Ussita,PREC,0.0,2026-06-21 16:00:00+00:00,42.9436,13.1425,MeteoHub_dpcn-marche,ADRIATIC
ADRIATIC::MH_dpcn-marche_Villa_Fastiggi,Villa Fastiggi,PREC,0.0,2026-06-21 16:00:00+00:00,43.8906,12.8694,MeteoHub_dpcn-marche,ADRIATIC
ADRIATIC::MH_dpcn-marche_Villa_Potenza,Villa Potenza,PREC,0.0,2026-06-21 16:00:00+00:00,43.32726,13.42604,MeteoHub_dpcn-marche,ADRIATIC
ARPAE::STA_43.7882_12.1427,ARPAE Station STA_43.7882_12.1427,PREC,0.0,2026-06-21 13:30:00+00:00,43.78817,12.14274,ARPAE,ARPAE
ARPAE::STA_43.7942_12.0047,ARPAE Station STA_43.7942_12.0047,PREC,0.0,2026-06-21 13:30:00+00:00,43.79417,12.00472,ARPAE,ARPAE
ARPAE::STA_43.8318_11.8377,ARPAE Station STA_43.8318_11.8377,PREC,0.0,2026-06-21 13:00:00+00:00,43.83175,11.83771,ARPAE,ARPAE
ARPAE::STA_43.846_12.0357,ARPAE Station STA_43.846_12.0357,PREC,0.0,2026-06-21 13:30:00+00:00,43.84597,12.03572,ARPAE,ARPAE
ARPAE::STA_43.8701_11.8387,ARPAE Station STA_43.8701_11.8387,PREC,0.0,2026-06-21 13:00:00+00:00,43.87008,11.83866,ARPAE,ARPAE
ARPAE::STA_43.8718_11.7472,ARPAE Station STA_43.8718_11.7472,PREC,0.0,2026-06-21 13:00:00+00:00,43.87178,11.7472,ARPAE,ARPAE
ARPAE::STA_43.8739_12.6697,ARPAE Station STA_43.8739_12.6697,PREC,0.0,2026-06-21 13:30:00+00:00,43.87389,12.66972,ARPAE,ARPAE
ARPAE::STA_43.8908_12.0863,ARPAE Station STA_43.8908_12.0863,PREC,0.0,2026-06-21 13:15:00+00:00,43.89078,12.08634,ARPAE,ARPAE
ARPAE::STA_43.8927_12.1934,ARPAE Station STA_43.8927_12.1934,PREC,0.0,2026-06-21 13:30:00+00:00,43.89269,12.19345,ARPAE,ARPAE
ARPAE::STA_43.9011_12.2861,ARPAE Station STA_43.9011_12.2861,PREC,0.0,2026-06-21 13:30:00+00:00,43.90111,12.28611,ARPAE,ARPAE
ARPAE::STA_43.9036_11.9011,ARPAE Station STA_43.9036_11.9011,PREC,0.0,2026-06-21 13:30:00+00:00,43.90358,11.90114,ARPAE,ARPAE
ARPAE::STA_43.9071_11.7931,ARPAE Station STA_43.9071_11.7931,PREC,0.0,2026-06-21 13:30:00+00:00,43.90708,11.79314,ARPAE,ARPAE
ARPAE::STA_43.9226_11.9577,ARPAE Station STA_43.9226_11.9577,PREC,0.0,2026-06-21 13:00:00+00:00,43.92264,11.95766,ARPAE,ARPAE
ARPAE::STA_43.9243_11.7933,ARPAE Station STA_43.9243_11.7933,PREC,0.0,2026-06-21 13:30:00+00:00,43.92426,11.7933,ARPAE,ARPAE
ARPAE::STA_43.9252_11.8919,ARPAE Station STA_43.9252_11.8919,PREC,0.0,2026-06-21 13:00:00+00:00,43.92525,11.89186,ARPAE,ARPAE
ARPAE::STA_43.9261_12.7114,ARPAE Station STA_43.9261_12.7114,PREC,0.0,2026-06-21 13:30:00+00:00,43.9261,12.71139,ARPAE,ARPAE
ARPAE::STA_43.927_12.5806,ARPAE Station STA_43.927_12.5806,PREC,0.0,2026-06-21 10:45:00+00:00,43.92705,12.58065,ARPAE,ARPAE
ARPAE::STA_43.9375_12.4465,ARPAE Station STA_43.9375_12.4465,PREC,0.0,2026-06-21 13:15:00+00:00,43.93753,12.44649,ARPAE,ARPAE
ARPAE::STA_43.9465_12.0769,ARPAE Station STA_43.9465_12.0769,PREC,0.0,2026-06-21 13:30:00+00:00,43.94648,12.07693,ARPAE,ARPAE
ARPAE::STA_43.9525_12.5362,ARPAE Station STA_43.9525_12.5362,PREC,0.0,2026-06-21 13:30:00+00:00,43.95249,12.53622,ARPAE,ARPAE
ARPAE::STA_43.9582_12.7003,ARPAE Station STA_43.9582_12.7003,PREC,0.0,2026-06-21 13:00:00+00:00,43.95818,12.70026,ARPAE,ARPAE
ARPAE::STA_43.9585_12.7394,ARPAE Station STA_43.9585_12.7394,PREC,0.0,2026-06-21 13:30:00+00:00,43.95847,12.7394,ARPAE,ARPAE
ARPAE::STA_43.9776_12.3028,ARPAE Station STA_43.9776_12.3028,PREC,0.0,2026-06-21 13:15:00+00:00,43.97765,12.30275,ARPAE,ARPAE
ARPAE::STA_43.9829_12.4051,ARPAE Station STA_43.9829_12.4051,PREC,0.0,2026-06-21 13:30:00+00:00,43.9829,12.40511,ARPAE,ARPAE
ARPAE::STA_43.9935_11.9453,ARPAE Station STA_43.9935_11.9453,PREC,0.0,2026-06-21 13:30:00+00:00,43.99349,11.9453,ARPAE,ARPAE
ARPAE::STA_43.9969_12.1687,ARPAE Station STA_43.9969_12.1687,PREC,0.0,2026-06-21 13:15:00+00:00,43.99691,12.16866,ARPAE,ARPAE
ARPAE::STA_44.0004_12.6552,ARPAE Station STA_44.0004_12.6552,PREC,0.0,2026-06-21 13:30:00+00:00,44.00035,12.65516,ARPAE,ARPAE
ARPAE::STA_44.0024_11.6654,ARPAE Station STA_44.0024_11.6654,PREC,0.0,2026-06-21 13:30:00+00:00,44.00237,11.66536,ARPAE,ARPAE
ARPAE::STA_44.0211_11.8803,ARPAE Station STA_44.0211_11.8803,PREC,0.0,2026-06-21 13:30:00+00:00,44.0211,11.88026,ARPAE,ARPAE
ARPAE::STA_44.0325_12.0433,ARPAE Station STA_44.0325_12.0433,PREC,0.0,2026-06-21 13:30:00+00:00,44.03248,12.04326,ARPAE,ARPAE
ARPAE::STA_44.0346_12.5005,ARPAE Station STA_44.0346_12.5005,PREC,0.0,2026-06-21 13:30:00+00:00,44.03456,12.5005,ARPAE,ARPAE
ARPAE::STA_44.0381_11.5176,ARPAE Station STA_44.0381_11.5176,PREC,0.0,2026-06-21 13:30:00+00:00,44.03811,11.51757,ARPAE,ARPAE
ARPAE::STA_44.0381_12.2931,ARPAE Station STA_44.0381_12.2931,PREC,0.0,2026-06-21 13:30:00+00:00,44.03806,12.29306,ARPAE,ARPAE
ARPAE::STA_44.0411_11.9819,ARPAE Station STA_44.0411_11.9819,PREC,0.0,2026-06-21 13:30:00+00:00,44.04111,11.9819,ARPAE,ARPAE
ARPAE::STA_44.0565_12.5455,ARPAE Station STA_44.0565_12.5455,PREC,0.0,2026-06-21 13:15:00+00:00,44.05651,12.54549,ARPAE,ARPAE
ARPAE::STA_44.056_11.8431,ARPAE Station STA_44.056_11.8431,PREC,0.0,2026-06-21 13:30:00+00:00,44.05597,11.84312,ARPAE,ARPAE
ARPAE::STA_44.0592_12.5735,ARPAE Station STA_44.0592_12.5735,PREC,0.0,2026-06-21 13:30:00+00:00,44.05919,12.57354,ARPAE,ARPAE
ARPAE::STA_44.0608_11.3976,ARPAE Station STA_44.0608_11.3976,PREC,0.0,2026-06-21 13:30:00+00:00,44.06085,11.39765,ARPAE,ARPAE
ARPAE::STA_44.0683_12.4375,ARPAE Station STA_44.0683_12.4375,PREC,0.0,2026-06-21 13:30:00+00:00,44.06832,12.43751,ARPAE,ARPAE
ARPAE::STA_44.0719_11.8724,ARPAE Station STA_44.0719_11.8724,PREC,0.0,2026-06-21 13:30:00+00:00,44.07186,11.87238,ARPAE,ARPAE
ARPAE::STA_44.0774_11.6139,ARPAE Station STA_44.0774_11.6139,PREC,0.0,2026-06-21 13:30:00+00:00,44.07741,11.61388,ARPAE,ARPAE
ARPAE::STA_44.0816_11.033,ARPAE Station STA_44.0816_11.033,PREC,0.0,2026-06-21 13:00:00+00:00,44.08158,11.03296,ARPAE,ARPAE
ARPAE::STA_44.0857_12.2068,ARPAE Station STA_44.0857_12.2068,PREC,0.0,2026-06-21 13:30:00+00:00,44.08571,12.20682,ARPAE,ARPAE
ARPAE::STA_44.089_12.2746,ARPAE Station STA_44.089_12.2746,PREC,0.0,2026-06-21 13:30:00+00:00,44.08903,12.27459,ARPAE,ARPAE
ARPAE::STA_44.1096_11.1693,ARPAE Station STA_44.1096_11.1693,PREC,0.0,2026-06-21 13:30:00+00:00,44.10962,11.16931,ARPAE,ARPAE
ARPAE::STA_44.1144_12.004,ARPAE Station STA_44.1144_12.004,PREC,0.0,2026-06-21 13:30:00+00:00,44.11438,12.00404,ARPAE,ARPAE
ARPAE::STA_44.1165_11.5461,ARPAE Station STA_44.1165_11.5461,PREC,0.0,2026-06-21 13:15:00+00:00,44.11647,11.54608,ARPAE,ARPAE
ARPAE::STA_44.1183_11.0056,ARPAE Station STA_44.1183_11.0056,PREC,0.0,2026-06-21 13:30:00+00:00,44.11827,11.00561,ARPAE,ARPAE
ARPAE::STA_44.1202_11.8082,ARPAE Station STA_44.1202_11.8082,PREC,0.0,2026-06-21 13:30:00+00:00,44.12022,11.80825,ARPAE,ARPAE
ARPAE::STA_44.122_11.3747,ARPAE Station STA_44.122_11.3747,PREC,0.0,2026-06-21 13:30:00+00:00,44.12201,11.37465,ARPAE,ARPAE
ARPAE::STA_44.1292_11.1176,ARPAE Station STA_44.1292_11.1176,PREC,0.0,2026-06-21 13:30:00+00:00,44.12921,11.11764,ARPAE,ARPAE
ARPAE::STA_44.1297_11.5135,ARPAE Station STA_44.1297_11.5135,PREC,0.0,2026-06-21 13:30:00+00:00,44.12973,11.5135,ARPAE,ARPAE
ARPAE::STA_44.1344_11.0428,ARPAE Station STA_44.1344_11.0428,PREC,0.0,2026-06-21 13:30:00+00:00,44.13436,11.0428,ARPAE,ARPAE
ARPAE::STA_44.1349_11.6529,ARPAE Station STA_44.1349_11.6529,PREC,0.0,2026-06-21 13:30:00+00:00,44.13487,11.65293,ARPAE,ARPAE
ARPAE::STA_44.1444_11.4967,ARPAE Station STA_44.1444_11.4967,PREC,0.0,2026-06-21 13:15:00+00:00,44.1444,11.49666,ARPAE,ARPAE
ARPAE::STA_44.1483_11.6914,ARPAE Station STA_44.1483_11.6914,PREC,0.0,2026-06-21 13:30:00+00:00,44.14833,11.69139,ARPAE,ARPAE
ARPAE::STA_44.1521_12.1422,ARPAE Station STA_44.1521_12.1422,PREC,0.0,2026-06-21 13:30:00+00:00,44.15206,12.14217,ARPAE,ARPAE
ARPAE::STA_44.1642_12.3927,ARPAE Station STA_44.1642_12.3927,PREC,0.0,2026-06-21 13:15:00+00:00,44.16415,12.39269,ARPAE,ARPAE
ARPAE::STA_44.1701_11.9494,ARPAE Station STA_44.1701_11.9494,PREC,0.0,2026-06-21 13:30:00+00:00,44.17012,11.9494,ARPAE,ARPAE
ARPAE::STA_44.2144_11.5056,ARPAE Station STA_44.2144_11.5056,PREC,0.0,2026-06-21 13:30:00+00:00,44.21436,11.50565,ARPAE,ARPAE
ARPAE::STA_44.2148_11.433,ARPAE Station STA_44.2148_11.433,PREC,0.0,2026-06-21 13:30:00+00:00,44.2148,11.43299,ARPAE,ARPAE
ARPAE::STA_44.2151_12.1699,ARPAE Station STA_44.2151_12.1699,PREC,0.0,2026-06-21 13:30:00+00:00,44.21506,12.16992,ARPAE,ARPAE
ARPAE::STA_44.2157_11.2568,ARPAE Station STA_44.2157_11.2568,PREC,0.0,2026-06-21 13:15:00+00:00,44.21571,11.25681,ARPAE,ARPAE
ARPAE::STA_44.2243_11.6734,ARPAE Station STA_44.2243_11.6734,PREC,0.0,2026-06-21 13:30:00+00:00,44.22432,11.67342,ARPAE,ARPAE
ARPAE::STA_44.2252_11.3236,ARPAE Station STA_44.2252_11.3236,PREC,0.0,2026-06-21 13:30:00+00:00,44.22519,11.32364,ARPAE,ARPAE
ARPAE::STA_44.2262_11.2226,ARPAE Station STA_44.2262_11.2226,PREC,0.0,2026-06-21 13:30:00+00:00,44.22625,11.22257,ARPAE,ARPAE
ARPAE::STA_44.2271_11.6323,ARPAE Station STA_44.2271_11.6323,PREC,0.0,2026-06-21 13:30:00+00:00,44.22714,11.63234,ARPAE,ARPAE
ARPAE::STA_44.227_11.7378,ARPAE Station STA_44.227_11.7378,PREC,0.0,2026-06-21 13:30:00+00:00,44.22699,11.73784,ARPAE,ARPAE
ARPAE::STA_44.2303_11.0591,ARPAE Station STA_44.2303_11.0591,PREC,0.0,2026-06-21 13:30:00+00:00,44.23029,11.05908,ARPAE,ARPAE
ARPAE::STA_44.2322_12.234,ARPAE Station STA_44.2322_12.234,PREC,0.0,2026-06-21 13:30:00+00:00,44.23218,12.23401,ARPAE,ARPAE
ARPAE::STA_44.2492_11.5875,ARPAE Station STA_44.2492_11.5875,PREC,0.0,2026-06-21 13:30:00+00:00,44.24923,11.5875,ARPAE,ARPAE
ARPAE::STA_44.2536_11.4254,ARPAE Station STA_44.2536_11.4254,PREC,0.0,2026-06-21 13:30:00+00:00,44.2536,11.42536,ARPAE,ARPAE
ARPAE::STA_44.2609_11.3282,ARPAE Station STA_44.2609_11.3282,PREC,0.0,2026-06-21 13:00:00+00:00,44.26086,11.32819,ARPAE,ARPAE
ARPAE::STA_44.2612_11.0354,ARPAE Station STA_44.2612_11.0354,PREC,0.0,2026-06-21 13:30:00+00:00,44.26117,11.03537,ARPAE,ARPAE
ARPAE::STA_44.2628_11.993,ARPAE Station STA_44.2628_11.993,PREC,0.0,2026-06-21 13:15:00+00:00,44.26279,11.99295,ARPAE,ARPAE
ARPAE::STA_44.2635_11.3416,ARPAE Station STA_44.2635_11.3416,PREC,0.0,2026-06-21 13:00:00+00:00,44.26352,11.34155,ARPAE,ARPAE
ARPAE::STA_44.2747_11.579,ARPAE Station STA_44.2747_11.579,PREC,0.0,2026-06-21 13:30:00+00:00,44.27467,11.57899,ARPAE,ARPAE
ARPAE::STA_44.2878_11.1131,ARPAE Station STA_44.2878_11.1131,PREC,0.0,2026-06-21 13:30:00+00:00,44.2878,11.11313,ARPAE,ARPAE
ARPAE::STA_44.28_11.2617,ARPAE Station STA_44.28_11.2617,PREC,0.0,2026-06-21 13:30:00+00:00,44.28002,11.26172,ARPAE,ARPAE
ARPAE::STA_44.2942_11.783,ARPAE Station STA_44.2942_11.783,PREC,0.0,2026-06-21 13:30:00+00:00,44.29424,11.78295,ARPAE,ARPAE
ARPAE::STA_44.2977_12.1108,ARPAE Station STA_44.2977_12.1108,PREC,0.0,2026-06-21 13:30:00+00:00,44.29769,12.11085,ARPAE,ARPAE
ARPAE::STA_44.3139_12.1602,ARPAE Station STA_44.3139_12.1602,PREC,0.0,2026-06-21 13:30:00+00:00,44.31392,12.1602,ARPAE,ARPAE
ARPAE::STA_44.3192_11.4906,ARPAE Station STA_44.3192_11.4906,PREC,0.0,2026-06-21 13:30:00+00:00,44.31916,11.49065,ARPAE,ARPAE
ARPAE::STA_44.3332_11.7495,ARPAE Station STA_44.3332_11.7495,PREC,0.0,2026-06-21 13:15:00+00:00,44.3332,11.74953,ARPAE,ARPAE
ARPAE::STA_44.33_12.0313,ARPAE Station STA_44.33_12.0313,PREC,0.0,2026-06-21 13:30:00+00:00,44.33002,12.03134,ARPAE,ARPAE
ARPAE::STA_44.3454_11.7129,ARPAE Station STA_44.3454_11.7129,PREC,0.0,2026-06-21 13:30:00+00:00,44.34535,11.71292,ARPAE,ARPAE
ARPAE::STA_44.3468_11.0846,ARPAE Station STA_44.3468_11.0846,PREC,0.0,2026-06-21 13:30:00+00:00,44.3468,11.08455,ARPAE,ARPAE
ARPAE::STA_44.3475_11.393,ARPAE Station STA_44.3475_11.393,PREC,0.0,2026-06-21 13:30:00+00:00,44.34746,11.39303,ARPAE,ARPAE
ARPAE::STA_44.3531_12.265,ARPAE Station STA_44.3531_12.265,PREC,0.0,2026-06-21 13:30:00+00:00,44.35313,12.26505,ARPAE,ARPAE
ARPAE::STA_44.3616_11.9219,ARPAE Station STA_44.3616_11.9219,PREC,0.0,2026-06-21 13:30:00+00:00,44.36161,11.92193,ARPAE,ARPAE
ARPAE::STA_44.371_11.3399,ARPAE Station STA_44.371_11.3399,PREC,0.0,2026-06-21 10:00:00+00:00,44.37101,11.3399,ARPAE,ARPAE
ARPAE::STA_44.3763_11.0087,ARPAE Station STA_44.3763_11.0087,PREC,0.0,2026-06-21 13:30:00+00:00,44.37632,11.00875,ARPAE,ARPAE
ARPAE::STA_44.39_11.4946,ARPAE Station STA_44.39_11.4946,PREC,0.0,2026-06-21 13:30:00+00:00,44.38998,11.49457,ARPAE,ARPAE
ARPAE::STA_44.4027_11.4621,ARPAE Station STA_44.4027_11.4621,PREC,0.0,2026-06-21 13:15:00+00:00,44.40274,11.46209,ARPAE,ARPAE
ARPAE::STA_44.4111_11.597,ARPAE Station STA_44.4111_11.597,PREC,0.0,2026-06-21 13:30:00+00:00,44.41112,11.59701,ARPAE,ARPAE
ARPAE::STA_44.4141_11.5249,ARPAE Station STA_44.4141_11.5249,PREC,0.0,2026-06-21 13:30:00+00:00,44.41408,11.52486,ARPAE,ARPAE
ARPAE::STA_44.4177_11.9133,ARPAE Station STA_44.4177_11.9133,PREC,0.0,2026-06-21 12:45:00+00:00,44.4177,11.91331,ARPAE,ARPAE
ARPAE::STA_44.421_11.8088,ARPAE Station STA_44.421_11.8088,PREC,0.0,2026-06-21 12:45:00+00:00,44.42099,11.80877,ARPAE,ARPAE
ARPAE::STA_44.4348_11.6965,ARPAE Station STA_44.4348_11.6965,PREC,0.0,2026-06-21 13:30:00+00:00,44.43479,11.69647,ARPAE,ARPAE
ARPAE::STA_44.4362_11.4068,ARPAE Station STA_44.4362_11.4068,PREC,0.0,2026-06-21 13:30:00+00:00,44.43615,11.40684,ARPAE,ARPAE
ARPAE::STA_44.4403_11.1384,ARPAE Station STA_44.4403_11.1384,PREC,0.0,2026-06-21 13:30:00+00:00,44.4403,11.13837,ARPAE,ARPAE
ARPAE::STA_44.4485_11.8667,ARPAE Station STA_44.4485_11.8667,PREC,0.0,2026-06-21 13:30:00+00:00,44.44853,11.86667,ARPAE,ARPAE
ARPAE::STA_44.4501_11.7296,ARPAE Station STA_44.4501_11.7296,PREC,0.0,2026-06-21 13:30:00+00:00,44.45013,11.7296,ARPAE,ARPAE
ARPAE::STA_44.4538_11.3652,ARPAE Station STA_44.4538_11.3652,PREC,0.0,2026-06-21 13:30:00+00:00,44.45378,11.36519,ARPAE,ARPAE
ARPAE::STA_44.4556_11.3108,ARPAE Station STA_44.4556_11.3108,PREC,0.0,2026-06-21 13:30:00+00:00,44.45556,11.31083,ARPAE,ARPAE
ARPAE::STA_44.472_11.5106,ARPAE Station STA_44.472_11.5106,PREC,0.0,2026-06-21 13:30:00+00:00,44.47195,11.51056,ARPAE,ARPAE
ARPAE::STA_44.4756_11.2811,ARPAE Station STA_44.4756_11.2811,PREC,0.0,2026-06-21 13:30:00+00:00,44.47563,11.2811,ARPAE,ARPAE
ARPAE::STA_44.4761_11.3256,ARPAE Station STA_44.4761_11.3256,PREC,0.0,2026-06-21 13:15:00+00:00,44.47611,11.32556,ARPAE,ARPAE
ARPAE::STA_44.4787_11.2984,ARPAE Station STA_44.4787_11.2984,PREC,0.0,2026-06-21 13:30:00+00:00,44.4787,11.29836,ARPAE,ARPAE
ARPAE::STA_44.4841_11.1512,ARPAE Station STA_44.4841_11.1512,PREC,0.0,2026-06-21 13:30:00+00:00,44.48405,11.15124,ARPAE,ARPAE
ARPAE::STA_44.4879_11.2881,ARPAE Station STA_44.4879_11.2881,PREC,0.0,2026-06-21 13:30:00+00:00,44.48787,11.28812,ARPAE,ARPAE
ARPAE::STA_44.4908_11.221,ARPAE Station STA_44.4908_11.221,PREC,0.0,2026-06-21 13:30:00+00:00,44.49076,11.22104,ARPAE,ARPAE
ARPAE::STA_44.4961_11.2001,ARPAE Station STA_44.4961_11.2001,PREC,0.0,2026-06-21 13:30:00+00:00,44.49614,11.20006,ARPAE,ARPAE
ARPAE::STA_44.4997_11.3461,ARPAE Station STA_44.4997_11.3461,PREC,0.0,2026-06-21 13:30:00+00:00,44.49972,11.34611,ARPAE,ARPAE
ARPAE::STA_44.5035_11.0036,ARPAE Station STA_44.5035_11.0036,PREC,0.0,2026-06-21 13:30:00+00:00,44.50354,11.00357,ARPAE,ARPAE
ARPAE::STA_44.5083_11.0839,ARPAE Station STA_44.5083_11.0839,PREC,0.0,2026-06-21 13:30:00+00:00,44.50828,11.08392,ARPAE,ARPAE
ARPAE::STA_44.5203_11.1678,ARPAE Station STA_44.5203_11.1678,PREC,0.0,2026-06-21 13:30:00+00:00,44.5203,11.1678,ARPAE,ARPAE
ARPAE::STA_44.5342_11.2803,ARPAE Station STA_44.5342_11.2803,PREC,0.0,2026-06-21 13:30:00+00:00,44.5342,11.2803,ARPAE,ARPAE
ARPAE::STA_44.534_11.3682,ARPAE Station STA_44.534_11.3682,PREC,0.0,2026-06-21 13:30:00+00:00,44.53397,11.36817,ARPAE,ARPAE
ARPAE::STA_44.5405_11.5692,ARPAE Station STA_44.5405_11.5692,PREC,0.0,2026-06-21 13:30:00+00:00,44.54052,11.56922,ARPAE,ARPAE
ARPAE::STA_44.5484_11.3674,ARPAE Station STA_44.5484_11.3674,PREC,0.0,2026-06-21 13:30:00+00:00,44.54841,11.36743,ARPAE,ARPAE
ARPAE::STA_44.5521_11.1966,ARPAE Station STA_44.5521_11.1966,PREC,0.0,2026-06-21 13:30:00+00:00,44.55208,11.19663,ARPAE,ARPAE
ARPAE::STA_44.5613_12.2439,ARPAE Station STA_44.5613_12.2439,PREC,0.0,2026-06-21 12:45:00+00:00,44.56128,12.24389,ARPAE,ARPAE
ARPAE::STA_44.5635_11.844,ARPAE Station STA_44.5635_11.844,PREC,0.0,2026-06-21 13:30:00+00:00,44.5635,11.84403,ARPAE,ARPAE
ARPAE::STA_44.5653_11.717,ARPAE Station STA_44.5653_11.717,PREC,0.0,2026-06-21 13:30:00+00:00,44.56532,11.71696,ARPAE,ARPAE
ARPAE::STA_44.571_11.5338,ARPAE Station STA_44.571_11.5338,PREC,0.0,2026-06-21 13:30:00+00:00,44.57105,11.53379,ARPAE,ARPAE
ARPAE::STA_44.5734_12.1013,ARPAE Station STA_44.5734_12.1013,PREC,0.0,2026-06-21 13:30:00+00:00,44.57337,12.10134,ARPAE,ARPAE
ARPAE::STA_44.6111_11.823,ARPAE Station STA_44.6111_11.823,PREC,0.0,2026-06-21 13:30:00+00:00,44.61111,11.823,ARPAE,ARPAE
ARPAE::STA_44.6278_11.2906,ARPAE Station STA_44.6278_11.2906,PREC,0.0,2026-06-21 13:30:00+00:00,44.62775,11.29056,ARPAE,ARPAE
ARPAE::STA_44.6323_11.4411,ARPAE Station STA_44.6323_11.4411,PREC,0.0,2026-06-21 13:30:00+00:00,44.63232,11.44114,ARPAE,ARPAE
ARPAE::STA_44.63_11.0275,ARPAE Station STA_44.63_11.0275,PREC,0.0,2026-06-21 13:30:00+00:00,44.63005,11.02747,ARPAE,ARPAE
ARPAE::STA_44.649_11.6501,ARPAE Station STA_44.649_11.6501,PREC,0.0,2026-06-21 13:30:00+00:00,44.64899,11.65006,ARPAE,ARPAE
ARPAE::STA_44.6538_11.6226,ARPAE Station STA_44.6538_11.6226,PREC,0.0,2026-06-21 13:30:00+00:00,44.65378,11.62264,ARPAE,ARPAE
ARPAE::STA_44.6539_11.2686,ARPAE Station STA_44.6539_11.2686,PREC,0.0,2026-06-21 13:30:00+00:00,44.6539,11.2686,ARPAE,ARPAE
ARPAE::STA_44.6744_11.5696,ARPAE Station STA_44.6744_11.5696,PREC,0.0,2026-06-21 13:30:00+00:00,44.67442,11.56957,ARPAE,ARPAE
ARPAE::STA_44.6747_11.3671,ARPAE Station STA_44.6747_11.3671,PREC,0.0,2026-06-21 13:30:00+00:00,44.67466,11.3671,ARPAE,ARPAE
ARPAE::STA_44.6884_12.2116,ARPAE Station STA_44.6884_12.2116,PREC,0.0,2026-06-21 13:30:00+00:00,44.6884,12.21161,ARPAE,ARPAE
ARPAE::STA_44.695_11.1449,ARPAE Station STA_44.695_11.1449,PREC,0.0,2026-06-21 13:30:00+00:00,44.695,11.14493,ARPAE,ARPAE
ARPAE::STA_44.718_11.5226,ARPAE Station STA_44.718_11.5226,PREC,0.0,2026-06-21 13:30:00+00:00,44.71796,11.52265,ARPAE,ARPAE
ARPAE::STA_44.7466_11.7464,ARPAE Station STA_44.7466_11.7464,PREC,0.0,2026-06-21 13:30:00+00:00,44.74656,11.74639,ARPAE,ARPAE
ARPAE::STA_44.7828_11.3702,ARPAE Station STA_44.7828_11.3702,PREC,0.0,2026-06-21 13:30:00+00:00,44.78278,11.37016,ARPAE,ARPAE
ARPAE::STA_44.8138_12.2483,ARPAE Station STA_44.8138_12.2483,PREC,0.0,2026-06-21 13:30:00+00:00,44.81376,12.24834,ARPAE,ARPAE
ARPAE::STA_44.8261_11.1258,ARPAE Station STA_44.8261_11.1258,PREC,0.0,2026-06-21 13:30:00+00:00,44.82606,11.12578,ARPAE,ARPAE
ARPAE::STA_44.8319_11.4544,ARPAE Station STA_44.8319_11.4544,PREC,0.0,2026-06-21 13:30:00+00:00,44.83186,11.45436,ARPAE,ARPAE
ARPAE::STA_44.8325_11.6211,ARPAE Station STA_44.8325_11.6211,PREC,0.0,2026-06-21 13:30:00+00:00,44.8325,11.62114,ARPAE,ARPAE
ARPAE::STA_44.835_12.098,ARPAE Station STA_44.835_12.098,PREC,0.0,2026-06-21 13:30:00+00:00,44.83504,12.09804,ARPAE,ARPAE
ARPAE::STA_44.8391_11.284,ARPAE Station STA_44.8391_11.284,PREC,0.0,2026-06-21 13:30:00+00:00,44.83906,11.28402,ARPAE,ARPAE
ARPAE::STA_44.8589_11.6562,ARPAE Station STA_44.8589_11.6562,PREC,0.0,2026-06-21 13:30:00+00:00,44.85892,11.65625,ARPAE,ARPAE
ARPAE::STA_44.8861_11.0163,ARPAE Station STA_44.8861_11.0163,PREC,0.0,2026-06-21 13:30:00+00:00,44.88612,11.01631,ARPAE,ARPAE
ARPAE::STA_44.8883_11.6081,ARPAE Station STA_44.8883_11.6081,PREC,0.0,2026-06-21 13:30:00+00:00,44.8883,11.60807,ARPAE,ARPAE
ARPAE::STA_44.9278_11.4409,ARPAE Station STA_44.9278_11.4409,PREC,0.0,2026-06-21 13:30:00+00:00,44.92781,11.44087,ARPAE,ARPAE
ARPAV::1,Fiames di Cortina Pomagagnon INADEF,PREC,0.0,2026-06-21 14:00:00+00:00,46.5703678,12.1398756,ARPAV,ARPAV
ARPAV::100,Conegliano,PREC,0.0,2026-06-21 14:00:00+00:00,45.88132477,12.28232702,ARPAV,ARPAV
ARPAV::101,Porto Tolle - Pradon,PREC,0.0,2026-06-21 14:00:00+00:00,44.9173386,12.36910037,ARPAV,ARPAV
ARPAV::102,Castelfranco Veneto,PREC,0.0,2026-06-21 14:00:00+00:00,45.69492112,11.94778216,ARPAV,ARPAV
ARPAV::104,Villafranca di Verona,PREC,11.6,2026-06-21 14:00:00+00:00,45.3724202,10.83262812,ARPAV,ARPAV
ARPAV::105,Lonigo,PREC,0.0,2026-06-21 14:00:00+00:00,45.39045584,11.37964132,ARPAV,ARPAV
ARPAV::106,Montagnana,PREC,0.0,2026-06-21 14:00:00+00:00,45.24776886,11.4227919,ARPAV,ARPAV
ARPAV::108,Salizzole,PREC,0.0,2026-06-21 14:00:00+00:00,45.22973697,11.10933964,ARPAV,ARPAV
ARPAV::11,Malga Ciapela,PREC,4.0,2026-06-21 14:00:00+00:00,46.42867129,11.90478762,ARPAV,ARPAV
ARPAV::110,Cittadella,PREC,2.6,2026-06-21 14:00:00+00:00,45.65219,11.82044,ARPAV,ARPAV
ARPAV::111,Legnaro,PREC,0.0,2026-06-21 14:00:00+00:00,45.34701615,11.94947073,ARPAV,ARPAV
ARPAV::112,Rosolina - Po di Tramontana,PREC,0.0,2026-06-21 14:00:00+00:00,45.07114136,12.26177816,ARPAV,ARPAV
ARPAV::113,Castelnovo Bariano,PREC,0.0,2026-06-21 14:00:00+00:00,45.03101641,11.30253145,ARPAV,ARPAV
ARPAV::114,Villadose,PREC,0.0,2026-06-21 14:00:00+00:00,45.07144877,11.92220596,ARPAV,ARPAV
ARPAV::115,Adria - Bellombra,PREC,0.0,2026-06-21 14:00:00+00:00,45.01567605,12.0076803,ARPAV,ARPAV
ARPAV::116,Frassinelle Polesine,PREC,0.0,2026-06-21 14:00:00+00:00,44.99058314,11.6786399,ARPAV,ARPAV
ARPAV::117,Sorga',PREC,13.8,2026-06-21 14:00:00+00:00,45.21753966,11.00830055,ARPAV,ARPAV
ARPAV::118,Bardolino - Calmasino,PREC,7.2,2026-06-21 14:00:00+00:00,45.51796066,10.7659099,ARPAV,ARPAV
ARPAV::119,Roverchiara,PREC,0.0,2026-06-21 14:00:00+00:00,45.2658043,11.25118706,ARPAV,ARPAV
ARPAV::120,Dolce',PREC,0.0,2026-06-21 14:00:00+00:00,45.59957097,10.84874997,ARPAV,ARPAV
ARPAV::121,Lusia,PREC,0.0,2026-06-21 14:00:00+00:00,45.09241907,11.63364487,ARPAV,ARPAV
ARPAV::122,Trebaseleghe,PREC,0.0,2026-06-21 14:00:00+00:00,45.60240419,12.02573694,ARPAV,ARPAV
ARPAV::123,Arcole,PREC,0.0,2026-06-21 14:00:00+00:00,45.37550277,11.29582046,ARPAV,ARPAV
ARPAV::124,Marano di Valpolicella,PREC,0.0,2026-06-21 14:00:00+00:00,45.54788884,10.92332541,ARPAV,ARPAV
ARPAV::125,San Pietro in Cariano,PREC,0.0,2026-06-21 14:00:00+00:00,45.50931262,10.88807026,ARPAV,ARPAV
ARPAV::126,Illasi,PREC,0.0,2026-06-21 14:00:00+00:00,45.46030398,11.17156147,ARPAV,ARPAV
ARPAV::127,Buttapietra,PREC,0.0,2026-06-21 14:00:00+00:00,45.35084342,11.01059728,ARPAV,ARPAV
ARPAV::129,Castelnuovo del Garda,PREC,7.0,2026-06-21 14:00:00+00:00,45.45487236,10.77166288,ARPAV,ARPAV
ARPAV::131,Vangadizza (Legnago),PREC,0.0,2026-06-21 14:00:00+00:00,45.15740933,11.28774164,ARPAV,ARPAV
ARPAV::132,Pescul,PREC,1.4,2026-06-21 14:00:00+00:00,46.4371972,12.06900907,ARPAV,ARPAV
ARPAV::134,Malo,PREC,0.0,2026-06-21 14:00:00+00:00,45.66931288,11.46439144,ARPAV,ARPAV
ARPAV::135,Rifugio la Guardia (Recoaro Terme),PREC,0.0,2026-06-21 14:00:00+00:00,45.71889138,11.18131677,ARPAV,ARPAV
ARPAV::136,Sappada,PREC,0.0,2026-06-21 14:00:00+00:00,46.57067886,12.7081344,ARPAV,ARPAV
ARPAV::137,Valli del Pasubio,PREC,0.2,2026-06-21 14:00:00+00:00,45.75778254,11.21365428,ARPAV,ARPAV
ARPAV::139,Lusiana,PREC,1.0,2026-06-21 14:00:00+00:00,45.78414598,11.58812049,ARPAV,ARPAV
ARPAV::140,Passo Santa Caterina (Valdagno),PREC,0.0,2026-06-21 14:00:00+00:00,45.6198264,11.25910319,ARPAV,ARPAV
ARPAV::142,Faedo (Cinto Euganeo),PREC,0.0,2026-06-21 14:00:00+00:00,45.30471743,11.69771962,ARPAV,ARPAV
ARPAV::144,Rosa',PREC,16.0,2026-06-21 14:00:00+00:00,45.71658505,11.77625641,ARPAV,ARPAV
ARPAV::145,Barbarano Vicentino,PREC,0.0,2026-06-21 14:00:00+00:00,45.39775173,11.57053751,ARPAV,ARPAV
ARPAV::146,Trissino,PREC,0.0,2026-06-21 14:00:00+00:00,45.57923698,11.35788495,ARPAV,ARPAV
ARPAV::147,Breganze,PREC,0.0,2026-06-21 14:00:00+00:00,45.72042777,11.57629665,ARPAV,ARPAV
ARPAV::148,Brendola,PREC,0.0,2026-06-21 14:00:00+00:00,45.472077,11.470371,ARPAV,ARPAV
ARPAV::149,Montegalda,PREC,0.0,2026-06-21 14:00:00+00:00,45.44957583,11.66198536,ARPAV,ARPAV
ARPAV::15,Gares,PREC,4.2,2026-06-21 14:00:00+00:00,46.3131289,11.88273666,ARPAV,ARPAV
ARPAV::151,Masi,PREC,0.0,2026-06-21 14:00:00+00:00,45.11740196,11.48088305,ARPAV,ARPAV
ARPAV::152,Balduina (Sant'Urbano),PREC,0.0,2026-06-21 14:00:00+00:00,45.13472648,11.58415552,ARPAV,ARPAV
ARPAV::156,Crespano del Grappa,PREC,0.0,2026-06-21 14:00:00+00:00,45.84169964,11.84066348,ARPAV,ARPAV
ARPAV::159,Portogruaro - Lison,PREC,0.0,2026-06-21 14:00:00+00:00,45.74548888,12.76128681,ARPAV,ARPAV
ARPAV::160,Cavallino Treporti,PREC,0.0,2026-06-21 14:00:00+00:00,45.45871531,12.48626171,ARPAV,ARPAV
ARPAV::163,Noventa di Piave - Grassaga,PREC,0.0,2026-06-21 14:00:00+00:00,45.66841156,12.58851069,ARPAV,ARPAV
ARPAV::164,Eraclea,PREC,0.0,2026-06-21 14:00:00+00:00,45.60316601,12.70706142,ARPAV,ARPAV
ARPAV::165,Fossalta di Portogruaro,PREC,0.0,2026-06-21 14:00:00+00:00,45.77566742,12.89394125,ARPAV,ARPAV
ARPAV::166,Lugugnana (Portogruaro),PREC,0.0,2026-06-21 14:00:00+00:00,45.70491156,12.94668823,ARPAV,ARPAV
ARPAV::167,Mira,PREC,0.0,2026-06-21 14:00:00+00:00,45.43934709,12.1169216,ARPAV,ARPAV
ARPAV::168,Chioggia - Sant'Anna,PREC,0.0,2026-06-21 14:00:00+00:00,45.14632401,12.27596996,ARPAV,ARPAV
ARPAV::169,Agna,PREC,0.0,2026-06-21 14:00:00+00:00,45.15926189,11.95775646,ARPAV,ARPAV
ARPAV::17,Perarolo,PREC,0.2,2026-06-21 14:00:00+00:00,46.39415044,12.35657766,ARPAV,ARPAV
ARPAV::170,Teolo,PREC,0.0,2026-06-21 14:00:00+00:00,45.34272761,11.67713457,ARPAV,ARPAV
ARPAV::175,Codevigo,PREC,0.0,2026-06-21 14:00:00+00:00,45.24367259,12.09970856,ARPAV,ARPAV
ARPAV::177,Grantorto,PREC,0.0,2026-06-21 14:00:00+00:00,45.59472035,11.75218331,ARPAV,ARPAV
ARPAV::178,Cavarzere,PREC,0.0,2026-06-21 14:00:00+00:00,45.16150338,12.08720348,ARPAV,ARPAV
ARPAV::179,Campodarsego,PREC,0.0,2026-06-21 14:00:00+00:00,45.49551578,11.91336346,ARPAV,ARPAV
ARPAV::182,Tribano,PREC,0.0,2026-06-21 14:00:00+00:00,45.18668992,11.8487995,ARPAV,ARPAV
ARPAV::183,Volpago del Montello,PREC,0.0,2026-06-21 14:00:00+00:00,45.78502414,12.11304779,ARPAV,ARPAV
ARPAV::184,Zero Branco,PREC,0.0,2026-06-21 14:00:00+00:00,45.60991,12.12088,ARPAV,ARPAV
ARPAV::185,Vazzola - Tezze,PREC,0.0,2026-06-21 14:00:00+00:00,45.81168647,12.34189762,ARPAV,ARPAV
ARPAV::186,Gaiarine,PREC,0.0,2026-06-21 14:00:00+00:00,45.89217558,12.49348723,ARPAV,ARPAV
ARPAV::187,Roncade,PREC,0.0,2026-06-21 14:00:00+00:00,45.64140487,12.39588815,ARPAV,ARPAV
ARPAV::188,Villorba,PREC,0.0,2026-06-21 14:00:00+00:00,45.74894328,12.23496228,ARPAV,ARPAV
ARPAV::189,Valdobbiadene - Bigolino,PREC,0.0,2026-06-21 14:00:00+00:00,45.88205751,12.0070972,ARPAV,ARPAV
ARPAV::19,Agordo,PREC,1.8,2026-06-21 14:00:00+00:00,46.27804651,12.03319083,ARPAV,ARPAV
ARPAV::190,Brustole' (Velo d'Astico),PREC,0.8,2026-06-21 14:00:00+00:00,45.80132477,11.34330714,ARPAV,ARPAV
ARPAV::191,Molini (Laghi),PREC,0.2,2026-06-21 14:00:00+00:00,45.83331375,11.25603835,ARPAV,ARPAV
ARPAV::192,Passo Xomo (Posina),PREC,0.0,2026-06-21 14:00:00+00:00,45.77777304,11.2376662,ARPAV,ARPAV
ARPAV::195,Farra di Soligo,PREC,0.4,2026-06-21 14:00:00+00:00,45.9021246,12.10445916,ARPAV,ARPAV
ARPAV::196,Oderzo,PREC,0.0,2026-06-21 14:00:00+00:00,45.76569434,12.52427035,ARPAV,ARPAV
ARPAV::197,Maser,PREC,0.0,2026-06-21 14:00:00+00:00,45.77892133,11.94236996,ARPAV,ARPAV
ARPAV::199,Longarone,PREC,0.0,2026-06-21 14:00:00+00:00,46.26152058,12.30351169,ARPAV,ARPAV
ARPAV::200,Lamon - Sala,PREC,1.6,2026-06-21 14:00:00+00:00,46.04985912,11.74647606,ARPAV,ARPAV
ARPAV::203,Passo Valles,PREC,5.0,2026-06-21 14:00:00+00:00,46.33914263,11.80160227,ARPAV,ARPAV
ARPAV::204,Ponte di Piave,PREC,0.0,2026-06-21 14:00:00+00:00,45.71711766,12.5239352,ARPAV,ARPAV
ARPAV::21,Sant'Andrea (Gosaldo),PREC,3.2,2026-06-21 14:00:00+00:00,46.22965097,11.95772698,ARPAV,ARPAV
ARPAV::211,Codevigo - Ca' di Mezzo,PREC,0.0,2026-06-21 14:00:00+00:00,45.22690363,12.14506095,ARPAV,ARPAV
ARPAV::216,Cansiglio - Tramedere,PREC,0.6,2026-06-21 14:00:00+00:00,46.07747932,12.41476528,ARPAV,ARPAV
ARPAV::217,Feltre,PREC,0.0,2026-06-21 14:00:00+00:00,46.01620135,11.89462516,ARPAV,ARPAV
ARPAV::218,Asiago - aeroporto,PREC,3.4,2026-06-21 14:00:00+00:00,45.88342502,11.51100804,ARPAV,ARPAV
ARPAV::219,Rovina di Cancia (Borca di Cadore Q1373),PREC,0.0,2026-06-21 14:00:00+00:00,46.43717725,12.24264349,ARPAV,ARPAV
ARPAV::22,Sant'Antonio Tortal,PREC,0.0,2026-06-21 14:00:00+00:00,46.04834616,12.15448034,ARPAV,ARPAV
ARPAV::220,Treviso,PREC,0.0,2026-06-21 14:00:00+00:00,45.68093386,12.22154715,ARPAV,ARPAV
ARPAV::221,Trecenta,PREC,0.0,2026-06-21 14:00:00+00:00,45.02166616,11.42663109,ARPAV,ARPAV
ARPAV::223,Falcade,PREC,5.8,2026-06-21 14:00:00+00:00,46.355567,11.869723,ARPAV,ARPAV
ARPAV::224,Valle di Cadore,PREC,0.2,2026-06-21 14:00:00+00:00,46.41544389,12.3323414,ARPAV,ARPAV
ARPAV::227,Mogliano Veneto,PREC,0.0,2026-06-21 14:00:00+00:00,45.5807425,12.30779083,ARPAV,ARPAV
ARPAV::230,Campagna Lupia - Valle Averto,PREC,0.0,2026-06-21 14:00:00+00:00,45.34941987,12.14155693,ARPAV,ARPAV
ARPAV::231,Sant'Apollinare (Rovigo),PREC,0.0,2026-06-21 14:00:00+00:00,45.03340149,11.8259685,ARPAV,ARPAV
ARPAV::232,Bassano del Grappa,PREC,0.0,2026-06-21 14:00:00+00:00,45.78504906,11.73017735,ARPAV,ARPAV
ARPAV::234,Padova,PREC,0.0,2026-06-21 14:00:00+00:00,45.397192,11.845461,ARPAV,ARPAV
ARPAV::235,Soffranco,PREC,0.0,2026-06-21 14:00:00+00:00,46.278202,12.24278045,ARPAV,ARPAV
ARPAV::236,San Martino d'Alpago,PREC,0.2,2026-06-21 14:00:00+00:00,46.18043287,12.39682227,ARPAV,ARPAV
ARPAV::237,Cortina d'Ampezzo - Gilardon,PREC,0.2,2026-06-21 14:00:00+00:00,46.53668964,12.12739699,ARPAV,ARPAV
ARPAV::238,Misurina,PREC,0.0,2026-06-21 14:00:00+00:00,46.5764122,12.25007045,ARPAV,ARPAV
ARPAV::239,Col di Pra',PREC,2.6,2026-06-21 14:00:00+00:00,46.29588807,11.92891208,ARPAV,ARPAV
ARPAV::240,Vittorio Veneto,PREC,0.4,2026-06-21 14:00:00+00:00,45.98539025,12.30760378,ARPAV,ARPAV
ARPAV::245,Quero,PREC,0.0,2026-06-21 14:00:00+00:00,45.9255196,11.93977502,ARPAV,ARPAV
ARPAV::246,Costalta,PREC,0.0,2026-06-21 14:00:00+00:00,46.57877599,12.57556615,ARPAV,ARPAV
ARPAV::247,Casamazzagno,PREC,0.0,2026-06-21 14:00:00+00:00,46.59389393,12.51561664,ARPAV,ARPAV
ARPAV::248,Piana di Marcesina - Rendole,PREC,3.2,2026-06-21 14:00:00+00:00,45.94933182,11.61226574,ARPAV,ARPAV
ARPAV::25,Sospirolo,PREC,0.0,2026-06-21 14:00:00+00:00,46.14063559,12.07539462,ARPAV,ARPAV
ARPAV::251,Bosco Chiesanuova,PREC,0.0,2026-06-21 14:00:00+00:00,45.61935401,11.03859258,ARPAV,ARPAV
ARPAV::252,Venezia - Istituto Cavanis,PREC,0.0,2026-06-21 14:00:00+00:00,45.42996715,12.32809643,ARPAV,ARPAV
ARPAV::253,Valeggio sul Mincio,PREC,9.4,2026-06-21 14:00:00+00:00,45.36036737,10.73179344,ARPAV,ARPAV
ARPAV::260,Colognola ai Colli,PREC,0.0,2026-06-21 14:00:00+00:00,45.42497835,11.22419922,ARPAV,ARPAV
ARPAV::262,Valpore (Seren del Grappa),PREC,0.0,2026-06-21 14:00:00+00:00,45.89728311,11.80606051,ARPAV,ARPAV
ARPAV::264,Belluno - aeroporto,PREC,0.0,2026-06-21 14:00:00+00:00,46.16467858,12.24470834,ARPAV,ARPAV
ARPAV::265,Galzignano - Ca' Demia,PREC,0.0,2026-06-21 14:00:00+00:00,45.30014284,11.74268777,ARPAV,ARPAV
ARPAV::266,Santa Giustina Bellunese,PREC,1.0,2026-06-21 14:00:00+00:00,46.07841194,12.07247911,ARPAV,ARPAV
ARPAV::268,Sella Ciampigotto,PREC,0.0,2026-06-21 14:00:00+00:00,46.48692303,12.58466111,ARPAV,ARPAV
ARPAV::278,Agno a Recoaro Terme,PREC,0.0,2026-06-21 14:00:00+00:00,45.70199328,11.21470019,ARPAV,ARPAV
ARPAV::292,Muson dei Sassi a Castelfranco Veneto,PREC,0.0,2026-06-21 14:00:00+00:00,45.66983651,11.92027581,ARPAV,ARPAV
ARPAV::295,Gua' a Cologna Veneta,PREC,0.0,2026-06-21 14:00:00+00:00,45.31652621,11.38324121,ARPAV,ARPAV
ARPAV::298,Monticano a Fontanelle,PREC,0.0,2026-06-21 14:00:00+00:00,45.83694613,12.43991791,ARPAV,ARPAV
ARPAV::299,Monticano a Gorgo al Monticano,PREC,0.0,2026-06-21 14:00:00+00:00,45.78572084,12.53899329,ARPAV,ARPAV
ARPAV::3,Arabba,PREC,1.2,2026-06-21 14:00:00+00:00,46.49998395,11.87607301,ARPAV,ARPAV
ARPAV::305,Astico a Lugo di Vicenza,PREC,0.0,2026-06-21 14:00:00+00:00,45.74036652,11.52328382,ARPAV,ARPAV
ARPAV::315,Agno a Ponte Brogliano,PREC,0.0,2026-06-21 14:00:00+00:00,45.59010662,11.3697627,ARPAV,ARPAV
ARPAV::317,Gua' a Ponte Gua',PREC,0.0,2026-06-21 14:00:00+00:00,45.4921808,11.39176197,ARPAV,ARPAV
ARPAV::321,Retrone a Vicenza S.Agostino,PREC,0.0,2026-06-21 14:00:00+00:00,45.52548627,11.52144451,ARPAV,ARPAV
ARPAV::334,Bacchiglione a Padova Voltabarozzo,PREC,0.0,2026-06-21 14:00:00+00:00,45.38613829,11.9056263,ARPAV,ARPAV
ARPAV::345,Gallio,PREC,3.0,2026-06-21 14:00:00+00:00,45.88022083,11.55281023,ARPAV,ARPAV
ARPAV::346,La Secca,PREC,0.0,2026-06-21 14:00:00+00:00,46.12987309,12.31830088,ARPAV,ARPAV
ARPAV::347,Passo Falzarego nivo (Q1988),PREC,1.2,2026-06-21 14:00:00+00:00,46.52016977,12.02802485,ARPAV,ARPAV
ARPAV::348,Roncadin (Chies d'Alpago),PREC,0.0,2026-06-21 14:00:00+00:00,46.19073266,12.40789032,ARPAV,ARPAV
ARPAV::350,Valstagna,PREC,1.2,2026-06-21 14:00:00+00:00,45.86245484,11.65923289,ARPAV,ARPAV
ARPAV::351,Solagna Villaggio del sole,PREC,0.2,2026-06-21 14:00:00+00:00,45.84011076,11.72922641,ARPAV,ARPAV
ARPAV::37,Passo Falzarego,PREC,1.4,2026-06-21 14:00:00+00:00,46.51873107,12.00683651,ARPAV,ARPAV
ARPAV::402,Biois a Cencenighe,PREC,2.4,2026-06-21 14:00:00+00:00,46.35236803,11.96646096,ARPAV,ARPAV
ARPAV::404,Astico a Pedescala,PREC,0.8,2026-06-21 14:00:00+00:00,45.84468696,11.36725287,ARPAV,ARPAV
ARPAV::409,Chiampo,PREC,0.0,2026-06-21 14:00:00+00:00,45.53646508,11.29382418,ARPAV,ARPAV
ARPAV::425,Bibione,PREC,0.0,2026-06-21 14:00:00+00:00,45.64137219,13.07746832,ARPAV,ARPAV
ARPAV::451,Vicenza - Sant'Agostino,PREC,0.0,2026-06-21 14:00:00+00:00,45.52434984,11.52039317,ARPAV,ARPAV
ARPAV::454,Favaro Veneto,PREC,0.0,2026-06-21 14:00:00+00:00,45.51730828,12.2784802,ARPAV,ARPAV
ARPAV::464,Nogarolo di Tarzo,PREC,0.0,2026-06-21 14:00:00+00:00,45.98658333,12.24608334,ARPAV,ARPAV
ARPAV::47,Faloria,PREC,0.0,2026-06-21 14:00:00+00:00,46.52744551,12.17508664,ARPAV,ARPAV
ARPAV::48,Podestagno (Cortina d'Ampezzo),PREC,0.2,2026-06-21 14:00:00+00:00,46.59362172,12.11232905,ARPAV,ARPAV
ARPAV::50,Villanova (Borca di Cadore),PREC,0.2,2026-06-21 14:00:00+00:00,46.44327375,12.20626034,ARPAV,ARPAV
ARPAV::505,Ponte Rio Cordon (Selva di Cadore),PREC,1.0,2026-06-21 14:00:00+00:00,46.45098415,12.09595652,ARPAV,ARPAV
ARPAV::510,Caprino Veronese - Platano,PREC,0.0,2026-06-21 14:00:00+00:00,45.60804812,10.81463468,ARPAV,ARPAV
ARPAV::53,Auronzo,PREC,1.4,2026-06-21 14:00:00+00:00,46.55625348,12.42593677,ARPAV,ARPAV
ARPAV::55,Pian del Crep (Val di Zoldo),PREC,1.0,2026-06-21 14:00:00+00:00,46.37934829,12.09312208,ARPAV,ARPAV
ARPAV::551,Sant'Elena,PREC,0.0,2026-06-21 14:00:00+00:00,45.196595,11.69453713,ARPAV,ARPAV
ARPAV::554,Muson dei Sassi ad Asolo,PREC,0.0,2026-06-21 14:00:00+00:00,45.78576616,11.89466078,ARPAV,ARPAV
ARPAV::56,Forno di Zoldo - Campo,PREC,0.8,2026-06-21 14:00:00+00:00,46.34666725,12.1845653,ARPAV,ARPAV
ARPAV::568,Rovina di Cancia (Q2267),PREC,0.2,2026-06-21 14:00:00+00:00,46.44743181,12.2504163,ARPAV,ARPAV
ARPAV::569,Rovina di Cancia (Q1690),PREC,0.0,2026-06-21 14:00:00+00:00,46.44219886,12.24555485,ARPAV,ARPAV
ARPAV::572,Ospedaletto Euganeo,PREC,0.0,2026-06-21 14:00:00+00:00,45.2345589,11.60648596,ARPAV,ARPAV
ARPAV::574,Follina,PREC,0.2,2026-06-21 14:00:00+00:00,45.96032669,12.12185345,ARPAV,ARPAV
ARPAV::575,Rio Chiesa Alto (Livinallongo),PREC,1.6,2026-06-21 14:00:00+00:00,46.48945123,11.96341809,ARPAV,ARPAV
ARPAV::577,Breda di Piave - Via Bovon,PREC,0.0,2026-06-21 14:00:00+00:00,45.7232319,12.37967204,ARPAV,ARPAV
ARPAV::58,Santo Stefano di Cadore,PREC,0.0,2026-06-21 14:00:00+00:00,46.55719592,12.55254488,ARPAV,ARPAV
ARPAV::59,Domegge di Cadore,PREC,0.2,2026-06-21 14:00:00+00:00,46.46094955,12.41035969,ARPAV,ARPAV
ARPAV::60,Malga Campobon (San Pietro di Cadore),PREC,0.0,2026-06-21 14:00:00+00:00,46.64463814,12.60365549,ARPAV,ARPAV
ARPAV::600,Grumolo delle Abbadesse,PREC,0.0,2026-06-21 14:00:00+00:00,45.51669272,11.65407532,ARPAV,ARPAV
ARPAV::608,Rio Rudan (Antelao),PREC,0.0,2026-06-21 14:00:00+00:00,46.442017,12.264492,ARPAV,ARPAV
ARPAV::61,Cordevole di Visdende a Cima Canale,PREC,0.2,2026-06-21 14:00:00+00:00,46.6020538,12.63080725,ARPAV,ARPAV
ARPAV::610,Fener,PREC,0.0,2026-06-21 14:00:00+00:00,45.898557,11.946735,ARPAV,ARPAV
ARPAV::611,Bovolenta,PREC,0.0,2026-06-21 14:00:00+00:00,45.276565,11.932629,ARPAV,ARPAV
ARPAV::612,La Guarda (Cesiomaggiore),PREC,1.8,2026-06-21 14:00:00+00:00,46.12827704,11.94469992,ARPAV,ARPAV
ARPAV::613,Chioggia (centro),PREC,0.0,2026-06-21 14:00:00+00:00,45.218127,12.283051,ARPAV,ARPAV
ARPAV::614,Isola Vicentina,PREC,0.0,2026-06-21 14:00:00+00:00,45.62061319,11.45476825,ARPAV,ARPAV
ARPAV::615,Jesolo - Cortellazzo,PREC,0.0,2026-06-21 14:00:00+00:00,45.535854,12.65882,ARPAV,ARPAV
ARPAV::616,Fortogna (Longarone),PREC,0.0,2026-06-21 14:00:00+00:00,46.231666,12.29032,ARPAV,ARPAV
ARPAV::617,Marcon loc. Zuccarello,PREC,0.0,2026-06-21 14:00:00+00:00,45.537387,12.378313,ARPAV,ARPAV
ARPAV::618,Crosara (Marostica),PREC,0.0,2026-06-21 14:00:00+00:00,45.774361,11.61748,ARPAV,ARPAV
ARPAV::619,Montebelluna loc. Contea,PREC,0.0,2026-06-21 14:00:00+00:00,45.771498,12.005757,ARPAV,ARPAV
ARPAV::620,Nervesa della Battaglia,PREC,0.0,2026-06-21 14:00:00+00:00,45.816843,12.201804,ARPAV,ARPAV
ARPAV::621,Peschiera - Dolci,PREC,15.2,2026-06-21 14:00:00+00:00,45.424275,10.687142,ARPAV,ARPAV
ARPAV::622,Pettorazza Grimani loc. Botti Barbarighe,PREC,0.0,2026-06-21 14:00:00+00:00,45.116383,12.024446,ARPAV,ARPAV
ARPAV::623,Stra,PREC,0.0,2026-06-21 14:00:00+00:00,45.40837847,11.99930835,ARPAV,ARPAV
ARPAV::624,Tonezza del Cimone,PREC,2.4,2026-06-21 14:00:00+00:00,45.867081,11.335586,ARPAV,ARPAV
ARPAV::625,Staro (Valli del Pasubio),PREC,0.0,2026-06-21 14:00:00+00:00,45.725723,11.226352,ARPAV,ARPAV
ARPAV::631,Rio Rudan INADEF Sentiero CAI 230,PREC,0.0,2026-06-21 14:00:00+00:00,46.43264,12.259591,ARPAV,ARPAV
ARPAV::632,Rio Rudan INADEF DX briglia,PREC,0.0,2026-06-21 14:00:00+00:00,46.416987,12.258785,ARPAV,ARPAV
ARPAV::633,Verona - Santa Caterina,PREC,0.0,2026-06-21 14:00:00+00:00,45.41626803,11.01758925,ARPAV,ARPAV
ARPAV::662,Eraclea - Torre di Fine,PREC,0.0,2026-06-21 14:00:00+00:00,45.57572,12.79133,ARPAV,ARPAV
ARPAV::663,Pila - Porto Peschereccio (Porto Tolle),PREC,0.0,2026-06-21 14:00:00+00:00,44.978047,12.479594,ARPAV,ARPAV
ARPAV::667,Fiames (Punta Fiames),PREC,0.0,2026-06-21 14:00:00+00:00,46.576893,12.128897,ARPAV,ARPAV
ARPAV::669,Ru Secco (Antelao),PREC,0.2,2026-06-21 14:00:00+00:00,46.461167,12.247337,ARPAV,ARPAV
ARPAV::67,Monte Avena,PREC,0.4,2026-06-21 14:00:00+00:00,46.03210396,11.82713557,ARPAV,ARPAV
ARPAV::670,Ru de Vaccia (Monte Campoduro),PREC,0.8,2026-06-21 14:00:00+00:00,46.557619,12.294154,ARPAV,ARPAV
ARPAV::671,Rio Gravasecca (Pra dell'Agnello),PREC,0.0,2026-06-21 14:00:00+00:00,46.600176,12.365311,ARPAV,ARPAV
ARPAV::672,Rio Popena (Val delle Barache),PREC,0.0,2026-06-21 14:00:00+00:00,46.583167,12.224516,ARPAV,ARPAV
ARPAV::673,Ru de le Roe (Passo Duran),PREC,1.2,2026-06-21 14:00:00+00:00,46.330666,12.099559,ARPAV,ARPAV
ARPAV::674,Roa Bianca (Lastia di Framont),PREC,2.6,2026-06-21 14:00:00+00:00,46.315801,12.03431,ARPAV,ARPAV
ARPAV::675,Rio di Valbona (Cime di Pezza),PREC,2.8,2026-06-21 14:00:00+00:00,46.399676,11.926066,ARPAV,ARPAV
ARPAV::676,Ru de Rocia (Ronch),PREC,2.2,2026-06-21 14:00:00+00:00,46.447872,11.972195,ARPAV,ARPAV
ARPAV::68,Castana,PREC,0.0,2026-06-21 14:00:00+00:00,45.81551626,11.30843985,ARPAV,ARPAV
ARPAV::71,San Giovanni Ilarione,PREC,0.0,2026-06-21 14:00:00+00:00,45.54832483,11.22486099,ARPAV,ARPAV
ARPAV::73,Contra' Doppio (Posina),PREC,0.0,2026-06-21 14:00:00+00:00,45.80699205,11.2251192,ARPAV,ARPAV
ARPAV::76,Turcati (Recoaro Terme),PREC,0.0,2026-06-21 14:00:00+00:00,45.70401092,11.18480016,ARPAV,ARPAV
ARPAV::77,Recoaro Mille,PREC,0.0,2026-06-21 14:00:00+00:00,45.68038956,11.2255215,ARPAV,ARPAV
ARPAV::79,Valdagno,PREC,0.0,2026-06-21 14:00:00+00:00,45.63129614,11.30863411,ARPAV,ARPAV
ARPAV::80,Passo Pordoi,PREC,1.4,2026-06-21 14:00:00+00:00,46.48343791,11.82249512,ARPAV,ARPAV
ARPAV::81,Monte Summano,PREC,0.0,2026-06-21 14:00:00+00:00,45.7509777,11.41482813,ARPAV,ARPAV
ARPAV::82,Pove del Grappa - Costalunga,PREC,0.2,2026-06-21 14:00:00+00:00,45.80571942,11.74011907,ARPAV,ARPAV
ARPAV::83,Montecchio Precalcino,PREC,0.0,2026-06-21 14:00:00+00:00,45.65882861,11.54773196,ARPAV,ARPAV
ARPAV::87,San Bortolo,PREC,0.0,2026-06-21 14:00:00+00:00,45.6085427,11.18136996,ARPAV,ARPAV
ARPAV::88,Crespadoro,PREC,0.0,2026-06-21 14:00:00+00:00,45.62621136,11.20907007,ARPAV,ARPAV
ARPAV::91,Passo Monte Croce Comelico,PREC,0.0,2026-06-21 14:00:00+00:00,46.65215334,12.42397152,ARPAV,ARPAV
ARPAV::92,Col Indes (Tambre),PREC,0.4,2026-06-21 14:00:00+00:00,46.11907392,12.44015627,ARPAV,ARPAV
ARPAV::93,Torch,PREC,0.0,2026-06-21 14:00:00+00:00,46.15155195,12.36301566,ARPAV,ARPAV
ARPAV::96,Bagnolo di Po - Pellizzare,PREC,0.0,2026-06-21 14:00:00+00:00,44.98944662,11.52950565,ARPAV,ARPAV
ARPAV::98,Concadirame (Rovigo),PREC,0.0,2026-06-21 14:00:00+00:00,45.09313663,11.72081886,ARPAV,ARPAV
ARPAV::99,San Bellino,PREC,0.0,2026-06-21 14:00:00+00:00,45.03150148,11.57662814,ARPAV,ARPAV
DPC::1,Adegliacco,PREC,0.0,2026-06-21 14:00:00+00:00,46.115211,13.229024,DPC,DPC
DPC::10,Barcis,PREC,0.0,2026-06-21 14:15:00+00:00,46.192811,12.563615,DPC,DPC
DPC::101,Orzano,PREC,0.0,2026-06-21 14:15:00+00:00,46.06176,13.357942,DPC,DPC
DPC::102,Osoppo,PREC,0.0,2026-06-21 14:15:00+00:00,46.236426,13.071473,DPC,DPC
DPC::103,Pala Barzana,PREC,0.0,2026-06-21 14:15:00+00:00,46.196015,12.659225,DPC,DPC
DPC::105,Paluzza,PREC,0.0,2026-06-21 14:15:00+00:00,46.527965,13.012166,DPC,DPC
DPC::107,Pantianicco,PREC,0.0,2026-06-21 14:15:00+00:00,46.014152,13.039319,DPC,DPC
DPC::108,Passo Pramollo,PREC,0.0,2026-06-21 14:15:00+00:00,46.559887,13.275248,DPC,DPC
DPC::109,Passo Predil,PREC,0.0,2026-06-21 14:15:00+00:00,46.419232,13.573856,DPC,DPC
DPC::110,Paularo,PREC,0.0,2026-06-21 14:15:00+00:00,46.526109,13.121217,DPC,DPC
DPC::111,Pavia di Udine,PREC,0.0,2026-06-21 14:15:00+00:00,45.992595,13.295932,DPC,DPC
DPC::113,Pesariis,PREC,0.0,2026-06-21 14:30:00+00:00,46.521834,12.775128,DPC,DPC
DPC::116,Platischis,PREC,0.0,2026-06-21 14:15:00+00:00,46.242752,13.378085,DPC,DPC
DPC::120,Ponte Delizia,PREC,0.0,2026-06-21 14:15:00+00:00,45.965073,12.901054,DPC,DPC
DPC::124,Ponte Sambo,PREC,0.0,2026-06-21 14:15:00+00:00,46.267018,13.329246,DPC,DPC
DPC::127,Pontebba T. P.,PREC,0.0,2026-06-21 14:15:00+00:00,46.506062,13.307569,DPC,DPC
DPC::129,Porcia,PREC,0.0,2026-06-21 14:15:00+00:00,45.921867,12.614163,DPC,DPC
DPC::13,Basaldella di Vivaro,PREC,0.0,2026-06-21 14:15:00+00:00,46.088296,12.790575,DPC,DPC
DPC::131,Pordenone meteo,PREC,0.0,2026-06-21 14:15:00+00:00,45.958694,12.649633,DPC,DPC
DPC::133,Povoletto,PREC,0.0,2026-06-21 14:15:00+00:00,46.122873,13.309328,DPC,DPC
DPC::135,Pramollo,PREC,0.0,2026-06-21 14:15:00+00:00,46.529829,13.303484,DPC,DPC
DPC::136,Pramosio,PREC,0.0,2026-06-21 14:15:00+00:00,46.587240514442,13.02948474884,DPC,DPC
DPC::139,Prato Carnico,PREC,0.0,2026-06-21 14:15:00+00:00,46.51879,12.80572,DPC,DPC
DPC::14,Bevorchians,PREC,0.0,2026-06-21 14:15:00+00:00,46.485876,13.189084,DPC,DPC
DPC::141,Prepotto,PREC,0.0,2026-06-21 14:15:00+00:00,46.048288,13.489992,DPC,DPC
DPC::142,Prescudin,PREC,0.0,2026-06-21 14:30:00+00:00,46.192728,12.489222,DPC,DPC
DPC::143,Prosecco,PREC,0.0,2026-06-21 14:15:00+00:00,45.703935,13.756735,DPC,DPC
DPC::144,Pulfero,PREC,0.0,2026-06-21 14:15:00+00:00,46.173298,13.483116,DPC,DPC
DPC::145,Ravascletto,PREC,0.0,2026-06-21 14:15:00+00:00,46.519455,12.917373,DPC,DPC
DPC::146,Resia,PREC,0.0,2026-06-21 14:15:00+00:00,46.375891,13.295677,DPC,DPC
DPC::147,Resiutta,PREC,0.0,2026-06-21 14:15:00+00:00,46.388879,13.221205,DPC,DPC
DPC::149,Rifugio Maniago,PREC,0.0266666666666667,2026-06-21 14:30:00+00:00,46.321547,12.394367,DPC,DPC
DPC::151,Rifugio Pordenone,PREC,0.4,2026-06-21 14:15:00+00:00,46.378862,12.489489,DPC,DPC
DPC::152,Rifugio Tamai - Zoncolan,PREC,0.0,2026-06-21 14:15:00+00:00,46.501455,12.931593,DPC,DPC
DPC::153,Ruda,PREC,0.0,2026-06-21 14:15:00+00:00,45.832037,13.404023,DPC,DPC
DPC::154,Sant'Andrat del Cormor,PREC,0.0,2026-06-21 14:15:00+00:00,45.914405,13.161958,DPC,DPC
DPC::157,San Francesco T. P.,PREC,0.0,2026-06-21 14:15:00+00:00,46.312548,12.9365,DPC,DPC
DPC::158,San Volfango,PREC,0.0,2026-06-21 14:15:00+00:00,46.165041,13.642786,DPC,DPC
DPC::159,Saletto,PREC,0.0,2026-06-21 14:15:00+00:00,46.40277,13.375257,DPC,DPC
DPC::16,Cà Selva invaso,PREC,0.0,2026-06-21 14:00:00+00:00,46.258478,12.700746,DPC,DPC
DPC::160,San Daniele del Friuli,PREC,0.0,2026-06-21 14:15:00+00:00,46.15697,13.014047,DPC,DPC
DPC::161,San Lorenzo,PREC,0.0,2026-06-21 14:15:00+00:00,45.766023,13.404773,DPC,DPC
DPC::162,San Pelagio,PREC,0.0,2026-06-21 14:30:00+00:00,45.765502,13.686825,DPC,DPC
DPC::164,Sauris di sopra,PREC,0.0,2026-06-21 14:15:00+00:00,46.467221,12.681982,DPC,DPC
DPC::166,Sella Chianzutan,PREC,0.0,2026-06-21 14:15:00+00:00,46.358906,12.940325,DPC,DPC
DPC::167,Sella di Sompdogna,PREC,0.0,2026-06-21 14:15:00+00:00,46.462104,13.448507,DPC,DPC
DPC::17,Cà Zul invaso,PREC,0.0,2026-06-21 14:00:00+00:00,46.292178,12.716113,DPC,DPC
DPC::170,Spilimbergo,PREC,0.0,2026-06-21 14:15:00+00:00,46.108589,12.882468,DPC,DPC
DPC::171,Squarzare,PREC,0.0,2026-06-21 14:15:00+00:00,45.843915,12.617717,DPC,DPC
DPC::173,Subit di Attimis,PREC,0.0,2026-06-21 14:15:00+00:00,46.204826,13.351728,DPC,DPC
DPC::174,Tarvisio,PREC,0.0,2026-06-21 14:15:00+00:00,46.504294,13.593889,DPC,DPC
DPC::178,Timau,PREC,0.0,2026-06-21 14:15:00+00:00,46.576328649824,13.006825447083,DPC,DPC
DPC::180,Tolmezzo meteo,PREC,0.0,2026-06-21 14:15:00+00:00,46.421783,13.021855,DPC,DPC
DPC::181,Torreano T. Chiarò,PREC,0.0,2026-06-21 14:30:00+00:00,46.125494,13.430038,DPC,DPC
DPC::183,Torviscosa,PREC,0.0,2026-06-21 14:15:00+00:00,45.818806,13.275533,DPC,DPC
DPC::184,Tramonti di Sotto,PREC,0.0,2026-06-21 14:15:00+00:00,46.298232,12.793013,DPC,DPC
DPC::185,Tramonti invaso,PREC,0.0,2026-06-21 14:15:00+00:00,46.240651,12.750119,DPC,DPC
DPC::189,Tribil inferiore,PREC,0.0,2026-06-21 14:30:00+00:00,46.119376554462,13.585106728836,DPC,DPC
DPC::19,Campone,PREC,0.0,2026-06-21 14:15:00+00:00,46.259451,12.831403,DPC,DPC
DPC::190,Tricesimo,PREC,0.0,2026-06-21 14:15:00+00:00,46.151582,13.213877,DPC,DPC
DPC::191,Trieste Cattinara,PREC,0.0,2026-06-21 14:15:00+00:00,45.635369,13.83295,DPC,DPC
DPC::193,Uccea,PREC,0.0,2026-06-21 14:15:00+00:00,46.306483,13.400202,DPC,DPC
DPC::194,Udine,PREC,0.0,2026-06-21 14:15:00+00:00,46.064985,13.236595,DPC,DPC
DPC::196,Vacile,PREC,0.0,2026-06-21 14:15:00+00:00,46.144543,12.887664,DPC,DPC
DPC::197,Val dei Sass,PREC,0.0,2026-06-21 14:15:00+00:00,46.114392,12.492302,DPC,DPC
DPC::198,Val Ugovizza,PREC,0.0,2026-06-21 14:15:00+00:00,46.542897,13.474891,DPC,DPC
DPC::199,Villa Santina T. Degano,PREC,0.0,2026-06-21 14:15:00+00:00,46.411276,12.906771,DPC,DPC
DPC::2,Alesso,PREC,0.0,2026-06-21 14:00:00+00:00,46.309217,13.055607,DPC,DPC
DPC::201,Villotta di Chions,PREC,0.0,2026-06-21 14:15:00+00:00,45.855064,12.757509,DPC,DPC
DPC::205,Zavattina T. Cormor,PREC,0.0,2026-06-21 14:15:00+00:00,45.833708,13.159947,DPC,DPC
DPC::206,Zeglianutto,PREC,0.0,2026-06-21 14:15:00+00:00,46.195981,13.153527,DPC,DPC
DPC::208,Zompitta meteo,PREC,0.0,2026-06-21 14:00:00+00:00,46.171431,13.25473,DPC,DPC
DPC::209,Zuiano,PREC,0.0,2026-06-21 14:15:00+00:00,45.874009,12.713078,DPC,DPC
DPC::21,Casera Pradut,PREC,0.0,2026-06-21 14:00:00+00:00,46.256859,12.563928,DPC,DPC
DPC::210,Capriva,PREC,0.0,2026-06-21 14:15:00+00:00,45.958076,13.51241,DPC,DPC
DPC::211,Cervignano,PREC,0.0,2026-06-21 14:15:00+00:00,45.849444,13.337006,DPC,DPC
DPC::212,Trieste,PREC,0.0,2026-06-21 14:15:00+00:00,45.649981,13.752239,DPC,DPC
DPC::215,Pradamano,PREC,0.0,2026-06-21 14:15:00+00:00,46.04425,13.302889,DPC,DPC
DPC::216,Lauzacco,PREC,0.0,2026-06-21 14:15:00+00:00,45.981902,13.272524,DPC,DPC
DPC::217,Bicinicco,PREC,0.0,2026-06-21 14:15:00+00:00,45.928831,13.240113,DPC,DPC
DPC::218,Gorgo,PREC,0.0,2026-06-21 14:15:00+00:00,45.736014,13.021434,DPC,DPC
DPC::219,Cave del Predil,PREC,0.0,2026-06-21 14:15:00+00:00,46.437058,13.567822,DPC,DPC
DPC::22,Casera Zoufplan bassa,PREC,0.0,2026-06-21 14:00:00+00:00,46.557692,12.983371,DPC,DPC
DPC::221,Musi,PREC,0.0,2026-06-21 14:15:00+00:00,46.312676,13.274721,DPC,DPC
DPC::222,Chievolis,PREC,0.0,2026-06-21 14:30:00+00:00,46.254593,12.734103,DPC,DPC
DPC::223,San Pietro al Natisone,PREC,0.0,2026-06-21 14:15:00+00:00,46.114254,13.486846,DPC,DPC
DPC::224,Rivis,PREC,0.0,2026-06-21 14:15:00+00:00,46.009008,12.945618,DPC,DPC
DPC::225,Camino,PREC,0.0,2026-06-21 14:15:00+00:00,45.919409,12.937408,DPC,DPC
DPC::227,Scedina San Floriano,PREC,0.0,2026-06-21 14:15:00+00:00,45.97707,13.59432,DPC,DPC
DPC::228,Fornace Lucinico,PREC,0.0,2026-06-21 14:15:00+00:00,45.946762,13.565849,DPC,DPC
DPC::229,Nimis Ramandolo,PREC,0.0,2026-06-21 14:30:00+00:00,46.219088,13.263235,DPC,DPC
DPC::23,Cason di Lanza,PREC,0.0,2026-06-21 14:00:00+00:00,46.567936,13.168694,DPC,DPC
DPC::230,Savorgnano,PREC,0.0,2026-06-21 14:15:00+00:00,46.163634,13.27627,DPC,DPC
DPC::231,Spessa di Cividale,PREC,0.0,2026-06-21 14:30:00+00:00,46.033379,13.442843,DPC,DPC
DPC::232,Mariano del Friuli,PREC,0.173333333333333,2026-06-21 14:30:00+00:00,45.906572,13.453118,DPC,DPC
DPC::233,Cormons Monte,PREC,0.0,2026-06-21 14:15:00+00:00,45.961144,13.478387,DPC,DPC
DPC::234,Buttrio,PREC,0.0,2026-06-21 14:15:00+00:00,46.00439,13.35599,DPC,DPC
DPC::235,Dolegnano,PREC,0.0,2026-06-21 14:30:00+00:00,45.99164,13.41224,DPC,DPC
DPC::236,Premariacco Ipplis,PREC,0.0,2026-06-21 14:30:00+00:00,46.03814,13.42421,DPC,DPC
DPC::237,Fogliano Redipuglia,PREC,0.0,2026-06-21 14:15:00+00:00,45.86692,13.47545,DPC,DPC
DPC::238,Caneva,PREC,0.0,2026-06-21 14:15:00+00:00,45.98485,12.46588,DPC,DPC
DPC::25,Cedarchis,PREC,0.0,2026-06-21 14:15:00+00:00,46.456389,13.035886,DPC,DPC
DPC::28,Cellino,PREC,0.0,2026-06-21 14:00:00+00:00,46.246394,12.471192,DPC,DPC
DPC::29,Cerneglons,PREC,0.0,2026-06-21 14:15:00+00:00,46.055799,13.317992,DPC,DPC
DPC::3,Alnicco,PREC,0.0,2026-06-21 14:15:00+00:00,46.117875,13.165936,DPC,DPC
DPC::31,Chiout,PREC,0.0,2026-06-21 14:15:00+00:00,46.45213,13.371963,DPC,DPC
DPC::32,Chiusaforte,PREC,0.0,2026-06-21 14:15:00+00:00,46.40467,13.317505,DPC,DPC
DPC::33,Cilia,PREC,0.0,2026-06-21 14:15:00+00:00,46.225803,12.795091,DPC,DPC
DPC::34,Cimolais,PREC,0.0,2026-06-21 14:30:00+00:00,46.285646,12.440843,DPC,DPC
DPC::36,Cividale T. P.,PREC,0.0,2026-06-21 14:15:00+00:00,46.096666,13.41823,DPC,DPC
DPC::37,Clauzetto,PREC,0.0,2026-06-21 14:15:00+00:00,46.229907,12.917954,DPC,DPC
DPC::4,Andreis,PREC,0.0,2026-06-21 14:15:00+00:00,46.198832,12.611949,DPC,DPC
DPC::41,Collalto borgo di sotto,PREC,0.0,2026-06-21 14:15:00+00:00,46.19208,13.203442,DPC,DPC
DPC::42,Collina,PREC,0.0,2026-06-21 14:00:00+00:00,46.585563,12.839013,DPC,DPC
DPC::43,Colloredo di Prato,PREC,0.0,2026-06-21 14:15:00+00:00,46.057162,13.139608,DPC,DPC
DPC::44,Colloredo M. A.,PREC,0.0,2026-06-21 14:15:00+00:00,46.166856,13.146103,DPC,DPC
DPC::47,Cordenons,PREC,0.0,2026-06-21 14:30:00+00:00,46.009192,12.700403,DPC,DPC
DPC::48,Cormons,PREC,0.0,2026-06-21 14:00:00+00:00,45.976776,13.453358,DPC,DPC
DPC::5,Arba,PREC,0.0,2026-06-21 14:15:00+00:00,46.142589,12.808347,DPC,DPC
DPC::503,Val Sughet,PREC,0.0,2026-06-21 14:30:00+00:00,46.118707,12.505972,DPC,DPC
DPC::504,Trieste Nautico,PREC,0.0,2026-06-21 14:30:00+00:00,45.647373,13.764613,DPC,DPC
DPC::505,Piancavallo,PREC,0.0,2026-06-21 14:30:00+00:00,46.114924,12.524263,DPC,DPC
DPC::511,Borgo Grotta Gigante,PREC,0.0,2026-06-21 14:30:00+00:00,45.709423,13.76463,DPC,DPC
DPC::512,San Mauro,PREC,0.0,2026-06-21 14:15:00+00:00,46.14688,13.026494,DPC,DPC
DPC::514,Candaglia,PREC,0.0,2026-06-21 14:15:00+00:00,46.064067,12.443082,DPC,DPC
DPC::515,Malghe Mersino,PREC,0.0,2026-06-21 14:15:00+00:00,46.212423,13.524168,DPC,DPC
DPC::516,Montemaggiore,PREC,0.0,2026-06-21 14:15:00+00:00,46.194466,13.532769,DPC,DPC
DPC::517,Palmanova,PREC,0.0,2026-06-21 14:15:00+00:00,45.91118,13.333072,DPC,DPC
DPC::518,Stadio Biathlon Piani di Luzza,PREC,0.0,2026-06-21 14:15:00+00:00,46.571172,12.745465,DPC,DPC
DPC::52,Doberdò,PREC,0.0,2026-06-21 14:15:00+00:00,45.842959,13.547246,DPC,DPC
DPC::520,Cazzaso,PREC,0.0,2026-06-21 14:15:00+00:00,46.43068,12.99673,DPC,DPC
DPC::521,Fusine Valico,PREC,0.0,2026-06-21 14:15:00+00:00,46.495869,13.68666,DPC,DPC
DPC::522,Claut tre pini,PREC,0.0,2026-06-21 14:15:00+00:00,46.263452,12.500334,DPC,DPC
DPC::523,Malga Valine,PREC,0.0,2026-06-21 14:15:00+00:00,46.236487,12.675633,DPC,DPC
DPC::524,Ravedis invaso,PREC,0.0,2026-06-21 14:15:00+00:00,46.171862,12.656364,DPC,DPC
DPC::526,Venzone Tagliamento,PREC,0.0,2026-06-21 14:15:00+00:00,46.335267,13.134807,DPC,DPC
DPC::527,Monte Lussari,PREC,0.0,2026-06-21 14:15:00+00:00,46.482062,13.520179,DPC,DPC
DPC::528,Pietratagliata,PREC,0.0,2026-06-21 14:15:00+00:00,46.482524,13.299785,DPC,DPC
DPC::530,Forni di sopra,PREC,0.0,2026-06-21 14:00:00+00:00,46.409755,12.593751,DPC,DPC
DPC::532,Coritis,PREC,0.0,2026-06-21 14:15:00+00:00,46.347423,13.392928,DPC,DPC
DPC::534,Casera Pieltinis,PREC,0.0,2026-06-21 14:15:00+00:00,46.484141,12.72301,DPC,DPC
DPC::535,Chiansaveit,PREC,0.0,2026-06-21 14:15:00+00:00,46.451796,12.626534,DPC,DPC
DPC::536,Malga Chiampiuz,PREC,0.0,2026-06-21 14:15:00+00:00,46.352878,12.67754,DPC,DPC
DPC::537,Malga Rest,PREC,0.0,2026-06-21 14:15:00+00:00,46.348537,12.79841,DPC,DPC
DPC::538,Rifugio Pussa,PREC,0.0,2026-06-21 14:15:00+00:00,46.345945,12.590436,DPC,DPC
DPC::539,Varmost M.te Simone,PREC,0.0,2026-06-21 14:30:00+00:00,46.45473,12.559611,DPC,DPC
DPC::54,Erto e Casso,PREC,0.24,2026-06-21 14:15:00+00:00,46.277792,12.370662,DPC,DPC
DPC::541,Livinal Lunc,PREC,0.0,2026-06-21 14:15:00+00:00,46.37434,13.47033,DPC,DPC
DPC::542,Sella Nevea,PREC,0.0,2026-06-21 14:15:00+00:00,46.3906,13.47604,DPC,DPC
DPC::544,Prepotto_TS,PREC,0.0,2026-06-21 14:15:00+00:00,45.760264,13.692423,DPC,DPC
DPC::545,Contovello,PREC,0.0,2026-06-21 14:00:00+00:00,45.702031,13.729317,DPC,DPC
DPC::546,Bivacco Bianchi,PREC,0.0,2026-06-21 14:15:00+00:00,46.456698,13.248559,DPC,DPC
DPC::547,Casera del Mestri,PREC,0.0,2026-06-21 14:15:00+00:00,46.48154,13.140573,DPC,DPC
DPC::548,Gran Monte,PREC,0.0,2026-06-21 14:15:00+00:00,46.290642,13.350665,DPC,DPC
DPC::549,Enemonzo,PREC,0.0,2026-06-21 14:30:00+00:00,46.410423,12.862513,DPC,DPC
DPC::551,Vivaro,PREC,0.0,2026-06-21 14:15:00+00:00,46.076489,12.768772,DPC,DPC
DPC::552,San Vito al Tagliamento,PREC,0.0,2026-06-21 14:15:00+00:00,45.895674,12.815004,DPC,DPC
DPC::553,Brugnera,PREC,0.0,2026-06-21 14:15:00+00:00,45.917922,12.544995,DPC,DPC
DPC::554,Gradisca S+M,PREC,0.0,2026-06-21 14:15:00+00:00,45.889803,13.48185,DPC,DPC
DPC::555,Sgonico,PREC,0.0,2026-06-21 14:15:00+00:00,45.737831,13.741996,DPC,DPC
DPC::556,Codroipo S+M,PREC,0.0,2026-06-21 14:15:00+00:00,45.952356,13.002779,DPC,DPC
DPC::558,Udine S+M,PREC,0.0,2026-06-21 14:15:00+00:00,46.035204,13.226687,DPC,DPC
DPC::559,Talmassons,PREC,0.0,2026-06-21 14:15:00+00:00,45.882299,13.155793,DPC,DPC
DPC::56,Fagagna,PREC,0.0,2026-06-21 14:00:00+00:00,46.1143,13.09823,DPC,DPC
DPC::560,Palazzolo S+M,PREC,0.0,2026-06-21 14:15:00+00:00,45.805698,13.052581,DPC,DPC
DPC::561,Fossalon,PREC,0.0,2026-06-21 14:15:00+00:00,45.714761,13.45882,DPC,DPC
DPC::562,Gemona S+M,PREC,0.0,2026-06-21 14:15:00+00:00,46.261279,13.12209,DPC,DPC
DPC::563,Cividale S+M,PREC,0.0,2026-06-21 14:15:00+00:00,46.080373,13.420006,DPC,DPC
DPC::564,Ariis,PREC,0.0,2026-06-21 14:15:00+00:00,45.871692,13.083567,DPC,DPC
DPC::565,Baldass,PREC,0.0,2026-06-21 14:15:00+00:00,46.243419,12.572656,DPC,DPC
DPC::566,Casera Podestine,PREC,0.0,2026-06-21 14:15:00+00:00,46.297487,12.601825,DPC,DPC
DPC::569,Fagagna S+M,PREC,0.0,2026-06-21 14:15:00+00:00,46.101703,13.0739,DPC,DPC
DPC::57,Farra d'Isonzo,PREC,0.0,2026-06-21 14:00:00+00:00,45.908252,13.5343,DPC,DPC
DPC::570,Tarvisio S+M,PREC,0.0,2026-06-21 14:15:00+00:00,46.510736,13.552011,DPC,DPC
DPC::571,Tarvisio Coccau,PREC,0.0,2026-06-21 14:30:00+00:00,46.52803,13.63821,DPC,DPC
DPC::572,Tarvisio Cave,PREC,0.0,2026-06-21 14:00:00+00:00,46.46133,13.57348,DPC,DPC
DPC::580,Attimis B.go Faris,PREC,0.0,2026-06-21 14:15:00+00:00,46.173115,13.317904,DPC,DPC
DPC::581,Clodig,PREC,0.0,2026-06-21 14:15:00+00:00,46.155714,13.592415,DPC,DPC
DPC::582,Savogna,PREC,0.0,2026-06-21 14:15:00+00:00,46.155630081339,13.527176678181,DPC,DPC
DPC::584,Gorgazzo,PREC,0.0,2026-06-21 14:00:00+00:00,46.036896805409,12.496647834778,DPC,DPC
DPC::585,Gorizia ARPA,PREC,0.0,2026-06-21 14:15:00+00:00,45.93043,13.62839,DPC,DPC
DPC::586,Rigolato,PREC,0.0,2026-06-21 14:15:00+00:00,46.554586,12.853858,DPC,DPC
DPC::588,Tarcento Meteo,PREC,0.0,2026-06-21 14:00:00+00:00,46.21651923701,13.224266767502,DPC,DPC
DPC::59,Forcate,PREC,0.0,2026-06-21 14:00:00+00:00,45.998401,12.588671,DPC,DPC
DPC::594,Gorizia Consorzio di Bonifica,PREC,0.0,2026-06-21 14:15:00+00:00,45.93393,13.59649,DPC,DPC
DPC::596,Ovaro Muina,PREC,0.0,2026-06-21 14:15:00+00:00,46.45983,12.87169,DPC,DPC
DPC::598,Ampezzo,PREC,0.0,2026-06-21 14:15:00+00:00,46.414287,12.804309,DPC,DPC
DPC::599,Avosacco,PREC,0.0,2026-06-21 14:15:00+00:00,46.475051,13.017616,DPC,DPC
DPC::6,Arzenutto,PREC,0.0,2026-06-21 14:30:00+00:00,46.016584,12.870542,DPC,DPC
DPC::60,Forcella Savalons,PREC,0.0,2026-06-21 14:30:00+00:00,46.349772,12.486019,DPC,DPC
DPC::600,Canebola,PREC,0.0,2026-06-21 14:15:00+00:00,46.181545,13.393231,DPC,DPC
DPC::601,Faedis,PREC,0.0,2026-06-21 14:15:00+00:00,46.1315,13.352652,DPC,DPC
DPC::603,Oseacco,PREC,0.0,2026-06-21 14:15:00+00:00,46.363551,13.313233,DPC,DPC
DPC::604,Passo della Mauria,PREC,0.0,2026-06-21 14:15:00+00:00,46.454024,12.514507,DPC,DPC
DPC::605,Stupizza,PREC,0.0,2026-06-21 14:15:00+00:00,46.201317,13.469899,DPC,DPC
DPC::606,Basovizza,PREC,0.0,2026-06-21 14:30:00+00:00,45.644008,13.876164,DPC,DPC
DPC::607,Pinzano,PREC,0.0,2026-06-21 14:15:00+00:00,46.181142,12.950781,DPC,DPC
DPC::608,Poffabro,PREC,0.0,2026-06-21 14:15:00+00:00,46.215047,12.707587,DPC,DPC
DPC::609,Val Saisera,PREC,0.0,2026-06-21 14:15:00+00:00,46.46771,13.49666,DPC,DPC
DPC::61,Forni Avoltri,PREC,0.0,2026-06-21 14:15:00+00:00,46.586742,12.773752,DPC,DPC
DPC::610,Vedronza,PREC,0.0,2026-06-21 14:15:00+00:00,46.261776,13.256179,DPC,DPC
DPC::612,Comeglians (new),PREC,0.200000000000045,2026-06-21 14:30:00+00:00,46.516967210607,12.864919432694,DPC,DPC
DPC::613,Padriciano,PREC,0.0,2026-06-21 14:15:00+00:00,45.65504,13.844509,DPC,DPC
DPC::615,Cavasso Nuovo,PREC,0.0,2026-06-21 14:00:00+00:00,46.194425,12.775264,DPC,DPC
DPC::616,Sauris di sotto,PREC,0.0,2026-06-21 14:15:00+00:00,46.466196,12.710435,DPC,DPC
DPC::62,Forni di sotto,PREC,0.0,2026-06-21 14:15:00+00:00,46.392896,12.714826,DPC,DPC
DPC::627,Amaro,PREC,0.0,2026-06-21 14:30:00+00:00,46.371503,13.071209,DPC,DPC
DPC::629,Pordenone Comina,PREC,0.0,2026-06-21 14:00:00+00:00,45.98689,12.65388,DPC,DPC
DPC::63,Fusine Alpe del lago,PREC,0.0,2026-06-21 14:30:00+00:00,46.467944,13.663756,DPC,DPC
DPC::632,Sacile Pluvio,PREC,0.0,2026-06-21 14:30:00+00:00,45.95106,12.50068,DPC,DPC
DPC::64,Gemona del Friuli,PREC,0.0,2026-06-21 14:15:00+00:00,46.278771,13.141196,DPC,DPC
DPC::65,Gorizia aeroporto,PREC,0.0,2026-06-21 14:00:00+00:00,45.910395,13.595503,DPC,DPC
DPC::68,Grado Marea,PREC,0.0,2026-06-21 14:00:00+00:00,45.683121,13.38345,DPC,DPC
DPC::70,Grions,PREC,0.0,2026-06-21 14:15:00+00:00,46.047548,12.981692,DPC,DPC
DPC::72,La Baita Meteo,PREC,0.0,2026-06-21 14:15:00+00:00,45.946833,13.512472,DPC,DPC
DPC::74,Latisana 1,PREC,0.0,2026-06-21 14:15:00+00:00,45.772858,12.996778,DPC,DPC
DPC::75,Lesis (ex Claut),PREC,0.0,2026-06-21 14:15:00+00:00,46.272132,12.5446,DPC,DPC
DPC::76,Lestizza,PREC,0.0,2026-06-21 14:15:00+00:00,45.951091,13.135254,DPC,DPC
DPC::78,Lignano Sabbiadoro,PREC,0.0,2026-06-21 14:15:00+00:00,45.686555,13.121167,DPC,DPC
DPC::8,Aviano,PREC,0.0,2026-06-21 14:00:00+00:00,46.064625,12.603369,DPC,DPC
DPC::80,Magnano in Riviera,PREC,0.0,2026-06-21 14:15:00+00:00,46.228391,13.161542,DPC,DPC
DPC::81,Malborghetto F. Fella,PREC,0.0,2026-06-21 14:15:00+00:00,46.505812,13.440331,DPC,DPC
DPC::82,Malga Acomizza,PREC,0.0,2026-06-21 14:15:00+00:00,46.547986,13.515642,DPC,DPC
DPC::83,Malga Cjariguart,PREC,0.0,2026-06-21 14:30:00+00:00,46.360224,13.187742,DPC,DPC
DPC::84,Malga Plotta,PREC,0.0,2026-06-21 14:15:00+00:00,46.594863,12.8996,DPC,DPC
DPC::85,Maniago,PREC,0.0,2026-06-21 14:15:00+00:00,46.173929,12.718688,DPC,DPC
DPC::86,Manzano,PREC,0.0,2026-06-21 14:15:00+00:00,45.99165,13.390948,DPC,DPC
DPC::89,Meduno,PREC,0.0,2026-06-21 14:15:00+00:00,46.217903,12.77291,DPC,DPC
DPC::9,Azzida,PREC,0.0,2026-06-21 14:00:00+00:00,46.118391,13.494746,DPC,DPC
DPC::90,Moggio Udinese,PREC,0.0,2026-06-21 14:15:00+00:00,46.399703,13.186236,DPC,DPC
DPC::93,Monfalcone pluvio,PREC,0.0,2026-06-21 14:15:00+00:00,45.796465,13.511528,DPC,DPC
DPC::94,Monte Prat,PREC,0.0,2026-06-21 14:15:00+00:00,46.241361,12.993028,DPC,DPC
DPC::95,Muggia,PREC,0.0,2026-06-21 14:15:00+00:00,45.600676,13.775738,DPC,DPC
DPC::96,Mure,PREC,0.0,2026-06-21 14:15:00+00:00,45.840301,12.80522,DPC,DPC
DPC::98,Musi (nivometrica),PREC,0.0,2026-06-21 14:30:00+00:00,46.307212,13.27273,DPC,DPC
ADRIATIC::MH_dpcn-marche_Acqualagna,Acqualagna,TARIA2M,30.8,2026-06-21 16:00:00+00:00,43.62819,12.68448,MeteoHub_dpcn-marche,ADRIATIC
ADRIATIC::MH_dpcn-marche_Amandola,Amandola,TARIA2M,28.3,2026-06-21 16:00:00+00:00,42.97638,13.35133,MeteoHub_dpcn-marche,ADRIATIC
ADRIATIC::MH_dpcn-marche_Ancona_Regione,Ancona Regione,TARIA2M,28.5,2026-06-21 16:00:00+00:00,43.6103,13.5083,MeteoHub_dpcn-marche,ADRIATIC
ADRIATIC::MH_dpcn-marche_Ancona_Torrette,Ancona Torrette,TARIA2M,29.8,2026-06-21 16:00:00+00:00,43.61095,13.4498,MeteoHub_dpcn-marche,ADRIATIC
ADRIATIC::MH_dpcn-marche_Appignano,Appignano,TARIA2M,31.4,2026-06-21 16:00:00+00:00,43.3642,13.3431,MeteoHub_dpcn-marche,ADRIATIC
ADRIATIC::MH_dpcn-marche_Arcevia,Arcevia,TARIA2M,28.7,2026-06-21 16:00:00+00:00,43.4975,12.9367,MeteoHub_dpcn-marche,ADRIATIC
ADRIATIC::MH_dpcn-marche_Arquata_del_Tronto,Arquata del Tronto,TARIA2M,17.7,2026-06-21 16:00:00+00:00,42.77782,13.29545,MeteoHub_dpcn-marche,ADRIATIC
ADRIATIC::MH_dpcn-marche_Baraccola,Baraccola,TARIA2M,30.3,2026-06-21 16:00:00+00:00,43.57445,13.52388,MeteoHub_dpcn-marche,ADRIATIC
ADRIATIC::MH_dpcn-marche_Biscubio,Biscubio,TARIA2M,27.2,2026-06-21 16:00:00+00:00,43.56204,12.4304,MeteoHub_dpcn-marche,ADRIATIC
ADRIATIC::MH_dpcn-marche_Bronzo,Bronzo,TARIA2M,32.2,2026-06-21 16:00:00+00:00,43.80855,12.51255,MeteoHub_dpcn-marche,ADRIATIC
ADRIATIC::MH_dpcn-marche_Cagli_Civita,Cagli Civita,TARIA2M,27.8,2026-06-21 16:00:00+00:00,43.5468,12.64387,MeteoHub_dpcn-marche,ADRIATIC
ADRIATIC::MH_dpcn-marche_Camerino,Camerino,TARIA2M,28.6,2026-06-21 16:00:00+00:00,43.1461,13.0661,MeteoHub_dpcn-marche,ADRIATIC
ADRIATIC::MH_dpcn-marche_Campodiegoli,Campodiegoli,TARIA2M,28.5,2026-06-21 16:00:00+00:00,43.3103,12.8242,MeteoHub_dpcn-marche,ADRIATIC
ADRIATIC::MH_dpcn-marche_Camponocecchio,Camponocecchio,TARIA2M,30.5,2026-06-21 16:00:00+00:00,43.40635,12.98029,MeteoHub_dpcn-marche,ADRIATIC
ADRIATIC::MH_dpcn-marche_Cantiano,Cantiano,TARIA2M,28.9,2026-06-21 16:00:00+00:00,43.46707,12.64052,MeteoHub_dpcn-marche,ADRIATIC
ADRIATIC::MH_dpcn-marche_Capodacqua,Capodacqua,TARIA2M,25.4,2026-06-21 16:00:00+00:00,42.73848,13.23818,MeteoHub_dpcn-marche,ADRIATIC
ADRIATIC::MH_dpcn-marche_Carassai,Carassai,TARIA2M,31.1,2026-06-21 15:30:00+00:00,43.02597,13.64595,MeteoHub_dpcn-marche,ADRIATIC
ADRIATIC::MH_dpcn-marche_Carpegna,Carpegna,TARIA2M,28.0,2026-06-21 16:00:00+00:00,43.78058,12.34062,MeteoHub_dpcn-marche,ADRIATIC
ADRIATIC::MH_dpcn-marche_Casteldelci,Casteldelci,TARIA2M,25.5,2026-06-21 16:00:00+00:00,43.79056,12.13194,MeteoHub_dpcn-marche,ADRIATIC
ADRIATIC::MH_dpcn-marche_Cesane_Foresta,Cesane Foresta,TARIA2M,28.1,2026-06-21 16:00:00+00:00,43.6926,12.7675,MeteoHub_dpcn-marche,ADRIATIC
ADRIATIC::MH_dpcn-marche_Cesano,Cesano,TARIA2M,32.5,2026-06-21 16:00:00+00:00,43.6649,13.01444,MeteoHub_dpcn-marche,ADRIATIC
ADRIATIC::MH_dpcn-marche_Chienti_2,Chienti 2,TARIA2M,30.3,2026-06-21 16:00:00+00:00,43.2608,13.59,MeteoHub_dpcn-marche,ADRIATIC
ADRIATIC::MH_dpcn-marche_Cingoli,Cingoli,TARIA2M,27.5,2026-06-21 16:00:00+00:00,43.36223,13.19233,MeteoHub_dpcn-marche,ADRIATIC
ADRIATIC::MH_dpcn-marche_Colle,Colle,TARIA2M,29.4,2026-06-21 16:00:00+00:00,43.5347,13.0564,MeteoHub_dpcn-marche,ADRIATIC
ADRIATIC::MH_dpcn-marche_Colleponi,Colleponi,TARIA2M,30.1,2026-06-21 16:00:00+00:00,43.43372,12.90434,MeteoHub_dpcn-marche,ADRIATIC
ADRIATIC::MH_dpcn-marche_Corinaldo,Corinaldo,TARIA2M,29.9,2026-06-21 16:00:00+00:00,43.6605,13.04638,MeteoHub_dpcn-marche,ADRIATIC
ADRIATIC::MH_dpcn-marche_Esanatoglia2,Esanatoglia2,TARIA2M,27.5,2026-06-21 16:00:00+00:00,43.25313,12.94332,MeteoHub_dpcn-marche,ADRIATIC
ADRIATIC::MH_dpcn-marche_Ete_Vivo,Ete Vivo,TARIA2M,31.2,2026-06-21 16:00:00+00:00,43.1358,13.7131,MeteoHub_dpcn-marche,ADRIATIC
ADRIATIC::MH_dpcn-marche_Fabriano_Centro,Fabriano Centro,TARIA2M,30.2,2026-06-21 16:00:00+00:00,43.33027,12.90403,MeteoHub_dpcn-marche,ADRIATIC
ADRIATIC::MH_dpcn-marche_Fermo,Fermo,TARIA2M,29.7,2026-06-21 16:00:00+00:00,43.1575,13.7144,MeteoHub_dpcn-marche,ADRIATIC
ADRIATIC::MH_dpcn-marche_Fiastra_Tribbio,Fiastra Tribbio,TARIA2M,27.7,2026-06-21 16:00:00+00:00,43.0347,13.156,MeteoHub_dpcn-marche,ADRIATIC
ADRIATIC::MH_dpcn-marche_Foce_Chienti,Foce Chienti,TARIA2M,28.4,2026-06-21 16:00:00+00:00,43.2972,13.72883,MeteoHub_dpcn-marche,ADRIATIC
ADRIATIC::MH_dpcn-marche_Foce_Tesino,Foce Tesino,TARIA2M,28.8,2026-06-21 16:00:00+00:00,42.97552,13.86875,MeteoHub_dpcn-marche,ADRIATIC
ADRIATIC::MH_dpcn-marche_Fonte_Avellana,Fonte Avellana,TARIA2M,25.7,2026-06-21 16:00:00+00:00,43.4711,12.7264,MeteoHub_dpcn-marche,ADRIATIC
ADRIATIC::MH_dpcn-marche_Force,Force,TARIA2M,29.2,2026-06-21 16:00:00+00:00,42.9628,13.4897,MeteoHub_dpcn-marche,ADRIATIC
ADRIATIC::MH_dpcn-marche_Fossombrone,Fossombrone,TARIA2M,32.0,2026-06-21 16:00:00+00:00,43.68252,12.7984,MeteoHub_dpcn-marche,ADRIATIC
ADRIATIC::MH_dpcn-marche_Frontino,Frontino,TARIA2M,29.5,2026-06-21 16:00:00+00:00,43.75863,12.357,MeteoHub_dpcn-marche,ADRIATIC
ADRIATIC::MH_dpcn-marche_Gallo,Gallo,TARIA2M,32.8,2026-06-21 16:00:00+00:00,43.78148,12.70724,MeteoHub_dpcn-marche,ADRIATIC
ADRIATIC::MH_dpcn-marche_Grottazzolina,Grottazzolina,TARIA2M,29.6,2026-06-21 16:00:00+00:00,43.1061,13.5986,MeteoHub_dpcn-marche,ADRIATIC
ADRIATIC::MH_dpcn-marche_Gualdo,Gualdo,TARIA2M,29.7,2026-06-21 16:00:00+00:00,42.88622,13.16578,MeteoHub_dpcn-marche,ADRIATIC
ADRIATIC::MH_dpcn-marche_Illice,Illice,TARIA2M,26.6,2026-06-21 15:30:00+00:00,42.90522,13.40683,MeteoHub_dpcn-marche,ADRIATIC
ADRIATIC::MH_dpcn-marche_Isola_San_Biagio,Isola San Biagio,TARIA2M,22.6,2026-06-21 16:00:00+00:00,42.9181,13.2989,MeteoHub_dpcn-marche,ADRIATIC
ADRIATIC::MH_dpcn-marche_Jesi,Jesi,TARIA2M,31.7,2026-06-21 16:00:00+00:00,43.5319,13.23,MeteoHub_dpcn-marche,ADRIATIC
ADRIATIC::MH_dpcn-marche_Loreto,Loreto,TARIA2M,30.7,2026-06-21 16:00:00+00:00,43.43578,13.61955,MeteoHub_dpcn-marche,ADRIATIC
ADRIATIC::MH_dpcn-marche_Loro_Piceno,Loro Piceno,TARIA2M,31.1,2026-06-21 16:00:00+00:00,43.16,13.4036,MeteoHub_dpcn-marche,ADRIATIC
ADRIATIC::MH_dpcn-marche_Macerata_Montalbano,Macerata Montalbano,TARIA2M,33.0,2026-06-21 16:00:00+00:00,43.29223,13.4187,MeteoHub_dpcn-marche,ADRIATIC
ADRIATIC::MH_dpcn-marche_Metauro,Metauro,TARIA2M,30.0,2026-06-21 16:00:00+00:00,43.76256,12.96747,MeteoHub_dpcn-marche,ADRIATIC
ADRIATIC::MH_dpcn-marche_Misa,Misa,TARIA2M,30.8,2026-06-21 16:00:00+00:00,43.66254,13.16497,MeteoHub_dpcn-marche,ADRIATIC
ADRIATIC::MH_dpcn-marche_Moie,Moie,TARIA2M,33.4,2026-06-21 16:00:00+00:00,43.49617,13.12579,MeteoHub_dpcn-marche,ADRIATIC
ADRIATIC::MH_dpcn-marche_Monte_Bove_Sud,Monte Bove Sud,TARIA2M,19.5,2026-06-21 16:00:00+00:00,42.9119,13.1892,MeteoHub_dpcn-marche,ADRIATIC
ADRIATIC::MH_dpcn-marche_Monte_Carpegna,Monte Carpegna,TARIA2M,21.0,2026-06-21 15:30:00+00:00,43.80088,12.32015,MeteoHub_dpcn-marche,ADRIATIC
ADRIATIC::MH_dpcn-marche_Monte_Nerone,Monte Nerone,TARIA2M,20.8,2026-06-21 16:00:00+00:00,43.55328,12.52087,MeteoHub_dpcn-marche,ADRIATIC
ADRIATIC::MH_dpcn-marche_Monte_Paganuccio,Monte Paganuccio,TARIA2M,24.6,2026-06-21 16:00:00+00:00,43.6281,12.75872,MeteoHub_dpcn-marche,ADRIATIC
ADRIATIC::MH_dpcn-marche_Monte_Petrano,Monte Petrano,TARIA2M,23.1,2026-06-21 16:00:00+00:00,43.5153,12.62183,MeteoHub_dpcn-marche,ADRIATIC
ADRIATIC::MH_dpcn-marche_Monte_Prata,Monte Prata,TARIA2M,19.8,2026-06-21 16:00:00+00:00,42.8736,13.205,MeteoHub_dpcn-marche,ADRIATIC
ADRIATIC::MH_dpcn-marche_Monte_Valvasseto,Monte Valvasseto,TARIA2M,19.8,2026-06-21 16:00:00+00:00,43.00013,13.23803,MeteoHub_dpcn-marche,ADRIATIC
ADRIATIC::MH_dpcn-marche_Montecavallo,Montecavallo,TARIA2M,26.8,2026-06-21 16:00:00+00:00,42.98368,12.99405,MeteoHub_dpcn-marche,ADRIATIC
ADRIATIC::MH_dpcn-marche_Montefano,Montefano,TARIA2M,30.9,2026-06-21 16:00:00+00:00,43.4094,13.4369,MeteoHub_dpcn-marche,ADRIATIC
ADRIATIC::MH_dpcn-marche_Montemonaco,Montemonaco,TARIA2M,26.7,2026-06-21 16:00:00+00:00,42.8997,13.3253,MeteoHub_dpcn-marche,ADRIATIC
ADRIATIC::MH_dpcn-marche_Mozzano,Mozzano,TARIA2M,31.1,2026-06-21 16:00:00+00:00,42.84965,13.53753,MeteoHub_dpcn-marche,ADRIATIC
ADRIATIC::MH_dpcn-marche_Musone,Musone,TARIA2M,33.3,2026-06-21 16:00:00+00:00,43.4756,13.38844,MeteoHub_dpcn-marche,ADRIATIC
ADRIATIC::MH_dpcn-marche_Osimo_Monteragolo,Osimo Monteragolo,TARIA2M,34.7,2026-06-21 16:00:00+00:00,43.49232,13.50175,MeteoHub_dpcn-marche,ADRIATIC
ADRIATIC::MH_dpcn-marche_Passatempo,Passatempo,TARIA2M,31.9,2026-06-21 16:00:00+00:00,43.44728,13.4492,MeteoHub_dpcn-marche,ADRIATIC
ADRIATIC::MH_dpcn-marche_Pennabilli,Pennabilli,TARIA2M,26.7,2026-06-21 16:00:00+00:00,43.81972,12.27417,MeteoHub_dpcn-marche,ADRIATIC
ADRIATIC::MH_dpcn-marche_Pergola,Pergola,TARIA2M,30.6,2026-06-21 16:00:00+00:00,43.56863,12.84411,MeteoHub_dpcn-marche,ADRIATIC
ADRIATIC::MH_dpcn-marche_Piagge,Piagge,TARIA2M,30.1,2026-06-21 16:00:00+00:00,43.7375,12.96922,MeteoHub_dpcn-marche,ADRIATIC
ADRIATIC::MH_dpcn-marche_Pian_di_Pieca,Pian di Pieca,TARIA2M,29.6,2026-06-21 16:00:00+00:00,43.08003,13.28157,MeteoHub_dpcn-marche,ADRIATIC
ADRIATIC::MH_dpcn-marche_Pianello_di_Cagli,Pianello di Cagli,TARIA2M,29.5,2026-06-21 15:30:00+00:00,43.51215,12.55335,MeteoHub_dpcn-marche,ADRIATIC
ADRIATIC::MH_dpcn-marche_Pievebovigliana,Pievebovigliana,TARIA2M,31.4,2026-06-21 16:00:00+00:00,43.07257,13.0869,MeteoHub_dpcn-marche,ADRIATIC
ADRIATIC::MH_dpcn-marche_Pintura_di_Bolognola,Pintura di Bolognola,TARIA2M,21.9,2026-06-21 16:00:00+00:00,42.9911,13.2392,MeteoHub_dpcn-marche,ADRIATIC
ADRIATIC::MH_dpcn-marche_Piobbico,Piobbico,TARIA2M,29.2,2026-06-21 16:00:00+00:00,43.58673,12.5152,MeteoHub_dpcn-marche,ADRIATIC
ADRIATIC::MH_dpcn-marche_Pioraco_2,Pioraco 2,TARIA2M,30.8,2026-06-21 16:00:00+00:00,43.18112,12.97333,MeteoHub_dpcn-marche,ADRIATIC
ADRIATIC::MH_dpcn-marche_Piscina_Acquasanta_Terme,Piscina Acquasanta Terme,TARIA2M,29.5,2026-06-21 16:00:00+00:00,42.76832,13.40897,MeteoHub_dpcn-marche,ADRIATIC
ADRIATIC::MH_dpcn-marche_Pizzo_Tre_Vescovi,Pizzo Tre Vescovi,TARIA2M,20.7,2026-06-21 16:00:00+00:00,42.9539,13.205,MeteoHub_dpcn-marche,ADRIATIC
ADRIATIC::MH_dpcn-marche_Poggio_San_Vicino,Poggio San Vicino,TARIA2M,28.2,2026-06-21 16:00:00+00:00,43.36842,13.07953,MeteoHub_dpcn-marche,ADRIATIC
ADRIATIC::MH_dpcn-marche_Porto_S.Elpidio,Porto S.Elpidio,TARIA2M,27.1,2026-06-21 16:00:00+00:00,43.23261,13.77223,MeteoHub_dpcn-marche,ADRIATIC
ADRIATIC::MH_dpcn-marche_Potenza_1,Potenza 1,TARIA2M,33.4,2026-06-21 16:00:00+00:00,43.22954,13.18845,MeteoHub_dpcn-marche,ADRIATIC
ADRIATIC::MH_dpcn-marche_Ripatransone,Ripatransone,TARIA2M,28.8,2026-06-21 16:00:00+00:00,42.99213,13.785,MeteoHub_dpcn-marche,ADRIATIC
ADRIATIC::MH_dpcn-marche_Rostighello,Rostighello,TARIA2M,30.2,2026-06-21 16:00:00+00:00,43.43805,13.53805,MeteoHub_dpcn-marche,ADRIATIC
ADRIATIC::MH_dpcn-marche_San_Benedetto,San Benedetto,TARIA2M,28.2,2026-06-21 16:00:00+00:00,42.9333,13.8892,MeteoHub_dpcn-marche,ADRIATIC
ADRIATIC::MH_dpcn-marche_San_Giovanni,San Giovanni,TARIA2M,27.0,2026-06-21 16:00:00+00:00,43.3886,13.0417,MeteoHub_dpcn-marche,ADRIATIC
ADRIATIC::MH_dpcn-marche_Sant_Angelo_in_Pontano,Sant Angelo in Pontano,TARIA2M,31.3,2026-06-21 16:00:00+00:00,43.104,13.399,MeteoHub_dpcn-marche,ADRIATIC
ADRIATIC::MH_dpcn-marche_Sant_Angelo_in_Vado,Sant Angelo in Vado,TARIA2M,32.1,2026-06-21 16:00:00+00:00,43.66678,12.4102,MeteoHub_dpcn-marche,ADRIATIC
ADRIATIC::MH_dpcn-marche_Sassoferrato,Sassoferrato,TARIA2M,31.9,2026-06-21 16:00:00+00:00,43.42498,12.85635,MeteoHub_dpcn-marche,ADRIATIC
ADRIATIC::MH_dpcn-marche_Sassotetto,Sassotetto,TARIA2M,20.6,2026-06-21 16:00:00+00:00,43.0067,13.2417,MeteoHub_dpcn-marche,ADRIATIC
ADRIATIC::MH_dpcn-marche_Sefro,Sefro,TARIA2M,31.1,2026-06-21 16:00:00+00:00,43.15903,12.97075,MeteoHub_dpcn-marche,ADRIATIC
ADRIATIC::MH_dpcn-marche_Senigallia,Senigallia,TARIA2M,29.6,2026-06-21 16:00:00+00:00,43.70103,13.20577,MeteoHub_dpcn-marche,ADRIATIC
ADRIATIC::MH_dpcn-marche_Serralta,Serralta,TARIA2M,28.5,2026-06-21 16:00:00+00:00,43.3158,13.1886,MeteoHub_dpcn-marche,ADRIATIC
ADRIATIC::MH_dpcn-marche_Serravalle_di_Carda,Serravalle di Carda,TARIA2M,25.6,2026-06-21 16:00:00+00:00,43.54828,12.48647,MeteoHub_dpcn-marche,ADRIATIC
ADRIATIC::MH_dpcn-marche_Serravalle_di_Chienti,Serravalle di Chienti,TARIA2M,27.5,2026-06-21 16:00:00+00:00,43.03055,12.9175,MeteoHub_dpcn-marche,ADRIATIC
ADRIATIC::MH_dpcn-marche_Sibilla,Sibilla,TARIA2M,18.5,2026-06-21 16:00:00+00:00,42.895,13.27,MeteoHub_dpcn-marche,ADRIATIC
ADRIATIC::MH_dpcn-marche_Sorti,Sorti,TARIA2M,28.1,2026-06-21 16:00:00+00:00,43.11957,12.95295,MeteoHub_dpcn-marche,ADRIATIC
ADRIATIC::MH_dpcn-marche_Spindoli,Spindoli,TARIA2M,29.8,2026-06-21 16:00:00+00:00,43.19405,12.90042,MeteoHub_dpcn-marche,ADRIATIC
ADRIATIC::MH_dpcn-marche_Svarchi,Svarchi,TARIA2M,29.8,2026-06-21 16:00:00+00:00,43.47547,13.59435,MeteoHub_dpcn-marche,ADRIATIC
ADRIATIC::MH_dpcn-marche_Tronto,Tronto,TARIA2M,29.3,2026-06-21 16:00:00+00:00,42.85223,13.65146,MeteoHub_dpcn-marche,ADRIATIC
ADRIATIC::MH_dpcn-marche_Umito,Umito,TARIA2M,27.5,2026-06-21 16:00:00+00:00,42.73742,13.40658,MeteoHub_dpcn-marche,ADRIATIC
ADRIATIC::MH_dpcn-marche_Urbania,Urbania,TARIA2M,31.3,2026-06-21 16:00:00+00:00,43.65342,12.55213,MeteoHub_dpcn-marche,ADRIATIC
ADRIATIC::MH_dpcn-marche_Urbino,Urbino,TARIA2M,28.7,2026-06-21 16:00:00+00:00,43.7233,12.6369,MeteoHub_dpcn-marche,ADRIATIC
ADRIATIC::MH_dpcn-marche_Ussita,Ussita,TARIA2M,28.3,2026-06-21 16:00:00+00:00,42.9436,13.1425,MeteoHub_dpcn-marche,ADRIATIC
ADRIATIC::MH_dpcn-marche_Villa_Fastiggi,Villa Fastiggi,TARIA2M,32.8,2026-06-21 16:00:00+00:00,43.8906,12.8694,MeteoHub_dpcn-marche,ADRIATIC
ADRIATIC::MH_dpcn-marche_Villa_Potenza,Villa Potenza,TARIA2M,32.5,2026-06-21 16:00:00+00:00,43.32726,13.42604,MeteoHub_dpcn-marche,ADRIATIC
ARPAE::STA_43.7882_12.1427,ARPAE Station STA_43.7882_12.1427,TARIA2M,27.30000000000001,2026-06-21 13:30:00+00:00,43.78817,12.14274,ARPAE,ARPAE
ARPAE::STA_43.7942_12.0047,ARPAE Station STA_43.7942_12.0047,TARIA2M,25.700000000000045,2026-06-21 13:30:00+00:00,43.79417,12.00472,ARPAE,ARPAE
ARPAE::STA_43.8199_12.2741,ARPAE Station STA_43.8199_12.2741,TARIA2M,27.80000000000001,2026-06-21 13:30:00+00:00,43.81986,12.27411,ARPAE,ARPAE
ARPAE::STA_43.8318_11.8377,ARPAE Station STA_43.8318_11.8377,TARIA2M,22.90000000000004,2026-06-21 13:00:00+00:00,43.83175,11.83771,ARPAE,ARPAE
ARPAE::STA_43.846_12.0357,ARPAE Station STA_43.846_12.0357,TARIA2M,22.90000000000004,2026-06-21 13:30:00+00:00,43.84597,12.03572,ARPAE,ARPAE
ARPAE::STA_43.8701_11.8387,ARPAE Station STA_43.8701_11.8387,TARIA2M,27.100000000000023,2026-06-21 13:00:00+00:00,43.87008,11.83866,ARPAE,ARPAE
ARPAE::STA_43.8718_11.7472,ARPAE Station STA_43.8718_11.7472,TARIA2M,24.30000000000001,2026-06-21 13:00:00+00:00,43.87178,11.7472,ARPAE,ARPAE
ARPAE::STA_43.8739_12.6697,ARPAE Station STA_43.8739_12.6697,TARIA2M,30.700000000000045,2026-06-21 13:30:00+00:00,43.87389,12.66972,ARPAE,ARPAE
ARPAE::STA_43.8908_12.0863,ARPAE Station STA_43.8908_12.0863,TARIA2M,29.80000000000001,2026-06-21 13:15:00+00:00,43.89078,12.08634,ARPAE,ARPAE
ARPAE::STA_43.9011_12.2861,ARPAE Station STA_43.9011_12.2861,TARIA2M,31.600000000000023,2026-06-21 13:30:00+00:00,43.90111,12.28611,ARPAE,ARPAE
ARPAE::STA_43.9031_11.7992,ARPAE Station STA_43.9031_11.7992,TARIA2M,26.5,2026-06-21 13:00:00+00:00,43.90315,11.79916,ARPAE,ARPAE
ARPAE::STA_43.9071_11.7931,ARPAE Station STA_43.9071_11.7931,TARIA2M,27.80000000000001,2026-06-21 13:30:00+00:00,43.90708,11.79314,ARPAE,ARPAE
ARPAE::STA_43.9226_11.9577,ARPAE Station STA_43.9226_11.9577,TARIA2M,26.600000000000023,2026-06-21 13:30:00+00:00,43.92264,11.95766,ARPAE,ARPAE
ARPAE::STA_43.9243_11.7933,ARPAE Station STA_43.9243_11.7933,TARIA2M,23.80000000000001,2026-06-21 13:30:00+00:00,43.92426,11.7933,ARPAE,ARPAE
ARPAE::STA_43.9252_11.8919,ARPAE Station STA_43.9252_11.8919,TARIA2M,30.100000000000023,2026-06-21 13:00:00+00:00,43.92525,11.89186,ARPAE,ARPAE
ARPAE::STA_43.9261_12.7114,ARPAE Station STA_43.9261_12.7114,TARIA2M,32.24000000000001,2026-06-21 13:30:00+00:00,43.9261,12.71139,ARPAE,ARPAE
ARPAE::STA_43.927_12.5806,ARPAE Station STA_43.927_12.5806,TARIA2M,30.40000000000004,2026-06-21 10:30:00+00:00,43.92705,12.58065,ARPAE,ARPAE
ARPAE::STA_43.9375_12.4465,ARPAE Station STA_43.9375_12.4465,TARIA2M,27.90000000000004,2026-06-21 13:00:00+00:00,43.93753,12.44649,ARPAE,ARPAE
ARPAE::STA_43.9525_12.5362,ARPAE Station STA_43.9525_12.5362,TARIA2M,32.09000000000003,2026-06-21 13:30:00+00:00,43.95249,12.53622,ARPAE,ARPAE
ARPAE::STA_43.9585_12.7394,ARPAE Station STA_43.9585_12.7394,TARIA2M,32.10000000000002,2026-06-21 13:30:00+00:00,43.95847,12.7394,ARPAE,ARPAE
ARPAE::STA_43.9776_12.3028,ARPAE Station STA_43.9776_12.3028,TARIA2M,30.700000000000045,2026-06-21 13:00:00+00:00,43.97765,12.30275,ARPAE,ARPAE
ARPAE::STA_43.9935_11.9453,ARPAE Station STA_43.9935_11.9453,TARIA2M,29.600000000000023,2026-06-21 13:30:00+00:00,43.99349,11.9453,ARPAE,ARPAE
ARPAE::STA_43.9969_12.1687,ARPAE Station STA_43.9969_12.1687,TARIA2M,30.0,2026-06-21 13:00:00+00:00,43.99691,12.16866,ARPAE,ARPAE
ARPAE::STA_44.0004_12.6552,ARPAE Station STA_44.0004_12.6552,TARIA2M,30.78000000000003,2026-06-21 13:30:00+00:00,44.00035,12.65516,ARPAE,ARPAE
ARPAE::STA_44.0325_12.0433,ARPAE Station STA_44.0325_12.0433,TARIA2M,31.700000000000045,2026-06-21 13:30:00+00:00,44.03248,12.04326,ARPAE,ARPAE
ARPAE::STA_44.0346_12.5005,ARPAE Station STA_44.0346_12.5005,TARIA2M,33.5,2026-06-21 13:30:00+00:00,44.03456,12.5005,ARPAE,ARPAE
ARPAE::STA_44.0411_11.9819,ARPAE Station STA_44.0411_11.9819,TARIA2M,31.71000000000004,2026-06-21 13:30:00+00:00,44.04111,11.9819,ARPAE,ARPAE
ARPAE::STA_44.0565_12.5455,ARPAE Station STA_44.0565_12.5455,TARIA2M,35.200000000000045,2026-06-21 13:00:00+00:00,44.05651,12.54549,ARPAE,ARPAE
ARPAE::STA_44.056_11.8431,ARPAE Station STA_44.056_11.8431,TARIA2M,31.600000000000023,2026-06-21 13:30:00+00:00,44.05597,11.84312,ARPAE,ARPAE
ARPAE::STA_44.0592_12.5735,ARPAE Station STA_44.0592_12.5735,TARIA2M,31.65000000000004,2026-06-21 13:30:00+00:00,44.05919,12.57354,ARPAE,ARPAE
ARPAE::STA_44.0608_11.3976,ARPAE Station STA_44.0608_11.3976,TARIA2M,28.100000000000023,2026-06-21 13:30:00+00:00,44.06085,11.39765,ARPAE,ARPAE
ARPAE::STA_44.0719_11.8724,ARPAE Station STA_44.0719_11.8724,TARIA2M,27.90000000000004,2026-06-21 13:30:00+00:00,44.07186,11.87238,ARPAE,ARPAE
ARPAE::STA_44.0816_11.033,ARPAE Station STA_44.0816_11.033,TARIA2M,27.700000000000045,2026-06-21 13:00:00+00:00,44.08158,11.03296,ARPAE,ARPAE
ARPAE::STA_44.0857_12.2068,ARPAE Station STA_44.0857_12.2068,TARIA2M,31.90000000000004,2026-06-21 13:30:00+00:00,44.08571,12.20682,ARPAE,ARPAE
ARPAE::STA_44.089_12.2746,ARPAE Station STA_44.089_12.2746,TARIA2M,33.370000000000005,2026-06-21 13:30:00+00:00,44.08903,12.27459,ARPAE,ARPAE
ARPAE::STA_44.1096_11.1693,ARPAE Station STA_44.1096_11.1693,TARIA2M,27.0,2026-06-21 13:30:00+00:00,44.10962,11.16931,ARPAE,ARPAE
ARPAE::STA_44.1183_11.0056,ARPAE Station STA_44.1183_11.0056,TARIA2M,28.100000000000023,2026-06-21 13:30:00+00:00,44.11827,11.00561,ARPAE,ARPAE
ARPAE::STA_44.122_11.3747,ARPAE Station STA_44.122_11.3747,TARIA2M,33.10000000000002,2026-06-21 13:30:00+00:00,44.12201,11.37465,ARPAE,ARPAE
ARPAE::STA_44.1292_11.1176,ARPAE Station STA_44.1292_11.1176,TARIA2M,25.700000000000045,2026-06-21 13:30:00+00:00,44.12921,11.11764,ARPAE,ARPAE
ARPAE::STA_44.1297_11.5135,ARPAE Station STA_44.1297_11.5135,TARIA2M,29.200000000000045,2026-06-21 13:30:00+00:00,44.12973,11.5135,ARPAE,ARPAE
ARPAE::STA_44.1344_11.0428,ARPAE Station STA_44.1344_11.0428,TARIA2M,27.80000000000001,2026-06-21 13:30:00+00:00,44.13436,11.0428,ARPAE,ARPAE
ARPAE::STA_44.1349_11.6529,ARPAE Station STA_44.1349_11.6529,TARIA2M,26.80000000000001,2026-06-21 13:30:00+00:00,44.13487,11.65293,ARPAE,ARPAE
ARPAE::STA_44.1483_11.6914,ARPAE Station STA_44.1483_11.6914,TARIA2M,31.30000000000001,2026-06-21 13:30:00+00:00,44.14833,11.69139,ARPAE,ARPAE
ARPAE::STA_44.1521_12.1422,ARPAE Station STA_44.1521_12.1422,TARIA2M,33.400000000000034,2026-06-21 13:30:00+00:00,44.15206,12.14217,ARPAE,ARPAE
ARPAE::STA_44.2064_12.4013,ARPAE Station STA_44.2064_12.4013,TARIA2M,28.0,2026-06-21 13:25:00+00:00,44.20645,12.40132,ARPAE,ARPAE
ARPAE::STA_44.2144_11.5056,ARPAE Station STA_44.2144_11.5056,TARIA2M,34.80000000000001,2026-06-21 13:30:00+00:00,44.21436,11.50565,ARPAE,ARPAE
ARPAE::STA_44.2146_12.4759,ARPAE Station STA_44.2146_12.4759,TARIA2M,27.860000000000014,2026-06-21 13:25:00+00:00,44.21458,12.47587,ARPAE,ARPAE
ARPAE::STA_44.2157_11.2568,ARPAE Station STA_44.2157_11.2568,TARIA2M,25.5,2026-06-21 13:30:00+00:00,44.21571,11.25681,ARPAE,ARPAE
ARPAE::STA_44.2252_11.3236,ARPAE Station STA_44.2252_11.3236,TARIA2M,27.90000000000004,2026-06-21 13:30:00+00:00,44.22519,11.32364,ARPAE,ARPAE
ARPAE::STA_44.2262_11.2226,ARPAE Station STA_44.2262_11.2226,TARIA2M,30.30000000000001,2026-06-21 13:30:00+00:00,44.22625,11.22257,ARPAE,ARPAE
ARPAE::STA_44.227_11.7378,ARPAE Station STA_44.227_11.7378,TARIA2M,29.100000000000023,2026-06-21 13:30:00+00:00,44.22699,11.73784,ARPAE,ARPAE
ARPAE::STA_44.2303_11.0591,ARPAE Station STA_44.2303_11.0591,TARIA2M,31.100000000000023,2026-06-21 13:30:00+00:00,44.23029,11.05908,ARPAE,ARPAE
ARPAE::STA_44.2536_11.4254,ARPAE Station STA_44.2536_11.4254,TARIA2M,30.0,2026-06-21 13:30:00+00:00,44.2536,11.42536,ARPAE,ARPAE
ARPAE::STA_44.2609_11.3282,ARPAE Station STA_44.2609_11.3282,TARIA2M,29.90000000000004,2026-06-21 13:00:00+00:00,44.26086,11.32819,ARPAE,ARPAE
ARPAE::STA_44.2878_11.1131,ARPAE Station STA_44.2878_11.1131,TARIA2M,32.60000000000002,2026-06-21 13:30:00+00:00,44.2878,11.11313,ARPAE,ARPAE
ARPAE::STA_44.28_11.2617,ARPAE Station STA_44.28_11.2617,TARIA2M,29.90000000000004,2026-06-21 13:30:00+00:00,44.28002,11.26172,ARPAE,ARPAE
ARPAE::STA_44.3139_12.1602,ARPAE Station STA_44.3139_12.1602,TARIA2M,33.60000000000002,2026-06-21 13:30:00+00:00,44.31392,12.1602,ARPAE,ARPAE
ARPAE::STA_44.3332_11.7495,ARPAE Station STA_44.3332_11.7495,TARIA2M,34.51000000000005,2026-06-21 13:15:00+00:00,44.3332,11.74953,ARPAE,ARPAE
ARPAE::STA_44.3454_11.7129,ARPAE Station STA_44.3454_11.7129,TARIA2M,35.700000000000045,2026-06-21 13:30:00+00:00,44.34535,11.71292,ARPAE,ARPAE
ARPAE::STA_44.3468_11.0846,ARPAE Station STA_44.3468_11.0846,TARIA2M,30.40000000000004,2026-06-21 13:30:00+00:00,44.3468,11.08455,ARPAE,ARPAE
ARPAE::STA_44.3531_12.265,ARPAE Station STA_44.3531_12.265,TARIA2M,33.200000000000045,2026-06-21 13:30:00+00:00,44.35313,12.26505,ARPAE,ARPAE
ARPAE::STA_44.3763_11.0087,ARPAE Station STA_44.3763_11.0087,TARIA2M,28.600000000000023,2026-06-21 13:30:00+00:00,44.37632,11.00875,ARPAE,ARPAE
ARPAE::STA_44.4027_11.4621,ARPAE Station STA_44.4027_11.4621,TARIA2M,34.0,2026-06-21 13:30:00+00:00,44.40274,11.46209,ARPAE,ARPAE
ARPAE::STA_44.4111_11.597,ARPAE Station STA_44.4111_11.597,TARIA2M,35.47000000000003,2026-06-21 13:30:00+00:00,44.41112,11.59701,ARPAE,ARPAE
ARPAE::STA_44.4403_11.1384,ARPAE Station STA_44.4403_11.1384,TARIA2M,31.5,2026-06-21 13:30:00+00:00,44.4403,11.13837,ARPAE,ARPAE
ARPAE::STA_44.4485_11.8667,ARPAE Station STA_44.4485_11.8667,TARIA2M,35.150000000000034,2026-06-21 13:30:00+00:00,44.44853,11.86667,ARPAE,ARPAE
ARPAE::STA_44.4556_11.3108,ARPAE Station STA_44.4556_11.3108,TARIA2M,34.30000000000001,2026-06-21 13:30:00+00:00,44.45556,11.31083,ARPAE,ARPAE
ARPAE::STA_44.4761_11.3256,ARPAE Station STA_44.4761_11.3256,TARIA2M,33.30000000000001,2026-06-21 13:00:00+00:00,44.47611,11.32556,ARPAE,ARPAE
ARPAE::STA_44.4787_11.2984,ARPAE Station STA_44.4787_11.2984,TARIA2M,32.30000000000001,2026-06-21 13:30:00+00:00,44.4787,11.29836,ARPAE,ARPAE
ARPAE::STA_44.4942_11.3468,ARPAE Station STA_44.4942_11.3468,TARIA2M,34.30000000000001,2026-06-21 13:30:00+00:00,44.4942,11.34677,ARPAE,ARPAE
ARPAE::STA_44.4961_11.2001,ARPAE Station STA_44.4961_11.2001,TARIA2M,34.33000000000004,2026-06-21 13:30:00+00:00,44.49614,11.20006,ARPAE,ARPAE
ARPAE::STA_44.4997_11.3461,ARPAE Station STA_44.4997_11.3461,TARIA2M,35.60000000000002,2026-06-21 13:30:00+00:00,44.49972,11.34611,ARPAE,ARPAE
ARPAE::STA_44.5035_11.0036,ARPAE Station STA_44.5035_11.0036,TARIA2M,34.54000000000002,2026-06-21 13:30:00+00:00,44.50354,11.00357,ARPAE,ARPAE
ARPAE::STA_44.5484_11.3674,ARPAE Station STA_44.5484_11.3674,TARIA2M,35.30000000000001,2026-06-21 13:30:00+00:00,44.54841,11.36743,ARPAE,ARPAE
ARPAE::STA_44.5635_11.844,ARPAE Station STA_44.5635_11.844,TARIA2M,35.910000000000025,2026-06-21 13:30:00+00:00,44.5635,11.84403,ARPAE,ARPAE
ARPAE::STA_44.571_11.5338,ARPAE Station STA_44.571_11.5338,TARIA2M,34.48000000000002,2026-06-21 13:30:00+00:00,44.57105,11.53379,ARPAE,ARPAE
ARPAE::STA_44.5734_12.1013,ARPAE Station STA_44.5734_12.1013,TARIA2M,34.80000000000001,2026-06-21 13:30:00+00:00,44.57337,12.10134,ARPAE,ARPAE
ARPAE::STA_44.6278_11.2906,ARPAE Station STA_44.6278_11.2906,TARIA2M,34.450000000000045,2026-06-21 13:30:00+00:00,44.62775,11.29056,ARPAE,ARPAE
ARPAE::STA_44.6323_11.4411,ARPAE Station STA_44.6323_11.4411,TARIA2M,34.60000000000002,2026-06-21 13:30:00+00:00,44.63232,11.44114,ARPAE,ARPAE
ARPAE::STA_44.63_11.0275,ARPAE Station STA_44.63_11.0275,TARIA2M,35.58000000000004,2026-06-21 13:30:00+00:00,44.63005,11.02747,ARPAE,ARPAE
ARPAE::STA_44.6538_11.6226,ARPAE Station STA_44.6538_11.6226,TARIA2M,35.60000000000002,2026-06-21 13:30:00+00:00,44.65378,11.62264,ARPAE,ARPAE
ARPAE::STA_44.6539_11.2686,ARPAE Station STA_44.6539_11.2686,TARIA2M,36.30000000000001,2026-06-21 13:30:00+00:00,44.6539,11.2686,ARPAE,ARPAE
ARPAE::STA_44.6767_12.2494,ARPAE Station STA_44.6767_12.2494,TARIA2M,29.930000000000007,2026-06-21 13:15:00+00:00,44.67667,12.24944,ARPAE,ARPAE
ARPAE::STA_44.6884_12.2116,ARPAE Station STA_44.6884_12.2116,TARIA2M,33.80000000000001,2026-06-21 13:30:00+00:00,44.6884,12.21161,ARPAE,ARPAE
ARPAE::STA_44.695_11.1449,ARPAE Station STA_44.695_11.1449,TARIA2M,34.860000000000014,2026-06-21 13:30:00+00:00,44.695,11.14493,ARPAE,ARPAE
ARPAE::STA_44.8138_12.2483,ARPAE Station STA_44.8138_12.2483,TARIA2M,31.5,2026-06-21 13:30:00+00:00,44.81376,12.24834,ARPAE,ARPAE
ARPAE::STA_44.8261_11.1258,ARPAE Station STA_44.8261_11.1258,TARIA2M,35.48000000000002,2026-06-21 13:30:00+00:00,44.82606,11.12578,ARPAE,ARPAE
ARPAE::STA_44.8319_11.4544,ARPAE Station STA_44.8319_11.4544,TARIA2M,35.07000000000005,2026-06-21 13:30:00+00:00,44.83186,11.45436,ARPAE,ARPAE
ARPAE::STA_44.8325_11.6211,ARPAE Station STA_44.8325_11.6211,TARIA2M,35.360000000000014,2026-06-21 13:30:00+00:00,44.8325,11.62114,ARPAE,ARPAE
ARPAE::STA_44.835_12.098,ARPAE Station STA_44.835_12.098,TARIA2M,36.200000000000045,2026-06-21 13:30:00+00:00,44.83504,12.09804,ARPAE,ARPAE
ARPAE::STA_44.8391_11.284,ARPAE Station STA_44.8391_11.284,TARIA2M,35.21000000000004,2026-06-21 13:30:00+00:00,44.83906,11.28402,ARPAE,ARPAE
ARPAE::STA_44.8589_11.6562,ARPAE Station STA_44.8589_11.6562,TARIA2M,36.0,2026-06-21 13:30:00+00:00,44.85892,11.65625,ARPAE,ARPAE
ARPAE::STA_44.8861_11.0163,ARPAE Station STA_44.8861_11.0163,TARIA2M,36.25,2026-06-21 13:30:00+00:00,44.88612,11.01631,ARPAE,ARPAE
ARPAE::STA_44.8883_11.6081,ARPAE Station STA_44.8883_11.6081,TARIA2M,34.200000000000045,2026-06-21 13:30:00+00:00,44.8883,11.60807,ARPAE,ARPAE
ARPAV::100,Conegliano,TARIA2M,34.2,2026-06-21 15:00:00+00:00,45.88132477,12.28232702,ARPAV,ARPAV
ARPAV::101,Porto Tolle - Pradon,TARIA2M,34.2,2026-06-21 15:00:00+00:00,44.9173386,12.36910037,ARPAV,ARPAV
ARPAV::102,Castelfranco Veneto,TARIA2M,34.2,2026-06-21 15:00:00+00:00,45.69492112,11.94778216,ARPAV,ARPAV
ARPAV::104,Villafranca di Verona,TARIA2M,34.2,2026-06-21 15:00:00+00:00,45.3724202,10.83262812,ARPAV,ARPAV
ARPAV::105,Lonigo,TARIA2M,35.0,2026-06-21 15:00:00+00:00,45.39045584,11.37964132,ARPAV,ARPAV
ARPAV::106,Montagnana,TARIA2M,34.7,2026-06-21 15:00:00+00:00,45.24776886,11.4227919,ARPAV,ARPAV
ARPAV::108,Salizzole,TARIA2M,35.9,2026-06-21 15:00:00+00:00,45.22973697,11.10933964,ARPAV,ARPAV
ARPAV::11,Malga Ciapela,TARIA2M,21.5,2026-06-21 15:00:00+00:00,46.42867129,11.90478762,ARPAV,ARPAV
ARPAV::110,Cittadella,TARIA2M,35.1,2026-06-21 15:00:00+00:00,45.65219,11.82044,ARPAV,ARPAV
ARPAV::111,Legnaro,TARIA2M,35.1,2026-06-21 15:00:00+00:00,45.34701615,11.94947073,ARPAV,ARPAV
ARPAV::112,Rosolina - Po di Tramontana,TARIA2M,32.7,2026-06-21 15:00:00+00:00,45.07114136,12.26177816,ARPAV,ARPAV
ARPAV::113,Castelnovo Bariano,TARIA2M,36.2,2026-06-21 15:00:00+00:00,45.03101641,11.30253145,ARPAV,ARPAV
ARPAV::114,Villadose,TARIA2M,36.8,2026-06-21 15:00:00+00:00,45.07144877,11.92220596,ARPAV,ARPAV
ARPAV::115,Adria - Bellombra,TARIA2M,33.9,2026-06-21 15:00:00+00:00,45.01567605,12.0076803,ARPAV,ARPAV
ARPAV::116,Frassinelle Polesine,TARIA2M,35.6,2026-06-21 15:00:00+00:00,44.99058314,11.6786399,ARPAV,ARPAV
ARPAV::117,Sorga',TARIA2M,34.8,2026-06-21 15:00:00+00:00,45.21753966,11.00830055,ARPAV,ARPAV
ARPAV::118,Bardolino - Calmasino,TARIA2M,31.4,2026-06-21 15:00:00+00:00,45.51796066,10.7659099,ARPAV,ARPAV
ARPAV::119,Roverchiara,TARIA2M,35.0,2026-06-21 15:00:00+00:00,45.2658043,11.25118706,ARPAV,ARPAV
ARPAV::120,Dolce',TARIA2M,32.5,2026-06-21 15:00:00+00:00,45.59957097,10.84874997,ARPAV,ARPAV
ARPAV::121,Lusia,TARIA2M,35.2,2026-06-21 15:00:00+00:00,45.09241907,11.63364487,ARPAV,ARPAV
ARPAV::122,Trebaseleghe,TARIA2M,33.0,2026-06-21 15:00:00+00:00,45.60240419,12.02573694,ARPAV,ARPAV
ARPAV::123,Arcole,TARIA2M,33.0,2026-06-21 15:00:00+00:00,45.37550277,11.29582046,ARPAV,ARPAV
ARPAV::124,Marano di Valpolicella,TARIA2M,32.5,2026-06-21 15:00:00+00:00,45.54788884,10.92332541,ARPAV,ARPAV
ARPAV::125,San Pietro in Cariano,TARIA2M,34.0,2026-06-21 15:00:00+00:00,45.50931262,10.88807026,ARPAV,ARPAV
ARPAV::126,Illasi,TARIA2M,35.3,2026-06-21 15:00:00+00:00,45.46030398,11.17156147,ARPAV,ARPAV
ARPAV::127,Buttapietra,TARIA2M,34.7,2026-06-21 15:00:00+00:00,45.35084342,11.01059728,ARPAV,ARPAV
ARPAV::128,Grezzana,TARIA2M,35.8,2026-06-21 15:00:00+00:00,45.50976063,11.0135023,ARPAV,ARPAV
ARPAV::129,Castelnuovo del Garda,TARIA2M,32.7,2026-06-21 15:00:00+00:00,45.45487236,10.77166288,ARPAV,ARPAV
ARPAV::131,Vangadizza (Legnago),TARIA2M,35.6,2026-06-21 15:00:00+00:00,45.15740933,11.28774164,ARPAV,ARPAV
ARPAV::132,Pescul,TARIA2M,22.5,2026-06-21 15:00:00+00:00,46.4371972,12.06900907,ARPAV,ARPAV
ARPAV::134,Malo,TARIA2M,34.0,2026-06-21 15:00:00+00:00,45.66931288,11.46439144,ARPAV,ARPAV
ARPAV::135,Rifugio la Guardia (Recoaro Terme),TARIA2M,22.2,2026-06-21 15:00:00+00:00,45.71889138,11.18131677,ARPAV,ARPAV
ARPAV::136,Sappada,TARIA2M,23.5,2026-06-21 15:00:00+00:00,46.57067886,12.7081344,ARPAV,ARPAV
ARPAV::137,Valli del Pasubio,TARIA2M,24.3,2026-06-21 15:00:00+00:00,45.75778254,11.21365428,ARPAV,ARPAV
ARPAV::139,Lusiana,TARIA2M,28.6,2026-06-21 15:00:00+00:00,45.78414598,11.58812049,ARPAV,ARPAV
ARPAV::140,Passo Santa Caterina (Valdagno),TARIA2M,26.5,2026-06-21 15:00:00+00:00,45.6198264,11.25910319,ARPAV,ARPAV
ARPAV::142,Faedo (Cinto Euganeo),TARIA2M,33.4,2026-06-21 15:00:00+00:00,45.30471743,11.69771962,ARPAV,ARPAV
ARPAV::144,Rosa',TARIA2M,34.8,2026-06-21 15:00:00+00:00,45.71658505,11.77625641,ARPAV,ARPAV
ARPAV::145,Barbarano Vicentino,TARIA2M,34.7,2026-06-21 15:00:00+00:00,45.39775173,11.57053751,ARPAV,ARPAV
ARPAV::146,Trissino,TARIA2M,32.6,2026-06-21 15:00:00+00:00,45.57923698,11.35788495,ARPAV,ARPAV
ARPAV::147,Breganze,TARIA2M,32.7,2026-06-21 15:00:00+00:00,45.72042777,11.57629665,ARPAV,ARPAV
ARPAV::148,Brendola,TARIA2M,33.5,2026-06-21 15:00:00+00:00,45.472077,11.470371,ARPAV,ARPAV
ARPAV::149,Montegalda,TARIA2M,35.1,2026-06-21 15:00:00+00:00,45.44957583,11.66198536,ARPAV,ARPAV
ARPAV::15,Gares,TARIA2M,22.1,2026-06-21 15:00:00+00:00,46.3131289,11.88273666,ARPAV,ARPAV
ARPAV::151,Masi,TARIA2M,35.1,2026-06-21 15:00:00+00:00,45.11740196,11.48088305,ARPAV,ARPAV
ARPAV::152,Balduina (Sant'Urbano),TARIA2M,34.8,2026-06-21 15:00:00+00:00,45.13472648,11.58415552,ARPAV,ARPAV
ARPAV::156,Crespano del Grappa,TARIA2M,29.8,2026-06-21 15:00:00+00:00,45.84169964,11.84066348,ARPAV,ARPAV
ARPAV::159,Portogruaro - Lison,TARIA2M,34.5,2026-06-21 15:00:00+00:00,45.74548888,12.76128681,ARPAV,ARPAV
ARPAV::160,Cavallino Treporti,TARIA2M,33.5,2026-06-21 15:00:00+00:00,45.45871531,12.48626171,ARPAV,ARPAV
ARPAV::163,Noventa di Piave - Grassaga,TARIA2M,35.9,2026-06-21 15:00:00+00:00,45.66841156,12.58851069,ARPAV,ARPAV
ARPAV::164,Eraclea,TARIA2M,34.0,2026-06-21 15:00:00+00:00,45.60316601,12.70706142,ARPAV,ARPAV
ARPAV::165,Fossalta di Portogruaro,TARIA2M,34.6,2026-06-21 15:00:00+00:00,45.77566742,12.89394125,ARPAV,ARPAV
ARPAV::166,Lugugnana (Portogruaro),TARIA2M,34.4,2026-06-21 15:00:00+00:00,45.70491156,12.94668823,ARPAV,ARPAV
ARPAV::167,Mira,TARIA2M,34.8,2026-06-21 15:00:00+00:00,45.43934709,12.1169216,ARPAV,ARPAV
ARPAV::168,Chioggia - Sant'Anna,TARIA2M,32.4,2026-06-21 15:00:00+00:00,45.14632401,12.27596996,ARPAV,ARPAV
ARPAV::169,Agna,TARIA2M,35.7,2026-06-21 15:00:00+00:00,45.15926189,11.95775646,ARPAV,ARPAV
ARPAV::17,Perarolo,TARIA2M,20.1,2026-06-21 15:00:00+00:00,46.39415044,12.35657766,ARPAV,ARPAV
ARPAV::170,Teolo,TARIA2M,34.7,2026-06-21 15:00:00+00:00,45.34272761,11.67713457,ARPAV,ARPAV
ARPAV::175,Codevigo,TARIA2M,35.7,2026-06-21 15:00:00+00:00,45.24367259,12.09970856,ARPAV,ARPAV
ARPAV::177,Grantorto,TARIA2M,34.2,2026-06-21 15:00:00+00:00,45.59472035,11.75218331,ARPAV,ARPAV
ARPAV::178,Cavarzere,TARIA2M,34.3,2026-06-21 15:00:00+00:00,45.16150338,12.08720348,ARPAV,ARPAV
ARPAV::179,Campodarsego,TARIA2M,34.4,2026-06-21 15:00:00+00:00,45.49551578,11.91336346,ARPAV,ARPAV
ARPAV::182,Tribano,TARIA2M,35.2,2026-06-21 15:00:00+00:00,45.18668992,11.8487995,ARPAV,ARPAV
ARPAV::183,Volpago del Montello,TARIA2M,34.1,2026-06-21 15:00:00+00:00,45.78502414,12.11304779,ARPAV,ARPAV
ARPAV::184,Zero Branco,TARIA2M,35.6,2026-06-21 15:00:00+00:00,45.60991,12.12088,ARPAV,ARPAV
ARPAV::185,Vazzola - Tezze,TARIA2M,34.8,2026-06-21 15:00:00+00:00,45.81168647,12.34189762,ARPAV,ARPAV
ARPAV::186,Gaiarine,TARIA2M,35.1,2026-06-21 15:00:00+00:00,45.89217558,12.49348723,ARPAV,ARPAV
ARPAV::187,Roncade,TARIA2M,35.4,2026-06-21 15:00:00+00:00,45.64140487,12.39588815,ARPAV,ARPAV
ARPAV::188,Villorba,TARIA2M,35.1,2026-06-21 15:00:00+00:00,45.74894328,12.23496228,ARPAV,ARPAV
ARPAV::189,Valdobbiadene - Bigolino,TARIA2M,32.9,2026-06-21 15:00:00+00:00,45.88205751,12.0070972,ARPAV,ARPAV
ARPAV::19,Agordo,TARIA2M,27.4,2026-06-21 15:00:00+00:00,46.27804651,12.03319083,ARPAV,ARPAV
ARPAV::190,Brustole' (Velo d'Astico),TARIA2M,25.4,2026-06-21 15:00:00+00:00,45.80132477,11.34330714,ARPAV,ARPAV
ARPAV::191,Molini (Laghi),TARIA2M,23.3,2026-06-21 15:00:00+00:00,45.83331375,11.25603835,ARPAV,ARPAV
ARPAV::192,Passo Xomo (Posina),TARIA2M,24.2,2026-06-21 15:00:00+00:00,45.77777304,11.2376662,ARPAV,ARPAV
ARPAV::195,Farra di Soligo,TARIA2M,33.8,2026-06-21 15:00:00+00:00,45.9021246,12.10445916,ARPAV,ARPAV
ARPAV::197,Maser,TARIA2M,35.0,2026-06-21 15:00:00+00:00,45.77892133,11.94236996,ARPAV,ARPAV
ARPAV::199,Longarone,TARIA2M,28.9,2026-06-21 15:00:00+00:00,46.26152058,12.30351169,ARPAV,ARPAV
ARPAV::200,Lamon - Sala,TARIA2M,31.0,2026-06-21 15:00:00+00:00,46.04985912,11.74647606,ARPAV,ARPAV
ARPAV::201,Monte Grande (Teolo),TARIA2M,30.0,2026-06-21 15:00:00+00:00,45.36192058,11.67281842,ARPAV,ARPAV
ARPAV::203,Passo Valles,TARIA2M,18.2,2026-06-21 15:00:00+00:00,46.33914263,11.80160227,ARPAV,ARPAV
ARPAV::204,Ponte di Piave,TARIA2M,34.7,2026-06-21 15:00:00+00:00,45.71711766,12.5239352,ARPAV,ARPAV
ARPAV::21,Sant'Andrea (Gosaldo),TARIA2M,23.7,2026-06-21 15:00:00+00:00,46.22965097,11.95772698,ARPAV,ARPAV
ARPAV::211,Codevigo - Ca' di Mezzo,TARIA2M,33.5,2026-06-21 15:00:00+00:00,45.22690363,12.14506095,ARPAV,ARPAV
ARPAV::216,Cansiglio - Tramedere,TARIA2M,26.3,2026-06-21 15:00:00+00:00,46.07747932,12.41476528,ARPAV,ARPAV
ARPAV::217,Feltre,TARIA2M,33.6,2026-06-21 15:00:00+00:00,46.01620135,11.89462516,ARPAV,ARPAV
ARPAV::218,Asiago - aeroporto,TARIA2M,26.8,2026-06-21 15:00:00+00:00,45.88342502,11.51100804,ARPAV,ARPAV
ARPAV::22,Sant'Antonio Tortal,TARIA2M,30.3,2026-06-21 15:00:00+00:00,46.04834616,12.15448034,ARPAV,ARPAV
ARPAV::220,Treviso,TARIA2M,35.7,2026-06-21 15:00:00+00:00,45.68093386,12.22154715,ARPAV,ARPAV
ARPAV::221,Trecenta,TARIA2M,36.2,2026-06-21 15:00:00+00:00,45.02166616,11.42663109,ARPAV,ARPAV
ARPAV::223,Falcade,TARIA2M,24.4,2026-06-21 15:00:00+00:00,46.355567,11.869723,ARPAV,ARPAV
ARPAV::224,Valle di Cadore,TARIA2M,17.1,2026-06-21 15:00:00+00:00,46.41544389,12.3323414,ARPAV,ARPAV
ARPAV::227,Mogliano Veneto,TARIA2M,35.3,2026-06-21 15:00:00+00:00,45.5807425,12.30779083,ARPAV,ARPAV
ARPAV::230,Campagna Lupia - Valle Averto,TARIA2M,36.0,2026-06-21 15:00:00+00:00,45.34941987,12.14155693,ARPAV,ARPAV
ARPAV::231,Sant'Apollinare (Rovigo),TARIA2M,36.6,2026-06-21 15:00:00+00:00,45.03340149,11.8259685,ARPAV,ARPAV
ARPAV::232,Bassano del Grappa,TARIA2M,33.3,2026-06-21 15:00:00+00:00,45.78504906,11.73017735,ARPAV,ARPAV
ARPAV::234,Padova,TARIA2M,35.5,2026-06-21 15:00:00+00:00,45.397192,11.845461,ARPAV,ARPAV
ARPAV::235,Soffranco,TARIA2M,29.7,2026-06-21 15:00:00+00:00,46.278202,12.24278045,ARPAV,ARPAV
ARPAV::236,San Martino d'Alpago,TARIA2M,28.8,2026-06-21 15:00:00+00:00,46.18043287,12.39682227,ARPAV,ARPAV
ARPAV::237,Cortina d'Ampezzo - Gilardon,TARIA2M,24.3,2026-06-21 15:00:00+00:00,46.53668964,12.12739699,ARPAV,ARPAV
ARPAV::238,Misurina,TARIA2M,19.3,2026-06-21 15:00:00+00:00,46.5764122,12.25007045,ARPAV,ARPAV
ARPAV::239,Col di Pra',TARIA2M,23.0,2026-06-21 15:00:00+00:00,46.29588807,11.92891208,ARPAV,ARPAV
ARPAV::240,Vittorio Veneto,TARIA2M,34.8,2026-06-21 15:00:00+00:00,45.98539025,12.30760378,ARPAV,ARPAV
ARPAV::245,Quero,TARIA2M,32.1,2026-06-21 15:00:00+00:00,45.9255196,11.93977502,ARPAV,ARPAV
ARPAV::246,Costalta,TARIA2M,19.5,2026-06-21 15:00:00+00:00,46.57877599,12.57556615,ARPAV,ARPAV
ARPAV::247,Casamazzagno,TARIA2M,22.1,2026-06-21 15:00:00+00:00,46.59389393,12.51561664,ARPAV,ARPAV
ARPAV::248,Piana di Marcesina - Rendole,TARIA2M,24.6,2026-06-21 15:00:00+00:00,45.94933182,11.61226574,ARPAV,ARPAV
ARPAV::25,Sospirolo,TARIA2M,30.4,2026-06-21 15:00:00+00:00,46.14063559,12.07539462,ARPAV,ARPAV
ARPAV::251,Bosco Chiesanuova,TARIA2M,26.8,2026-06-21 15:00:00+00:00,45.61935401,11.03859258,ARPAV,ARPAV
ARPAV::252,Venezia - Istituto Cavanis,TARIA2M,33.7,2026-06-21 15:00:00+00:00,45.42996715,12.32809643,ARPAV,ARPAV
ARPAV::253,Valeggio sul Mincio,TARIA2M,34.4,2026-06-21 15:00:00+00:00,45.36036737,10.73179344,ARPAV,ARPAV
ARPAV::260,Colognola ai Colli,TARIA2M,35.6,2026-06-21 15:00:00+00:00,45.42497835,11.22419922,ARPAV,ARPAV
ARPAV::262,Valpore (Seren del Grappa),TARIA2M,24.6,2026-06-21 15:00:00+00:00,45.89728311,11.80606051,ARPAV,ARPAV
ARPAV::264,Belluno - aeroporto,TARIA2M,31.5,2026-06-21 15:00:00+00:00,46.16467858,12.24470834,ARPAV,ARPAV
ARPAV::265,Galzignano - Ca' Demia,TARIA2M,36.2,2026-06-21 15:00:00+00:00,45.30014284,11.74268777,ARPAV,ARPAV
ARPAV::266,Santa Giustina Bellunese,TARIA2M,33.4,2026-06-21 15:00:00+00:00,46.07841194,12.07247911,ARPAV,ARPAV
ARPAV::268,Sella Ciampigotto,TARIA2M,14.0,2026-06-21 15:00:00+00:00,46.48692303,12.58466111,ARPAV,ARPAV
ARPAV::278,Agno a Recoaro Terme,TARIA2M,25.8,2026-06-21 15:00:00+00:00,45.70199328,11.21470019,ARPAV,ARPAV
ARPAV::28,Monte Cesen,TARIA2M,20.7,2026-06-21 15:00:00+00:00,45.945242,12.020877,ARPAV,ARPAV
ARPAV::295,Gua' a Cologna Veneta,TARIA2M,34.3,2026-06-21 15:00:00+00:00,45.31652621,11.38324121,ARPAV,ARPAV
ARPAV::299,Monticano a Gorgo al Monticano,TARIA2M,34.8,2026-06-21 15:00:00+00:00,45.78572084,12.53899329,ARPAV,ARPAV
ARPAV::3,Arabba,TARIA2M,20.7,2026-06-21 15:00:00+00:00,46.49998395,11.87607301,ARPAV,ARPAV
ARPAV::315,Agno a Ponte Brogliano,TARIA2M,33.0,2026-06-21 15:00:00+00:00,45.59010662,11.3697627,ARPAV,ARPAV
ARPAV::317,Gua' a Ponte Gua',TARIA2M,34.0,2026-06-21 15:00:00+00:00,45.4921808,11.39176197,ARPAV,ARPAV
ARPAV::321,Retrone a Vicenza S.Agostino,TARIA2M,33.0,2026-06-21 15:00:00+00:00,45.52548627,11.52144451,ARPAV,ARPAV
ARPAV::345,Gallio,TARIA2M,26.0,2026-06-21 15:00:00+00:00,45.88022083,11.55281023,ARPAV,ARPAV
ARPAV::346,La Secca,TARIA2M,30.2,2026-06-21 15:00:00+00:00,46.12987309,12.31830088,ARPAV,ARPAV
ARPAV::351,Solagna Villaggio del sole,TARIA2M,26.1,2026-06-21 15:00:00+00:00,45.84011076,11.72922641,ARPAV,ARPAV
ARPAV::37,Passo Falzarego,TARIA2M,18.8,2026-06-21 15:00:00+00:00,46.51873107,12.00683651,ARPAV,ARPAV
ARPAV::402,Biois a Cencenighe,TARIA2M,23.5,2026-06-21 15:00:00+00:00,46.35236803,11.96646096,ARPAV,ARPAV
ARPAV::404,Astico a Pedescala,TARIA2M,25.6,2026-06-21 15:00:00+00:00,45.84468696,11.36725287,ARPAV,ARPAV
ARPAV::409,Chiampo,TARIA2M,33.7,2026-06-21 15:00:00+00:00,45.53646508,11.29382418,ARPAV,ARPAV
ARPAV::41,Marmolada - Punta Rocca,TARIA2M,8.7,2026-06-21 15:00:00+00:00,46.4335743,11.86279487,ARPAV,ARPAV
ARPAV::425,Bibione,TARIA2M,32.2,2026-06-21 15:00:00+00:00,45.64137219,13.07746832,ARPAV,ARPAV
ARPAV::451,Vicenza - Sant'Agostino,TARIA2M,33.6,2026-06-21 15:00:00+00:00,45.52434984,11.52039317,ARPAV,ARPAV
ARPAV::454,Favaro Veneto,TARIA2M,34.1,2026-06-21 15:00:00+00:00,45.51730828,12.2784802,ARPAV,ARPAV
ARPAV::464,Nogarolo di Tarzo,TARIA2M,33.2,2026-06-21 15:00:00+00:00,45.98658333,12.24608334,ARPAV,ARPAV
ARPAV::47,Faloria,TARIA2M,17.2,2026-06-21 15:00:00+00:00,46.52744551,12.17508664,ARPAV,ARPAV
ARPAV::48,Podestagno (Cortina d'Ampezzo),TARIA2M,22.8,2026-06-21 15:00:00+00:00,46.59362172,12.11232905,ARPAV,ARPAV
ARPAV::50,Villanova (Borca di Cadore),TARIA2M,19.0,2026-06-21 15:00:00+00:00,46.44327375,12.20626034,ARPAV,ARPAV
ARPAV::501,Dolina Campoluzzo (Monte Lozze),TARIA2M,21.5,2026-06-21 15:00:00+00:00,45.99327673,11.51869973,ARPAV,ARPAV
ARPAV::505,Ponte Rio Cordon (Selva di Cadore),TARIA2M,17.8,2026-06-21 15:00:00+00:00,46.45098415,12.09595652,ARPAV,ARPAV
ARPAV::510,Caprino Veronese - Platano,TARIA2M,29.4,2026-06-21 15:00:00+00:00,45.60804812,10.81463468,ARPAV,ARPAV
ARPAV::53,Auronzo,TARIA2M,19.5,2026-06-21 15:00:00+00:00,46.55625348,12.42593677,ARPAV,ARPAV
ARPAV::55,Pian del Crep (Val di Zoldo),TARIA2M,20.9,2026-06-21 15:00:00+00:00,46.37934829,12.09312208,ARPAV,ARPAV
ARPAV::551,Sant'Elena,TARIA2M,36.1,2026-06-21 15:00:00+00:00,45.196595,11.69453713,ARPAV,ARPAV
ARPAV::56,Forno di Zoldo - Campo,TARIA2M,25.4,2026-06-21 15:00:00+00:00,46.34666725,12.1845653,ARPAV,ARPAV
ARPAV::572,Ospedaletto Euganeo,TARIA2M,35.0,2026-06-21 15:00:00+00:00,45.2345589,11.60648596,ARPAV,ARPAV
ARPAV::574,Follina,TARIA2M,27.4,2026-06-21 15:00:00+00:00,45.96032669,12.12185345,ARPAV,ARPAV
ARPAV::577,Breda di Piave - Via Bovon,TARIA2M,34.5,2026-06-21 15:00:00+00:00,45.7232319,12.37967204,ARPAV,ARPAV
ARPAV::58,Santo Stefano di Cadore,TARIA2M,20.4,2026-06-21 15:00:00+00:00,46.55719592,12.55254488,ARPAV,ARPAV
ARPAV::59,Domegge di Cadore,TARIA2M,22.0,2026-06-21 15:00:00+00:00,46.46094955,12.41035969,ARPAV,ARPAV
ARPAV::60,Malga Campobon (San Pietro di Cadore),TARIA2M,19.4,2026-06-21 15:00:00+00:00,46.64463814,12.60365549,ARPAV,ARPAV
ARPAV::600,Grumolo delle Abbadesse,TARIA2M,34.7,2026-06-21 15:00:00+00:00,45.51669272,11.65407532,ARPAV,ARPAV
ARPAV::61,Cordevole di Visdende a Cima Canale,TARIA2M,22.5,2026-06-21 15:00:00+00:00,46.6020538,12.63080725,ARPAV,ARPAV
ARPAV::610,Fener,TARIA2M,30.5,2026-06-21 15:00:00+00:00,45.898557,11.946735,ARPAV,ARPAV
ARPAV::611,Bovolenta,TARIA2M,34.6,2026-06-21 15:00:00+00:00,45.276565,11.932629,ARPAV,ARPAV
ARPAV::612,La Guarda (Cesiomaggiore),TARIA2M,24.3,2026-06-21 15:00:00+00:00,46.12827704,11.94469992,ARPAV,ARPAV
ARPAV::613,Chioggia (centro),TARIA2M,32.3,2026-06-21 15:00:00+00:00,45.218127,12.283051,ARPAV,ARPAV
ARPAV::614,Isola Vicentina,TARIA2M,33.6,2026-06-21 15:00:00+00:00,45.62061319,11.45476825,ARPAV,ARPAV
ARPAV::615,Jesolo - Cortellazzo,TARIA2M,33.8,2026-06-21 15:00:00+00:00,45.535854,12.65882,ARPAV,ARPAV
ARPAV::616,Fortogna (Longarone),TARIA2M,30.2,2026-06-21 15:00:00+00:00,46.231666,12.29032,ARPAV,ARPAV
ARPAV::617,Marcon loc. Zuccarello,TARIA2M,34.0,2026-06-21 15:00:00+00:00,45.537387,12.378313,ARPAV,ARPAV
ARPAV::618,Crosara (Marostica),TARIA2M,29.2,2026-06-21 15:00:00+00:00,45.774361,11.61748,ARPAV,ARPAV
ARPAV::619,Montebelluna loc. Contea,TARIA2M,35.0,2026-06-21 15:00:00+00:00,45.771498,12.005757,ARPAV,ARPAV
ARPAV::620,Nervesa della Battaglia,TARIA2M,35.4,2026-06-21 15:00:00+00:00,45.816843,12.201804,ARPAV,ARPAV
ARPAV::621,Peschiera - Dolci,TARIA2M,32.4,2026-06-21 15:00:00+00:00,45.424275,10.687142,ARPAV,ARPAV
ARPAV::622,Pettorazza Grimani loc. Botti Barbarighe,TARIA2M,34.9,2026-06-21 15:00:00+00:00,45.116383,12.024446,ARPAV,ARPAV
ARPAV::623,Stra,TARIA2M,35.0,2026-06-21 15:00:00+00:00,45.40837847,11.99930835,ARPAV,ARPAV
ARPAV::624,Tonezza del Cimone,TARIA2M,25.6,2026-06-21 15:00:00+00:00,45.867081,11.335586,ARPAV,ARPAV
ARPAV::625,Staro (Valli del Pasubio),TARIA2M,25.4,2026-06-21 15:00:00+00:00,45.725723,11.226352,ARPAV,ARPAV
ARPAV::633,Verona - Santa Caterina,TARIA2M,35.3,2026-06-21 15:00:00+00:00,45.41626803,11.01758925,ARPAV,ARPAV
ARPAV::662,Eraclea - Torre di Fine,TARIA2M,33.5,2026-06-21 15:00:00+00:00,45.57572,12.79133,ARPAV,ARPAV
ARPAV::663,Pila - Porto Peschereccio (Porto Tolle),TARIA2M,33.4,2026-06-21 15:00:00+00:00,44.978047,12.479594,ARPAV,ARPAV
ARPAV::67,Monte Avena,TARIA2M,23.1,2026-06-21 15:00:00+00:00,46.03210396,11.82713557,ARPAV,ARPAV
ARPAV::68,Castana,TARIA2M,28.7,2026-06-21 15:00:00+00:00,45.81551626,11.30843985,ARPAV,ARPAV
ARPAV::71,San Giovanni Ilarione,TARIA2M,28.9,2026-06-21 15:00:00+00:00,45.54832483,11.22486099,ARPAV,ARPAV
ARPAV::73,Contra' Doppio (Posina),TARIA2M,22.8,2026-06-21 15:00:00+00:00,45.80699205,11.2251192,ARPAV,ARPAV
ARPAV::74,Monte Verena,TARIA2M,19.1,2026-06-21 15:00:00+00:00,45.93058669,11.41388886,ARPAV,ARPAV
ARPAV::76,Turcati (Recoaro Terme),TARIA2M,25.7,2026-06-21 15:00:00+00:00,45.70401092,11.18480016,ARPAV,ARPAV
ARPAV::77,Recoaro Mille,TARIA2M,24.6,2026-06-21 15:00:00+00:00,45.68038956,11.2255215,ARPAV,ARPAV
ARPAV::79,Valdagno,TARIA2M,32.7,2026-06-21 15:00:00+00:00,45.63129614,11.30863411,ARPAV,ARPAV
ARPAV::80,Passo Pordoi,TARIA2M,17.6,2026-06-21 15:00:00+00:00,46.48343791,11.82249512,ARPAV,ARPAV
ARPAV::81,Monte Summano,TARIA2M,26.1,2026-06-21 15:00:00+00:00,45.7509777,11.41482813,ARPAV,ARPAV
ARPAV::82,Pove del Grappa - Costalunga,TARIA2M,30.0,2026-06-21 15:00:00+00:00,45.80571942,11.74011907,ARPAV,ARPAV
ARPAV::83,Montecchio Precalcino,TARIA2M,32.4,2026-06-21 15:00:00+00:00,45.65882861,11.54773196,ARPAV,ARPAV
ARPAV::87,San Bortolo,TARIA2M,27.0,2026-06-21 15:00:00+00:00,45.6085427,11.18136996,ARPAV,ARPAV
ARPAV::88,Crespadoro,TARIA2M,28.1,2026-06-21 15:00:00+00:00,45.62621136,11.20907007,ARPAV,ARPAV
ARPAV::91,Passo Monte Croce Comelico,TARIA2M,19.9,2026-06-21 15:00:00+00:00,46.65215334,12.42397152,ARPAV,ARPAV
ARPAV::92,Col Indes (Tambre),TARIA2M,25.9,2026-06-21 15:00:00+00:00,46.11907392,12.44015627,ARPAV,ARPAV
ARPAV::93,Torch,TARIA2M,29.9,2026-06-21 15:00:00+00:00,46.15155195,12.36301566,ARPAV,ARPAV
ARPAV::96,Bagnolo di Po - Pellizzare,TARIA2M,35.5,2026-06-21 15:00:00+00:00,44.98944662,11.52950565,ARPAV,ARPAV
ARPAV::98,Concadirame (Rovigo),TARIA2M,34.8,2026-06-21 15:00:00+00:00,45.09313663,11.72081886,ARPAV,ARPAV
ARPAV::99,San Bellino,TARIA2M,35.9,2026-06-21 15:00:00+00:00,45.03150148,11.57662814,ARPAV,ARPAV
DPC::10,Barcis,TARIA2M,28.8266666666667,2026-06-21 14:15:00+00:00,46.192811,12.563615,DPC,DPC
DPC::101,Orzano,TARIA2M,34.7,2026-06-21 14:15:00+00:00,46.06176,13.357942,DPC,DPC
DPC::102,Osoppo,TARIA2M,34.1,2026-06-21 14:15:00+00:00,46.236426,13.071473,DPC,DPC
DPC::103,Pala Barzana,TARIA2M,26.1,2026-06-21 14:15:00+00:00,46.196015,12.659225,DPC,DPC
DPC::105,Paluzza,TARIA2M,28.7,2026-06-21 14:15:00+00:00,46.527965,13.012166,DPC,DPC
DPC::107,Pantianicco,TARIA2M,34.2,2026-06-21 14:15:00+00:00,46.014152,13.039319,DPC,DPC
DPC::108,Passo Pramollo,TARIA2M,22.8,2026-06-21 14:15:00+00:00,46.559887,13.275248,DPC,DPC
DPC::109,Passo Predil,TARIA2M,25.9,2026-06-21 14:15:00+00:00,46.419232,13.573856,DPC,DPC
DPC::110,Paularo,TARIA2M,29.7,2026-06-21 14:15:00+00:00,46.526109,13.121217,DPC,DPC
DPC::111,Pavia di Udine,TARIA2M,34.2,2026-06-21 14:15:00+00:00,45.992595,13.295932,DPC,DPC
DPC::113,Pesariis,TARIA2M,25.8,2026-06-21 14:30:00+00:00,46.521834,12.775128,DPC,DPC
DPC::116,Platischis,TARIA2M,28.8,2026-06-21 14:15:00+00:00,46.242752,13.378085,DPC,DPC
DPC::124,Ponte Sambo,TARIA2M,29.0,2026-06-21 14:15:00+00:00,46.267018,13.329246,DPC,DPC
DPC::127,Pontebba T. P.,TARIA2M,26.0,2026-06-21 14:15:00+00:00,46.506062,13.307569,DPC,DPC
DPC::129,Porcia,TARIA2M,34.1,2026-06-21 14:15:00+00:00,45.921867,12.614163,DPC,DPC
DPC::13,Basaldella di Vivaro,TARIA2M,35.0,2026-06-21 14:15:00+00:00,46.088296,12.790575,DPC,DPC
DPC::131,Pordenone meteo,TARIA2M,36.1,2026-06-21 14:15:00+00:00,45.958694,12.649633,DPC,DPC
DPC::133,Povoletto,TARIA2M,34.9,2026-06-21 14:15:00+00:00,46.122873,13.309328,DPC,DPC
DPC::135,Pramollo,TARIA2M,24.2,2026-06-21 14:15:00+00:00,46.529829,13.303484,DPC,DPC
DPC::136,Pramosio,TARIA2M,22.5,2026-06-21 14:15:00+00:00,46.587240514442,13.02948474884,DPC,DPC
DPC::139,Prato Carnico,TARIA2M,26.5,2026-06-21 14:15:00+00:00,46.51879,12.80572,DPC,DPC
DPC::14,Bevorchians,TARIA2M,25.3,2026-06-21 14:15:00+00:00,46.485876,13.189084,DPC,DPC
DPC::141,Prepotto,TARIA2M,33.4,2026-06-21 14:15:00+00:00,46.048288,13.489992,DPC,DPC
DPC::142,Prescudin,TARIA2M,24.2,2026-06-21 14:30:00+00:00,46.192728,12.489222,DPC,DPC
DPC::143,Prosecco,TARIA2M,30.8,2026-06-21 14:15:00+00:00,45.703935,13.756735,DPC,DPC
DPC::144,Pulfero,TARIA2M,28.2,2026-06-21 14:15:00+00:00,46.173298,13.483116,DPC,DPC
DPC::145,Ravascletto,TARIA2M,26.2,2026-06-21 14:15:00+00:00,46.519455,12.917373,DPC,DPC
DPC::146,Resia,TARIA2M,31.4,2026-06-21 14:15:00+00:00,46.375891,13.295677,DPC,DPC
DPC::147,Resiutta,TARIA2M,30.5,2026-06-21 14:15:00+00:00,46.388879,13.221205,DPC,DPC
DPC::148,Rest,TARIA2M,18.6,2026-06-21 14:15:00+00:00,46.35198,12.802418,DPC,DPC
DPC::149,Rifugio Maniago,TARIA2M,17.4,2026-06-21 14:30:00+00:00,46.321547,12.394367,DPC,DPC
DPC::150,Rifugio Marinelli,TARIA2M,16.1,2026-06-21 14:15:00+00:00,46.595027,12.894828,DPC,DPC
DPC::151,Rifugio Pordenone,TARIA2M,17.7,2026-06-21 14:15:00+00:00,46.378862,12.489489,DPC,DPC
DPC::152,Rifugio Tamai - Zoncolan,TARIA2M,20.0,2026-06-21 14:15:00+00:00,46.501455,12.931593,DPC,DPC
DPC::153,Ruda,TARIA2M,35.9,2026-06-21 14:15:00+00:00,45.832037,13.404023,DPC,DPC
DPC::154,Sant'Andrat del Cormor,TARIA2M,34.6,2026-06-21 14:15:00+00:00,45.914405,13.161958,DPC,DPC
DPC::157,San Francesco T. P.,TARIA2M,30.6,2026-06-21 14:15:00+00:00,46.312548,12.9365,DPC,DPC
DPC::158,San Volfango,TARIA2M,28.0,2026-06-21 14:15:00+00:00,46.165041,13.642786,DPC,DPC
DPC::159,Saletto,TARIA2M,29.9,2026-06-21 14:15:00+00:00,46.40277,13.375257,DPC,DPC
DPC::16,Cà Selva invaso,TARIA2M,29.2,2026-06-21 14:00:00+00:00,46.258478,12.700746,DPC,DPC
DPC::160,San Daniele del Friuli,TARIA2M,33.7,2026-06-21 14:15:00+00:00,46.15697,13.014047,DPC,DPC
DPC::161,San Lorenzo,TARIA2M,31.8,2026-06-21 14:15:00+00:00,45.766023,13.404773,DPC,DPC
DPC::162,San Pelagio,TARIA2M,30.1,2026-06-21 14:30:00+00:00,45.765502,13.686825,DPC,DPC
DPC::163,San Simeone Meteo,TARIA2M,21.5,2026-06-21 14:15:00+00:00,46.344524,13.10502,DPC,DPC
DPC::164,Sauris di sopra,TARIA2M,22.7,2026-06-21 14:15:00+00:00,46.467221,12.681982,DPC,DPC
DPC::166,Sella Chianzutan,TARIA2M,25.4,2026-06-21 14:15:00+00:00,46.358906,12.940325,DPC,DPC
DPC::167,Sella di Sompdogna,TARIA2M,24.1,2026-06-21 14:15:00+00:00,46.462104,13.448507,DPC,DPC
DPC::170,Spilimbergo,TARIA2M,34.9,2026-06-21 14:15:00+00:00,46.108589,12.882468,DPC,DPC
DPC::173,Subit di Attimis,TARIA2M,29.2,2026-06-21 14:15:00+00:00,46.204826,13.351728,DPC,DPC
DPC::174,Tarvisio,TARIA2M,28.2,2026-06-21 14:15:00+00:00,46.504294,13.593889,DPC,DPC
DPC::178,Timau,TARIA2M,24.2,2026-06-21 14:15:00+00:00,46.576328649824,13.006825447083,DPC,DPC
DPC::180,Tolmezzo meteo,TARIA2M,31.2,2026-06-21 14:15:00+00:00,46.421783,13.021855,DPC,DPC
DPC::183,Torviscosa,TARIA2M,36.3,2026-06-21 14:15:00+00:00,45.818806,13.275533,DPC,DPC
DPC::184,Tramonti di Sotto,TARIA2M,28.7,2026-06-21 14:15:00+00:00,46.298232,12.793013,DPC,DPC
DPC::185,Tramonti invaso,TARIA2M,27.9,2026-06-21 14:15:00+00:00,46.240651,12.750119,DPC,DPC
DPC::189,Tribil inferiore,TARIA2M,28.0,2026-06-21 14:30:00+00:00,46.119376554462,13.585106728836,DPC,DPC
DPC::19,Campone,TARIA2M,29.0,2026-06-21 14:15:00+00:00,46.259451,12.831403,DPC,DPC
DPC::190,Tricesimo,TARIA2M,33.7,2026-06-21 14:15:00+00:00,46.151582,13.213877,DPC,DPC
DPC::191,Trieste Cattinara,TARIA2M,31.6,2026-06-21 14:15:00+00:00,45.635369,13.83295,DPC,DPC
DPC::193,Uccea,TARIA2M,29.8,2026-06-21 14:15:00+00:00,46.306483,13.400202,DPC,DPC
DPC::194,Udine,TARIA2M,35.3,2026-06-21 14:15:00+00:00,46.064985,13.236595,DPC,DPC
DPC::196,Vacile,TARIA2M,34.6,2026-06-21 14:15:00+00:00,46.144543,12.887664,DPC,DPC
DPC::197,Val dei Sass,TARIA2M,18.8,2026-06-21 14:15:00+00:00,46.114392,12.492302,DPC,DPC
DPC::198,Val Ugovizza,TARIA2M,24.6,2026-06-21 14:15:00+00:00,46.542897,13.474891,DPC,DPC
DPC::2,Alesso,TARIA2M,34.1,2026-06-21 14:00:00+00:00,46.309217,13.055607,DPC,DPC
DPC::201,Villotta di Chions,TARIA2M,35.7,2026-06-21 14:15:00+00:00,45.855064,12.757509,DPC,DPC
DPC::206,Zeglianutto,TARIA2M,33.6,2026-06-21 14:15:00+00:00,46.195981,13.153527,DPC,DPC
DPC::208,Zompitta meteo,TARIA2M,34.5,2026-06-21 14:15:00+00:00,46.171431,13.25473,DPC,DPC
DPC::209,Zuiano,TARIA2M,34.7,2026-06-21 14:15:00+00:00,45.874009,12.713078,DPC,DPC
DPC::21,Casera Pradut,TARIA2M,22.2,2026-06-21 14:00:00+00:00,46.256859,12.563928,DPC,DPC
DPC::210,Capriva,TARIA2M,35.1933333333333,2026-06-21 14:15:00+00:00,45.958076,13.51241,DPC,DPC
DPC::211,Cervignano,TARIA2M,35.22,2026-06-21 14:15:00+00:00,45.849444,13.337006,DPC,DPC
DPC::212,Trieste,TARIA2M,29.8333333333333,2026-06-21 14:15:00+00:00,45.649981,13.752239,DPC,DPC
DPC::213,Lignano,TARIA2M,33.2666666666667,2026-06-21 14:15:00+00:00,45.701878,13.147102,DPC,DPC
DPC::214,Monte Zoncolan,TARIA2M,19.6333333333333,2026-06-21 14:15:00+00:00,46.502413,12.926352,DPC,DPC
DPC::215,Pradamano,TARIA2M,34.6533333333333,2026-06-21 14:15:00+00:00,46.04425,13.302889,DPC,DPC
DPC::216,Lauzacco,TARIA2M,34.6,2026-06-21 14:15:00+00:00,45.981902,13.272524,DPC,DPC
DPC::217,Bicinicco,TARIA2M,34.7133333333333,2026-06-21 14:15:00+00:00,45.928831,13.240113,DPC,DPC
DPC::218,Gorgo,TARIA2M,34.0666666666667,2026-06-21 14:15:00+00:00,45.736014,13.021434,DPC,DPC
DPC::219,Cave del Predil,TARIA2M,27.38,2026-06-21 14:15:00+00:00,46.437058,13.567822,DPC,DPC
DPC::22,Casera Zoufplan bassa,TARIA2M,20.1,2026-06-21 14:00:00+00:00,46.557692,12.983371,DPC,DPC
DPC::221,Musi,TARIA2M,28.3133333333333,2026-06-21 14:15:00+00:00,46.312676,13.274721,DPC,DPC
DPC::222,Chievolis,TARIA2M,26.62,2026-06-21 14:30:00+00:00,46.254593,12.734103,DPC,DPC
DPC::223,San Pietro al Natisone,TARIA2M,34.8266666666667,2026-06-21 14:15:00+00:00,46.114254,13.486846,DPC,DPC
DPC::224,Rivis,TARIA2M,33.98,2026-06-21 14:15:00+00:00,46.009008,12.945618,DPC,DPC
DPC::225,Camino,TARIA2M,34.2533333333333,2026-06-21 14:15:00+00:00,45.919409,12.937408,DPC,DPC
DPC::227,Scedina San Floriano,TARIA2M,33.5,2026-06-21 14:15:00+00:00,45.97707,13.59432,DPC,DPC
DPC::228,Fornace Lucinico,TARIA2M,35.0,2026-06-21 14:15:00+00:00,45.946762,13.565849,DPC,DPC
DPC::229,Nimis Ramandolo,TARIA2M,32.6666666666667,2026-06-21 14:30:00+00:00,46.219088,13.263235,DPC,DPC
DPC::23,Cason di Lanza,TARIA2M,22.9,2026-06-21 14:00:00+00:00,46.567936,13.168694,DPC,DPC
DPC::230,Savorgnano,TARIA2M,34.2,2026-06-21 14:15:00+00:00,46.163634,13.27627,DPC,DPC
DPC::231,Spessa di Cividale,TARIA2M,34.1666666666667,2026-06-21 14:30:00+00:00,46.033379,13.442843,DPC,DPC
DPC::232,Mariano del Friuli,TARIA2M,35.1,2026-06-21 14:30:00+00:00,45.906572,13.453118,DPC,DPC
DPC::233,Cormons Monte,TARIA2M,35.1666666666667,2026-06-21 14:15:00+00:00,45.961144,13.478387,DPC,DPC
DPC::234,Buttrio,TARIA2M,34.4333333333333,2026-06-21 14:15:00+00:00,46.00439,13.35599,DPC,DPC
DPC::235,Dolegnano,TARIA2M,34.8333333333333,2026-06-21 14:30:00+00:00,45.99164,13.41224,DPC,DPC
DPC::236,Premariacco Ipplis,TARIA2M,34.0666666666667,2026-06-21 14:30:00+00:00,46.03814,13.42421,DPC,DPC
DPC::237,Fogliano Redipuglia,TARIA2M,33.7333333333333,2026-06-21 14:15:00+00:00,45.86692,13.47545,DPC,DPC
DPC::238,Caneva,TARIA2M,33.8666666666667,2026-06-21 14:15:00+00:00,45.98485,12.46588,DPC,DPC
DPC::25,Cedarchis,TARIA2M,30.7,2026-06-21 14:15:00+00:00,46.456389,13.035886,DPC,DPC
DPC::28,Cellino,TARIA2M,26.9,2026-06-21 14:00:00+00:00,46.246394,12.471192,DPC,DPC
DPC::3,Alnicco,TARIA2M,33.8,2026-06-21 14:15:00+00:00,46.117875,13.165936,DPC,DPC
DPC::31,Chiout,TARIA2M,28.0,2026-06-21 14:15:00+00:00,46.45213,13.371963,DPC,DPC
DPC::32,Chiusaforte,TARIA2M,29.2,2026-06-21 14:15:00+00:00,46.40467,13.317505,DPC,DPC
DPC::33,Cilia,TARIA2M,28.4,2026-06-21 14:15:00+00:00,46.225803,12.795091,DPC,DPC
DPC::34,Cimolais,TARIA2M,24.1,2026-06-21 14:30:00+00:00,46.285646,12.440843,DPC,DPC
DPC::36,Cividale T. P.,TARIA2M,34.6,2026-06-21 14:15:00+00:00,46.096666,13.41823,DPC,DPC
DPC::37,Clauzetto,TARIA2M,29.9,2026-06-21 14:15:00+00:00,46.229907,12.917954,DPC,DPC
DPC::4,Andreis,TARIA2M,27.0,2026-06-21 14:15:00+00:00,46.198832,12.611949,DPC,DPC
DPC::40,Col della Gallina meteo,TARIA2M,22.9,2026-06-21 14:15:00+00:00,46.055336,12.462044,DPC,DPC
DPC::41,Collalto borgo di sotto,TARIA2M,33.0,2026-06-21 14:15:00+00:00,46.19208,13.203442,DPC,DPC
DPC::42,Collina,TARIA2M,24.4,2026-06-21 14:00:00+00:00,46.585563,12.839013,DPC,DPC
DPC::43,Colloredo di Prato,TARIA2M,34.1,2026-06-21 14:15:00+00:00,46.057162,13.139608,DPC,DPC
DPC::47,Cordenons,TARIA2M,33.7,2026-06-21 14:30:00+00:00,46.009192,12.700403,DPC,DPC
DPC::48,Cormons,TARIA2M,36.0,2026-06-21 14:00:00+00:00,45.976776,13.453358,DPC,DPC
DPC::5,Arba,TARIA2M,32.7,2026-06-21 14:15:00+00:00,46.142589,12.808347,DPC,DPC
DPC::503,Val Sughet,TARIA2M,19.5,2026-06-21 14:30:00+00:00,46.118707,12.505972,DPC,DPC
DPC::504,Trieste Nautico,TARIA2M,31.2866666666667,2026-06-21 14:30:00+00:00,45.647373,13.764613,DPC,DPC
DPC::505,Piancavallo,TARIA2M,23.72,2026-06-21 14:30:00+00:00,46.114924,12.524263,DPC,DPC
DPC::511,Borgo Grotta Gigante,TARIA2M,31.5266666666667,2026-06-21 14:30:00+00:00,45.709423,13.76463,DPC,DPC
DPC::514,Candaglia,TARIA2M,24.4,2026-06-21 14:15:00+00:00,46.064067,12.443082,DPC,DPC
DPC::515,Malghe Mersino,TARIA2M,22.8,2026-06-21 14:15:00+00:00,46.212423,13.524168,DPC,DPC
DPC::516,Montemaggiore,TARIA2M,28.6,2026-06-21 14:15:00+00:00,46.194466,13.532769,DPC,DPC
DPC::517,Palmanova,TARIA2M,35.7,2026-06-21 14:15:00+00:00,45.91118,13.333072,DPC,DPC
DPC::518,Stadio Biathlon Piani di Luzza,TARIA2M,23.4,2026-06-21 14:15:00+00:00,46.571172,12.745465,DPC,DPC
DPC::519,Matajur,TARIA2M,21.1266666666667,2026-06-21 14:00:00+00:00,46.211698,13.529182,DPC,DPC
DPC::52,Doberdò,TARIA2M,30.2,2026-06-21 14:15:00+00:00,45.842959,13.547246,DPC,DPC
DPC::520,Cazzaso,TARIA2M,26.3,2026-06-21 14:15:00+00:00,46.43068,12.99673,DPC,DPC
DPC::521,Fusine Valico,TARIA2M,27.8,2026-06-21 14:15:00+00:00,46.495869,13.68666,DPC,DPC
DPC::522,Claut tre pini,TARIA2M,27.0,2026-06-21 14:15:00+00:00,46.263452,12.500334,DPC,DPC
DPC::523,Malga Valine,TARIA2M,22.6,2026-06-21 14:15:00+00:00,46.236487,12.675633,DPC,DPC
DPC::524,Ravedis invaso,TARIA2M,29.7,2026-06-21 14:15:00+00:00,46.171862,12.656364,DPC,DPC
DPC::527,Monte Lussari,TARIA2M,21.0733333333333,2026-06-21 14:15:00+00:00,46.482062,13.520179,DPC,DPC
DPC::528,Pietratagliata,TARIA2M,25.5,2026-06-21 14:15:00+00:00,46.482524,13.299785,DPC,DPC
DPC::530,Forni di sopra,TARIA2M,24.3866666666667,2026-06-21 14:00:00+00:00,46.409755,12.593751,DPC,DPC
DPC::532,Coritis,TARIA2M,30.1,2026-06-21 14:15:00+00:00,46.347423,13.392928,DPC,DPC
DPC::534,Casera Pieltinis,TARIA2M,19.7,2026-06-21 14:15:00+00:00,46.484141,12.72301,DPC,DPC
DPC::535,Chiansaveit,TARIA2M,19.6,2026-06-21 14:15:00+00:00,46.451796,12.626534,DPC,DPC
DPC::536,Malga Chiampiuz,TARIA2M,19.5,2026-06-21 14:15:00+00:00,46.352878,12.67754,DPC,DPC
DPC::537,Malga Rest,TARIA2M,20.6,2026-06-21 14:15:00+00:00,46.348537,12.79841,DPC,DPC
DPC::538,Rifugio Pussa,TARIA2M,22.1,2026-06-21 14:15:00+00:00,46.345945,12.590436,DPC,DPC
DPC::539,Varmost M.te Simone,TARIA2M,17.2,2026-06-21 14:30:00+00:00,46.45473,12.559611,DPC,DPC
DPC::54,Erto e Casso,TARIA2M,21.2,2026-06-21 14:15:00+00:00,46.277792,12.370662,DPC,DPC
DPC::541,Livinal Lunc,TARIA2M,19.4,2026-06-21 14:15:00+00:00,46.37434,13.47033,DPC,DPC
DPC::542,Sella Nevea,TARIA2M,26.1,2026-06-21 14:15:00+00:00,46.3906,13.47604,DPC,DPC
DPC::543,Sacile,TARIA2M,35.4,2026-06-21 14:15:00+00:00,45.950911,12.502155,DPC,DPC
DPC::544,Prepotto_TS,TARIA2M,31.4,2026-06-21 14:15:00+00:00,45.760264,13.692423,DPC,DPC
DPC::545,Contovello,TARIA2M,30.8,2026-06-21 14:00:00+00:00,45.702031,13.729317,DPC,DPC
DPC::546,Bivacco Bianchi,TARIA2M,20.2,2026-06-21 14:15:00+00:00,46.456698,13.248559,DPC,DPC
DPC::547,Casera del Mestri,TARIA2M,22.5,2026-06-21 14:15:00+00:00,46.48154,13.140573,DPC,DPC
DPC::548,Gran Monte,TARIA2M,22.3,2026-06-21 14:15:00+00:00,46.290642,13.350665,DPC,DPC
DPC::549,Enemonzo,TARIA2M,26.8733333333333,2026-06-21 14:30:00+00:00,46.410423,12.862513,DPC,DPC
DPC::551,Vivaro,TARIA2M,32.9866666666667,2026-06-21 14:15:00+00:00,46.076489,12.768772,DPC,DPC
DPC::552,San Vito al Tagliamento,TARIA2M,34.18,2026-06-21 14:15:00+00:00,45.895674,12.815004,DPC,DPC
DPC::553,Brugnera,TARIA2M,34.6466666666667,2026-06-21 14:15:00+00:00,45.917922,12.544995,DPC,DPC
DPC::554,Gradisca S+M,TARIA2M,35.5733333333333,2026-06-21 14:15:00+00:00,45.889803,13.48185,DPC,DPC
DPC::555,Sgonico,TARIA2M,31.3066666666667,2026-06-21 14:15:00+00:00,45.737831,13.741996,DPC,DPC
DPC::556,Codroipo S+M,TARIA2M,34.4066666666667,2026-06-21 14:15:00+00:00,45.952356,13.002779,DPC,DPC
DPC::558,Udine S+M,TARIA2M,34.3266666666667,2026-06-21 14:15:00+00:00,46.035204,13.226687,DPC,DPC
DPC::559,Talmassons,TARIA2M,35.3133333333333,2026-06-21 14:15:00+00:00,45.882299,13.155793,DPC,DPC
DPC::56,Fagagna,TARIA2M,33.5,2026-06-21 14:00:00+00:00,46.1143,13.09823,DPC,DPC
DPC::560,Palazzolo S+M,TARIA2M,35.1,2026-06-21 14:15:00+00:00,45.805698,13.052581,DPC,DPC
DPC::561,Fossalon,TARIA2M,31.44,2026-06-21 14:15:00+00:00,45.714761,13.45882,DPC,DPC
DPC::562,Gemona S+M,TARIA2M,33.82,2026-06-21 14:15:00+00:00,46.261279,13.12209,DPC,DPC
DPC::563,Cividale S+M,TARIA2M,35.4666666666667,2026-06-21 14:15:00+00:00,46.080373,13.420006,DPC,DPC
DPC::564,Ariis,TARIA2M,33.4533333333333,2026-06-21 14:15:00+00:00,45.871692,13.083567,DPC,DPC
DPC::565,Baldass,TARIA2M,18.8,2026-06-21 14:15:00+00:00,46.243419,12.572656,DPC,DPC
DPC::566,Casera Podestine,TARIA2M,23.1,2026-06-21 14:15:00+00:00,46.297487,12.601825,DPC,DPC
DPC::568,Pala d'Altei,TARIA2M,22.4933333333333,2026-06-21 14:15:00+00:00,46.157276,12.597008,DPC,DPC
DPC::569,Fagagna S+M,TARIA2M,33.9133333333333,2026-06-21 14:15:00+00:00,46.101703,13.0739,DPC,DPC
DPC::570,Tarvisio S+M,TARIA2M,28.5,2026-06-21 14:15:00+00:00,46.510736,13.552011,DPC,DPC
DPC::574,Boa Paloma,TARIA2M,28.4266666666667,2026-06-21 14:15:00+00:00,45.61858,13.5653,DPC,DPC
DPC::578,Grado Boa Meteo,TARIA2M,28.0,2026-06-21 14:15:00+00:00,45.59447,13.34381,DPC,DPC
DPC::580,Attimis B.go Faris,TARIA2M,33.1,2026-06-21 14:15:00+00:00,46.173115,13.317904,DPC,DPC
DPC::581,Clodig,TARIA2M,27.5,2026-06-21 14:15:00+00:00,46.155714,13.592415,DPC,DPC
DPC::582,Savogna,TARIA2M,29.6,2026-06-21 14:15:00+00:00,46.155630081339,13.527176678181,DPC,DPC
DPC::584,Gorgazzo,TARIA2M,33.9,2026-06-21 14:00:00+00:00,46.036896805409,12.496647834778,DPC,DPC
DPC::585,Gorizia ARPA,TARIA2M,35.4,2026-06-21 14:15:00+00:00,45.93043,13.62839,DPC,DPC
DPC::586,Rigolato,TARIA2M,28.5,2026-06-21 14:15:00+00:00,46.554586,12.853858,DPC,DPC
DPC::588,Tarcento Meteo,TARIA2M,33.5,2026-06-21 14:00:00+00:00,46.21651923701,13.224266767502,DPC,DPC
DPC::59,Forcate,TARIA2M,33.9,2026-06-21 14:00:00+00:00,45.998401,12.588671,DPC,DPC
DPC::594,Gorizia Consorzio di Bonifica,TARIA2M,35.2,2026-06-21 14:15:00+00:00,45.93393,13.59649,DPC,DPC
DPC::598,Ampezzo,TARIA2M,28.2,2026-06-21 14:15:00+00:00,46.414287,12.804309,DPC,DPC
DPC::6,Arzenutto,TARIA2M,33.6,2026-06-21 14:30:00+00:00,46.016584,12.870542,DPC,DPC
DPC::60,Forcella Savalons,TARIA2M,15.9,2026-06-21 14:30:00+00:00,46.349772,12.486019,DPC,DPC
DPC::600,Canebola,TARIA2M,29.5,2026-06-21 14:15:00+00:00,46.181545,13.393231,DPC,DPC
DPC::601,Faedis,TARIA2M,34.7733333333333,2026-06-21 14:15:00+00:00,46.1315,13.352652,DPC,DPC
DPC::603,Oseacco,TARIA2M,30.5,2026-06-21 14:15:00+00:00,46.363551,13.313233,DPC,DPC
DPC::604,Passo della Mauria,TARIA2M,16.6,2026-06-21 14:15:00+00:00,46.454024,12.514507,DPC,DPC
DPC::605,Stupizza,TARIA2M,28.2,2026-06-21 14:15:00+00:00,46.201317,13.469899,DPC,DPC
DPC::606,Basovizza,TARIA2M,30.6,2026-06-21 14:30:00+00:00,45.644008,13.876164,DPC,DPC
DPC::607,Pinzano,TARIA2M,33.6,2026-06-21 14:15:00+00:00,46.181142,12.950781,DPC,DPC
DPC::608,Poffabro,TARIA2M,27.9,2026-06-21 14:15:00+00:00,46.215047,12.707587,DPC,DPC
DPC::609,Val Saisera,TARIA2M,29.2,2026-06-21 14:15:00+00:00,46.46771,13.49666,DPC,DPC
DPC::61,Forni Avoltri,TARIA2M,24.8,2026-06-21 14:15:00+00:00,46.586742,12.773752,DPC,DPC
DPC::610,Vedronza,TARIA2M,32.2,2026-06-21 14:15:00+00:00,46.261776,13.256179,DPC,DPC
DPC::612,Comeglians (new),TARIA2M,24.2,2026-06-21 14:30:00+00:00,46.516967210607,12.864919432694,DPC,DPC
DPC::613,Padriciano,TARIA2M,30.1,2026-06-21 14:15:00+00:00,45.65504,13.844509,DPC,DPC
DPC::615,Cavasso Nuovo,TARIA2M,32.8,2026-06-21 14:00:00+00:00,46.194425,12.775264,DPC,DPC
DPC::616,Sauris di sotto,TARIA2M,22.2,2026-06-21 14:15:00+00:00,46.466196,12.710435,DPC,DPC
DPC::62,Forni di sotto,TARIA2M,23.9,2026-06-21 14:15:00+00:00,46.392896,12.714826,DPC,DPC
DPC::627,Amaro,TARIA2M,31.4333333333333,2026-06-21 14:30:00+00:00,46.371503,13.071209,DPC,DPC
DPC::629,Pordenone Comina,TARIA2M,34.6133333333333,2026-06-21 14:00:00+00:00,45.98689,12.65388,DPC,DPC
DPC::63,Fusine Alpe del lago,TARIA2M,25.5,2026-06-21 14:30:00+00:00,46.467944,13.663756,DPC,DPC
DPC::64,Gemona del Friuli,TARIA2M,32.6,2026-06-21 14:15:00+00:00,46.278771,13.141196,DPC,DPC
DPC::65,Gorizia aeroporto,TARIA2M,35.9,2026-06-21 14:00:00+00:00,45.910395,13.595503,DPC,DPC
DPC::69,Grado Meteo,TARIA2M,29.4333333333333,2026-06-21 14:15:00+00:00,45.680255,13.373272,DPC,DPC
DPC::70,Grions,TARIA2M,33.2,2026-06-21 14:15:00+00:00,46.047548,12.981692,DPC,DPC
DPC::72,La Baita Meteo,TARIA2M,33.2,2026-06-21 14:15:00+00:00,45.946833,13.512472,DPC,DPC
DPC::74,Latisana 1,TARIA2M,34.7,2026-06-21 14:15:00+00:00,45.772858,12.996778,DPC,DPC
DPC::75,Lesis (ex Claut),TARIA2M,23.3,2026-06-21 14:15:00+00:00,46.272132,12.5446,DPC,DPC
DPC::76,Lestizza,TARIA2M,34.8,2026-06-21 14:15:00+00:00,45.951091,13.135254,DPC,DPC
DPC::78,Lignano Sabbiadoro,TARIA2M,33.9,2026-06-21 14:15:00+00:00,45.686555,13.121167,DPC,DPC
DPC::8,Aviano,TARIA2M,33.6,2026-06-21 14:00:00+00:00,46.064625,12.603369,DPC,DPC
DPC::80,Magnano in Riviera,TARIA2M,33.3,2026-06-21 14:15:00+00:00,46.228391,13.161542,DPC,DPC
DPC::81,Malborghetto F. Fella,TARIA2M,29.6,2026-06-21 14:15:00+00:00,46.505812,13.440331,DPC,DPC
DPC::82,Malga Acomizza,TARIA2M,20.5,2026-06-21 14:15:00+00:00,46.547986,13.515642,DPC,DPC
DPC::83,Malga Cjariguart,TARIA2M,20.5,2026-06-21 14:30:00+00:00,46.360224,13.187742,DPC,DPC
DPC::84,Malga Plotta,TARIA2M,18.2,2026-06-21 14:15:00+00:00,46.594863,12.8996,DPC,DPC
DPC::85,Maniago,TARIA2M,32.7,2026-06-21 14:15:00+00:00,46.173929,12.718688,DPC,DPC
DPC::89,Meduno,TARIA2M,28.9,2026-06-21 14:15:00+00:00,46.217903,12.77291,DPC,DPC
DPC::9,Azzida,TARIA2M,33.4,2026-06-21 14:00:00+00:00,46.118391,13.494746,DPC,DPC
DPC::90,Moggio Udinese,TARIA2M,31.6,2026-06-21 14:15:00+00:00,46.399703,13.186236,DPC,DPC
DPC::92,Monfalcone,TARIA2M,27.6733333333333,2026-06-21 14:15:00+00:00,45.780302,13.54963,DPC,DPC
DPC::93,Monfalcone pluvio,TARIA2M,29.5,2026-06-21 14:15:00+00:00,45.796465,13.511528,DPC,DPC
DPC::94,Monte Prat,TARIA2M,28.1,2026-06-21 14:15:00+00:00,46.241361,12.993028,DPC,DPC
DPC::95,Muggia,TARIA2M,30.5,2026-06-21 14:15:00+00:00,45.600676,13.775738,DPC,DPC
DPC::96,Mure,TARIA2M,33.9,2026-06-21 14:15:00+00:00,45.840301,12.80522,DPC,DPC
DPC::98,Musi (nivometrica),TARIA2M,26.3,2026-06-21 14:30:00+00:00,46.307212,13.27273,DPC,DPC
ADRIATIC::MH_dpcn-marche_Ancona_Regione,Ancona Regione,PRESS,1011.0,2026-06-21 16:00:00+00:00,43.6103,13.5083,MeteoHub_dpcn-marche,ADRIATIC
ADRIATIC::MH_dpcn-marche_Camerino,Camerino,PRESS,959.0,2026-06-21 16:00:00+00:00,43.1461,13.0661,MeteoHub_dpcn-marche,ADRIATIC
ADRIATIC::MH_dpcn-marche_Colle,Colle,PRESS,984.0,2026-06-21 16:00:00+00:00,43.5347,13.0564,MeteoHub_dpcn-marche,ADRIATIC
ADRIATIC::MH_dpcn-marche_Isola_San_Biagio,Isola San Biagio,PRESS,886.0,2026-06-21 16:00:00+00:00,42.9181,13.2989,MeteoHub_dpcn-marche,ADRIATIC
ADRIATIC::MH_dpcn-marche_Monte_Bove_Sud,Monte Bove Sud,PRESS,821.0,2026-06-21 16:00:00+00:00,42.9119,13.1892,MeteoHub_dpcn-marche,ADRIATIC
ADRIATIC::MH_dpcn-marche_Monte_Prata,Monte Prata,PRESS,838.0,2026-06-21 16:00:00+00:00,42.8736,13.205,MeteoHub_dpcn-marche,ADRIATIC
ADRIATIC::MH_dpcn-marche_Pennabilli,Pennabilli,PRESS,950.5,2026-06-21 16:00:00+00:00,43.81972,12.27417,MeteoHub_dpcn-marche,ADRIATIC
ADRIATIC::MH_dpcn-marche_Pintura_di_Bolognola,Pintura di Bolognola,PRESS,876.0,2026-06-21 16:00:00+00:00,42.9911,13.2392,MeteoHub_dpcn-marche,ADRIATIC
ADRIATIC::MH_dpcn-marche_Pizzo_Tre_Vescovi,Pizzo Tre Vescovi,PRESS,836.0,2026-06-21 16:00:00+00:00,42.9539,13.205,MeteoHub_dpcn-marche,ADRIATIC
ADRIATIC::MH_dpcn-marche_Porto_S.Elpidio,Porto S.Elpidio,PRESS,1022.0,2026-06-21 16:00:00+00:00,43.23261,13.77223,MeteoHub_dpcn-marche,ADRIATIC
ADRIATIC::MH_dpcn-marche_San_Benedetto,San Benedetto,PRESS,1021.0,2026-06-21 16:00:00+00:00,42.9333,13.8892,MeteoHub_dpcn-marche,ADRIATIC
ADRIATIC::MH_dpcn-marche_Sassotetto,Sassotetto,PRESS,876.0,2026-06-21 16:00:00+00:00,43.0067,13.2417,MeteoHub_dpcn-marche,ADRIATIC
ADRIATIC::MH_dpcn-marche_Sibilla,Sibilla,PRESS,838.0,2026-06-21 16:00:00+00:00,42.895,13.27,MeteoHub_dpcn-marche,ADRIATIC
ADRIATIC::MH_dpcn-marche_Urbino,Urbino,PRESS,966.0,2026-06-21 16:00:00+00:00,43.7233,12.6369,MeteoHub_dpcn-marche,ADRIATIC
ADRIATIC::MH_dpcn-marche_Villa_Fastiggi,Villa Fastiggi,PRESS,1018.0,2026-06-21 16:00:00+00:00,43.8906,12.8694,MeteoHub_dpcn-marche,ADRIATIC
ARPAE::STA_43.8199_12.2741,ARPAE Station STA_43.8199_12.2741,PRESS,950.9,2026-06-21 13:30:00+00:00,43.81986,12.27411,ARPAE,ARPAE
ARPAE::STA_43.8701_11.8387,ARPAE Station STA_43.8701_11.8387,PRESS,958.7,2026-06-21 13:00:00+00:00,43.87008,11.83866,ARPAE,ARPAE
ARPAE::STA_43.9252_11.8919,ARPAE Station STA_43.9252_11.8919,PRESS,985.0,2026-06-21 13:00:00+00:00,43.92525,11.89186,ARPAE,ARPAE
ARPAE::STA_44.0608_11.3976,ARPAE Station STA_44.0608_11.3976,PRESS,941.6,2026-06-21 13:30:00+00:00,44.06085,11.39765,ARPAE,ARPAE
ARPAE::STA_44.1483_11.6914,ARPAE Station STA_44.1483_11.6914,PRESS,995.5,2026-06-21 13:30:00+00:00,44.14833,11.69139,ARPAE,ARPAE
ARPAE::STA_44.199_12.3948,ARPAE Station STA_44.199_12.3948,PRESS,1020.7,2026-06-21 13:25:00+00:00,44.19901,12.39485,ARPAE,ARPAE
ARPAE::STA_44.2609_11.3282,ARPAE Station STA_44.2609_11.3282,PRESS,939.6,2026-06-21 13:00:00+00:00,44.26086,11.32819,ARPAE,ARPAE
ARPAE::STA_44.4177_11.9133,ARPAE Station STA_44.4177_11.9133,PRESS,1017.5,2026-06-21 12:30:00+00:00,44.4177,11.91331,ARPAE,ARPAE
ARPAE::STA_44.4997_11.3461,ARPAE Station STA_44.4997_11.3461,PRESS,1011.7,2026-06-21 13:30:00+00:00,44.49972,11.34611,ARPAE,ARPAE
ARPAE::STA_44.6538_11.6226,ARPAE Station STA_44.6538_11.6226,PRESS,1020.3,2026-06-21 13:30:00+00:00,44.65378,11.62264,ARPAE,ARPAE
ARPAE::STA_44.6767_12.2494,ARPAE Station STA_44.6767_12.2494,PRESS,1021.2,2026-06-21 13:15:00+00:00,44.67667,12.24944,ARPAE,ARPAE
ARPAE::STA_44.6884_12.2116,ARPAE Station STA_44.6884_12.2116,PRESS,1022.5,2026-06-21 13:30:00+00:00,44.6884,12.21161,ARPAE,ARPAE
ARPAV::101,Porto Tolle - Pradon,PRESS,1020.6,2026-06-21 14:00:00+00:00,44.9173386,12.36910037,ARPAV,ARPAV
ARPAV::118,Bardolino - Calmasino,PRESS,1021.0,2026-06-21 14:00:00+00:00,45.51796066,10.7659099,ARPAV,ARPAV
ARPAV::134,Malo,PRESS,1021.3,2026-06-21 14:00:00+00:00,45.66931288,11.46439144,ARPAV,ARPAV
ARPAV::160,Cavallino Treporti,PRESS,1021.3,2026-06-21 14:00:00+00:00,45.45871531,12.48626171,ARPAV,ARPAV
ARPAV::170,Teolo,PRESS,1021.3,2026-06-21 14:00:00+00:00,45.34272761,11.67713457,ARPAV,ARPAV
ARPAV::218,Asiago - aeroporto,PRESS,1020.7,2026-06-21 14:00:00+00:00,45.88342502,11.51100804,ARPAV,ARPAV
ARPAV::220,Treviso,PRESS,1020.9,2026-06-21 14:00:00+00:00,45.68093386,12.22154715,ARPAV,ARPAV
ARPAV::252,Venezia - Istituto Cavanis,PRESS,1021.2,2026-06-21 14:00:00+00:00,45.42996715,12.32809643,ARPAV,ARPAV
ARPAV::264,Belluno - aeroporto,PRESS,1021.1,2026-06-21 14:00:00+00:00,46.16467858,12.24470834,ARPAV,ARPAV
ARPAV::347,Passo Falzarego nivo (Q1988),PRESS,1018.9,2026-06-21 14:00:00+00:00,46.52016977,12.02802485,ARPAV,ARPAV
ARPAV::384,Col dei Baldi,PRESS,1020.0,2026-06-21 14:00:00+00:00,46.41521667,12.07313333,ARPAV,ARPAV
ARPAV::386,Monte Lisser,PRESS,1019.5,2026-06-21 14:00:00+00:00,45.95425001,11.65097222,ARPAV,ARPAV
ARPAV::387,Monte Baldo,PRESS,1017.0,2026-06-21 14:00:00+00:00,45.77313889,10.86569445,ARPAV,ARPAV
ARPAV::391,Monte Grappa,PRESS,1018.6,2026-06-21 14:00:00+00:00,45.86939886,11.78246745,ARPAV,ARPAV
ARPAV::662,Eraclea - Torre di Fine,PRESS,1021.2,2026-06-21 14:00:00+00:00,45.57572,12.79133,ARPAV,ARPAV
ARPAV::663,Pila - Porto Peschereccio (Porto Tolle),PRESS,1018.0,2026-06-21 14:00:00+00:00,44.978047,12.479594,ARPAV,ARPAV
ADRIATIC::MH_dpcn-marche_Ancona_Regione,Ancona Regione,VV,1.6,2026-06-21 16:00:00+00:00,43.6103,13.5083,MeteoHub_dpcn-marche,ADRIATIC
ADRIATIC::MH_dpcn-marche_Camerino,Camerino,VV,1.8,2026-06-21 16:00:00+00:00,43.1461,13.0661,MeteoHub_dpcn-marche,ADRIATIC
ADRIATIC::MH_dpcn-marche_Colle,Colle,VV,1.0,2026-06-21 16:00:00+00:00,43.5347,13.0564,MeteoHub_dpcn-marche,ADRIATIC
ADRIATIC::MH_dpcn-marche_Isola_San_Biagio,Isola San Biagio,VV,1.3,2026-06-21 16:00:00+00:00,42.9181,13.2989,MeteoHub_dpcn-marche,ADRIATIC
ADRIATIC::MH_dpcn-marche_Monte_Bove_Sud,Monte Bove Sud,VV,5.5,2026-06-21 16:00:00+00:00,42.9119,13.1892,MeteoHub_dpcn-marche,ADRIATIC
ADRIATIC::MH_dpcn-marche_Monte_Nerone,Monte Nerone,VV,3.0,2026-06-21 16:00:00+00:00,43.55328,12.52087,MeteoHub_dpcn-marche,ADRIATIC
ADRIATIC::MH_dpcn-marche_Monte_Prata,Monte Prata,VV,1.7,2026-06-21 16:00:00+00:00,42.8736,13.205,MeteoHub_dpcn-marche,ADRIATIC
ADRIATIC::MH_dpcn-marche_Pennabilli,Pennabilli,VV,1.6,2026-06-21 16:00:00+00:00,43.81972,12.27417,MeteoHub_dpcn-marche,ADRIATIC
ADRIATIC::MH_dpcn-marche_Pintura_di_Bolognola,Pintura di Bolognola,VV,3.9,2026-06-21 16:00:00+00:00,42.9911,13.2392,MeteoHub_dpcn-marche,ADRIATIC
ADRIATIC::MH_dpcn-marche_Pizzo_Tre_Vescovi,Pizzo Tre Vescovi,VV,1.0,2026-06-21 16:00:00+00:00,42.9539,13.205,MeteoHub_dpcn-marche,ADRIATIC
ADRIATIC::MH_dpcn-marche_Porto_S.Elpidio,Porto S.Elpidio,VV,1.0,2026-06-21 16:00:00+00:00,43.23261,13.77223,MeteoHub_dpcn-marche,ADRIATIC
ADRIATIC::MH_dpcn-marche_San_Benedetto,San Benedetto,VV,1.3,2026-06-21 16:00:00+00:00,42.9333,13.8892,MeteoHub_dpcn-marche,ADRIATIC
ADRIATIC::MH_dpcn-marche_Sassotetto,Sassotetto,VV,0.7,2026-06-21 16:00:00+00:00,43.0067,13.2417,MeteoHub_dpcn-marche,ADRIATIC
ADRIATIC::MH_dpcn-marche_Sibilla,Sibilla,VV,1.9,2026-06-21 16:00:00+00:00,42.895,13.27,MeteoHub_dpcn-marche,ADRIATIC
ADRIATIC::MH_dpcn-marche_Urbino,Urbino,VV,0.7,2026-06-21 16:00:00+00:00,43.7233,12.6369,MeteoHub_dpcn-marche,ADRIATIC
ADRIATIC::MH_dpcn-marche_Villa_Fastiggi,Villa Fastiggi,VV,0.7,2026-06-21 16:00:00+00:00,43.8906,12.8694,MeteoHub_dpcn-marche,ADRIATIC
ARPAE::STA_43.8199_12.2741,ARPAE Station STA_43.8199_12.2741,VV,1.8,2026-06-21 13:30:00+00:00,43.81986,12.27411,ARPAE,ARPAE
ARPAE::STA_43.9525_12.5362,ARPAE Station STA_43.9525_12.5362,VV,1.5,2026-06-21 13:30:00+00:00,43.95249,12.53622,ARPAE,ARPAE
ARPAE::STA_44.0592_12.5735,ARPAE Station STA_44.0592_12.5735,VV,1.3,2026-06-21 13:30:00+00:00,44.05919,12.57354,ARPAE,ARPAE
ARPAE::STA_44.2157_11.2568,ARPAE Station STA_44.2157_11.2568,VV,1.3,2026-06-21 13:30:00+00:00,44.21571,11.25681,ARPAE,ARPAE
ARPAE::STA_44.2878_11.1131,ARPAE Station STA_44.2878_11.1131,VV,0.7000000000000001,2026-06-21 13:30:00+00:00,44.2878,11.11313,ARPAE,ARPAE
ARPAE::STA_44.3468_11.0846,ARPAE Station STA_44.3468_11.0846,VV,1.0,2026-06-21 13:30:00+00:00,44.3468,11.08455,ARPAE,ARPAE
ARPAE::STA_44.3616_11.9219,ARPAE Station STA_44.3616_11.9219,VV,2.2,2026-06-21 13:30:00+00:00,44.36161,11.92193,ARPAE,ARPAE
ARPAE::STA_44.4027_11.4621,ARPAE Station STA_44.4027_11.4621,VV,0.9,2026-06-21 13:30:00+00:00,44.40274,11.46209,ARPAE,ARPAE
ARPAE::STA_44.4942_11.3468,ARPAE Station STA_44.4942_11.3468,VV,2.0,2026-06-21 13:30:00+00:00,44.4942,11.34677,ARPAE,ARPAE
ARPAE::STA_44.5035_11.0036,ARPAE Station STA_44.5035_11.0036,VV,1.3,2026-06-21 13:30:00+00:00,44.50354,11.00357,ARPAE,ARPAE
ARPAE::STA_44.5484_11.3674,ARPAE Station STA_44.5484_11.3674,VV,1.0,2026-06-21 13:30:00+00:00,44.54841,11.36743,ARPAE,ARPAE
ARPAE::STA_44.5734_12.1013,ARPAE Station STA_44.5734_12.1013,VV,2.1,2026-06-21 13:30:00+00:00,44.57337,12.10134,ARPAE,ARPAE
ARPAE::STA_44.6538_11.6226,ARPAE Station STA_44.6538_11.6226,VV,0.0,2026-06-21 13:30:00+00:00,44.65378,11.62264,ARPAE,ARPAE
ARPAE::STA_44.6539_11.2686,ARPAE Station STA_44.6539_11.2686,VV,0.4,2026-06-21 13:30:00+00:00,44.6539,11.2686,ARPAE,ARPAE
ARPAE::STA_44.6767_12.2494,ARPAE Station STA_44.6767_12.2494,VV,4.5,2026-06-21 13:15:00+00:00,44.67667,12.24944,ARPAE,ARPAE
ARPAE::STA_44.6884_12.2116,ARPAE Station STA_44.6884_12.2116,VV,1.6,2026-06-21 13:30:00+00:00,44.6884,12.21161,ARPAE,ARPAE
ARPAE::STA_44.8138_12.2483,ARPAE Station STA_44.8138_12.2483,VV,3.0,2026-06-21 13:30:00+00:00,44.81376,12.24834,ARPAE,ARPAE
ARPAE::STA_44.8325_11.6211,ARPAE Station STA_44.8325_11.6211,VV,1.1,2026-06-21 13:30:00+00:00,44.8325,11.62114,ARPAE,ARPAE
ARPAE::STA_44.8391_11.284,ARPAE Station STA_44.8391_11.284,VV,1.3,2026-06-21 13:30:00+00:00,44.83906,11.28402,ARPAE,ARPAE
ARPAE::STA_44.8589_11.6562,ARPAE Station STA_44.8589_11.6562,VV,1.5,2026-06-21 13:30:00+00:00,44.85892,11.65625,ARPAE,ARPAE
DPC::10,Barcis,VV,0.106666666666667,2026-06-21 14:15:00+00:00,46.192811,12.563615,DPC,DPC
DPC::101,Orzano,VV,0.2,2026-06-21 14:15:00+00:00,46.06176,13.357942,DPC,DPC
DPC::102,Osoppo,VV,3.9,2026-06-21 14:15:00+00:00,46.236426,13.071473,DPC,DPC
DPC::107,Pantianicco,VV,3.3,2026-06-21 14:15:00+00:00,46.014152,13.039319,DPC,DPC
DPC::108,Passo Pramollo,VV,1.8,2026-06-21 14:15:00+00:00,46.559887,13.275248,DPC,DPC
DPC::109,Passo Predil,VV,0.7,2026-06-21 14:15:00+00:00,46.419232,13.573856,DPC,DPC
DPC::131,Pordenone meteo,VV,1.7,2026-06-21 14:15:00+00:00,45.958694,12.649633,DPC,DPC
DPC::136,Pramosio,VV,0.8,2026-06-21 14:15:00+00:00,46.587240514442,13.02948474884,DPC,DPC
DPC::142,Prescudin,VV,0.2,2026-06-21 14:30:00+00:00,46.192728,12.489222,DPC,DPC
DPC::143,Prosecco,VV,2.1,2026-06-21 14:00:00+00:00,45.703935,13.756735,DPC,DPC
DPC::148,Rest,VV,5.9,2026-06-21 14:15:00+00:00,46.35198,12.802418,DPC,DPC
DPC::149,Rifugio Maniago,VV,0.9,2026-06-21 14:30:00+00:00,46.321547,12.394367,DPC,DPC
DPC::150,Rifugio Marinelli,VV,0.8,2026-06-21 14:15:00+00:00,46.595027,12.894828,DPC,DPC
DPC::151,Rifugio Pordenone,VV,1.9,2026-06-21 14:15:00+00:00,46.378862,12.489489,DPC,DPC
DPC::154,Sant'Andrat del Cormor,VV,3.0,2026-06-21 14:15:00+00:00,45.914405,13.161958,DPC,DPC
DPC::163,San Simeone Meteo,VV,4.4,2026-06-21 14:15:00+00:00,46.344524,13.10502,DPC,DPC
DPC::167,Sella di Sompdogna,VV,0.2,2026-06-21 14:15:00+00:00,46.462104,13.448507,DPC,DPC
DPC::180,Tolmezzo meteo,VV,2.4,2026-06-21 14:15:00+00:00,46.421783,13.021855,DPC,DPC
DPC::183,Torviscosa,VV,3.1,2026-06-21 14:15:00+00:00,45.818806,13.275533,DPC,DPC
DPC::191,Trieste Cattinara,VV,1.7,2026-06-21 14:15:00+00:00,45.635369,13.83295,DPC,DPC
DPC::197,Val dei Sass,VV,3.9,2026-06-21 14:15:00+00:00,46.114392,12.492302,DPC,DPC
DPC::208,Zompitta meteo,VV,0.9,2026-06-21 14:15:00+00:00,46.171431,13.25473,DPC,DPC
DPC::21,Casera Pradut,VV,2.1,2026-06-21 14:00:00+00:00,46.256859,12.563928,DPC,DPC
DPC::210,Capriva,VV,1.53333333333333,2026-06-21 14:15:00+00:00,45.958076,13.51241,DPC,DPC
DPC::211,Cervignano,VV,2.0,2026-06-21 14:15:00+00:00,45.849444,13.337006,DPC,DPC
DPC::212,Trieste,VV,0.76,2026-06-21 14:15:00+00:00,45.649981,13.752239,DPC,DPC
DPC::213,Lignano,VV,4.30666666666667,2026-06-21 14:15:00+00:00,45.701878,13.147102,DPC,DPC
DPC::214,Monte Zoncolan,VV,2.84,2026-06-21 14:15:00+00:00,46.502413,12.926352,DPC,DPC
DPC::215,Pradamano,VV,2.72,2026-06-21 14:15:00+00:00,46.04425,13.302889,DPC,DPC
DPC::216,Lauzacco,VV,2.3,2026-06-21 14:15:00+00:00,45.981902,13.272524,DPC,DPC
DPC::218,Gorgo,VV,2.32,2026-06-21 14:15:00+00:00,45.736014,13.021434,DPC,DPC
DPC::22,Casera Zoufplan bassa,VV,2.5,2026-06-21 14:00:00+00:00,46.557692,12.983371,DPC,DPC
DPC::223,San Pietro al Natisone,VV,1.51333333333333,2026-06-21 14:15:00+00:00,46.114254,13.486846,DPC,DPC
DPC::228,Fornace Lucinico,VV,0.566666666666667,2026-06-21 14:15:00+00:00,45.946762,13.565849,DPC,DPC
DPC::23,Cason di Lanza,VV,1.7,2026-06-21 14:00:00+00:00,46.567936,13.168694,DPC,DPC
DPC::232,Mariano del Friuli,VV,1.66666666666667,2026-06-21 14:30:00+00:00,45.906572,13.453118,DPC,DPC
DPC::237,Fogliano Redipuglia,VV,1.26666666666667,2026-06-21 14:15:00+00:00,45.86692,13.47545,DPC,DPC
DPC::33,Cilia,VV,0.5,2026-06-21 14:15:00+00:00,46.225803,12.795091,DPC,DPC
DPC::36,Cividale T. P.,VV,2.0,2026-06-21 14:15:00+00:00,46.096666,13.41823,DPC,DPC
DPC::40,Col della Gallina meteo,VV,2.7,2026-06-21 14:15:00+00:00,46.055336,12.462044,DPC,DPC
DPC::47,Cordenons,VV,1.9,2026-06-21 14:30:00+00:00,46.009192,12.700403,DPC,DPC
DPC::48,Cormons,VV,1.5,2026-06-21 14:00:00+00:00,45.976776,13.453358,DPC,DPC
DPC::5,Arba,VV,1.3,2026-06-21 14:15:00+00:00,46.142589,12.808347,DPC,DPC
DPC::500,Muggia S+M,VV,1.48666666666667,2026-06-21 14:30:00+00:00,45.610448,13.752571,DPC,DPC
DPC::503,Val Sughet,VV,3.5,2026-06-21 14:30:00+00:00,46.118707,12.505972,DPC,DPC
DPC::504,Trieste Nautico,VV,1.49333333333333,2026-06-21 14:30:00+00:00,45.647373,13.764613,DPC,DPC
DPC::505,Piancavallo,VV,0.993333333333333,2026-06-21 14:30:00+00:00,46.114924,12.524263,DPC,DPC
DPC::511,Borgo Grotta Gigante,VV,1.87333333333333,2026-06-21 14:30:00+00:00,45.709423,13.76463,DPC,DPC
DPC::514,Candaglia,VV,0.7,2026-06-21 14:15:00+00:00,46.064067,12.443082,DPC,DPC
DPC::517,Palmanova,VV,2.5,2026-06-21 14:15:00+00:00,45.91118,13.333072,DPC,DPC
DPC::518,Stadio Biathlon Piani di Luzza,VV,0.9,2026-06-21 14:15:00+00:00,46.571172,12.745465,DPC,DPC
DPC::519,Matajur,VV,2.88666666666667,2026-06-21 14:00:00+00:00,46.211698,13.529182,DPC,DPC
DPC::52,Doberdò,VV,2.9,2026-06-21 14:15:00+00:00,45.842959,13.547246,DPC,DPC
DPC::521,Fusine Valico,VV,1.3,2026-06-21 14:15:00+00:00,46.495869,13.68666,DPC,DPC
DPC::523,Malga Valine,VV,0.7,2026-06-21 14:15:00+00:00,46.236487,12.675633,DPC,DPC
DPC::524,Ravedis invaso,VV,1.4,2026-06-21 14:15:00+00:00,46.171862,12.656364,DPC,DPC
DPC::527,Monte Lussari,VV,2.11333333333333,2026-06-21 14:15:00+00:00,46.482062,13.520179,DPC,DPC
DPC::528,Pietratagliata,VV,0.7,2026-06-21 14:15:00+00:00,46.482524,13.299785,DPC,DPC
DPC::530,Forni di sopra,VV,3.35333333333333,2026-06-21 14:00:00+00:00,46.409755,12.593751,DPC,DPC
DPC::534,Casera Pieltinis,VV,0.8,2026-06-21 14:15:00+00:00,46.484141,12.72301,DPC,DPC
DPC::535,Chiansaveit,VV,0.2,2026-06-21 14:15:00+00:00,46.451796,12.626534,DPC,DPC
DPC::536,Malga Chiampiuz,VV,2.3,2026-06-21 14:15:00+00:00,46.352878,12.67754,DPC,DPC
DPC::537,Malga Rest,VV,2.8,2026-06-21 14:15:00+00:00,46.348537,12.79841,DPC,DPC
DPC::538,Rifugio Pussa,VV,0.8,2026-06-21 14:15:00+00:00,46.345945,12.590436,DPC,DPC
DPC::539,Varmost M.te Simone,VV,1.2,2026-06-21 14:30:00+00:00,46.45473,12.559611,DPC,DPC
DPC::54,Erto e Casso,VV,1.3,2026-06-21 14:15:00+00:00,46.277792,12.370662,DPC,DPC
DPC::541,Livinal Lunc,VV,1.8,2026-06-21 14:15:00+00:00,46.37434,13.47033,DPC,DPC
DPC::546,Bivacco Bianchi,VV,1.0,2026-06-21 14:15:00+00:00,46.456698,13.248559,DPC,DPC
DPC::547,Casera del Mestri,VV,1.2,2026-06-21 14:15:00+00:00,46.48154,13.140573,DPC,DPC
DPC::548,Gran Monte,VV,0.8,2026-06-21 14:15:00+00:00,46.290642,13.350665,DPC,DPC
DPC::549,Enemonzo,VV,2.67333333333333,2026-06-21 14:30:00+00:00,46.410423,12.862513,DPC,DPC
DPC::551,Vivaro,VV,2.14,2026-06-21 14:15:00+00:00,46.076489,12.768772,DPC,DPC
DPC::552,San Vito al Tagliamento,VV,2.51333333333333,2026-06-21 14:15:00+00:00,45.895674,12.815004,DPC,DPC
DPC::553,Brugnera,VV,2.35333333333333,2026-06-21 14:15:00+00:00,45.917922,12.544995,DPC,DPC
DPC::554,Gradisca S+M,VV,3.39333333333333,2026-06-21 14:15:00+00:00,45.889803,13.48185,DPC,DPC
DPC::555,Sgonico,VV,1.6,2026-06-21 14:15:00+00:00,45.737831,13.741996,DPC,DPC
DPC::556,Codroipo S+M,VV,1.30666666666667,2026-06-21 14:15:00+00:00,45.952356,13.002779,DPC,DPC
DPC::558,Udine S+M,VV,2.94,2026-06-21 14:15:00+00:00,46.035204,13.226687,DPC,DPC
DPC::559,Talmassons,VV,3.35333333333333,2026-06-21 14:15:00+00:00,45.882299,13.155793,DPC,DPC
DPC::560,Palazzolo S+M,VV,3.38,2026-06-21 14:15:00+00:00,45.805698,13.052581,DPC,DPC
DPC::561,Fossalon,VV,3.91333333333333,2026-06-21 14:15:00+00:00,45.714761,13.45882,DPC,DPC
DPC::562,Gemona S+M,VV,2.77333333333333,2026-06-21 14:15:00+00:00,46.261279,13.12209,DPC,DPC
DPC::563,Cividale S+M,VV,1.84,2026-06-21 14:15:00+00:00,46.080373,13.420006,DPC,DPC
DPC::565,Baldass,VV,1.7,2026-06-21 14:15:00+00:00,46.243419,12.572656,DPC,DPC
DPC::566,Casera Podestine,VV,0.0,2026-06-21 14:15:00+00:00,46.297487,12.601825,DPC,DPC
DPC::568,Pala d'Altei,VV,3.24,2026-06-21 14:15:00+00:00,46.157276,12.597008,DPC,DPC
DPC::569,Fagagna S+M,VV,3.28666666666667,2026-06-21 14:15:00+00:00,46.101703,13.0739,DPC,DPC
DPC::570,Tarvisio S+M,VV,3.1,2026-06-21 14:15:00+00:00,46.510736,13.552011,DPC,DPC
DPC::574,Boa Paloma,VV,4.96,2026-06-21 14:15:00+00:00,45.61858,13.5653,DPC,DPC
DPC::578,Grado Boa Meteo,VV,3.2,2026-06-21 14:15:00+00:00,45.59447,13.34381,DPC,DPC
DPC::60,Forcella Savalons,VV,0.5,2026-06-21 14:30:00+00:00,46.349772,12.486019,DPC,DPC
DPC::601,Faedis,VV,1.2,2026-06-21 14:15:00+00:00,46.1315,13.352652,DPC,DPC
DPC::627,Amaro,VV,1.74,2026-06-21 14:30:00+00:00,46.371503,13.071209,DPC,DPC
DPC::629,Pordenone Comina,VV,2.63333333333333,2026-06-21 14:00:00+00:00,45.98689,12.65388,DPC,DPC
DPC::63,Fusine Alpe del lago,VV,0.9,2026-06-21 14:30:00+00:00,46.467944,13.663756,DPC,DPC
DPC::65,Gorizia aeroporto,VV,2.0,2026-06-21 14:00:00+00:00,45.910395,13.595503,DPC,DPC
DPC::69,Grado Meteo,VV,5.4,2026-06-21 14:15:00+00:00,45.680255,13.373272,DPC,DPC
DPC::72,La Baita Meteo,VV,0.6,2026-06-21 14:15:00+00:00,45.946833,13.512472,DPC,DPC
DPC::74,Latisana 1,VV,1.5,2026-06-21 14:15:00+00:00,45.772858,12.996778,DPC,DPC
DPC::76,Lestizza,VV,2.8,2026-06-21 14:15:00+00:00,45.951091,13.135254,DPC,DPC
DPC::78,Lignano Sabbiadoro,VV,2.6,2026-06-21 14:15:00+00:00,45.686555,13.121167,DPC,DPC
DPC::82,Malga Acomizza,VV,5.1,2026-06-21 14:15:00+00:00,46.547986,13.515642,DPC,DPC
DPC::83,Malga Cjariguart,VV,2.3,2026-06-21 14:30:00+00:00,46.360224,13.187742,DPC,DPC
DPC::84,Malga Plotta,VV,0.3,2026-06-21 14:15:00+00:00,46.594863,12.8996,DPC,DPC
DPC::92,Monfalcone,VV,6.12666666666667,2026-06-21 14:15:00+00:00,45.780302,13.54963,DPC,DPC
DPC::94,Monte Prat,VV,3.6,2026-06-21 14:15:00+00:00,46.241361,12.993028,DPC,DPC
ARPAV::100,Conegliano,UMID2M,38.0,2026-06-21 14:00:00+00:00,45.88132477,12.28232702,ARPAV,ARPAV
ARPAV::101,Porto Tolle - Pradon,UMID2M,53.0,2026-06-21 14:00:00+00:00,44.9173386,12.36910037,ARPAV,ARPAV
ARPAV::102,Castelfranco Veneto,UMID2M,38.0,2026-06-21 14:00:00+00:00,45.69492112,11.94778216,ARPAV,ARPAV
ARPAV::104,Villafranca di Verona,UMID2M,42.0,2026-06-21 14:00:00+00:00,45.3724202,10.83262812,ARPAV,ARPAV
ARPAV::105,Lonigo,UMID2M,40.0,2026-06-21 14:00:00+00:00,45.39045584,11.37964132,ARPAV,ARPAV
ARPAV::106,Montagnana,UMID2M,34.0,2026-06-21 14:00:00+00:00,45.24776886,11.4227919,ARPAV,ARPAV
ARPAV::108,Salizzole,UMID2M,37.0,2026-06-21 14:00:00+00:00,45.22973697,11.10933964,ARPAV,ARPAV
ARPAV::110,Cittadella,UMID2M,39.0,2026-06-21 14:00:00+00:00,45.65219,11.82044,ARPAV,ARPAV
ARPAV::111,Legnaro,UMID2M,29.0,2026-06-21 14:00:00+00:00,45.34701615,11.94947073,ARPAV,ARPAV
ARPAV::112,Rosolina - Po di Tramontana,UMID2M,45.0,2026-06-21 14:00:00+00:00,45.07114136,12.26177816,ARPAV,ARPAV
ARPAV::113,Castelnovo Bariano,UMID2M,33.0,2026-06-21 14:00:00+00:00,45.03101641,11.30253145,ARPAV,ARPAV
ARPAV::114,Villadose,UMID2M,28.0,2026-06-21 14:00:00+00:00,45.07144877,11.92220596,ARPAV,ARPAV
ARPAV::115,Adria - Bellombra,UMID2M,38.0,2026-06-21 14:00:00+00:00,45.01567605,12.0076803,ARPAV,ARPAV
ARPAV::116,Frassinelle Polesine,UMID2M,31.0,2026-06-21 14:00:00+00:00,44.99058314,11.6786399,ARPAV,ARPAV
ARPAV::117,Sorga',UMID2M,38.0,2026-06-21 14:00:00+00:00,45.21753966,11.00830055,ARPAV,ARPAV
ARPAV::118,Bardolino - Calmasino,UMID2M,42.0,2026-06-21 14:00:00+00:00,45.51796066,10.7659099,ARPAV,ARPAV
ARPAV::119,Roverchiara,UMID2M,48.0,2026-06-21 14:00:00+00:00,45.2658043,11.25118706,ARPAV,ARPAV
ARPAV::120,Dolce',UMID2M,36.0,2026-06-21 14:00:00+00:00,45.59957097,10.84874997,ARPAV,ARPAV
ARPAV::121,Lusia,UMID2M,36.0,2026-06-21 14:00:00+00:00,45.09241907,11.63364487,ARPAV,ARPAV
ARPAV::122,Trebaseleghe,UMID2M,50.0,2026-06-21 14:00:00+00:00,45.60240419,12.02573694,ARPAV,ARPAV
ARPAV::123,Arcole,UMID2M,41.0,2026-06-21 14:00:00+00:00,45.37550277,11.29582046,ARPAV,ARPAV
ARPAV::124,Marano di Valpolicella,UMID2M,39.0,2026-06-21 14:00:00+00:00,45.54788884,10.92332541,ARPAV,ARPAV
ARPAV::125,San Pietro in Cariano,UMID2M,43.0,2026-06-21 14:00:00+00:00,45.50931262,10.88807026,ARPAV,ARPAV
ARPAV::126,Illasi,UMID2M,34.0,2026-06-21 14:00:00+00:00,45.46030398,11.17156147,ARPAV,ARPAV
ARPAV::127,Buttapietra,UMID2M,38.0,2026-06-21 14:00:00+00:00,45.35084342,11.01059728,ARPAV,ARPAV
ARPAV::128,Grezzana,UMID2M,35.0,2026-06-21 14:00:00+00:00,45.50976063,11.0135023,ARPAV,ARPAV
ARPAV::129,Castelnuovo del Garda,UMID2M,39.0,2026-06-21 14:00:00+00:00,45.45487236,10.77166288,ARPAV,ARPAV
ARPAV::131,Vangadizza (Legnago),UMID2M,39.0,2026-06-21 14:00:00+00:00,45.15740933,11.28774164,ARPAV,ARPAV
ARPAV::132,Pescul,UMID2M,65.0,2026-06-21 14:00:00+00:00,46.4371972,12.06900907,ARPAV,ARPAV
ARPAV::134,Malo,UMID2M,40.0,2026-06-21 14:00:00+00:00,45.66931288,11.46439144,ARPAV,ARPAV
ARPAV::135,Rifugio la Guardia (Recoaro Terme),UMID2M,51.0,2026-06-21 14:00:00+00:00,45.71889138,11.18131677,ARPAV,ARPAV
ARPAV::136,Sappada,UMID2M,51.0,2026-06-21 14:00:00+00:00,46.57067886,12.7081344,ARPAV,ARPAV
ARPAV::137,Valli del Pasubio,UMID2M,66.0,2026-06-21 14:00:00+00:00,45.75778254,11.21365428,ARPAV,ARPAV
ARPAV::139,Lusiana,UMID2M,48.0,2026-06-21 14:00:00+00:00,45.78414598,11.58812049,ARPAV,ARPAV
ARPAV::140,Passo Santa Caterina (Valdagno),UMID2M,40.0,2026-06-21 14:00:00+00:00,45.6198264,11.25910319,ARPAV,ARPAV
ARPAV::142,Faedo (Cinto Euganeo),UMID2M,47.0,2026-06-21 14:00:00+00:00,45.30471743,11.69771962,ARPAV,ARPAV
ARPAV::144,Rosa',UMID2M,45.0,2026-06-21 14:00:00+00:00,45.71658505,11.77625641,ARPAV,ARPAV
ARPAV::145,Barbarano Vicentino,UMID2M,32.0,2026-06-21 14:00:00+00:00,45.39775173,11.57053751,ARPAV,ARPAV
ARPAV::146,Trissino,UMID2M,35.0,2026-06-21 14:00:00+00:00,45.57923698,11.35788495,ARPAV,ARPAV
ARPAV::147,Breganze,UMID2M,41.0,2026-06-21 14:00:00+00:00,45.72042777,11.57629665,ARPAV,ARPAV
ARPAV::148,Brendola,UMID2M,38.0,2026-06-21 14:00:00+00:00,45.472077,11.470371,ARPAV,ARPAV
ARPAV::149,Montegalda,UMID2M,40.0,2026-06-21 14:00:00+00:00,45.44957583,11.66198536,ARPAV,ARPAV
ARPAV::151,Masi,UMID2M,33.0,2026-06-21 14:00:00+00:00,45.11740196,11.48088305,ARPAV,ARPAV
ARPAV::152,Balduina (Sant'Urbano),UMID2M,41.0,2026-06-21 14:00:00+00:00,45.13472648,11.58415552,ARPAV,ARPAV
ARPAV::156,Crespano del Grappa,UMID2M,46.0,2026-06-21 14:00:00+00:00,45.84169964,11.84066348,ARPAV,ARPAV
ARPAV::159,Portogruaro - Lison,UMID2M,42.0,2026-06-21 14:00:00+00:00,45.74548888,12.76128681,ARPAV,ARPAV
ARPAV::160,Cavallino Treporti,UMID2M,56.0,2026-06-21 14:00:00+00:00,45.45871531,12.48626171,ARPAV,ARPAV
ARPAV::163,Noventa di Piave - Grassaga,UMID2M,36.0,2026-06-21 14:00:00+00:00,45.66841156,12.58851069,ARPAV,ARPAV
ARPAV::164,Eraclea,UMID2M,50.0,2026-06-21 14:00:00+00:00,45.60316601,12.70706142,ARPAV,ARPAV
ARPAV::165,Fossalta di Portogruaro,UMID2M,45.0,2026-06-21 14:00:00+00:00,45.77566742,12.89394125,ARPAV,ARPAV
ARPAV::166,Lugugnana (Portogruaro),UMID2M,42.0,2026-06-21 14:00:00+00:00,45.70491156,12.94668823,ARPAV,ARPAV
ARPAV::167,Mira,UMID2M,41.0,2026-06-21 14:00:00+00:00,45.43934709,12.1169216,ARPAV,ARPAV
ARPAV::168,Chioggia - Sant'Anna,UMID2M,51.0,2026-06-21 14:00:00+00:00,45.14632401,12.27596996,ARPAV,ARPAV
ARPAV::169,Agna,UMID2M,36.0,2026-06-21 14:00:00+00:00,45.15926189,11.95775646,ARPAV,ARPAV
ARPAV::17,Perarolo,UMID2M,47.0,2026-06-21 14:00:00+00:00,46.39415044,12.35657766,ARPAV,ARPAV
ARPAV::170,Teolo,UMID2M,38.0,2026-06-21 14:00:00+00:00,45.34272761,11.67713457,ARPAV,ARPAV
ARPAV::175,Codevigo,UMID2M,38.0,2026-06-21 14:00:00+00:00,45.24367259,12.09970856,ARPAV,ARPAV
ARPAV::177,Grantorto,UMID2M,44.0,2026-06-21 14:00:00+00:00,45.59472035,11.75218331,ARPAV,ARPAV
ARPAV::178,Cavarzere,UMID2M,41.0,2026-06-21 14:00:00+00:00,45.16150338,12.08720348,ARPAV,ARPAV
ARPAV::179,Campodarsego,UMID2M,39.0,2026-06-21 14:00:00+00:00,45.49551578,11.91336346,ARPAV,ARPAV
ARPAV::182,Tribano,UMID2M,36.0,2026-06-21 14:00:00+00:00,45.18668992,11.8487995,ARPAV,ARPAV
ARPAV::183,Volpago del Montello,UMID2M,43.0,2026-06-21 14:00:00+00:00,45.78502414,12.11304779,ARPAV,ARPAV
ARPAV::184,Zero Branco,UMID2M,31.0,2026-06-21 14:00:00+00:00,45.60991,12.12088,ARPAV,ARPAV
ARPAV::185,Vazzola - Tezze,UMID2M,41.0,2026-06-21 14:00:00+00:00,45.81168647,12.34189762,ARPAV,ARPAV
ARPAV::186,Gaiarine,UMID2M,35.0,2026-06-21 14:00:00+00:00,45.89217558,12.49348723,ARPAV,ARPAV
ARPAV::187,Roncade,UMID2M,42.0,2026-06-21 14:00:00+00:00,45.64140487,12.39588815,ARPAV,ARPAV
ARPAV::188,Villorba,UMID2M,44.0,2026-06-21 14:00:00+00:00,45.74894328,12.23496228,ARPAV,ARPAV
ARPAV::189,Valdobbiadene - Bigolino,UMID2M,42.0,2026-06-21 14:00:00+00:00,45.88205751,12.0070972,ARPAV,ARPAV
ARPAV::19,Agordo,UMID2M,57.0,2026-06-21 14:00:00+00:00,46.27804651,12.03319083,ARPAV,ARPAV
ARPAV::191,Molini (Laghi),UMID2M,71.0,2026-06-21 14:00:00+00:00,45.83331375,11.25603835,ARPAV,ARPAV
ARPAV::192,Passo Xomo (Posina),UMID2M,56.0,2026-06-21 14:00:00+00:00,45.77777304,11.2376662,ARPAV,ARPAV
ARPAV::195,Farra di Soligo,UMID2M,41.0,2026-06-21 14:00:00+00:00,45.9021246,12.10445916,ARPAV,ARPAV
ARPAV::197,Maser,UMID2M,41.0,2026-06-21 14:00:00+00:00,45.77892133,11.94236996,ARPAV,ARPAV
ARPAV::199,Longarone,UMID2M,44.0,2026-06-21 14:00:00+00:00,46.26152058,12.30351169,ARPAV,ARPAV
ARPAV::200,Lamon - Sala,UMID2M,41.0,2026-06-21 14:00:00+00:00,46.04985912,11.74647606,ARPAV,ARPAV
ARPAV::203,Passo Valles,UMID2M,54.0,2026-06-21 14:00:00+00:00,46.33914263,11.80160227,ARPAV,ARPAV
ARPAV::204,Ponte di Piave,UMID2M,40.0,2026-06-21 14:00:00+00:00,45.71711766,12.5239352,ARPAV,ARPAV
ARPAV::21,Sant'Andrea (Gosaldo),UMID2M,59.0,2026-06-21 14:00:00+00:00,46.22965097,11.95772698,ARPAV,ARPAV
ARPAV::211,Codevigo - Ca' di Mezzo,UMID2M,46.0,2026-06-21 14:00:00+00:00,45.22690363,12.14506095,ARPAV,ARPAV
ARPAV::216,Cansiglio - Tramedere,UMID2M,55.0,2026-06-21 14:00:00+00:00,46.07747932,12.41476528,ARPAV,ARPAV
ARPAV::217,Feltre,UMID2M,40.0,2026-06-21 14:00:00+00:00,46.01620135,11.89462516,ARPAV,ARPAV
ARPAV::218,Asiago - aeroporto,UMID2M,49.0,2026-06-21 14:00:00+00:00,45.88342502,11.51100804,ARPAV,ARPAV
ARPAV::220,Treviso,UMID2M,35.0,2026-06-21 14:00:00+00:00,45.68093386,12.22154715,ARPAV,ARPAV
ARPAV::221,Trecenta,UMID2M,34.0,2026-06-21 14:00:00+00:00,45.02166616,11.42663109,ARPAV,ARPAV
ARPAV::223,Falcade,UMID2M,47.0,2026-06-21 14:00:00+00:00,46.355567,11.869723,ARPAV,ARPAV
ARPAV::227,Mogliano Veneto,UMID2M,34.0,2026-06-21 14:00:00+00:00,45.5807425,12.30779083,ARPAV,ARPAV
ARPAV::230,Campagna Lupia - Valle Averto,UMID2M,39.0,2026-06-21 14:00:00+00:00,45.34941987,12.14155693,ARPAV,ARPAV
ARPAV::231,Sant'Apollinare (Rovigo),UMID2M,36.0,2026-06-21 14:00:00+00:00,45.03340149,11.8259685,ARPAV,ARPAV
ARPAV::232,Bassano del Grappa,UMID2M,35.0,2026-06-21 14:00:00+00:00,45.78504906,11.73017735,ARPAV,ARPAV
ARPAV::234,Padova,UMID2M,45.0,2026-06-21 14:00:00+00:00,45.397192,11.845461,ARPAV,ARPAV
ARPAV::237,Cortina d'Ampezzo - Gilardon,UMID2M,42.0,2026-06-21 14:00:00+00:00,46.53668964,12.12739699,ARPAV,ARPAV
ARPAV::238,Misurina,UMID2M,42.0,2026-06-21 14:00:00+00:00,46.5764122,12.25007045,ARPAV,ARPAV
ARPAV::239,Col di Pra',UMID2M,52.0,2026-06-21 14:00:00+00:00,46.29588807,11.92891208,ARPAV,ARPAV
ARPAV::240,Vittorio Veneto,UMID2M,34.0,2026-06-21 14:00:00+00:00,45.98539025,12.30760378,ARPAV,ARPAV
ARPAV::245,Quero,UMID2M,45.0,2026-06-21 14:00:00+00:00,45.9255196,11.93977502,ARPAV,ARPAV
ARPAV::247,Casamazzagno,UMID2M,50.0,2026-06-21 14:00:00+00:00,46.59389393,12.51561664,ARPAV,ARPAV
ARPAV::248,Piana di Marcesina - Rendole,UMID2M,49.0,2026-06-21 14:00:00+00:00,45.94933182,11.61226574,ARPAV,ARPAV
ARPAV::251,Bosco Chiesanuova,UMID2M,54.0,2026-06-21 14:00:00+00:00,45.61935401,11.03859258,ARPAV,ARPAV
ARPAV::252,Venezia - Istituto Cavanis,UMID2M,48.0,2026-06-21 14:00:00+00:00,45.42996715,12.32809643,ARPAV,ARPAV
ARPAV::253,Valeggio sul Mincio,UMID2M,49.0,2026-06-21 14:00:00+00:00,45.36036737,10.73179344,ARPAV,ARPAV
ARPAV::260,Colognola ai Colli,UMID2M,34.0,2026-06-21 14:00:00+00:00,45.42497835,11.22419922,ARPAV,ARPAV
ARPAV::264,Belluno - aeroporto,UMID2M,43.0,2026-06-21 14:00:00+00:00,46.16467858,12.24470834,ARPAV,ARPAV
ARPAV::265,Galzignano - Ca' Demia,UMID2M,39.0,2026-06-21 14:00:00+00:00,45.30014284,11.74268777,ARPAV,ARPAV
ARPAV::266,Santa Giustina Bellunese,UMID2M,57.0,2026-06-21 14:00:00+00:00,46.07841194,12.07247911,ARPAV,ARPAV
ARPAV::268,Sella Ciampigotto,UMID2M,54.0,2026-06-21 14:00:00+00:00,46.48692303,12.58466111,ARPAV,ARPAV
ARPAV::28,Monte Cesen,UMID2M,65.0,2026-06-21 14:00:00+00:00,45.945242,12.020877,ARPAV,ARPAV
ARPAV::299,Monticano a Gorgo al Monticano,UMID2M,47.0,2026-06-21 14:00:00+00:00,45.78572084,12.53899329,ARPAV,ARPAV
ARPAV::3,Arabba,UMID2M,39.0,2026-06-21 14:00:00+00:00,46.49998395,11.87607301,ARPAV,ARPAV
ARPAV::345,Gallio,UMID2M,52.0,2026-06-21 14:00:00+00:00,45.88022083,11.55281023,ARPAV,ARPAV
ARPAV::346,La Secca,UMID2M,59.0,2026-06-21 14:00:00+00:00,46.12987309,12.31830088,ARPAV,ARPAV
ARPAV::404,Astico a Pedescala,UMID2M,63.0,2026-06-21 14:00:00+00:00,45.84468696,11.36725287,ARPAV,ARPAV
ARPAV::409,Chiampo,UMID2M,27.0,2026-06-21 14:00:00+00:00,45.53646508,11.29382418,ARPAV,ARPAV
ARPAV::425,Bibione,UMID2M,52.0,2026-06-21 14:00:00+00:00,45.64137219,13.07746832,ARPAV,ARPAV
ARPAV::451,Vicenza - Sant'Agostino,UMID2M,39.0,2026-06-21 14:00:00+00:00,45.52434984,11.52039317,ARPAV,ARPAV
ARPAV::454,Favaro Veneto,UMID2M,43.0,2026-06-21 14:00:00+00:00,45.51730828,12.2784802,ARPAV,ARPAV
ARPAV::47,Faloria,UMID2M,56.0,2026-06-21 14:00:00+00:00,46.52744551,12.17508664,ARPAV,ARPAV
ARPAV::50,Villanova (Borca di Cadore),UMID2M,43.0,2026-06-21 14:00:00+00:00,46.44327375,12.20626034,ARPAV,ARPAV
ARPAV::501,Dolina Campoluzzo (Monte Lozze),UMID2M,60.0,2026-06-21 14:00:00+00:00,45.99327673,11.51869973,ARPAV,ARPAV
ARPAV::510,Caprino Veronese - Platano,UMID2M,43.0,2026-06-21 14:00:00+00:00,45.60804812,10.81463468,ARPAV,ARPAV
ARPAV::53,Auronzo,UMID2M,81.0,2026-06-21 14:00:00+00:00,46.55625348,12.42593677,ARPAV,ARPAV
ARPAV::551,Sant'Elena,UMID2M,33.0,2026-06-21 14:00:00+00:00,45.196595,11.69453713,ARPAV,ARPAV
ARPAV::56,Forno di Zoldo - Campo,UMID2M,63.0,2026-06-21 14:00:00+00:00,46.34666725,12.1845653,ARPAV,ARPAV
ARPAV::572,Ospedaletto Euganeo,UMID2M,35.0,2026-06-21 14:00:00+00:00,45.2345589,11.60648596,ARPAV,ARPAV
ARPAV::574,Follina,UMID2M,64.0,2026-06-21 14:00:00+00:00,45.96032669,12.12185345,ARPAV,ARPAV
ARPAV::577,Breda di Piave - Via Bovon,UMID2M,40.0,2026-06-21 14:00:00+00:00,45.7232319,12.37967204,ARPAV,ARPAV
ARPAV::58,Santo Stefano di Cadore,UMID2M,61.0,2026-06-21 14:00:00+00:00,46.55719592,12.55254488,ARPAV,ARPAV
ARPAV::59,Domegge di Cadore,UMID2M,48.0,2026-06-21 14:00:00+00:00,46.46094955,12.41035969,ARPAV,ARPAV
ARPAV::600,Grumolo delle Abbadesse,UMID2M,36.0,2026-06-21 14:00:00+00:00,45.51669272,11.65407532,ARPAV,ARPAV
ARPAV::615,Jesolo - Cortellazzo,UMID2M,47.0,2026-06-21 14:00:00+00:00,45.535854,12.65882,ARPAV,ARPAV
ARPAV::617,Marcon loc. Zuccarello,UMID2M,36.0,2026-06-21 14:00:00+00:00,45.537387,12.378313,ARPAV,ARPAV
ARPAV::621,Peschiera - Dolci,UMID2M,36.0,2026-06-21 14:00:00+00:00,45.424275,10.687142,ARPAV,ARPAV
ARPAV::633,Verona - Santa Caterina,UMID2M,35.0,2026-06-21 14:00:00+00:00,45.41626803,11.01758925,ARPAV,ARPAV
ARPAV::662,Eraclea - Torre di Fine,UMID2M,51.0,2026-06-21 14:00:00+00:00,45.57572,12.79133,ARPAV,ARPAV
ARPAV::663,Pila - Porto Peschereccio (Porto Tolle),UMID2M,53.0,2026-06-21 14:00:00+00:00,44.978047,12.479594,ARPAV,ARPAV
ARPAV::67,Monte Avena,UMID2M,53.0,2026-06-21 14:00:00+00:00,46.03210396,11.82713557,ARPAV,ARPAV
ARPAV::68,Castana,UMID2M,66.0,2026-06-21 14:00:00+00:00,45.81551626,11.30843985,ARPAV,ARPAV
ARPAV::76,Turcati (Recoaro Terme),UMID2M,45.0,2026-06-21 14:00:00+00:00,45.70401092,11.18480016,ARPAV,ARPAV
ARPAV::77,Recoaro Mille,UMID2M,42.0,2026-06-21 14:00:00+00:00,45.68038956,11.2255215,ARPAV,ARPAV
ARPAV::80,Passo Pordoi,UMID2M,45.0,2026-06-21 14:00:00+00:00,46.48343791,11.82249512,ARPAV,ARPAV
ARPAV::81,Monte Summano,UMID2M,57.0,2026-06-21 14:00:00+00:00,45.7509777,11.41482813,ARPAV,ARPAV
ARPAV::82,Pove del Grappa - Costalunga,UMID2M,41.0,2026-06-21 14:00:00+00:00,45.80571942,11.74011907,ARPAV,ARPAV
ARPAV::83,Montecchio Precalcino,UMID2M,39.0,2026-06-21 14:00:00+00:00,45.65882861,11.54773196,ARPAV,ARPAV
ARPAV::88,Crespadoro,UMID2M,58.0,2026-06-21 14:00:00+00:00,45.62621136,11.20907007,ARPAV,ARPAV
ARPAV::91,Passo Monte Croce Comelico,UMID2M,44.0,2026-06-21 14:00:00+00:00,46.65215334,12.42397152,ARPAV,ARPAV
ARPAV::92,Col Indes (Tambre),UMID2M,49.0,2026-06-21 14:00:00+00:00,46.11907392,12.44015627,ARPAV,ARPAV
ARPAV::93,Torch,UMID2M,50.0,2026-06-21 14:00:00+00:00,46.15155195,12.36301566,ARPAV,ARPAV
ARPAV::96,Bagnolo di Po - Pellizzare,UMID2M,34.0,2026-06-21 14:00:00+00:00,44.98944662,11.52950565,ARPAV,ARPAV
ARPAV::98,Concadirame (Rovigo),UMID2M,32.0,2026-06-21 14:00:00+00:00,45.09313663,11.72081886,ARPAV,ARPAV
ARPAV::99,San Bellino,UMID2M,33.0,2026-06-21 14:00:00+00:00,45.03150148,11.57662814,ARPAV,ARPAV
