station_id,station_name,lat,lon,gestore,source,PREC_value,PREC_dt,TARIA2M_value,TARIA2M_dt,PRESS_value,PRESS_dt,VV_value,VV_dt,UMID2M_value,UMID2M_dt,PREC_range_flag,TARIA2M_range_flag,PRESS_range_flag,VV_range_flag,UMID2M_range_flag,PREC_robust_z,PREC_outlier_flag,TARIA2M_robust_z,TARIA2M_outlier_flag,PRESS_robust_z,PRESS_outlier_flag,VV_robust_z,VV_outlier_flag,UMID2M_robust_z,UMID2M_outlier_flag,any_outlier_flag,coastal_weight,dist_to_coast_km,any_flag
ADRIATIC::MH_dpcn-marche_Acqualagna,Acqualagna,43.62819,12.68448,MeteoHub_dpcn-marche,ADRIATIC,0.0,2026-06-21 16:00:00+00:00,30.8,2026-06-21 16:00:00+00:00,,,,,,,False,False,False,False,False,,False,0.05620833333333344,False,,,,,,,False,0.548,60.0,False
ADRIATIC::MH_dpcn-marche_Agugliano,Agugliano,43.5433,13.3806,MeteoHub_dpcn-marche,ADRIATIC,0.0,2026-06-21 16:00:00+00:00,,,,,,,,,False,False,False,False,False,,False,,,,,,,,,False,0.823,13.5,False
ADRIATIC::MH_dpcn-marche_Amandola,Amandola,42.97638,13.35133,MeteoHub_dpcn-marche,ADRIATIC,0.0,2026-06-21 16:00:00+00:00,28.3,2026-06-21 16:00:00+00:00,,,,,,,False,False,False,False,False,,False,-0.41219444444444414,False,,,,,,,False,0.624,47.1,False
ADRIATIC::MH_dpcn-marche_Ancona_Regione,Ancona Regione,43.6103,13.5083,MeteoHub_dpcn-marche,ADRIATIC,0.0,2026-06-21 16:00:00+00:00,28.5,2026-06-21 16:00:00+00:00,1011.0,2026-06-21 16:00:00+00:00,1.6,2026-06-21 16:00:00+00:00,,,False,False,False,False,False,,False,-0.37472222222222207,False,-1.4307575757575954,False,-0.0843124999999999,False,,,False,0.897,1.1,False
ADRIATIC::MH_dpcn-marche_Ancona_Torrette,Ancona Torrette,43.61095,13.4498,MeteoHub_dpcn-marche,ADRIATIC,0.0,2026-06-21 16:00:00+00:00,29.8,2026-06-21 16:00:00+00:00,,,,,,,False,False,False,False,False,,False,-0.1311527777777776,False,,,,,,,False,0.874,4.9,False
ADRIATIC::MH_dpcn-marche_Appignano,Appignano,43.3642,13.3431,MeteoHub_dpcn-marche,ADRIATIC,0.0,2026-06-21 16:00:00+00:00,31.4,2026-06-21 16:00:00+00:00,,,,,,,False,False,False,False,False,,False,0.16862499999999964,False,,,,,,,False,0.717,31.5,False
ADRIATIC::MH_dpcn-marche_Arcevia,Arcevia,43.4975,12.9367,MeteoHub_dpcn-marche,ADRIATIC,0.0,2026-06-21 16:00:00+00:00,28.7,2026-06-21 16:00:00+00:00,,,,,,,False,False,False,False,False,,False,-0.33725,False,,,,,,,False,0.618,48.2,False
ADRIATIC::MH_dpcn-marche_Arquata_del_Tronto,Arquata del Tronto,42.77782,13.29545,MeteoHub_dpcn-marche,ADRIATIC,0.0,2026-06-21 16:00:00+00:00,17.7,2026-06-21 16:00:00+00:00,,,,,,,False,False,False,False,False,,False,-2.398222222222221,False,,,,,,,False,0.569,56.4,False
ADRIATIC::MH_dpcn-marche_Arzilla,Arzilla,43.84,12.8947,MeteoHub_dpcn-marche,ADRIATIC,0.0,2026-06-21 16:00:00+00:00,,,,,,,,,False,False,False,False,False,,False,,,,,,,,,False,0.604,50.4,False
ADRIATIC::MH_dpcn-marche_Baraccola,Baraccola,43.57445,13.52388,MeteoHub_dpcn-marche,ADRIATIC,0.0,2026-06-21 16:00:00+00:00,30.3,2026-06-21 16:00:00+00:00,,,,,,,False,False,False,False,False,,False,-0.037472222222222074,False,,,,,,,False,0.872,5.2,False
ADRIATIC::MH_dpcn-marche_Barbara,Barbara,43.58027,13.02907,MeteoHub_dpcn-marche,ADRIATIC,0.0,2026-06-21 16:00:00+00:00,,,,,,,,,False,False,False,False,False,,False,,,,,,,,,False,0.672,39.0,False
ADRIATIC::MH_dpcn-marche_Biscubio,Biscubio,43.56204,12.4304,MeteoHub_dpcn-marche,ADRIATIC,0.0,2026-06-21 16:00:00+00:00,27.2,2026-06-21 16:00:00+00:00,,,,,,,False,False,False,False,False,,False,-0.6182916666666665,False,,,,,,,False,0.529,63.2,False
ADRIATIC::MH_dpcn-marche_Bronzo,Bronzo,43.80855,12.51255,MeteoHub_dpcn-marche,ADRIATIC,0.0,2026-06-21 16:00:00+00:00,32.2,2026-06-21 16:00:00+00:00,,,,,,,False,False,False,False,False,,False,0.3185138888888893,False,,,,,,,False,0.686,36.7,False
ADRIATIC::MH_dpcn-marche_Cagli_Civita,Cagli Civita,43.5468,12.64387,MeteoHub_dpcn-marche,ADRIATIC,0.0,2026-06-21 16:00:00+00:00,27.8,2026-06-21 16:00:00+00:00,,,,,,,False,False,False,False,False,,False,-0.5058749999999996,False,,,,,,,False,0.503,67.5,False
ADRIATIC::MH_dpcn-marche_Camerino,Camerino,43.1461,13.0661,MeteoHub_dpcn-marche,ADRIATIC,0.0,2026-06-21 16:00:00+00:00,28.6,2026-06-21 16:00:00+00:00,959.0,2026-06-21 16:00:00+00:00,1.8,2026-06-21 16:00:00+00:00,,,False,False,False,False,False,,False,-0.3559861111111107,False,-12.059242424242589,True,0.0843125000000001,False,,,True,0.526,63.7,False
ADRIATIC::MH_dpcn-marche_Campodiegoli,Campodiegoli,43.3103,12.8242,MeteoHub_dpcn-marche,ADRIATIC,0.0,2026-06-21 16:00:00+00:00,28.5,2026-06-21 16:00:00+00:00,,,,,,,False,False,False,False,False,,False,-0.37472222222222207,False,,,,,,,False,0.517,65.2,False
ADRIATIC::MH_dpcn-marche_Camponocecchio,Camponocecchio,43.40635,12.98029,MeteoHub_dpcn-marche,ADRIATIC,0.0,2026-06-21 16:00:00+00:00,30.5,2026-06-21 16:00:00+00:00,,,,,,,False,False,False,False,False,,False,0.0,False,,,,,,,False,0.614,48.9,False
ADRIATIC::MH_dpcn-marche_Cantiano,Cantiano,43.46707,12.64052,MeteoHub_dpcn-marche,ADRIATIC,0.0,2026-06-21 16:00:00+00:00,28.9,2026-06-21 16:00:00+00:00,,,,,,,False,False,False,False,False,,False,-0.299777777777778,False,,,,,,,False,0.476,72.1,False
ADRIATIC::MH_dpcn-marche_Capodacqua,Capodacqua,42.73848,13.23818,MeteoHub_dpcn-marche,ADRIATIC,0.0,2026-06-21 16:00:00+00:00,25.4,2026-06-21 16:00:00+00:00,,,,,,,False,False,False,False,False,,False,-0.9555416666666665,False,,,,,,,False,0.533,62.5,False
ADRIATIC::MH_dpcn-marche_Carassai,Carassai,43.02597,13.64595,MeteoHub_dpcn-marche,ADRIATIC,0.0,2026-06-21 15:45:00+00:00,31.1,2026-06-21 15:30:00+00:00,,,,,,,False,False,False,False,False,,False,0.11241666666666689,False,,,,,,,False,0.763,23.7,False
ADRIATIC::MH_dpcn-marche_Carpegna,Carpegna,43.78058,12.34062,MeteoHub_dpcn-marche,ADRIATIC,0.0,2026-06-21 16:00:00+00:00,28.0,2026-06-21 16:00:00+00:00,,,,,,,False,False,False,False,False,,False,-0.4684027777777776,False,,,,,,,False,0.671,39.2,False
ADRIATIC::MH_dpcn-marche_Casteldelci,Casteldelci,43.79056,12.13194,MeteoHub_dpcn-marche,ADRIATIC,0.0,2026-06-21 16:10:00+00:00,25.5,2026-06-21 16:00:00+00:00,,,,,,,False,False,False,False,False,,False,-0.9368055555555552,False,,,,,,,False,0.644,43.8,False
ADRIATIC::MH_dpcn-marche_Cesane_Foresta,Cesane Foresta,43.6926,12.7675,MeteoHub_dpcn-marche,ADRIATIC,0.0,2026-06-21 16:00:00+00:00,28.1,2026-06-21 16:00:00+00:00,,,,,,,False,False,False,False,False,,False,-0.44966666666666616,False,,,,,,,False,0.569,56.4,False
ADRIATIC::MH_dpcn-marche_Cesano,Cesano,43.6649,13.01444,MeteoHub_dpcn-marche,ADRIATIC,0.0,2026-06-21 16:00:00+00:00,32.5,2026-06-21 16:00:00+00:00,,,,,,,False,False,False,False,False,,False,0.37472222222222207,False,,,,,,,False,0.665,40.2,False
ADRIATIC::MH_dpcn-marche_Chienti_2,Chienti 2,43.2608,13.59,MeteoHub_dpcn-marche,ADRIATIC,0.0,2026-06-21 16:00:00+00:00,30.3,2026-06-21 16:00:00+00:00,,,,,,,False,False,False,False,False,,False,-0.037472222222222074,False,,,,,,,False,0.663,40.5,False
ADRIATIC::MH_dpcn-marche_Cingoli,Cingoli,43.36223,13.19233,MeteoHub_dpcn-marche,ADRIATIC,0.0,2026-06-21 16:00:00+00:00,27.5,2026-06-21 16:00:00+00:00,,,,,,,False,False,False,False,False,,False,-0.562083333333333,False,,,,,,,False,0.675,38.4,False
ADRIATIC::MH_dpcn-marche_Colle,Colle,43.5347,13.0564,MeteoHub_dpcn-marche,ADRIATIC,0.0,2026-06-21 16:00:00+00:00,29.4,2026-06-21 16:00:00+00:00,984.0,2026-06-21 16:00:00+00:00,1.0,2026-06-21 16:00:00+00:00,,,False,False,False,False,False,,False,-0.20609722222222243,False,-6.949393939394035,True,-0.5901875,False,,,True,0.679,37.8,False
ADRIATIC::MH_dpcn-marche_Colleponi,Colleponi,43.43372,12.90434,MeteoHub_dpcn-marche,ADRIATIC,0.0,2026-06-21 16:00:00+00:00,30.1,2026-06-21 16:00:00+00:00,,,,,,,False,False,False,False,False,,False,-0.07494444444444415,False,,,,,,,False,0.589,53.0,False
ADRIATIC::MH_dpcn-marche_Conca_1,Conca 1,43.8711,12.4956,MeteoHub_dpcn-marche,ADRIATIC,0.0,2026-06-21 16:00:00+00:00,,,,,,,,,False,False,False,False,False,,False,,,,,,,,,False,0.728,29.6,False
ADRIATIC::MH_dpcn-marche_Conca_2,Conca 2,43.8839,12.5289,MeteoHub_dpcn-marche,ADRIATIC,0.0,2026-06-21 16:00:00+00:00,,,,,,,,,False,False,False,False,False,,False,,,,,,,,,False,0.731,29.0,False
ADRIATIC::MH_dpcn-marche_Corinaldo,Corinaldo,43.6605,13.04638,MeteoHub_dpcn-marche,ADRIATIC,0.0,2026-06-21 16:00:00+00:00,29.9,2026-06-21 16:00:00+00:00,,,,,,,False,False,False,False,False,,False,-0.11241666666666689,False,,,,,,,False,0.68,37.6,False
ADRIATIC::MH_dpcn-marche_Cupramontana,Cupramontana,43.44538,13.11565,MeteoHub_dpcn-marche,ADRIATIC,0.0,2026-06-21 16:00:00+00:00,,,,,,,,,False,False,False,False,False,,False,,,,,,,,,False,0.682,37.3,False
ADRIATIC::MH_dpcn-marche_Endesa,Endesa,42.92618,13.09863,MeteoHub_dpcn-marche,ADRIATIC,0.0,2026-06-21 16:00:00+00:00,,,,,,,,,False,False,False,False,False,,False,,,,,,,,,False,0.501,67.9,False
ADRIATIC::MH_dpcn-marche_Esanatoglia2,Esanatoglia2,43.25313,12.94332,MeteoHub_dpcn-marche,ADRIATIC,0.0,2026-06-21 16:00:00+00:00,27.5,2026-06-21 16:00:00+00:00,,,,,,,False,False,False,False,False,,False,-0.562083333333333,False,,,,,,,False,0.54,61.3,False
ADRIATIC::MH_dpcn-marche_Ete_Vivo,Ete Vivo,43.1358,13.7131,MeteoHub_dpcn-marche,ADRIATIC,,,31.2,2026-06-21 16:00:00+00:00,,,,,,,False,False,False,False,False,,,0.1311527777777776,False,,,,,,,False,0.757,24.7,False
ADRIATIC::MH_dpcn-marche_Fabriano_Centro,Fabriano Centro,43.33027,12.90403,MeteoHub_dpcn-marche,ADRIATIC,0.0,2026-06-21 16:00:00+00:00,30.2,2026-06-21 16:00:00+00:00,,,,,,,False,False,False,False,False,,False,-0.05620833333333344,False,,,,,,,False,0.556,58.6,False
ADRIATIC::MH_dpcn-marche_Fermo,Fermo,43.1575,13.7144,MeteoHub_dpcn-marche,ADRIATIC,0.0,2026-06-21 16:00:00+00:00,29.7,2026-06-21 16:00:00+00:00,,,,,,,False,False,False,False,False,,False,-0.149888888888889,False,,,,,,,False,0.747,26.4,False
ADRIATIC::MH_dpcn-marche_Fiastra_Tribbio,Fiastra Tribbio,43.0347,13.156,MeteoHub_dpcn-marche,ADRIATIC,0.0,2026-06-21 16:00:00+00:00,27.7,2026-06-21 16:00:00+00:00,,,,,,,False,False,False,False,False,,False,-0.524611111111111,False,,,,,,,False,0.529,63.2,False
ADRIATIC::MH_dpcn-marche_Filottrano,Filottrano,43.4358,13.3511,MeteoHub_dpcn-marche,ADRIATIC,0.0,2026-06-21 16:00:00+00:00,,,,,,,,,False,False,False,False,False,,False,,,,,,,,,False,0.76,24.2,False
ADRIATIC::MH_dpcn-marche_Fiumesino,Fiumesino,43.62947,13.37233,MeteoHub_dpcn-marche,ADRIATIC,0.0,2026-06-21 16:00:00+00:00,,,,,,,,,False,False,False,False,False,,False,,,,,,,,,False,0.837,11.1,False
ADRIATIC::MH_dpcn-marche_Foce_Cesano,Foce Cesano,43.74958,13.17091,MeteoHub_dpcn-marche,ADRIATIC,0.0,2026-06-21 16:00:00+00:00,,,,,,,,,False,False,False,False,False,,False,,,,,,,,,False,0.72,30.8,False
ADRIATIC::MH_dpcn-marche_Foce_Chienti,Foce Chienti,43.2972,13.72883,MeteoHub_dpcn-marche,ADRIATIC,0.0,2026-06-21 16:00:00+00:00,28.4,2026-06-21 16:00:00+00:00,,,,,,,False,False,False,False,False,,False,-0.3934583333333334,False,,,,,,,False,0.673,38.9,False
ADRIATIC::MH_dpcn-marche_Foce_Metauro,Foce Metauro,43.82704,13.05262,MeteoHub_dpcn-marche,ADRIATIC,0.0,2026-06-21 16:00:00+00:00,,,,,,,,,False,False,False,False,False,,False,,,,,,,,,False,0.646,43.4,False
ADRIATIC::MH_dpcn-marche_Foce_Tesino,Foce Tesino,42.97552,13.86875,MeteoHub_dpcn-marche,ADRIATIC,0.0,2026-06-21 16:00:00+00:00,28.8,2026-06-21 16:00:00+00:00,,,,,,,False,False,False,False,False,,False,-0.31851388888888865,False,,,,,,,False,0.873,5.0,False
ADRIATIC::MH_dpcn-marche_Foglia_1,Foglia 1,43.79423,12.6188,MeteoHub_dpcn-marche,ADRIATIC,0.0,2026-06-21 16:00:00+00:00,,,,,,,,,False,False,False,False,False,,False,,,,,,,,,False,0.661,40.9,False
ADRIATIC::MH_dpcn-marche_Foglia_2,Foglia 2,43.85179,12.7868,MeteoHub_dpcn-marche,ADRIATIC,0.0,2026-06-21 16:00:00+00:00,,,,,,,,,False,False,False,False,False,,False,,,,,,,,,False,0.647,43.2,False
ADRIATIC::MH_dpcn-marche_Foglia_3,Foglia 3,43.90758,12.89751,MeteoHub_dpcn-marche,ADRIATIC,0.0,2026-06-21 16:00:00+00:00,,,,,,,,,False,False,False,False,False,,False,,,,,,,,,False,0.63,46.2,False
ADRIATIC::MH_dpcn-marche_Fonte_Avellana,Fonte Avellana,43.4711,12.7264,MeteoHub_dpcn-marche,ADRIATIC,0.0,2026-06-21 16:00:00+00:00,25.7,2026-06-21 16:00:00+00:00,,,,,,,False,False,False,False,False,,False,-0.8993333333333331,False,,,,,,,False,0.516,65.3,False
ADRIATIC::MH_dpcn-marche_Force,Force,42.9628,13.4897,MeteoHub_dpcn-marche,ADRIATIC,0.0,2026-06-21 16:00:00+00:00,29.2,2026-06-21 16:00:00+00:00,,,,,,,False,False,False,False,False,,False,-0.24356944444444448,False,,,,,,,False,0.691,35.9,False
ADRIATIC::MH_dpcn-marche_Fossombrone,Fossombrone,43.68252,12.7984,MeteoHub_dpcn-marche,ADRIATIC,0.0,2026-06-21 16:00:00+00:00,32.0,2026-06-21 16:00:00+00:00,,,,,,,False,False,False,False,False,,False,0.2810416666666665,False,,,,,,,False,0.561,57.7,False
ADRIATIC::MH_dpcn-marche_Frontino,Frontino,43.75863,12.357,MeteoHub_dpcn-marche,ADRIATIC,0.0,2026-06-21 16:00:00+00:00,29.5,2026-06-21 16:00:00+00:00,,,,,,,False,False,False,False,False,,False,-0.18736111111111103,False,,,,,,,False,0.657,41.5,False
ADRIATIC::MH_dpcn-marche_Gallo,Gallo,43.78148,12.70724,MeteoHub_dpcn-marche,ADRIATIC,0.0,2026-06-21 16:00:00+00:00,32.8,2026-06-21 16:00:00+00:00,,,,,,,False,False,False,False,False,,False,0.4309305555555548,False,,,,,,,False,0.634,45.5,False
ADRIATIC::MH_dpcn-marche_Grottazzolina,Grottazzolina,43.1061,13.5986,MeteoHub_dpcn-marche,ADRIATIC,0.0,2026-06-21 16:00:00+00:00,29.6,2026-06-21 16:00:00+00:00,,,,,,,False,False,False,False,False,,False,-0.16862499999999964,False,,,,,,,False,0.723,30.4,False
ADRIATIC::MH_dpcn-marche_Gualdo,Gualdo,42.88622,13.16578,MeteoHub_dpcn-marche,ADRIATIC,0.0,2026-06-21 16:00:00+00:00,29.7,2026-06-21 16:00:00+00:00,,,,,,,False,False,False,False,False,,False,-0.149888888888889,False,,,,,,,False,0.529,63.1,False
ADRIATIC::MH_dpcn-marche_Illice,Illice,42.90522,13.40683,MeteoHub_dpcn-marche,ADRIATIC,0.0,2026-06-21 15:45:00+00:00,26.6,2026-06-21 15:30:00+00:00,,,,,,,False,False,False,False,False,,False,-0.7307083333333327,False,,,,,,,False,0.646,43.4,False
ADRIATIC::MH_dpcn-marche_Isola_San_Biagio,Isola San Biagio,42.9181,13.2989,MeteoHub_dpcn-marche,ADRIATIC,,,22.6,2026-06-21 16:00:00+00:00,886.0,2026-06-21 16:00:00+00:00,1.3,2026-06-21 16:00:00+00:00,,,False,False,True,False,False,,,-1.480152777777777,False,-26.98000000000037,True,-0.33724999999999994,False,,,True,0.596,51.8,True
ADRIATIC::MH_dpcn-marche_Jesi,Jesi,43.5319,13.23,MeteoHub_dpcn-marche,ADRIATIC,0.0,2026-06-21 16:00:00+00:00,31.7,2026-06-21 16:00:00+00:00,,,,,,,False,False,False,False,False,,False,0.22483333333333308,False,,,,,,,False,0.757,24.6,False
ADRIATIC::MH_dpcn-marche_Loreto,Loreto,43.43578,13.61955,MeteoHub_dpcn-marche,ADRIATIC,0.0,2026-06-21 16:00:00+00:00,30.7,2026-06-21 16:00:00+00:00,,,,,,,False,False,False,False,False,,False,0.037472222222222074,False,,,,,,,False,0.771,22.3,False
ADRIATIC::MH_dpcn-marche_Loro_Piceno,Loro Piceno,43.16,13.4036,MeteoHub_dpcn-marche,ADRIATIC,0.0,2026-06-21 16:00:00+00:00,31.1,2026-06-21 16:00:00+00:00,,,,,,,False,False,False,False,False,,False,0.11241666666666689,False,,,,,,,False,0.623,47.2,False
ADRIATIC::MH_dpcn-marche_Macerata_Montalbano,Macerata Montalbano,43.29223,13.4187,MeteoHub_dpcn-marche,ADRIATIC,0.0,2026-06-21 16:00:00+00:00,33.0,2026-06-21 16:00:00+00:00,,,,,,,False,False,False,False,False,,False,0.4684027777777776,False,,,,,,,False,0.683,37.2,False
ADRIATIC::MH_dpcn-marche_Marina_di_Montemarciano,Marina di Montemarciano,43.6463,13.34047,MeteoHub_dpcn-marche,ADRIATIC,0.0,2026-06-21 16:00:00+00:00,,,,,,,,,False,False,False,False,False,,False,,,,,,,,,False,0.82,14.0,False
ADRIATIC::MH_dpcn-marche_Metauro,Metauro,43.76256,12.96747,MeteoHub_dpcn-marche,ADRIATIC,0.0,2026-06-21 16:00:00+00:00,30.0,2026-06-21 16:00:00+00:00,,,,,,,False,False,False,False,False,,False,-0.09368055555555552,False,,,,,,,False,0.628,46.4,False
ADRIATIC::MH_dpcn-marche_Misa,Misa,43.66254,13.16497,MeteoHub_dpcn-marche,ADRIATIC,0.0,2026-06-21 16:00:00+00:00,30.8,2026-06-21 16:00:00+00:00,,,,,,,False,False,False,False,False,,False,0.05620833333333344,False,,,,,,,False,0.736,28.2,False
ADRIATIC::MH_dpcn-marche_Moie,Moie,43.49617,13.12579,MeteoHub_dpcn-marche,ADRIATIC,0.0,2026-06-21 16:00:00+00:00,33.4,2026-06-21 16:00:00+00:00,,,,,,,False,False,False,False,False,,False,0.5433472222222218,False,,,,,,,False,0.702,33.9,False
ADRIATIC::MH_dpcn-marche_Monte_Bove_Sud,Monte Bove Sud,42.9119,13.1892,MeteoHub_dpcn-marche,ADRIATIC,0.0,2026-06-21 16:00:00+00:00,19.5,2026-06-21 16:00:00+00:00,821.0,2026-06-21 16:00:00+00:00,5.5,2026-06-21 16:00:00+00:00,,,False,False,True,False,False,,False,-2.0609722222222215,False,-40.265606060606615,True,3.203875,False,,,True,0.543,60.8,True
ADRIATIC::MH_dpcn-marche_Monte_Carpegna,Monte Carpegna,43.80088,12.32015,MeteoHub_dpcn-marche,ADRIATIC,0.0,2026-06-21 15:45:00+00:00,21.0,2026-06-21 15:30:00+00:00,,,,,,,False,False,False,False,False,,False,-1.779930555555555,False,,,,,,,False,0.682,37.3,False
ADRIATIC::MH_dpcn-marche_Monte_Nerone,Monte Nerone,43.55328,12.52087,MeteoHub_dpcn-marche,ADRIATIC,0.0,2026-06-21 16:00:00+00:00,20.8,2026-06-21 16:00:00+00:00,,,3.0,2026-06-21 16:00:00+00:00,,,False,False,False,False,False,,False,-1.8174027777777768,False,,,1.0960625000000002,False,,,False,0.52,64.7,False
ADRIATIC::MH_dpcn-marche_Monte_Paganuccio,Monte Paganuccio,43.6281,12.75872,MeteoHub_dpcn-marche,ADRIATIC,0.0,2026-06-21 16:00:00+00:00,24.6,2026-06-21 16:00:00+00:00,,,,,,,False,False,False,False,False,,False,-1.1054305555555548,False,,,,,,,False,0.545,60.5,False
ADRIATIC::MH_dpcn-marche_Monte_Petrano,Monte Petrano,43.5153,12.62183,MeteoHub_dpcn-marche,ADRIATIC,0.0,2026-06-21 16:00:00+00:00,23.1,2026-06-21 16:00:00+00:00,,,,,,,False,False,False,False,False,,False,-1.3864722222222214,False,,,,,,,False,0.486,70.4,False
ADRIATIC::MH_dpcn-marche_Monte_Prata,Monte Prata,42.8736,13.205,MeteoHub_dpcn-marche,ADRIATIC,0.0,2026-06-21 16:00:00+00:00,19.8,2026-06-21 16:00:00+00:00,838.0,2026-06-21 16:00:00+00:00,1.7,2026-06-21 16:00:00+00:00,,,False,False,True,False,False,,False,-2.004763888888888,False,-36.790909090909594,True,0.0,False,,,True,0.547,60.2,True
ADRIATIC::MH_dpcn-marche_Monte_Valvasseto,Monte Valvasseto,43.00013,13.23803,MeteoHub_dpcn-marche,ADRIATIC,,,19.8,2026-06-21 16:00:00+00:00,,,,,,,False,False,False,False,False,,,-2.004763888888888,False,,,,,,,False,0.569,56.3,False
ADRIATIC::MH_dpcn-marche_Montecavallo,Montecavallo,42.98368,12.99405,MeteoHub_dpcn-marche,ADRIATIC,0.0,2026-06-21 16:00:00+00:00,26.8,2026-06-21 16:00:00+00:00,,,,,,,False,False,False,False,False,,False,-0.6932361111111107,False,,,,,,,False,0.452,76.1,False
ADRIATIC::MH_dpcn-marche_Montefano,Montefano,43.4094,13.4369,MeteoHub_dpcn-marche,ADRIATIC,0.0,2026-06-21 16:00:00+00:00,30.9,2026-06-21 16:00:00+00:00,,,,,,,False,False,False,False,False,,False,0.07494444444444415,False,,,,,,,False,0.76,24.1,False
ADRIATIC::MH_dpcn-marche_Montemonaco,Montemonaco,42.8997,13.3253,MeteoHub_dpcn-marche,ADRIATIC,0.0,2026-06-21 16:00:00+00:00,26.7,2026-06-21 16:00:00+00:00,,,,,,,False,False,False,False,False,,False,-0.711972222222222,False,,,,,,,False,0.607,50.0,False
ADRIATIC::MH_dpcn-marche_Mozzano,Mozzano,42.84965,13.53753,MeteoHub_dpcn-marche,ADRIATIC,0.0,2026-06-21 16:00:00+00:00,31.1,2026-06-21 16:00:00+00:00,,,,,,,False,False,False,False,False,,False,0.11241666666666689,False,,,,,,,False,0.695,35.1,False
ADRIATIC::MH_dpcn-marche_Musone,Musone,43.4756,13.38844,MeteoHub_dpcn-marche,ADRIATIC,0.0,2026-06-21 15:45:00+00:00,33.3,2026-06-21 16:00:00+00:00,,,,,,,False,False,False,False,False,,False,0.5246111111111104,False,,,,,,,False,0.792,18.8,False
ADRIATIC::MH_dpcn-marche_Osimo_Monteragolo,Osimo Monteragolo,43.49232,13.50175,MeteoHub_dpcn-marche,ADRIATIC,0.0,2026-06-21 16:00:00+00:00,34.7,2026-06-21 16:00:00+00:00,,,,,,,False,False,False,False,False,,False,0.7869166666666668,False,,,,,,,False,0.819,14.2,False
ADRIATIC::MH_dpcn-marche_Passatempo,Passatempo,43.44728,13.4492,MeteoHub_dpcn-marche,ADRIATIC,0.0,2026-06-21 16:00:00+00:00,31.9,2026-06-21 16:00:00+00:00,,,,,,,False,False,False,False,False,,False,0.2623055555555552,False,,,,,,,False,0.786,19.8,False
ADRIATIC::MH_dpcn-marche_Pennabilli,Pennabilli,43.81972,12.27417,MeteoHub_dpcn-marche,ADRIATIC,,,26.7,2026-06-21 16:00:00+00:00,950.5,2026-06-21 16:00:00+00:00,1.6,2026-06-21 16:00:00+00:00,,,False,False,False,False,False,,,-0.711972222222222,False,-13.7965909090911,True,-0.0843124999999999,False,,,True,0.689,36.2,False
ADRIATIC::MH_dpcn-marche_Pergola,Pergola,43.56863,12.84411,MeteoHub_dpcn-marche,ADRIATIC,0.0,2026-06-21 16:00:00+00:00,30.6,2026-06-21 16:00:00+00:00,,,,,,,False,False,False,False,False,,False,0.01873611111111137,False,,,,,,,False,0.584,53.9,False
ADRIATIC::MH_dpcn-marche_Piagge,Piagge,43.7375,12.96922,MeteoHub_dpcn-marche,ADRIATIC,0.0,2026-06-21 16:00:00+00:00,30.1,2026-06-21 16:00:00+00:00,,,,,,,False,False,False,False,False,,False,-0.07494444444444415,False,,,,,,,False,0.634,45.4,False
ADRIATIC::MH_dpcn-marche_Pian_di_Pieca,Pian di Pieca,43.08003,13.28157,MeteoHub_dpcn-marche,ADRIATIC,0.0,2026-06-21 16:00:00+00:00,29.6,2026-06-21 16:00:00+00:00,,,,,,,False,False,False,False,False,,False,-0.16862499999999964,False,,,,,,,False,0.584,53.9,False
ADRIATIC::MH_dpcn-marche_Pianello_di_Cagli,Pianello di Cagli,43.51215,12.55335,MeteoHub_dpcn-marche,ADRIATIC,0.0,2026-06-21 15:45:00+00:00,29.5,2026-06-21 15:30:00+00:00,,,,,,,False,False,False,False,False,,False,-0.18736111111111103,False,,,,,,,False,0.491,69.7,False
ADRIATIC::MH_dpcn-marche_Pievebovigliana,Pievebovigliana,43.07257,13.0869,MeteoHub_dpcn-marche,ADRIATIC,0.0,2026-06-21 16:00:00+00:00,31.4,2026-06-21 16:00:00+00:00,,,,,,,False,False,False,False,False,,False,0.16862499999999964,False,,,,,,,False,0.493,69.3,False
ADRIATIC::MH_dpcn-marche_Pintura_di_Bolognola,Pintura di Bolognola,42.9911,13.2392,MeteoHub_dpcn-marche,ADRIATIC,0.0,2026-06-21 16:00:00+00:00,21.9,2026-06-21 16:00:00+00:00,876.0,2026-06-21 16:00:00+00:00,3.9,2026-06-21 16:00:00+00:00,,,False,False,True,False,False,,False,-1.611305555555555,False,-29.02393939393979,True,1.854875,False,,,True,0.57,56.2,True
ADRIATIC::MH_dpcn-marche_Piobbico,Piobbico,43.58673,12.5152,MeteoHub_dpcn-marche,ADRIATIC,0.0,2026-06-21 16:00:00+00:00,29.2,2026-06-21 16:00:00+00:00,,,,,,,False,False,False,False,False,,False,-0.24356944444444448,False,,,,,,,False,0.542,61.0,False
ADRIATIC::MH_dpcn-marche_Pioraco_2,Pioraco 2,43.18112,12.97333,MeteoHub_dpcn-marche,ADRIATIC,0.0,2026-06-21 16:00:00+00:00,30.8,2026-06-21 16:00:00+00:00,,,,,,,False,False,False,False,False,,False,0.05620833333333344,False,,,,,,,False,0.516,65.3,False
ADRIATIC::MH_dpcn-marche_Piscina_Acquasanta_Terme,Piscina Acquasanta Terme,42.76832,13.40897,MeteoHub_dpcn-marche,ADRIATIC,0.0,2026-06-21 16:00:00+00:00,29.5,2026-06-21 16:00:00+00:00,,,,,,,False,False,False,False,False,,False,-0.18736111111111103,False,,,,,,,False,0.616,48.5,False
ADRIATIC::MH_dpcn-marche_Pizzo_Tre_Vescovi,Pizzo Tre Vescovi,42.9539,13.205,MeteoHub_dpcn-marche,ADRIATIC,,,20.7,2026-06-21 16:00:00+00:00,836.0,2026-06-21 16:00:00+00:00,1.0,2026-06-21 16:00:00+00:00,,,False,False,True,False,False,,,-1.836138888888888,False,-37.199696969697484,True,-0.5901875,False,,,True,0.553,59.1,True
ADRIATIC::MH_dpcn-marche_Poggio_San_Vicino,Poggio San Vicino,43.36842,13.07953,MeteoHub_dpcn-marche,ADRIATIC,0.0,2026-06-21 16:00:00+00:00,28.2,2026-06-21 16:00:00+00:00,,,,,,,False,False,False,False,False,,False,-0.4309305555555555,False,,,,,,,False,0.639,44.6,False
ADRIATIC::MH_dpcn-marche_Porto_S.Elpidio,Porto S.Elpidio,43.23261,13.77223,MeteoHub_dpcn-marche,ADRIATIC,0.0,2026-06-21 16:00:00+00:00,27.1,2026-06-21 16:00:00+00:00,1022.0,2026-06-21 16:00:00+00:00,1.0,2026-06-21 16:00:00+00:00,,,False,False,False,False,False,,False,-0.6370277777777773,False,0.8175757575757688,False,-0.5901875,False,,,False,0.72,30.9,False
ADRIATIC::MH_dpcn-marche_Potenza_1,Potenza 1,43.22954,13.18845,MeteoHub_dpcn-marche,ADRIATIC,0.0,2026-06-21 16:00:00+00:00,33.4,2026-06-21 16:00:00+00:00,,,,,,,False,False,False,False,False,,False,0.5433472222222218,False,,,,,,,False,0.603,50.6,False
ADRIATIC::MH_dpcn-marche_Recanati,Recanati,43.3836,13.5933,MeteoHub_dpcn-marche,ADRIATIC,0.0,2026-06-21 16:00:00+00:00,,,,,,,,,False,False,False,False,False,,False,,,,,,,,,False,0.742,27.1,False
ADRIATIC::MH_dpcn-marche_Ripatransone,Ripatransone,42.99213,13.785,MeteoHub_dpcn-marche,ADRIATIC,0.0,2026-06-21 16:00:00+00:00,28.8,2026-06-21 16:00:00+00:00,,,,,,,False,False,False,False,False,,False,-0.31851388888888865,False,,,,,,,False,0.833,11.9,False
ADRIATIC::MH_dpcn-marche_Rostighello,Rostighello,43.43805,13.53805,MeteoHub_dpcn-marche,ADRIATIC,0.0,2026-06-21 16:00:00+00:00,30.2,2026-06-21 16:00:00+00:00,,,,,,,False,False,False,False,False,,False,-0.05620833333333344,False,,,,,,,False,0.782,20.4,False
ADRIATIC::MH_dpcn-marche_Rotella,Rotella,42.9542,13.5686,MeteoHub_dpcn-marche,ADRIATIC,0.0,2026-06-21 16:00:00+00:00,,,,,,,,,False,False,False,False,False,,False,,,,,,,,,False,0.728,29.5,False
ADRIATIC::MH_dpcn-marche_San_Benedetto,San Benedetto,42.9333,13.8892,MeteoHub_dpcn-marche,ADRIATIC,0.0,2026-06-21 16:00:00+00:00,28.2,2026-06-21 16:00:00+00:00,1021.0,2026-06-21 16:00:00+00:00,1.3,2026-06-21 16:00:00+00:00,,,False,False,False,False,False,,False,-0.4309305555555555,False,0.6131818181818266,False,-0.33724999999999994,False,,,False,0.867,6.2,False
ADRIATIC::MH_dpcn-marche_San_Giovanni,San Giovanni,43.3886,13.0417,MeteoHub_dpcn-marche,ADRIATIC,0.0,2026-06-21 16:00:00+00:00,27.0,2026-06-21 16:00:00+00:00,,,,,,,False,False,False,False,False,,False,-0.6557638888888886,False,,,,,,,False,0.632,45.7,False
ADRIATIC::MH_dpcn-marche_San_Lorenzo_in_Campo,San Lorenzo in Campo,43.605,12.95333,MeteoHub_dpcn-marche,ADRIATIC,0.0,2026-06-21 16:00:00+00:00,,,,,,,,,False,False,False,False,False,,False,,,,,,,,,False,0.637,44.8,False
ADRIATIC::MH_dpcn-marche_Sant_Angelo_in_Pontano,Sant Angelo in Pontano,43.104,13.399,MeteoHub_dpcn-marche,ADRIATIC,0.0,2026-06-21 16:00:00+00:00,31.3,2026-06-21 16:00:00+00:00,,,,,,,False,False,False,False,False,,False,0.149888888888889,False,,,,,,,False,0.635,45.3,False
ADRIATIC::MH_dpcn-marche_Sant_Angelo_in_Vado,Sant Angelo in Vado,43.66678,12.4102,MeteoHub_dpcn-marche,ADRIATIC,0.0,2026-06-21 16:00:00+00:00,32.1,2026-06-21 16:00:00+00:00,,,,,,,False,False,False,False,False,,False,0.299777777777778,False,,,,,,,False,0.598,51.5,False
ADRIATIC::MH_dpcn-marche_Sassoferrato,Sassoferrato,43.42498,12.85635,MeteoHub_dpcn-marche,ADRIATIC,0.0,2026-06-21 16:00:00+00:00,31.9,2026-06-21 16:00:00+00:00,,,,,,,False,False,False,False,False,,False,0.2623055555555552,False,,,,,,,False,0.566,57.0,False
ADRIATIC::MH_dpcn-marche_Sassotetto,Sassotetto,43.0067,13.2417,MeteoHub_dpcn-marche,ADRIATIC,0.0,2026-06-21 16:00:00+00:00,20.6,2026-06-21 16:00:00+00:00,876.0,2026-06-21 16:00:00+00:00,0.7,2026-06-21 16:00:00+00:00,,,False,False,True,False,False,,False,-1.854874999999999,False,-29.02393939393979,True,-0.843125,False,,,True,0.571,56.1,True
ADRIATIC::MH_dpcn-marche_Sefro,Sefro,43.15903,12.97075,MeteoHub_dpcn-marche,ADRIATIC,0.0,2026-06-21 16:00:00+00:00,31.1,2026-06-21 16:00:00+00:00,,,,,,,False,False,False,False,False,,False,0.11241666666666689,False,,,,,,,False,0.505,67.3,False
ADRIATIC::MH_dpcn-marche_Senigallia,Senigallia,43.70103,13.20577,MeteoHub_dpcn-marche,ADRIATIC,0.0,2026-06-21 16:00:00+00:00,29.6,2026-06-21 16:00:00+00:00,,,,,,,False,False,False,False,False,,False,-0.16862499999999964,False,,,,,,,False,0.749,26.1,False
ADRIATIC::MH_dpcn-marche_Serralta,Serralta,43.3158,13.1886,MeteoHub_dpcn-marche,ADRIATIC,0.0,2026-06-21 16:00:00+00:00,28.5,2026-06-21 16:00:00+00:00,,,,,,,False,False,False,False,False,,False,-0.37472222222222207,False,,,,,,,False,0.651,42.6,False
ADRIATIC::MH_dpcn-marche_Serravalle_di_Carda,Serravalle di Carda,43.54828,12.48647,MeteoHub_dpcn-marche,ADRIATIC,0.0,2026-06-21 16:00:00+00:00,25.6,2026-06-21 16:00:00+00:00,,,,,,,False,False,False,False,False,,False,-0.9180694444444438,False,,,,,,,False,0.518,65.0,False
ADRIATIC::MH_dpcn-marche_Serravalle_di_Chienti,Serravalle di Chienti,43.03055,12.9175,MeteoHub_dpcn-marche,ADRIATIC,0.0,2026-06-21 16:00:00+00:00,27.5,2026-06-21 16:00:00+00:00,,,,,,,False,False,False,False,False,,False,-0.562083333333333,False,,,,,,,False,0.422,81.2,False
ADRIATIC::MH_dpcn-marche_Sibilla,Sibilla,42.895,13.27,MeteoHub_dpcn-marche,ADRIATIC,,,18.5,2026-06-21 16:00:00+00:00,838.0,2026-06-21 16:00:00+00:00,1.9,2026-06-21 16:00:00+00:00,,,False,False,True,False,False,,,-2.248333333333332,False,-36.790909090909594,True,0.16862499999999997,False,,,True,0.58,54.6,True
ADRIATIC::MH_dpcn-marche_Sorti,Sorti,43.11957,12.95295,MeteoHub_dpcn-marche,ADRIATIC,0.0,2026-06-21 16:00:00+00:00,28.1,2026-06-21 16:00:00+00:00,,,,,,,False,False,False,False,False,,False,-0.44966666666666616,False,,,,,,,False,0.479,71.6,False
ADRIATIC::MH_dpcn-marche_Spindoli,Spindoli,43.19405,12.90042,MeteoHub_dpcn-marche,ADRIATIC,0.0,2026-06-21 16:00:00+00:00,29.8,2026-06-21 16:00:00+00:00,,,,,,,False,False,False,False,False,,False,-0.1311527777777776,False,,,,,,,False,0.498,68.3,False
ADRIATIC::MH_dpcn-marche_Svarchi,Svarchi,43.47547,13.59435,MeteoHub_dpcn-marche,ADRIATIC,0.0,2026-06-21 16:00:00+00:00,29.8,2026-06-21 16:00:00+00:00,,,,,,,False,False,False,False,False,,False,-0.1311527777777776,False,,,,,,,False,0.8,17.4,False
ADRIATIC::MH_dpcn-marche_Tavoleto,Tavoleto,43.84342,12.5911,MeteoHub_dpcn-marche,ADRIATIC,0.0,2026-06-21 16:00:00+00:00,,,,,,,,,False,False,False,False,False,,False,,,,,,,,,False,0.696,35.0,False
ADRIATIC::MH_dpcn-marche_Tesino,Tesino,42.96805,13.71175,MeteoHub_dpcn-marche,ADRIATIC,0.0,2026-06-21 16:00:00+00:00,,,,,,,,,False,False,False,False,False,,False,,,,,,,,,False,0.798,17.8,False
ADRIATIC::MH_dpcn-marche_Tolentino,Tolentino,43.20922,13.29552,MeteoHub_dpcn-marche,ADRIATIC,0.0,2026-06-21 16:00:00+00:00,,,,,,,,,False,False,False,False,False,,False,,,,,,,,,False,0.614,48.9,False
ADRIATIC::MH_dpcn-marche_Tronto,Tronto,42.85223,13.65146,MeteoHub_dpcn-marche,ADRIATIC,0.0,2026-06-21 16:00:00+00:00,29.3,2026-06-21 16:00:00+00:00,,,,,,,False,False,False,False,False,,False,-0.22483333333333308,False,,,,,,,False,0.745,26.8,False
ADRIATIC::MH_dpcn-marche_Umito,Umito,42.73742,13.40658,MeteoHub_dpcn-marche,ADRIATIC,0.0,2026-06-21 16:00:00+00:00,27.5,2026-06-21 16:00:00+00:00,,,,,,,False,False,False,False,False,,False,-0.562083333333333,False,,,,,,,False,0.604,50.5,False
ADRIATIC::MH_dpcn-marche_Urbania,Urbania,43.65342,12.55213,MeteoHub_dpcn-marche,ADRIATIC,0.0,2026-06-21 16:00:00+00:00,31.3,2026-06-21 16:00:00+00:00,,,,,,,False,False,False,False,False,,False,0.149888888888889,False,,,,,,,False,0.582,54.2,False
ADRIATIC::MH_dpcn-marche_Urbino,Urbino,43.7233,12.6369,MeteoHub_dpcn-marche,ADRIATIC,0.0,2026-06-21 16:00:00+00:00,28.7,2026-06-21 16:00:00+00:00,966.0,2026-06-21 16:00:00+00:00,0.7,2026-06-21 16:00:00+00:00,,,False,False,False,False,False,,False,-0.33725,False,-10.628484848484995,True,-0.843125,False,,,True,0.614,48.7,False
ADRIATIC::MH_dpcn-marche_Ussita,Ussita,42.9436,13.1425,MeteoHub_dpcn-marche,ADRIATIC,0.0,2026-06-21 16:00:00+00:00,28.3,2026-06-21 16:00:00+00:00,,,,,,,False,False,False,False,False,,False,-0.41219444444444414,False,,,,,,,False,0.523,64.2,False
ADRIATIC::MH_dpcn-marche_Villa_Fastiggi,Villa Fastiggi,43.8906,12.8694,MeteoHub_dpcn-marche,ADRIATIC,0.0,2026-06-21 16:00:00+00:00,32.8,2026-06-21 16:00:00+00:00,1018.0,2026-06-21 16:00:00+00:00,0.7,2026-06-21 16:00:00+00:00,,,False,False,False,False,False,,False,0.4309305555555548,False,0.0,False,-0.843125,False,,,False,0.634,45.4,False
ADRIATIC::MH_dpcn-marche_Villa_Potenza,Villa Potenza,43.32726,13.42604,MeteoHub_dpcn-marche,ADRIATIC,0.0,2026-06-21 16:00:00+00:00,32.5,2026-06-21 16:00:00+00:00,,,,,,,False,False,False,False,False,,False,0.37472222222222207,False,,,,,,,False,0.706,33.2,False
ARPAE::STA_43.7882_12.1427,ARPAE Station STA_43.7882_12.1427,43.78817,12.14274,ARPAE,ARPAE,0.0,2026-06-21 13:30:00+00:00,27.30000000000001,2026-06-21 13:30:00+00:00,,,,,,,False,False,False,False,False,,False,-0.5995555555555532,False,,,,,,,False,0.645,43.6,False
ARPAE::STA_43.7942_12.0047,ARPAE Station STA_43.7942_12.0047,43.79417,12.00472,ARPAE,ARPAE,0.0,2026-06-21 13:30:00+00:00,25.700000000000045,2026-06-21 13:30:00+00:00,,,,,,,False,False,False,False,False,,False,-0.8993333333333244,False,,,,,,,False,0.61,49.5,False
ARPAE::STA_43.8199_12.2741,ARPAE Station STA_43.8199_12.2741,43.81986,12.27411,ARPAE,ARPAE,,,27.80000000000001,2026-06-21 13:30:00+00:00,950.9,2026-06-21 13:30:00+00:00,1.8,2026-06-21 13:30:00+00:00,,,False,False,False,False,False,,,-0.5058749999999976,False,-13.714833333333527,True,0.0843125000000001,False,,,True,0.689,36.2,False
ARPAE::STA_43.8318_11.8377,ARPAE Station STA_43.8318_11.8377,43.83175,11.83771,ARPAE,ARPAE,0.0,2026-06-21 13:00:00+00:00,22.90000000000004,2026-06-21 13:00:00+00:00,,,,,,,False,False,False,False,False,,False,-1.4239444444444362,False,,,,,,,False,0.568,56.5,False
ARPAE::STA_43.846_12.0357,ARPAE Station STA_43.846_12.0357,43.84597,12.03572,ARPAE,ARPAE,0.0,2026-06-21 13:30:00+00:00,22.90000000000004,2026-06-21 13:30:00+00:00,,,,,,,False,False,False,False,False,,False,-1.4239444444444362,False,,,,,,,False,0.645,43.5,False
ARPAE::STA_43.8701_11.8387,ARPAE Station STA_43.8701_11.8387,43.87008,11.83866,ARPAE,ARPAE,0.0,2026-06-21 13:00:00+00:00,27.100000000000023,2026-06-21 13:00:00+00:00,958.7,2026-06-21 13:00:00+00:00,,,,,False,False,False,False,False,,False,-0.6370277777777733,False,-12.120560606060764,True,,,,,True,0.583,54.1,False
ARPAE::STA_43.8718_11.7472,ARPAE Station STA_43.8718_11.7472,43.87178,11.7472,ARPAE,ARPAE,0.0,2026-06-21 13:00:00+00:00,24.30000000000001,2026-06-21 13:00:00+00:00,,,,,,,False,False,False,False,False,,False,-1.1616388888888864,False,,,,,,,False,0.546,60.3,False
ARPAE::STA_43.8739_12.6697,ARPAE Station STA_43.8739_12.6697,43.87389,12.66972,ARPAE,ARPAE,0.0,2026-06-21 13:30:00+00:00,30.700000000000045,2026-06-21 13:30:00+00:00,,,,,,,False,False,False,False,False,,False,0.037472222222230726,False,,,,,,,False,0.694,35.2,False
ARPAE::STA_43.8908_12.0863,ARPAE Station STA_43.8908_12.0863,43.89078,12.08634,ARPAE,ARPAE,0.0,2026-06-21 13:15:00+00:00,29.80000000000001,2026-06-21 13:15:00+00:00,,,,,,,False,False,False,False,False,,False,-0.1311527777777756,False,,,,,,,False,0.683,37.1,False
ARPAE::STA_43.8927_12.1934,ARPAE Station STA_43.8927_12.1934,43.89269,12.19345,ARPAE,ARPAE,0.0,2026-06-21 13:30:00+00:00,,,,,,,,,False,False,False,False,False,,False,,,,,,,,,False,0.716,31.6,False
ARPAE::STA_43.9011_12.2861,ARPAE Station STA_43.9011_12.2861,43.90111,12.28611,ARPAE,ARPAE,0.0,2026-06-21 13:30:00+00:00,31.600000000000023,2026-06-21 13:30:00+00:00,,,,,,,False,False,False,False,False,,False,0.2060972222222264,False,,,,,,,False,0.741,27.3,False
ARPAE::STA_43.9031_11.7992,ARPAE Station STA_43.9031_11.7992,43.90315,11.79916,ARPAE,ARPAE,,,26.5,2026-06-21 13:00:00+00:00,,,,,,,False,False,False,False,False,,,-0.7494444444444441,False,,,,,,,False,0.577,55.0,False
ARPAE::STA_43.9036_11.9011,ARPAE Station STA_43.9036_11.9011,43.90358,11.90114,ARPAE,ARPAE,0.0,2026-06-21 13:30:00+00:00,,,,,,,,,False,False,False,False,False,,False,,,,,,,,,False,0.62,47.8,False
ARPAE::STA_43.9071_11.7931,ARPAE Station STA_43.9071_11.7931,43.90708,11.79314,ARPAE,ARPAE,0.0,2026-06-21 13:30:00+00:00,27.80000000000001,2026-06-21 13:30:00+00:00,,,,,,,False,False,False,False,False,,False,-0.5058749999999976,False,,,,,,,False,0.576,55.2,False
ARPAE::STA_43.9226_11.9577,ARPAE Station STA_43.9226_11.9577,43.92264,11.95766,ARPAE,ARPAE,0.0,2026-06-21 13:00:00+00:00,26.600000000000023,2026-06-21 13:30:00+00:00,,,,,,,False,False,False,False,False,,False,-0.7307083333333287,False,,,,,,,False,0.649,42.9,False
ARPAE::STA_43.9243_11.7933,ARPAE Station STA_43.9243_11.7933,43.92426,11.7933,ARPAE,ARPAE,0.0,2026-06-21 13:30:00+00:00,23.80000000000001,2026-06-21 13:30:00+00:00,,,,,,,False,False,False,False,False,,False,-1.255319444444442,False,,,,,,,False,0.581,54.4,False
ARPAE::STA_43.9252_11.8919,ARPAE Station STA_43.9252_11.8919,43.92525,11.89186,ARPAE,ARPAE,0.0,2026-06-21 13:00:00+00:00,30.100000000000023,2026-06-21 13:00:00+00:00,985.0,2026-06-21 13:00:00+00:00,,,,,False,False,False,False,False,,False,-0.07494444444444015,False,-6.7450000000000925,True,,,,,True,0.623,47.3,False
ARPAE::STA_43.9261_12.7114,ARPAE Station STA_43.9261_12.7114,43.9261,12.71139,ARPAE,ARPAE,0.0,2026-06-21 13:30:00+00:00,32.24000000000001,2026-06-21 13:30:00+00:00,,,,,,,False,False,False,False,False,,False,0.3260083333333349,False,,,,,,,False,0.707,33.1,False
ARPAE::STA_43.927_12.5806,ARPAE Station STA_43.927_12.5806,43.92705,12.58065,ARPAE,ARPAE,0.0,2026-06-21 10:45:00+00:00,30.40000000000004,2026-06-21 10:30:00+00:00,,,,,,,False,False,False,False,False,,False,-0.01873611111110338,False,,,,,,,False,0.747,26.4,False
ARPAE::STA_43.9375_12.4465,ARPAE Station STA_43.9375_12.4465,43.93753,12.44649,ARPAE,ARPAE,0.0,2026-06-21 13:15:00+00:00,27.90000000000004,2026-06-21 13:00:00+00:00,,,,,,,False,False,False,False,False,,False,-0.487138888888881,False,,,,,,,False,0.775,21.6,False
ARPAE::STA_43.9465_12.0769,ARPAE Station STA_43.9465_12.0769,43.94648,12.07693,ARPAE,ARPAE,0.0,2026-06-21 13:30:00+00:00,,,,,,,,,False,False,False,False,False,,False,,,,,,,,,False,0.704,33.5,False
ARPAE::STA_43.9525_12.5362,ARPAE Station STA_43.9525_12.5362,43.95249,12.53622,ARPAE,ARPAE,0.0,2026-06-21 13:30:00+00:00,32.09000000000003,2026-06-21 13:30:00+00:00,,,1.5,2026-06-21 13:30:00+00:00,,,False,False,False,False,False,,False,0.2979041666666725,False,,,-0.16862499999999997,False,,,False,0.772,22.2,False
ARPAE::STA_43.9582_12.7003,ARPAE Station STA_43.9582_12.7003,43.95818,12.70026,ARPAE,ARPAE,0.0,2026-06-21 13:00:00+00:00,,,,,,,,,False,False,False,False,False,,False,,,,,,,,,False,0.725,30.1,False
ARPAE::STA_43.9585_12.7394,ARPAE Station STA_43.9585_12.7394,43.95847,12.7394,ARPAE,ARPAE,0.0,2026-06-21 13:30:00+00:00,32.10000000000002,2026-06-21 13:30:00+00:00,,,,,,,False,False,False,False,False,,False,0.2997777777777819,False,,,,,,,False,0.711,32.5,False
ARPAE::STA_43.9776_12.3028,ARPAE Station STA_43.9776_12.3028,43.97765,12.30275,ARPAE,ARPAE,0.0,2026-06-21 13:15:00+00:00,30.700000000000045,2026-06-21 13:00:00+00:00,,,,,,,False,False,False,False,False,,False,0.037472222222230726,False,,,,,,,False,0.791,19.0,False
ARPAE::STA_43.9829_12.4051,ARPAE Station STA_43.9829_12.4051,43.9829,12.40511,ARPAE,ARPAE,0.0,2026-06-21 13:30:00+00:00,,,,,,,,,False,False,False,False,False,,False,,,,,,,,,False,0.806,16.4,False
ARPAE::STA_43.9935_11.9453,ARPAE Station STA_43.9935_11.9453,43.99349,11.9453,ARPAE,ARPAE,0.0,2026-06-21 13:30:00+00:00,29.600000000000023,2026-06-21 13:30:00+00:00,,,,,,,False,False,False,False,False,,False,-0.16862499999999567,False,,,,,,,False,0.665,40.1,False
ARPAE::STA_43.9969_12.1687,ARPAE Station STA_43.9969_12.1687,43.99691,12.16866,ARPAE,ARPAE,0.0,2026-06-21 13:15:00+00:00,30.0,2026-06-21 13:00:00+00:00,,,,,,,False,False,False,False,False,,False,-0.09368055555555552,False,,,,,,,False,0.759,24.3,False
ARPAE::STA_44.0004_12.6552,ARPAE Station STA_44.0004_12.6552,44.00035,12.65516,ARPAE,ARPAE,0.0,2026-06-21 13:30:00+00:00,30.78000000000003,2026-06-21 13:30:00+00:00,,,,,,,False,False,False,False,False,,False,0.05246111111111663,False,,,,,,,False,0.759,24.3,False
ARPAE::STA_44.0024_11.6654,ARPAE Station STA_44.0024_11.6654,44.00237,11.66536,ARPAE,ARPAE,0.0,2026-06-21 13:30:00+00:00,,,,,,,,,False,False,False,False,False,,False,,,,,,,,,False,0.541,61.2,False
ARPAE::STA_44.0211_11.8803,ARPAE Station STA_44.0211_11.8803,44.0211,11.88026,ARPAE,ARPAE,0.0,2026-06-21 13:30:00+00:00,,,,,,,,,False,False,False,False,False,,False,,,,,,,,,False,0.642,44.0,False
ARPAE::STA_44.0325_12.0433,ARPAE Station STA_44.0325_12.0433,44.03248,12.04326,ARPAE,ARPAE,0.0,2026-06-21 13:30:00+00:00,31.700000000000045,2026-06-21 13:30:00+00:00,,,,,,,False,False,False,False,False,,False,0.22483333333334177,False,,,,,,,False,0.718,31.2,False
ARPAE::STA_44.0346_12.5005,ARPAE Station STA_44.0346_12.5005,44.03456,12.5005,ARPAE,ARPAE,0.0,2026-06-21 13:30:00+00:00,33.5,2026-06-21 13:30:00+00:00,,,,,,,False,False,False,False,False,,False,0.562083333333333,False,,,,,,,False,0.827,12.8,False
ARPAE::STA_44.0381_11.5176,ARPAE Station STA_44.0381_11.5176,44.03811,11.51757,ARPAE,ARPAE,0.0,2026-06-21 13:30:00+00:00,,,,,,,,,False,False,False,False,False,,False,,,,,,,,,False,0.477,72.0,False
ARPAE::STA_44.0381_12.2931,ARPAE Station STA_44.0381_12.2931,44.03806,12.29306,ARPAE,ARPAE,0.0,2026-06-21 13:30:00+00:00,,,,,,,,,False,False,False,False,False,,False,,,,,,,,,False,0.821,13.8,False
ARPAE::STA_44.0411_11.9819,ARPAE Station STA_44.0411_11.9819,44.04111,11.9819,ARPAE,ARPAE,0.0,2026-06-21 13:30:00+00:00,31.71000000000004,2026-06-21 13:30:00+00:00,,,,,,,False,False,False,False,False,,False,0.22670694444445183,False,,,,,,,False,0.692,35.6,False
ARPAE::STA_44.0565_12.5455,ARPAE Station STA_44.0565_12.5455,44.05651,12.54549,ARPAE,ARPAE,0.0,2026-06-21 13:15:00+00:00,35.200000000000045,2026-06-21 13:00:00+00:00,,,,,,,False,False,False,False,False,,False,0.8805972222222304,False,,,,,,,False,0.823,13.6,False
ARPAE::STA_44.056_11.8431,ARPAE Station STA_44.056_11.8431,44.05597,11.84312,ARPAE,ARPAE,0.0,2026-06-21 13:30:00+00:00,31.600000000000023,2026-06-21 13:30:00+00:00,,,,,,,False,False,False,False,False,,False,0.2060972222222264,False,,,,,,,False,0.631,46.0,False
ARPAE::STA_44.0592_12.5735,ARPAE Station STA_44.0592_12.5735,44.05919,12.57354,ARPAE,ARPAE,0.0,2026-06-21 13:30:00+00:00,31.65000000000004,2026-06-21 13:30:00+00:00,,,1.3,2026-06-21 13:30:00+00:00,,,False,False,False,False,False,,False,0.2154652777777854,False,,,-0.33724999999999994,False,,,False,0.813,15.3,False
ARPAE::STA_44.0608_11.3976,ARPAE Station STA_44.0608_11.3976,44.06085,11.39765,ARPAE,ARPAE,0.0,2026-06-21 13:30:00+00:00,28.100000000000023,2026-06-21 13:30:00+00:00,941.6,2026-06-21 13:30:00+00:00,,,,,False,False,True,False,False,,False,-0.4496666666666622,False,-15.61569696969718,True,,,,,True,0.422,81.2,True
ARPAE::STA_44.0683_12.4375,ARPAE Station STA_44.0683_12.4375,44.06832,12.43751,ARPAE,ARPAE,0.0,2026-06-21 13:30:00+00:00,,,,,,,,,False,False,False,False,False,,False,,,,,,,,,False,0.86,7.2,False
ARPAE::STA_44.0719_11.8724,ARPAE Station STA_44.0719_11.8724,44.07186,11.87238,ARPAE,ARPAE,0.0,2026-06-21 13:30:00+00:00,27.90000000000004,2026-06-21 13:30:00+00:00,,,,,,,False,False,False,False,False,,False,-0.487138888888881,False,,,,,,,False,0.646,43.4,False
ARPAE::STA_44.0774_11.6139,ARPAE Station STA_44.0774_11.6139,44.07741,11.61388,ARPAE,ARPAE,0.0,2026-06-21 13:30:00+00:00,,,,,,,,,False,False,False,False,False,,False,,,,,,,,,False,0.525,63.8,False
ARPAE::STA_44.0816_11.033,ARPAE Station STA_44.0816_11.033,44.08158,11.03296,ARPAE,ARPAE,0.0,2026-06-21 13:00:00+00:00,27.700000000000045,2026-06-21 13:00:00+00:00,,,,,,,False,False,False,False,False,,False,-0.5246111111111024,False,,,,,,,False,0.251,110.1,False
ARPAE::STA_44.0857_12.2068,ARPAE Station STA_44.0857_12.2068,44.08571,12.20682,ARPAE,ARPAE,0.0,2026-06-21 13:30:00+00:00,31.90000000000004,2026-06-21 13:30:00+00:00,,,,,,,False,False,False,False,False,,False,0.2623055555555632,False,,,,,,,False,0.803,17.0,False
ARPAE::STA_44.089_12.2746,ARPAE Station STA_44.089_12.2746,44.08903,12.27459,ARPAE,ARPAE,0.0,2026-06-21 13:30:00+00:00,33.370000000000005,2026-06-21 13:30:00+00:00,,,,,,,False,False,False,False,False,,False,0.5377263888888895,False,,,,,,,False,0.834,11.7,False
ARPAE::STA_44.1096_11.1693,ARPAE Station STA_44.1096_11.1693,44.10962,11.16931,ARPAE,ARPAE,0.0,2026-06-21 13:30:00+00:00,27.0,2026-06-21 13:30:00+00:00,,,,,,,False,False,False,False,False,,False,-0.6557638888888886,False,,,,,,,False,0.316,99.1,False
ARPAE::STA_44.1144_12.004,ARPAE Station STA_44.1144_12.004,44.11438,12.00404,ARPAE,ARPAE,0.0,2026-06-21 13:30:00+00:00,,,,,,,,,False,False,False,False,False,,False,,,,,,,,,False,0.711,32.5,False
ARPAE::STA_44.1165_11.5461,ARPAE Station STA_44.1165_11.5461,44.11647,11.54608,ARPAE,ARPAE,0.0,2026-06-21 13:15:00+00:00,,,,,,,,,False,False,False,False,False,,False,,,,,,,,,False,0.495,69.0,False
ARPAE::STA_44.1183_11.0056,ARPAE Station STA_44.1183_11.0056,44.11827,11.00561,ARPAE,ARPAE,0.0,2026-06-21 13:30:00+00:00,28.100000000000023,2026-06-21 13:30:00+00:00,,,,,,,False,False,False,False,False,,False,-0.4496666666666622,False,,,,,,,False,0.239,112.1,False
ARPAE::STA_44.1202_11.8082,ARPAE Station STA_44.1202_11.8082,44.12022,11.80825,ARPAE,ARPAE,0.0,2026-06-21 13:30:00+00:00,,,,,,,,,False,False,False,False,False,,False,,,,,,,,,False,0.619,48.0,False
ARPAE::STA_44.122_11.3747,ARPAE Station STA_44.122_11.3747,44.12201,11.37465,ARPAE,ARPAE,0.0,2026-06-21 13:30:00+00:00,33.10000000000002,2026-06-21 13:30:00+00:00,,,,,,,False,False,False,False,False,,False,0.48713888888889295,False,,,,,,,False,0.414,82.6,False
ARPAE::STA_44.1292_11.1176,ARPAE Station STA_44.1292_11.1176,44.12921,11.11764,ARPAE,ARPAE,0.0,2026-06-21 13:30:00+00:00,25.700000000000045,2026-06-21 13:30:00+00:00,,,,,,,False,False,False,False,False,,False,-0.8993333333333244,False,,,,,,,False,0.292,103.1,False
ARPAE::STA_44.1297_11.5135,ARPAE Station STA_44.1297_11.5135,44.12973,11.5135,ARPAE,ARPAE,0.0,2026-06-21 13:30:00+00:00,29.200000000000045,2026-06-21 13:30:00+00:00,,,,,,,False,False,False,False,False,,False,-0.24356944444443582,False,,,,,,,False,0.479,71.6,False
ARPAE::STA_44.1344_11.0428,ARPAE Station STA_44.1344_11.0428,44.13436,11.0428,ARPAE,ARPAE,0.0,2026-06-21 13:30:00+00:00,27.80000000000001,2026-06-21 13:30:00+00:00,,,,,,,False,False,False,False,False,,False,-0.5058749999999976,False,,,,,,,False,0.257,109.1,False
ARPAE::STA_44.1349_11.6529,ARPAE Station STA_44.1349_11.6529,44.13487,11.65293,ARPAE,ARPAE,0.0,2026-06-21 13:30:00+00:00,26.80000000000001,2026-06-21 13:30:00+00:00,,,,,,,False,False,False,False,False,,False,-0.6932361111111087,False,,,,,,,False,0.545,60.4,False
ARPAE::STA_44.1444_11.4967,ARPAE Station STA_44.1444_11.4967,44.1444,11.49666,ARPAE,ARPAE,0.0,2026-06-21 13:15:00+00:00,,,,,,,,,False,False,False,False,False,,False,,,,,,,,,False,0.471,72.9,False
ARPAE::STA_44.1483_11.6914,ARPAE Station STA_44.1483_11.6914,44.14833,11.69139,ARPAE,ARPAE,0.0,2026-06-21 13:30:00+00:00,31.30000000000001,2026-06-21 13:30:00+00:00,995.5,2026-06-21 13:30:00+00:00,,,,,False,False,False,False,False,,False,0.14988888888889096,False,-4.598863636363699,True,,,,,True,0.563,57.4,False
ARPAE::STA_44.1521_12.1422,ARPAE Station STA_44.1521_12.1422,44.15206,12.14217,ARPAE,ARPAE,0.0,2026-06-21 13:30:00+00:00,33.400000000000034,2026-06-21 13:30:00+00:00,,,,,,,False,False,False,False,False,,False,0.5433472222222284,False,,,,,,,False,0.776,21.5,False
ARPAE::STA_44.1642_12.3927,ARPAE Station STA_44.1642_12.3927,44.16415,12.39269,ARPAE,ARPAE,0.0,2026-06-21 13:15:00+00:00,,,,,,,,,False,False,False,False,False,,False,,,,,,,,,False,0.879,4.0,False
ARPAE::STA_44.1701_11.9494,ARPAE Station STA_44.1701_11.9494,44.17012,11.9494,ARPAE,ARPAE,0.0,2026-06-21 13:30:00+00:00,,,,,,,,,False,False,False,False,False,,False,,,,,,,,,False,0.684,37.0,False
ARPAE::STA_44.199_12.3948,ARPAE Station STA_44.199_12.3948,44.19901,12.39485,ARPAE,ARPAE,,,,,1020.7,2026-06-21 13:25:00+00:00,,,,,False,False,False,False,False,,,,,0.5518636363636533,False,,,,,False,0.857,7.8,False
ARPAE::STA_44.2064_12.4013,ARPAE Station STA_44.2064_12.4013,44.20645,12.40132,ARPAE,ARPAE,,,28.0,2026-06-21 13:25:00+00:00,,,,,,,False,False,False,False,False,,,-0.4684027777777776,False,,,,,,,False,0.853,8.5,False
ARPAE::STA_44.2144_11.5056,ARPAE Station STA_44.2144_11.5056,44.21436,11.50565,ARPAE,ARPAE,0.0,2026-06-21 13:30:00+00:00,34.80000000000001,2026-06-21 13:30:00+00:00,,,,,,,False,False,False,False,False,,False,0.8056527777777795,False,,,,,,,False,0.472,72.7,False
ARPAE::STA_44.2146_12.4759,ARPAE Station STA_44.2146_12.4759,44.21458,12.47587,ARPAE,ARPAE,,,27.860000000000014,2026-06-21 13:25:00+00:00,,,,,,,False,False,False,False,False,,,-0.49463333333333054,False,,,,,,,False,0.839,10.8,False
ARPAE::STA_44.2148_11.433,ARPAE Station STA_44.2148_11.433,44.2148,11.43299,ARPAE,ARPAE,0.0,2026-06-21 13:30:00+00:00,,,,,,,,,False,False,False,False,False,,False,,,,,,,,,False,0.438,78.5,False
ARPAE::STA_44.2151_12.1699,ARPAE Station STA_44.2151_12.1699,44.21506,12.16992,ARPAE,ARPAE,0.0,2026-06-21 13:30:00+00:00,,,,,,,,,False,False,False,False,False,,False,,,,,,,,,False,0.777,21.4,False
ARPAE::STA_44.2157_11.2568,ARPAE Station STA_44.2157_11.2568,44.21571,11.25681,ARPAE,ARPAE,0.0,2026-06-21 13:15:00+00:00,25.5,2026-06-21 13:30:00+00:00,,,1.3,2026-06-21 13:30:00+00:00,,,False,False,False,False,False,,False,-0.9368055555555552,False,,,-0.33724999999999994,False,,,False,0.355,92.5,False
ARPAE::STA_44.2243_11.6734,ARPAE Station STA_44.2243_11.6734,44.22432,11.67342,ARPAE,ARPAE,0.0,2026-06-21 13:30:00+00:00,,,,,,,,,False,False,False,False,False,,False,,,,,,,,,False,0.55,59.7,False
ARPAE::STA_44.2252_11.3236,ARPAE Station STA_44.2252_11.3236,44.22519,11.32364,ARPAE,ARPAE,0.0,2026-06-21 13:30:00+00:00,27.90000000000004,2026-06-21 13:30:00+00:00,,,,,,,False,False,False,False,False,,False,-0.487138888888881,False,,,,,,,False,0.386,87.3,False
ARPAE::STA_44.2262_11.2226,ARPAE Station STA_44.2262_11.2226,44.22625,11.22257,ARPAE,ARPAE,0.0,2026-06-21 13:30:00+00:00,30.30000000000001,2026-06-21 13:30:00+00:00,,,,,,,False,False,False,False,False,,False,-0.037472222222220075,False,,,,,,,False,0.339,95.3,False
ARPAE::STA_44.2271_11.6323,ARPAE Station STA_44.2271_11.6323,44.22714,11.63234,ARPAE,ARPAE,0.0,2026-06-21 13:30:00+00:00,,,,,,,,,False,False,False,False,False,,False,,,,,,,,,False,0.53,62.9,False
ARPAE::STA_44.227_11.7378,ARPAE Station STA_44.227_11.7378,44.22699,11.73784,ARPAE,ARPAE,0.0,2026-06-21 13:30:00+00:00,29.100000000000023,2026-06-21 13:30:00+00:00,,,,,,,False,False,False,False,False,,False,-0.2623055555555512,False,,,,,,,False,0.579,54.7,False
ARPAE::STA_44.2303_11.0591,ARPAE Station STA_44.2303_11.0591,44.23029,11.05908,ARPAE,ARPAE,0.0,2026-06-21 13:30:00+00:00,31.100000000000023,2026-06-21 13:30:00+00:00,,,,,,,False,False,False,False,False,,False,0.11241666666667088,False,,,,,,,False,0.262,108.3,False
ARPAE::STA_44.2322_12.234,ARPAE Station STA_44.2322_12.234,44.23218,12.23401,ARPAE,ARPAE,0.0,2026-06-21 13:30:00+00:00,,,,,,,,,False,False,False,False,False,,False,,,,,,,,,False,0.796,18.1,False
ARPAE::STA_44.2492_11.5875,ARPAE Station STA_44.2492_11.5875,44.24923,11.5875,ARPAE,ARPAE,0.0,2026-06-21 13:30:00+00:00,,,,,,,,,False,False,False,False,False,,False,,,,,,,,,False,0.507,66.9,False
ARPAE::STA_44.2536_11.4254,ARPAE Station STA_44.2536_11.4254,44.2536,11.42536,ARPAE,ARPAE,0.0,2026-06-21 13:30:00+00:00,30.0,2026-06-21 13:30:00+00:00,,,,,,,False,False,False,False,False,,False,-0.09368055555555552,False,,,,,,,False,0.431,79.7,False
ARPAE::STA_44.2609_11.3282,ARPAE Station STA_44.2609_11.3282,44.26086,11.32819,ARPAE,ARPAE,0.0,2026-06-21 13:00:00+00:00,29.90000000000004,2026-06-21 13:00:00+00:00,939.6,2026-06-21 13:00:00+00:00,,,,,False,False,True,False,False,,False,-0.1124166666666589,False,-16.024484848485066,True,,,,,True,0.385,87.5,True
ARPAE::STA_44.2612_11.0354,ARPAE Station STA_44.2612_11.0354,44.26117,11.03537,ARPAE,ARPAE,0.0,2026-06-21 13:30:00+00:00,,,,,,,,,False,False,False,False,False,,False,,,,,,,,,False,0.248,110.6,False
ARPAE::STA_44.2628_11.993,ARPAE Station STA_44.2628_11.993,44.26279,11.99295,ARPAE,ARPAE,0.0,2026-06-21 13:15:00+00:00,,,,,,,,,False,False,False,False,False,,False,,,,,,,,,False,0.688,36.4,False
ARPAE::STA_44.2635_11.3416,ARPAE Station STA_44.2635_11.3416,44.26352,11.34155,ARPAE,ARPAE,0.0,2026-06-21 13:00:00+00:00,,,,,,,,,False,False,False,False,False,,False,,,,,,,,,False,0.391,86.5,False
ARPAE::STA_44.2747_11.579,ARPAE Station STA_44.2747_11.579,44.27467,11.57899,ARPAE,ARPAE,0.0,2026-06-21 13:30:00+00:00,,,,,,,,,False,False,False,False,False,,False,,,,,,,,,False,0.499,68.2,False
ARPAE::STA_44.2878_11.1131,ARPAE Station STA_44.2878_11.1131,44.2878,11.11313,ARPAE,ARPAE,0.0,2026-06-21 13:30:00+00:00,32.60000000000002,2026-06-21 13:30:00+00:00,,,0.7000000000000001,2026-06-21 13:30:00+00:00,,,False,False,False,False,False,,False,0.3934583333333374,False,,,-0.8431249999999999,False,,,False,0.282,104.8,False
ARPAE::STA_44.28_11.2617,ARPAE Station STA_44.28_11.2617,44.28002,11.26172,ARPAE,ARPAE,0.0,2026-06-21 13:30:00+00:00,29.90000000000004,2026-06-21 13:30:00+00:00,,,,,,,False,False,False,False,False,,False,-0.1124166666666589,False,,,,,,,False,0.352,93.0,False
ARPAE::STA_44.2942_11.783,ARPAE Station STA_44.2942_11.783,44.29424,11.78295,ARPAE,ARPAE,0.0,2026-06-21 13:30:00+00:00,,,,,,,,,False,False,False,False,False,,False,,,,,,,,,False,0.588,53.2,False
ARPAE::STA_44.2977_12.1108,ARPAE Station STA_44.2977_12.1108,44.29769,12.11085,ARPAE,ARPAE,0.0,2026-06-21 13:30:00+00:00,,,,,,,,,False,False,False,False,False,,False,,,,,,,,,False,0.724,30.3,False
ARPAE::STA_44.3139_12.1602,ARPAE Station STA_44.3139_12.1602,44.31392,12.1602,ARPAE,ARPAE,0.0,2026-06-21 13:30:00+00:00,33.60000000000002,2026-06-21 13:30:00+00:00,,,,,,,False,False,False,False,False,,False,0.5808194444444484,False,,,,,,,False,0.734,28.5,False
ARPAE::STA_44.3192_11.4906,ARPAE Station STA_44.3192_11.4906,44.31916,11.49065,ARPAE,ARPAE,0.0,2026-06-21 13:30:00+00:00,,,,,,,,,False,False,False,False,False,,False,,,,,,,,,False,0.452,76.2,False
ARPAE::STA_44.3332_11.7495,ARPAE Station STA_44.3332_11.7495,44.3332,11.74953,ARPAE,ARPAE,0.0,2026-06-21 13:15:00+00:00,34.51000000000005,2026-06-21 13:15:00+00:00,,,,,,,False,False,False,False,False,,False,0.7513180555555643,False,,,,,,,False,0.564,57.3,False
ARPAE::STA_44.33_12.0313,ARPAE Station STA_44.33_12.0313,44.33002,12.03134,ARPAE,ARPAE,0.0,2026-06-21 13:30:00+00:00,,,,,,,,,False,False,False,False,False,,False,,,,,,,,,False,0.681,37.5,False
ARPAE::STA_44.3454_11.7129,ARPAE Station STA_44.3454_11.7129,44.34535,11.71292,ARPAE,ARPAE,0.0,2026-06-21 13:30:00+00:00,35.700000000000045,2026-06-21 13:30:00+00:00,,,,,,,False,False,False,False,False,,False,0.9742777777777859,False,,,,,,,False,0.545,60.5,False
ARPAE::STA_44.3468_11.0846,ARPAE Station STA_44.3468_11.0846,44.3468,11.08455,ARPAE,ARPAE,0.0,2026-06-21 13:30:00+00:00,30.40000000000004,2026-06-21 13:30:00+00:00,,,1.0,2026-06-21 13:30:00+00:00,,,False,False,False,False,False,,False,-0.01873611111110338,False,,,-0.5901875,False,,,False,0.262,108.3,False
ARPAE::STA_44.3475_11.393,ARPAE Station STA_44.3475_11.393,44.34746,11.39303,ARPAE,ARPAE,0.0,2026-06-21 13:30:00+00:00,,,,,,,,,False,False,False,False,False,,False,,,,,,,,,False,0.402,84.5,False
ARPAE::STA_44.3531_12.265,ARPAE Station STA_44.3531_12.265,44.35313,12.26505,ARPAE,ARPAE,0.0,2026-06-21 13:30:00+00:00,33.200000000000045,2026-06-21 13:30:00+00:00,,,,,,,False,False,False,False,False,,False,0.5058750000000083,False,,,,,,,False,0.741,27.4,False
ARPAE::STA_44.3616_11.9219,ARPAE Station STA_44.3616_11.9219,44.36161,11.92193,ARPAE,ARPAE,0.0,2026-06-21 13:30:00+00:00,,,,,2.2,2026-06-21 13:30:00+00:00,,,False,False,False,False,False,,False,,,,,0.42156250000000023,False,,,False,0.627,46.6,False
ARPAE::STA_44.371_11.3399,ARPAE Station STA_44.371_11.3399,44.37101,11.3399,ARPAE,ARPAE,0.0,2026-06-21 10:00:00+00:00,,,,,,,,,False,False,False,False,False,,False,,,,,,,,,False,0.374,89.3,False
ARPAE::STA_44.3763_11.0087,ARPAE Station STA_44.3763_11.0087,44.37632,11.00875,ARPAE,ARPAE,0.0,2026-06-21 13:30:00+00:00,28.600000000000023,2026-06-21 13:30:00+00:00,,,,,,,False,False,False,False,False,,False,-0.35598611111110673,False,,,,,,,False,0.223,114.9,False
ARPAE::STA_44.39_11.4946,ARPAE Station STA_44.39_11.4946,44.38998,11.49457,ARPAE,ARPAE,0.0,2026-06-21 13:30:00+00:00,,,,,,,,,False,False,False,False,False,,False,,,,,,,,,False,0.439,78.4,False
ARPAE::STA_44.4027_11.4621,ARPAE Station STA_44.4027_11.4621,44.40274,11.46209,ARPAE,ARPAE,0.0,2026-06-21 13:15:00+00:00,34.0,2026-06-21 13:30:00+00:00,,,0.9,2026-06-21 13:30:00+00:00,,,False,False,False,False,False,,False,0.6557638888888886,False,,,-0.6745,False,,,False,0.421,81.3,False
ARPAE::STA_44.4111_11.597,ARPAE Station STA_44.4111_11.597,44.41112,11.59701,ARPAE,ARPAE,0.0,2026-06-21 13:30:00+00:00,35.47000000000003,2026-06-21 13:30:00+00:00,,,,,,,False,False,False,False,False,,False,0.9311847222222269,False,,,,,,,False,0.477,71.9,False
ARPAE::STA_44.4141_11.5249,ARPAE Station STA_44.4141_11.5249,44.41408,11.52486,ARPAE,ARPAE,0.0,2026-06-21 13:30:00+00:00,,,,,,,,,False,False,False,False,False,,False,,,,,,,,,False,0.446,77.2,False
ARPAE::STA_44.4177_11.9133,ARPAE Station STA_44.4177_11.9133,44.4177,11.91331,ARPAE,ARPAE,0.0,2026-06-21 12:45:00+00:00,,,1017.5,2026-06-21 12:30:00+00:00,,,,,False,False,False,False,False,,False,,,-0.1021969696969711,False,,,,,False,0.602,50.9,False
ARPAE::STA_44.421_11.8088,ARPAE Station STA_44.421_11.8088,44.42099,11.80877,ARPAE,ARPAE,0.0,2026-06-21 12:45:00+00:00,,,,,,,,,False,False,False,False,False,,False,,,,,,,,,False,0.561,57.8,False
ARPAE::STA_44.4348_11.6965,ARPAE Station STA_44.4348_11.6965,44.43479,11.69647,ARPAE,ARPAE,0.0,2026-06-21 13:30:00+00:00,,,,,,,,,False,False,False,False,False,,False,,,,,,,,,False,0.511,66.1,False
ARPAE::STA_44.4362_11.4068,ARPAE Station STA_44.4362_11.4068,44.43615,11.40684,ARPAE,ARPAE,0.0,2026-06-21 13:30:00+00:00,,,,,,,,,False,False,False,False,False,,False,,,,,,,,,False,0.389,86.8,False
ARPAE::STA_44.4403_11.1384,ARPAE Station STA_44.4403_11.1384,44.4403,11.13837,ARPAE,ARPAE,0.0,2026-06-21 13:30:00+00:00,31.5,2026-06-21 13:30:00+00:00,,,,,,,False,False,False,False,False,,False,0.18736111111111103,False,,,,,,,False,0.27,106.9,False
ARPAE::STA_44.4485_11.8667,ARPAE Station STA_44.4485_11.8667,44.44853,11.86667,ARPAE,ARPAE,0.0,2026-06-21 13:30:00+00:00,35.150000000000034,2026-06-21 13:30:00+00:00,,,,,,,False,False,False,False,False,,False,0.8712291666666727,False,,,,,,,False,0.572,55.9,False
ARPAE::STA_44.4501_11.7296,ARPAE Station STA_44.4501_11.7296,44.45013,11.7296,ARPAE,ARPAE,0.0,2026-06-21 13:30:00+00:00,,,,,,,,,False,False,False,False,False,,False,,,,,,,,,False,0.519,64.8,False
ARPAE::STA_44.4538_11.3652,ARPAE Station STA_44.4538_11.3652,44.45378,11.36519,ARPAE,ARPAE,0.0,2026-06-21 13:30:00+00:00,,,,,,,,,False,False,False,False,False,,False,,,,,,,,,False,0.366,90.6,False
ARPAE::STA_44.4556_11.3108,ARPAE Station STA_44.4556_11.3108,44.45556,11.31083,ARPAE,ARPAE,0.0,2026-06-21 13:30:00+00:00,34.30000000000001,2026-06-21 13:30:00+00:00,,,,,,,False,False,False,False,False,,False,0.711972222222224,False,,,,,,,False,0.342,94.7,False
ARPAE::STA_44.472_11.5106,ARPAE Station STA_44.472_11.5106,44.47195,11.51056,ARPAE,ARPAE,0.0,2026-06-21 13:30:00+00:00,,,,,,,,,False,False,False,False,False,,False,,,,,,,,,False,0.423,81.0,False
ARPAE::STA_44.4756_11.2811,ARPAE Station STA_44.4756_11.2811,44.47563,11.2811,ARPAE,ARPAE,0.0,2026-06-21 13:30:00+00:00,,,,,,,,,False,False,False,False,False,,False,,,,,,,,,False,0.324,97.7,False
ARPAE::STA_44.4761_11.3256,ARPAE Station STA_44.4761_11.3256,44.47611,11.32556,ARPAE,ARPAE,0.0,2026-06-21 13:15:00+00:00,33.30000000000001,2026-06-21 13:00:00+00:00,,,,,,,False,False,False,False,False,,False,0.524611111111113,False,,,,,,,False,0.343,94.5,False
ARPAE::STA_44.4787_11.2984,ARPAE Station STA_44.4787_11.2984,44.4787,11.29836,ARPAE,ARPAE,0.0,2026-06-21 13:30:00+00:00,32.30000000000001,2026-06-21 13:30:00+00:00,,,,,,,False,False,False,False,False,,False,0.337250000000002,False,,,,,,,False,0.331,96.6,False
ARPAE::STA_44.4841_11.1512,ARPAE Station STA_44.4841_11.1512,44.48405,11.15124,ARPAE,ARPAE,0.0,2026-06-21 13:30:00+00:00,,,,,,,,,False,False,False,False,False,,False,,,,,,,,,False,0.266,107.6,False
ARPAE::STA_44.4879_11.2881,ARPAE Station STA_44.4879_11.2881,44.48787,11.28812,ARPAE,ARPAE,0.0,2026-06-21 13:30:00+00:00,,,,,,,,,False,False,False,False,False,,False,,,,,,,,,False,0.324,97.7,False
ARPAE::STA_44.4908_11.221,ARPAE Station STA_44.4908_11.221,44.49076,11.22104,ARPAE,ARPAE,0.0,2026-06-21 13:30:00+00:00,,,,,,,,,False,False,False,False,False,,False,,,,,,,,,False,0.295,102.8,False
ARPAE::STA_44.4942_11.3468,ARPAE Station STA_44.4942_11.3468,44.4942,11.34677,ARPAE,ARPAE,,,34.30000000000001,2026-06-21 13:30:00+00:00,,,2.0,2026-06-21 13:30:00+00:00,,,False,False,False,False,False,,,0.711972222222224,False,,,0.25293750000000004,False,,,False,0.348,93.8,False
ARPAE::STA_44.4961_11.2001,ARPAE Station STA_44.4961_11.2001,44.49614,11.20006,ARPAE,ARPAE,0.0,2026-06-21 13:30:00+00:00,34.33000000000004,2026-06-21 13:30:00+00:00,,,,,,,False,False,False,False,False,,False,0.7175930555555629,False,,,,,,,False,0.284,104.5,False
ARPAE::STA_44.4997_11.3461,ARPAE Station STA_44.4997_11.3461,44.49972,11.34611,ARPAE,ARPAE,0.0,2026-06-21 13:30:00+00:00,35.60000000000002,2026-06-21 13:30:00+00:00,1011.7,2026-06-21 13:30:00+00:00,,,,,False,False,False,False,False,,False,0.9555416666666705,False,-1.2876818181818266,False,,,,,False,0.346,94.1,False
ARPAE::STA_44.5035_11.0036,ARPAE Station STA_44.5035_11.0036,44.50354,11.00357,ARPAE,ARPAE,0.0,2026-06-21 13:30:00+00:00,34.54000000000002,2026-06-21 13:30:00+00:00,,,1.3,2026-06-21 13:30:00+00:00,,,False,False,False,False,False,,False,0.7569388888888924,False,,,-0.33724999999999994,False,,,False,0.196,119.4,False
ARPAE::STA_44.5083_11.0839,ARPAE Station STA_44.5083_11.0839,44.50828,11.08392,ARPAE,ARPAE,0.0,2026-06-21 13:30:00+00:00,,,,,,,,,False,False,False,False,False,,False,,,,,,,,,False,0.23,113.6,False
ARPAE::STA_44.5203_11.1678,ARPAE Station STA_44.5203_11.1678,44.5203,11.1678,ARPAE,ARPAE,0.0,2026-06-21 13:30:00+00:00,,,,,,,,,False,False,False,False,False,,False,,,,,,,,,False,0.264,107.9,False
ARPAE::STA_44.5342_11.2803,ARPAE Station STA_44.5342_11.2803,44.5342,11.2803,ARPAE,ARPAE,0.0,2026-06-21 13:30:00+00:00,,,,,,,,,False,False,False,False,False,,False,,,,,,,,,False,0.308,100.5,False
ARPAE::STA_44.534_11.3682,ARPAE Station STA_44.534_11.3682,44.53397,11.36817,ARPAE,ARPAE,0.0,2026-06-21 13:30:00+00:00,,,,,,,,,False,False,False,False,False,,False,,,,,,,,,False,0.345,94.3,False
ARPAE::STA_44.5405_11.5692,ARPAE Station STA_44.5405_11.5692,44.54052,11.56922,ARPAE,ARPAE,0.0,2026-06-21 13:30:00+00:00,,,,,,,,,False,False,False,False,False,,False,,,,,,,,,False,0.424,81.0,False
ARPAE::STA_44.5484_11.3674,ARPAE Station STA_44.5484_11.3674,44.54841,11.36743,ARPAE,ARPAE,0.0,2026-06-21 13:30:00+00:00,35.30000000000001,2026-06-21 13:30:00+00:00,,,1.0,2026-06-21 13:30:00+00:00,,,False,False,False,False,False,,False,0.8993333333333351,False,,,-0.5901875,False,,,False,0.34,95.1,False
ARPAE::STA_44.5521_11.1966,ARPAE Station STA_44.5521_11.1966,44.55208,11.19663,ARPAE,ARPAE,0.0,2026-06-21 13:30:00+00:00,,,,,,,,,False,False,False,False,False,,False,,,,,,,,,False,0.268,107.3,False
ARPAE::STA_44.5613_12.2439,ARPAE Station STA_44.5613_12.2439,44.56128,12.24389,ARPAE,ARPAE,0.0,2026-06-21 12:45:00+00:00,,,,,,,,,False,False,False,False,False,,False,,,,,,,,,False,0.649,42.9,False
ARPAE::STA_44.5635_11.844,ARPAE Station STA_44.5635_11.844,44.5635,11.84403,ARPAE,ARPAE,0.0,2026-06-21 13:30:00+00:00,35.910000000000025,2026-06-21 13:30:00+00:00,,,,,,,False,False,False,False,False,,False,1.0136236111111154,False,,,,,,,False,0.513,65.9,False
ARPAE::STA_44.5653_11.717,ARPAE Station STA_44.5653_11.717,44.56532,11.71696,ARPAE,ARPAE,0.0,2026-06-21 13:30:00+00:00,,,,,,,,,False,False,False,False,False,,False,,,,,,,,,False,0.469,73.3,False
ARPAE::STA_44.571_11.5338,ARPAE Station STA_44.571_11.5338,44.57105,11.53379,ARPAE,ARPAE,0.0,2026-06-21 13:30:00+00:00,34.48000000000002,2026-06-21 13:30:00+00:00,,,,,,,False,False,False,False,False,,False,0.7456972222222253,False,,,,,,,False,0.398,85.2,False
ARPAE::STA_44.5734_12.1013,ARPAE Station STA_44.5734_12.1013,44.57337,12.10134,ARPAE,ARPAE,0.0,2026-06-21 13:30:00+00:00,34.80000000000001,2026-06-21 13:30:00+00:00,,,2.1,2026-06-21 13:30:00+00:00,,,False,False,False,False,False,,False,0.8056527777777795,False,,,0.33725000000000016,False,,,False,0.603,50.6,False
ARPAE::STA_44.6111_11.823,ARPAE Station STA_44.6111_11.823,44.61111,11.823,ARPAE,ARPAE,0.0,2026-06-21 13:30:00+00:00,,,,,,,,,False,False,False,False,False,,False,,,,,,,,,False,0.501,67.9,False
ARPAE::STA_44.6278_11.2906,ARPAE Station STA_44.6278_11.2906,44.62775,11.29056,ARPAE,ARPAE,0.0,2026-06-21 13:30:00+00:00,34.450000000000045,2026-06-21 13:30:00+00:00,,,,,,,False,False,False,False,False,,False,0.740076388888897,False,,,,,,,False,0.283,104.8,False
ARPAE::STA_44.6323_11.4411,ARPAE Station STA_44.6323_11.4411,44.63232,11.44114,ARPAE,ARPAE,0.0,2026-06-21 13:30:00+00:00,34.60000000000002,2026-06-21 13:30:00+00:00,,,,,,,False,False,False,False,False,,False,0.7681805555555595,False,,,,,,,False,0.34,95.1,False
ARPAE::STA_44.63_11.0275,ARPAE Station STA_44.63_11.0275,44.63005,11.02747,ARPAE,ARPAE,0.0,2026-06-21 13:30:00+00:00,35.58000000000004,2026-06-21 13:30:00+00:00,,,,,,,False,False,False,False,False,,False,0.9517944444444517,False,,,,,,,False,0.174,123.1,False
ARPAE::STA_44.649_11.6501,ARPAE Station STA_44.649_11.6501,44.64899,11.65006,ARPAE,ARPAE,0.0,2026-06-21 13:30:00+00:00,,,,,,,,,False,False,False,False,False,,False,,,,,,,,,False,0.432,79.5,False
ARPAE::STA_44.6538_11.6226,ARPAE Station STA_44.6538_11.6226,44.65378,11.62264,ARPAE,ARPAE,0.0,2026-06-21 13:30:00+00:00,35.60000000000002,2026-06-21 13:30:00+00:00,1020.3,2026-06-21 13:30:00+00:00,0.0,2026-06-21 13:30:00+00:00,,,False,False,False,False,False,,False,0.9555416666666705,False,0.4701060606060578,False,-1.4333125,False,,,False,0.421,81.4,False
ARPAE::STA_44.6539_11.2686,ARPAE Station STA_44.6539_11.2686,44.6539,11.2686,ARPAE,ARPAE,0.0,2026-06-21 13:30:00+00:00,36.30000000000001,2026-06-21 13:30:00+00:00,,,0.4,2026-06-21 13:30:00+00:00,,,False,False,False,False,False,,False,1.0866944444444462,False,,,-1.0960625,False,,,False,0.265,107.8,False
ARPAE::STA_44.6744_11.5696,ARPAE Station STA_44.6744_11.5696,44.67442,11.56957,ARPAE,ARPAE,0.0,2026-06-21 13:30:00+00:00,,,,,,,,,False,False,False,False,False,,False,,,,,,,,,False,0.4,85.0,False
ARPAE::STA_44.6747_11.3671,ARPAE Station STA_44.6747_11.3671,44.67466,11.3671,ARPAE,ARPAE,0.0,2026-06-21 13:30:00+00:00,,,,,,,,,False,False,False,False,False,,False,,,,,,,,,False,0.307,100.6,False
ARPAE::STA_44.6767_12.2494,ARPAE Station STA_44.6767_12.2494,44.67667,12.24944,ARPAE,ARPAE,,,29.930000000000007,2026-06-21 13:15:00+00:00,1021.2,2026-06-21 13:15:00+00:00,4.5,2026-06-21 13:15:00+00:00,,,False,False,False,False,False,,,-0.10679583333333201,False,0.6540606060606243,False,2.36075,False,,,False,0.699,34.4,False
ARPAE::STA_44.6884_12.2116,ARPAE Station STA_44.6884_12.2116,44.6884,12.21161,ARPAE,ARPAE,0.0,2026-06-21 13:30:00+00:00,33.80000000000001,2026-06-21 13:30:00+00:00,1022.5,2026-06-21 13:30:00+00:00,1.6,2026-06-21 13:30:00+00:00,,,False,False,False,False,False,,False,0.6182916666666685,False,0.91977272727274,False,-0.0843124999999999,False,,,False,0.688,36.4,False
ARPAE::STA_44.695_11.1449,ARPAE Station STA_44.695_11.1449,44.695,11.14493,ARPAE,ARPAE,0.0,2026-06-21 13:30:00+00:00,34.860000000000014,2026-06-21 13:30:00+00:00,,,,,,,False,False,False,False,False,,False,0.8168944444444467,False,,,,,,,False,0.207,117.6,False
ARPAE::STA_44.718_11.5226,ARPAE Station STA_44.718_11.5226,44.71796,11.52265,ARPAE,ARPAE,0.0,2026-06-21 13:30:00+00:00,,,,,,,,,False,False,False,False,False,,False,,,,,,,,,False,0.384,87.7,False
ARPAE::STA_44.7466_11.7464,ARPAE Station STA_44.7466_11.7464,44.74656,11.74639,ARPAE,ARPAE,0.0,2026-06-21 13:30:00+00:00,,,,,,,,,False,False,False,False,False,,False,,,,,,,,,False,0.49,69.7,False
ARPAE::STA_44.7828_11.3702,ARPAE Station STA_44.7828_11.3702,44.78278,11.37016,ARPAE,ARPAE,0.0,2026-06-21 13:30:00+00:00,,,,,,,,,False,False,False,False,False,,False,,,,,,,,,False,0.318,98.8,False
ARPAE::STA_44.8138_12.2483,ARPAE Station STA_44.8138_12.2483,44.81376,12.24834,ARPAE,ARPAE,0.0,2026-06-21 13:30:00+00:00,31.5,2026-06-21 13:30:00+00:00,,,3.0,2026-06-21 13:30:00+00:00,,,False,False,False,False,False,,False,0.18736111111111103,False,,,1.0960625000000002,False,,,False,0.729,29.5,False
ARPAE::STA_44.8261_11.1258,ARPAE Station STA_44.8261_11.1258,44.82606,11.12578,ARPAE,ARPAE,0.0,2026-06-21 13:30:00+00:00,35.48000000000002,2026-06-21 13:30:00+00:00,,,,,,,False,False,False,False,False,,False,0.9330583333333363,False,,,,,,,False,0.213,116.5,False
ARPAE::STA_44.8319_11.4544,ARPAE Station STA_44.8319_11.4544,44.83186,11.45436,ARPAE,ARPAE,0.0,2026-06-21 13:30:00+00:00,35.07000000000005,2026-06-21 13:30:00+00:00,,,,,,,False,False,False,False,False,,False,0.8562402777777868,False,,,,,,,False,0.359,91.9,False
ARPAE::STA_44.8325_11.6211,ARPAE Station STA_44.8325_11.6211,44.8325,11.62114,ARPAE,ARPAE,0.0,2026-06-21 13:30:00+00:00,35.360000000000014,2026-06-21 13:30:00+00:00,,,1.1,2026-06-21 13:30:00+00:00,,,False,False,False,False,False,,False,0.9105750000000022,False,,,-0.505875,False,,,False,0.437,78.8,False
ARPAE::STA_44.835_12.098,ARPAE Station STA_44.835_12.098,44.83504,12.09804,ARPAE,ARPAE,0.0,2026-06-21 13:30:00+00:00,36.200000000000045,2026-06-21 13:30:00+00:00,,,,,,,False,False,False,False,False,,False,1.0679583333333416,False,,,,,,,False,0.659,41.2,False
ARPAE::STA_44.8391_11.284,ARPAE Station STA_44.8391_11.284,44.83906,11.28402,ARPAE,ARPAE,0.0,2026-06-21 13:30:00+00:00,35.21000000000004,2026-06-21 13:30:00+00:00,,,1.3,2026-06-21 13:30:00+00:00,,,False,False,False,False,False,,False,0.8824708333333411,False,,,-0.33724999999999994,False,,,False,0.279,105.3,False
ARPAE::STA_44.8589_11.6562,ARPAE Station STA_44.8589_11.6562,44.85892,11.65625,ARPAE,ARPAE,0.0,2026-06-21 13:30:00+00:00,36.0,2026-06-21 13:30:00+00:00,,,1.5,2026-06-21 13:30:00+00:00,,,False,False,False,False,False,,False,1.0304861111111108,False,,,-0.16862499999999997,False,,,False,0.453,76.0,False
ARPAE::STA_44.8861_11.0163,ARPAE Station STA_44.8861_11.0163,44.88612,11.01631,ARPAE,ARPAE,0.0,2026-06-21 13:30:00+00:00,36.25,2026-06-21 13:30:00+00:00,,,,,,,False,False,False,False,False,,False,1.0773263888888884,False,,,,,,,False,0.192,120.0,False
ARPAE::STA_44.8883_11.6081,ARPAE Station STA_44.8883_11.6081,44.8883,11.60807,ARPAE,ARPAE,0.0,2026-06-21 13:30:00+00:00,34.200000000000045,2026-06-21 13:30:00+00:00,,,,,,,False,False,False,False,False,,False,0.6932361111111194,False,,,,,,,False,0.43,79.9,False
ARPAE::STA_44.9278_11.4409,ARPAE Station STA_44.9278_11.4409,44.92781,11.44087,ARPAE,ARPAE,0.0,2026-06-21 13:30:00+00:00,,,,,,,,,False,False,False,False,False,,False,,,,,,,,,False,0.37,90.0,False
ARPAV::1,Fiames di Cortina Pomagagnon INADEF,46.5703678,12.1398756,ARPAV,ARPAV,0.0,2026-06-21 14:00:00+00:00,,,,,,,,,False,False,False,False,False,,False,,,,,,,,,False,0.154,126.5,False
ARPAV::100,Conegliano,45.88132477,12.28232702,ARPAV,ARPAV,0.0,2026-06-21 14:00:00+00:00,34.2,2026-06-21 15:00:00+00:00,,,,,38.0,2026-06-21 14:00:00+00:00,False,False,False,False,False,,False,0.6932361111111113,False,,,,,-0.44966666666666666,False,False,0.612,49.2,False
ARPAV::101,Porto Tolle - Pradon,44.9173386,12.36910037,ARPAV,ARPAV,0.0,2026-06-21 14:00:00+00:00,34.2,2026-06-21 15:00:00+00:00,1020.6,2026-06-21 14:00:00+00:00,,,53.0,2026-06-21 14:00:00+00:00,False,False,False,False,False,,False,0.6932361111111113,False,0.5314242424242545,False,,,1.2365833333333334,False,False,0.775,21.6,False
ARPAV::102,Castelfranco Veneto,45.69492112,11.94778216,ARPAV,ARPAV,0.0,2026-06-21 14:00:00+00:00,34.2,2026-06-21 15:00:00+00:00,,,,,38.0,2026-06-21 14:00:00+00:00,False,False,False,False,False,,False,0.6932361111111113,False,,,,,-0.44966666666666666,False,False,0.66,41.1,False
ARPAV::104,Villafranca di Verona,45.3724202,10.83262812,ARPAV,ARPAV,11.6,2026-06-21 14:00:00+00:00,34.2,2026-06-21 15:00:00+00:00,,,,,42.0,2026-06-21 14:00:00+00:00,False,False,False,False,False,,False,0.6932361111111113,False,,,,,0.0,False,False,0.209,117.1,False
ARPAV::105,Lonigo,45.39045584,11.37964132,ARPAV,ARPAV,0.0,2026-06-21 14:00:00+00:00,35.0,2026-06-21 15:00:00+00:00,,,,,40.0,2026-06-21 14:00:00+00:00,False,False,False,False,False,,False,0.8431249999999997,False,,,,,-0.22483333333333333,False,False,0.463,74.4,False
ARPAV::106,Montagnana,45.24776886,11.4227919,ARPAV,ARPAV,0.0,2026-06-21 14:00:00+00:00,34.7,2026-06-21 15:00:00+00:00,,,,,34.0,2026-06-21 14:00:00+00:00,False,False,False,False,False,,False,0.7869166666666668,False,,,,,-0.8993333333333333,False,False,0.464,74.1,False
ARPAV::108,Salizzole,45.22973697,11.10933964,ARPAV,ARPAV,0.0,2026-06-21 14:00:00+00:00,35.9,2026-06-21 15:00:00+00:00,,,,,37.0,2026-06-21 14:00:00+00:00,False,False,False,False,False,,False,1.0117499999999993,False,,,,,-0.5620833333333334,False,False,0.321,98.2,False
ARPAV::11,Malga Ciapela,46.42867129,11.90478762,ARPAV,ARPAV,4.0,2026-06-21 14:00:00+00:00,21.5,2026-06-21 15:00:00+00:00,,,,,,,False,False,False,False,False,,False,-1.6862499999999994,False,,,,,,,False,0.224,114.7,False
ARPAV::110,Cittadella,45.65219,11.82044,ARPAV,ARPAV,2.6,2026-06-21 14:00:00+00:00,35.1,2026-06-21 15:00:00+00:00,,,,,39.0,2026-06-21 14:00:00+00:00,False,False,False,False,False,,False,0.861861111111111,False,,,,,-0.33725,False,False,0.63,46.2,False
ARPAV::111,Legnaro,45.34701615,11.94947073,ARPAV,ARPAV,0.0,2026-06-21 14:00:00+00:00,35.1,2026-06-21 15:00:00+00:00,,,,,29.0,2026-06-21 14:00:00+00:00,False,False,False,False,False,,False,0.861861111111111,False,,,,,-1.4614166666666666,False,False,0.717,31.5,False
ARPAV::112,Rosolina - Po di Tramontana,45.07114136,12.26177816,ARPAV,ARPAV,0.0,2026-06-21 14:00:00+00:00,32.7,2026-06-21 15:00:00+00:00,,,,,45.0,2026-06-21 14:00:00+00:00,False,False,False,False,False,,False,0.41219444444444486,False,,,,,0.33725,False,False,0.677,38.1,False
ARPAV::113,Castelnovo Bariano,45.03101641,11.30253145,ARPAV,ARPAV,0.0,2026-06-21 14:00:00+00:00,36.2,2026-06-21 15:00:00+00:00,,,,,33.0,2026-06-21 14:00:00+00:00,False,False,False,False,False,,False,1.0679583333333333,False,,,,,-1.01175,False,False,0.356,92.4,False
ARPAV::114,Villadose,45.07144877,11.92220596,ARPAV,ARPAV,0.0,2026-06-21 14:00:00+00:00,36.8,2026-06-21 15:00:00+00:00,,,,,28.0,2026-06-21 14:00:00+00:00,False,False,False,False,False,,False,1.180374999999999,False,,,,,-1.5738333333333332,False,False,0.595,51.9,False
ARPAV::115,Adria - Bellombra,45.01567605,12.0076803,ARPAV,ARPAV,0.0,2026-06-21 14:00:00+00:00,33.9,2026-06-21 15:00:00+00:00,,,,,38.0,2026-06-21 14:00:00+00:00,False,False,False,False,False,,False,0.6370277777777773,False,,,,,-0.44966666666666666,False,False,0.595,52.0,False
ARPAV::116,Frassinelle Polesine,44.99058314,11.6786399,ARPAV,ARPAV,0.0,2026-06-21 14:00:00+00:00,35.6,2026-06-21 15:00:00+00:00,,,,,31.0,2026-06-21 14:00:00+00:00,False,False,False,False,False,,False,0.9555416666666665,False,,,,,-1.2365833333333334,False,False,0.48,71.4,False
ARPAV::117,Sorga',45.21753966,11.00830055,ARPAV,ARPAV,13.8,2026-06-21 14:00:00+00:00,34.8,2026-06-21 15:00:00+00:00,,,,,38.0,2026-06-21 14:00:00+00:00,False,False,False,False,False,,False,0.805652777777777,False,,,,,-0.44966666666666666,False,False,0.274,106.2,False
ARPAV::118,Bardolino - Calmasino,45.51796066,10.7659099,ARPAV,ARPAV,7.2,2026-06-21 14:00:00+00:00,31.4,2026-06-21 15:00:00+00:00,1021.0,2026-06-21 14:00:00+00:00,,,42.0,2026-06-21 14:00:00+00:00,False,False,False,False,False,,False,0.16862499999999964,False,0.6131818181818266,False,,,0.0,False,False,0.179,122.3,False
ARPAV::119,Roverchiara,45.2658043,11.25118706,ARPAV,ARPAV,0.0,2026-06-21 14:00:00+00:00,35.0,2026-06-21 15:00:00+00:00,,,,,48.0,2026-06-21 14:00:00+00:00,False,False,False,False,False,,False,0.8431249999999997,False,,,,,0.6745,False,False,0.391,86.5,False
ARPAV::120,Dolce',45.59957097,10.84874997,ARPAV,ARPAV,0.0,2026-06-21 14:00:00+00:00,32.5,2026-06-21 15:00:00+00:00,,,,,36.0,2026-06-21 14:00:00+00:00,False,False,False,False,False,,False,0.37472222222222207,False,,,,,-0.6745,False,False,0.212,116.8,False
ARPAV::121,Lusia,45.09241907,11.63364487,ARPAV,ARPAV,0.0,2026-06-21 14:00:00+00:00,35.2,2026-06-21 15:00:00+00:00,,,,,36.0,2026-06-21 14:00:00+00:00,False,False,False,False,False,,False,0.8805972222222224,False,,,,,-0.6745,False,False,0.507,66.8,False
ARPAV::122,Trebaseleghe,45.60240419,12.02573694,ARPAV,ARPAV,0.0,2026-06-21 14:00:00+00:00,33.0,2026-06-21 15:00:00+00:00,,,,,50.0,2026-06-21 14:00:00+00:00,False,False,False,False,False,,False,0.4684027777777776,False,,,,,0.8993333333333333,False,False,0.727,29.8,False
ARPAV::123,Arcole,45.37550277,11.29582046,ARPAV,ARPAV,0.0,2026-06-21 14:00:00+00:00,33.0,2026-06-21 15:00:00+00:00,,,,,41.0,2026-06-21 14:00:00+00:00,False,False,False,False,False,,False,0.4684027777777776,False,,,,,-0.11241666666666666,False,False,0.423,81.1,False
ARPAV::124,Marano di Valpolicella,45.54788884,10.92332541,ARPAV,ARPAV,0.0,2026-06-21 14:00:00+00:00,32.5,2026-06-21 15:00:00+00:00,,,,,39.0,2026-06-21 14:00:00+00:00,False,False,False,False,False,,False,0.37472222222222207,False,,,,,-0.33725,False,False,0.25,110.3,False
ARPAV::125,San Pietro in Cariano,45.50931262,10.88807026,ARPAV,ARPAV,0.0,2026-06-21 14:00:00+00:00,34.0,2026-06-21 15:00:00+00:00,,,,,43.0,2026-06-21 14:00:00+00:00,False,False,False,False,False,,False,0.6557638888888886,False,,,,,0.11241666666666666,False,False,0.236,112.7,False
ARPAV::126,Illasi,45.46030398,11.17156147,ARPAV,ARPAV,0.0,2026-06-21 14:00:00+00:00,35.3,2026-06-21 15:00:00+00:00,,,,,34.0,2026-06-21 14:00:00+00:00,False,False,False,False,False,,False,0.8993333333333323,False,,,,,-0.8993333333333333,False,False,0.368,90.4,False
ARPAV::127,Buttapietra,45.35084342,11.01059728,ARPAV,ARPAV,0.0,2026-06-21 14:00:00+00:00,34.7,2026-06-21 15:00:00+00:00,,,,,38.0,2026-06-21 14:00:00+00:00,False,False,False,False,False,,False,0.7869166666666668,False,,,,,-0.44966666666666666,False,False,0.29,103.5,False
ARPAV::128,Grezzana,45.50976063,11.0135023,ARPAV,ARPAV,,,35.8,2026-06-21 15:00:00+00:00,,,,,35.0,2026-06-21 14:00:00+00:00,False,False,False,False,False,,,0.9930138888888879,False,,,,,-0.7869166666666666,False,False,0.293,102.9,False
ARPAV::129,Castelnuovo del Garda,45.45487236,10.77166288,ARPAV,ARPAV,7.0,2026-06-21 14:00:00+00:00,32.7,2026-06-21 15:00:00+00:00,,,,,39.0,2026-06-21 14:00:00+00:00,False,False,False,False,False,,False,0.41219444444444486,False,,,,,-0.33725,False,False,0.183,121.6,False
ARPAV::131,Vangadizza (Legnago),45.15740933,11.28774164,ARPAV,ARPAV,0.0,2026-06-21 14:00:00+00:00,35.6,2026-06-21 15:00:00+00:00,,,,,39.0,2026-06-21 14:00:00+00:00,False,False,False,False,False,,False,0.9555416666666665,False,,,,,-0.33725,False,False,0.386,87.4,False
ARPAV::132,Pescul,46.4371972,12.06900907,ARPAV,ARPAV,1.4,2026-06-21 14:00:00+00:00,22.5,2026-06-21 15:00:00+00:00,,,,,65.0,2026-06-21 14:00:00+00:00,False,False,False,False,False,,False,-1.4988888888888883,False,,,,,2.5855833333333336,False,False,0.236,112.7,False
ARPAV::134,Malo,45.66931288,11.46439144,ARPAV,ARPAV,0.0,2026-06-21 14:00:00+00:00,34.0,2026-06-21 15:00:00+00:00,1021.3,2026-06-21 14:00:00+00:00,,,40.0,2026-06-21 14:00:00+00:00,False,False,False,False,False,,False,0.6557638888888886,False,0.6745,False,,,-0.22483333333333333,False,False,0.476,72.1,False
ARPAV::135,Rifugio la Guardia (Recoaro Terme),45.71889138,11.18131677,ARPAV,ARPAV,0.0,2026-06-21 14:00:00+00:00,22.2,2026-06-21 15:00:00+00:00,,,,,51.0,2026-06-21 14:00:00+00:00,False,False,False,False,False,,False,-1.555097222222222,False,,,,,1.01175,False,False,0.343,94.6,False
ARPAV::136,Sappada,46.57067886,12.7081344,ARPAV,ARPAV,0.0,2026-06-21 14:00:00+00:00,23.5,2026-06-21 15:00:00+00:00,,,,,51.0,2026-06-21 14:00:00+00:00,False,False,False,False,False,,False,-1.3115277777777772,False,,,,,1.01175,False,False,0.139,129.1,False
ARPAV::137,Valli del Pasubio,45.75778254,11.21365428,ARPAV,ARPAV,0.2,2026-06-21 14:00:00+00:00,24.3,2026-06-21 15:00:00+00:00,,,,,66.0,2026-06-21 14:00:00+00:00,False,False,False,False,False,,False,-1.1616388888888884,False,,,,,2.698,False,False,0.348,93.8,False
ARPAV::139,Lusiana,45.78414598,11.58812049,ARPAV,ARPAV,1.0,2026-06-21 14:00:00+00:00,28.6,2026-06-21 15:00:00+00:00,,,,,48.0,2026-06-21 14:00:00+00:00,False,False,False,False,False,,False,-0.3559861111111107,False,,,,,0.6745,False,False,0.493,69.2,False
ARPAV::140,Passo Santa Caterina (Valdagno),45.6198264,11.25910319,ARPAV,ARPAV,0.0,2026-06-21 14:00:00+00:00,26.5,2026-06-21 15:00:00+00:00,,,,,40.0,2026-06-21 14:00:00+00:00,False,False,False,False,False,,False,-0.7494444444444441,False,,,,,-0.22483333333333333,False,False,0.395,85.8,False
ARPAV::142,Faedo (Cinto Euganeo),45.30471743,11.69771962,ARPAV,ARPAV,0.0,2026-06-21 14:00:00+00:00,33.4,2026-06-21 15:00:00+00:00,,,,,47.0,2026-06-21 14:00:00+00:00,False,False,False,False,False,,False,0.5433472222222218,False,,,,,0.5620833333333334,False,False,0.597,51.6,False
ARPAV::144,Rosa',45.71658505,11.77625641,ARPAV,ARPAV,16.0,2026-06-21 14:00:00+00:00,34.8,2026-06-21 15:00:00+00:00,,,,,45.0,2026-06-21 14:00:00+00:00,False,False,False,False,False,,False,0.805652777777777,False,,,,,0.33725,False,False,0.589,52.9,False
ARPAV::145,Barbarano Vicentino,45.39775173,11.57053751,ARPAV,ARPAV,0.0,2026-06-21 14:00:00+00:00,34.7,2026-06-21 15:00:00+00:00,,,,,32.0,2026-06-21 14:00:00+00:00,False,False,False,False,False,,False,0.7869166666666668,False,,,,,-1.1241666666666668,False,False,0.551,59.5,False
ARPAV::146,Trissino,45.57923698,11.35788495,ARPAV,ARPAV,0.0,2026-06-21 14:00:00+00:00,32.6,2026-06-21 15:00:00+00:00,,,,,35.0,2026-06-21 14:00:00+00:00,False,False,False,False,False,,False,0.3934583333333334,False,,,,,-0.7869166666666666,False,False,0.445,77.3,False
ARPAV::147,Breganze,45.72042777,11.57629665,ARPAV,ARPAV,0.0,2026-06-21 14:00:00+00:00,32.7,2026-06-21 15:00:00+00:00,,,,,41.0,2026-06-21 14:00:00+00:00,False,False,False,False,False,,False,0.41219444444444486,False,,,,,-0.11241666666666666,False,False,0.51,66.4,False
ARPAV::148,Brendola,45.472077,11.470371,ARPAV,ARPAV,0.0,2026-06-21 14:00:00+00:00,33.5,2026-06-21 15:00:00+00:00,,,,,38.0,2026-06-21 14:00:00+00:00,False,False,False,False,False,,False,0.562083333333333,False,,,,,-0.44966666666666666,False,False,0.505,67.1,False
ARPAV::149,Montegalda,45.44957583,11.66198536,ARPAV,ARPAV,0.0,2026-06-21 14:00:00+00:00,35.1,2026-06-21 15:00:00+00:00,,,,,40.0,2026-06-21 14:00:00+00:00,False,False,False,False,False,,False,0.861861111111111,False,,,,,-0.22483333333333333,False,False,0.594,52.1,False
ARPAV::15,Gares,46.3131289,11.88273666,ARPAV,ARPAV,4.2,2026-06-21 14:00:00+00:00,22.1,2026-06-21 15:00:00+00:00,,,,,,,False,False,False,False,False,,False,-1.5738333333333325,False,,,,,,,False,0.293,103.1,False
ARPAV::151,Masi,45.11740196,11.48088305,ARPAV,ARPAV,0.0,2026-06-21 14:00:00+00:00,35.1,2026-06-21 15:00:00+00:00,,,,,33.0,2026-06-21 14:00:00+00:00,False,False,False,False,False,,False,0.861861111111111,False,,,,,-1.01175,False,False,0.456,75.5,False
ARPAV::152,Balduina (Sant'Urbano),45.13472648,11.58415552,ARPAV,ARPAV,0.0,2026-06-21 14:00:00+00:00,34.8,2026-06-21 15:00:00+00:00,,,,,41.0,2026-06-21 14:00:00+00:00,False,False,False,False,False,,False,0.805652777777777,False,,,,,-0.11241666666666666,False,False,0.503,67.5,False
ARPAV::156,Crespano del Grappa,45.84169964,11.84066348,ARPAV,ARPAV,0.0,2026-06-21 14:00:00+00:00,29.8,2026-06-21 15:00:00+00:00,,,,,46.0,2026-06-21 14:00:00+00:00,False,False,False,False,False,,False,-0.1311527777777776,False,,,,,0.44966666666666666,False,False,0.556,58.7,False
ARPAV::159,Portogruaro - Lison,45.74548888,12.76128681,ARPAV,ARPAV,0.0,2026-06-21 14:00:00+00:00,34.5,2026-06-21 15:00:00+00:00,,,,,42.0,2026-06-21 14:00:00+00:00,False,False,False,False,False,,False,0.7494444444444441,False,,,,,0.0,False,False,0.62,47.7,False
ARPAV::160,Cavallino Treporti,45.45871531,12.48626171,ARPAV,ARPAV,0.0,2026-06-21 14:00:00+00:00,33.5,2026-06-21 15:00:00+00:00,1021.3,2026-06-21 14:00:00+00:00,,,56.0,2026-06-21 14:00:00+00:00,False,False,False,False,False,,False,0.562083333333333,False,0.6745,False,,,1.5738333333333332,False,False,0.83,12.4,False
ARPAV::163,Noventa di Piave - Grassaga,45.66841156,12.58851069,ARPAV,ARPAV,0.0,2026-06-21 14:00:00+00:00,35.9,2026-06-21 15:00:00+00:00,,,,,36.0,2026-06-21 14:00:00+00:00,False,False,False,False,False,,False,1.0117499999999993,False,,,,,-0.6745,False,False,0.711,32.4,False
ARPAV::164,Eraclea,45.60316601,12.70706142,ARPAV,ARPAV,0.0,2026-06-21 14:00:00+00:00,34.0,2026-06-21 15:00:00+00:00,,,,,50.0,2026-06-21 14:00:00+00:00,False,False,False,False,False,,False,0.6557638888888886,False,,,,,0.8993333333333333,False,False,0.699,34.5,False
ARPAV::165,Fossalta di Portogruaro,45.77566742,12.89394125,ARPAV,ARPAV,0.0,2026-06-21 14:00:00+00:00,34.6,2026-06-21 15:00:00+00:00,,,,,45.0,2026-06-21 14:00:00+00:00,False,False,False,False,False,,False,0.7681805555555555,False,,,,,0.33725,False,False,0.562,57.6,False
ARPAV::166,Lugugnana (Portogruaro),45.70491156,12.94668823,ARPAV,ARPAV,0.0,2026-06-21 14:00:00+00:00,34.4,2026-06-21 15:00:00+00:00,,,,,42.0,2026-06-21 14:00:00+00:00,False,False,False,False,False,,False,0.7307083333333327,False,,,,,0.0,False,False,0.57,56.3,False
ARPAV::167,Mira,45.43934709,12.1169216,ARPAV,ARPAV,0.0,2026-06-21 14:00:00+00:00,34.8,2026-06-21 15:00:00+00:00,,,,,41.0,2026-06-21 14:00:00+00:00,False,False,False,False,False,,False,0.805652777777777,False,,,,,-0.11241666666666666,False,False,0.805,16.6,False
ARPAV::168,Chioggia - Sant'Anna,45.14632401,12.27596996,ARPAV,ARPAV,0.0,2026-06-21 14:00:00+00:00,32.4,2026-06-21 15:00:00+00:00,,,,,51.0,2026-06-21 14:00:00+00:00,False,False,False,False,False,,False,0.3559861111111107,False,,,,,1.01175,False,False,0.708,32.9,False
ARPAV::169,Agna,45.15926189,11.95775646,ARPAV,ARPAV,0.0,2026-06-21 14:00:00+00:00,35.7,2026-06-21 15:00:00+00:00,,,,,36.0,2026-06-21 14:00:00+00:00,False,False,False,False,False,,False,0.9742777777777779,False,,,,,-0.6745,False,False,0.65,42.7,False
ARPAV::17,Perarolo,46.39415044,12.35657766,ARPAV,ARPAV,0.2,2026-06-21 14:00:00+00:00,20.1,2026-06-21 15:00:00+00:00,,,,,47.0,2026-06-21 14:00:00+00:00,False,False,False,False,False,,False,-1.9485555555555545,False,,,,,0.5620833333333334,False,False,0.275,106.1,False
ARPAV::170,Teolo,45.34272761,11.67713457,ARPAV,ARPAV,0.0,2026-06-21 14:00:00+00:00,34.7,2026-06-21 15:00:00+00:00,1021.3,2026-06-21 14:00:00+00:00,,,38.0,2026-06-21 14:00:00+00:00,False,False,False,False,False,,False,0.7869166666666668,False,0.6745,False,,,-0.44966666666666666,False,False,0.594,52.1,False
ARPAV::175,Codevigo,45.24367259,12.09970856,ARPAV,ARPAV,0.0,2026-06-21 14:00:00+00:00,35.7,2026-06-21 15:00:00+00:00,,,,,38.0,2026-06-21 14:00:00+00:00,False,False,False,False,False,,False,0.9742777777777779,False,,,,,-0.44966666666666666,False,False,0.735,28.3,False
ARPAV::177,Grantorto,45.59472035,11.75218331,ARPAV,ARPAV,0.0,2026-06-21 14:00:00+00:00,34.2,2026-06-21 15:00:00+00:00,,,,,44.0,2026-06-21 14:00:00+00:00,False,False,False,False,False,,False,0.6932361111111113,False,,,,,0.22483333333333333,False,False,0.618,48.2,False
ARPAV::178,Cavarzere,45.16150338,12.08720348,ARPAV,ARPAV,0.0,2026-06-21 14:00:00+00:00,34.3,2026-06-21 15:00:00+00:00,,,,,41.0,2026-06-21 14:00:00+00:00,False,False,False,False,False,,False,0.7119722222222215,False,,,,,-0.11241666666666666,False,False,0.688,36.3,False
ARPAV::179,Campodarsego,45.49551578,11.91336346,ARPAV,ARPAV,0.0,2026-06-21 14:00:00+00:00,34.4,2026-06-21 15:00:00+00:00,,,,,39.0,2026-06-21 14:00:00+00:00,False,False,False,False,False,,False,0.7307083333333327,False,,,,,-0.33725,False,False,0.707,33.1,False
ARPAV::182,Tribano,45.18668992,11.8487995,ARPAV,ARPAV,0.0,2026-06-21 14:00:00+00:00,35.2,2026-06-21 15:00:00+00:00,,,,,36.0,2026-06-21 14:00:00+00:00,False,False,False,False,False,,False,0.8805972222222224,False,,,,,-0.6745,False,False,0.625,47.0,False
ARPAV::183,Volpago del Montello,45.78502414,12.11304779,ARPAV,ARPAV,0.0,2026-06-21 14:00:00+00:00,34.1,2026-06-21 15:00:00+00:00,,,,,43.0,2026-06-21 14:00:00+00:00,False,False,False,False,False,,False,0.6745,False,,,,,0.11241666666666666,False,False,0.655,41.9,False
ARPAV::184,Zero Branco,45.60991,12.12088,ARPAV,ARPAV,0.0,2026-06-21 14:00:00+00:00,35.6,2026-06-21 15:00:00+00:00,,,,,31.0,2026-06-21 14:00:00+00:00,False,False,False,False,False,,False,0.9555416666666665,False,,,,,-1.2365833333333334,False,False,0.755,24.9,False
ARPAV::185,Vazzola - Tezze,45.81168647,12.34189762,ARPAV,ARPAV,0.0,2026-06-21 14:00:00+00:00,34.8,2026-06-21 15:00:00+00:00,,,,,41.0,2026-06-21 14:00:00+00:00,False,False,False,False,False,,False,0.805652777777777,False,,,,,-0.11241666666666666,False,False,0.658,41.3,False
ARPAV::186,Gaiarine,45.89217558,12.49348723,ARPAV,ARPAV,0.0,2026-06-21 14:00:00+00:00,35.1,2026-06-21 15:00:00+00:00,,,,,35.0,2026-06-21 14:00:00+00:00,False,False,False,False,False,,False,0.861861111111111,False,,,,,-0.7869166666666666,False,False,0.596,51.9,False
ARPAV::187,Roncade,45.64140487,12.39588815,ARPAV,ARPAV,0.0,2026-06-21 14:00:00+00:00,35.4,2026-06-21 15:00:00+00:00,,,,,42.0,2026-06-21 14:00:00+00:00,False,False,False,False,False,,False,0.9180694444444438,False,,,,,0.0,False,False,0.767,23.0,False
ARPAV::188,Villorba,45.74894328,12.23496228,ARPAV,ARPAV,0.0,2026-06-21 14:00:00+00:00,35.1,2026-06-21 15:00:00+00:00,,,,,44.0,2026-06-21 14:00:00+00:00,False,False,False,False,False,,False,0.861861111111111,False,,,,,0.22483333333333333,False,False,0.695,35.1,False
ARPAV::189,Valdobbiadene - Bigolino,45.88205751,12.0070972,ARPAV,ARPAV,0.0,2026-06-21 14:00:00+00:00,32.9,2026-06-21 15:00:00+00:00,,,,,42.0,2026-06-21 14:00:00+00:00,False,False,False,False,False,,False,0.44966666666666616,False,,,,,0.0,False,False,0.576,55.2,False
ARPAV::19,Agordo,46.27804651,12.03319083,ARPAV,ARPAV,1.8,2026-06-21 14:00:00+00:00,27.4,2026-06-21 15:00:00+00:00,,,,,57.0,2026-06-21 14:00:00+00:00,False,False,False,False,False,,False,-0.5808194444444444,False,,,,,1.68625,False,False,0.335,96.0,False
ARPAV::190,Brustole' (Velo d'Astico),45.80132477,11.34330714,ARPAV,ARPAV,0.8,2026-06-21 14:00:00+00:00,25.4,2026-06-21 15:00:00+00:00,,,,,,,False,False,False,False,False,,False,-0.9555416666666665,False,,,,,,,False,0.39,86.6,False
ARPAV::191,Molini (Laghi),45.83331375,11.25603835,ARPAV,ARPAV,0.2,2026-06-21 14:00:00+00:00,23.3,2026-06-21 15:00:00+00:00,,,,,71.0,2026-06-21 14:00:00+00:00,False,False,False,False,False,,False,-1.3489999999999993,False,,,,,3.2600833333333337,False,False,0.345,94.3,False
ARPAV::192,Passo Xomo (Posina),45.77777304,11.2376662,ARPAV,ARPAV,0.0,2026-06-21 14:00:00+00:00,24.2,2026-06-21 15:00:00+00:00,,,,,56.0,2026-06-21 14:00:00+00:00,False,False,False,False,False,,False,-1.1803749999999997,False,,,,,1.5738333333333332,False,False,0.353,92.9,False
ARPAV::195,Farra di Soligo,45.9021246,12.10445916,ARPAV,ARPAV,0.4,2026-06-21 14:00:00+00:00,33.8,2026-06-21 15:00:00+00:00,,,,,41.0,2026-06-21 14:00:00+00:00,False,False,False,False,False,,False,0.6182916666666659,False,,,,,-0.11241666666666666,False,False,0.582,54.3,False
ARPAV::196,Oderzo,45.76569434,12.52427035,ARPAV,ARPAV,0.0,2026-06-21 14:00:00+00:00,,,,,,,,,False,False,False,False,False,,False,,,,,,,,,False,0.671,39.2,False
ARPAV::197,Maser,45.77892133,11.94236996,ARPAV,ARPAV,0.0,2026-06-21 14:00:00+00:00,35.0,2026-06-21 15:00:00+00:00,,,,,41.0,2026-06-21 14:00:00+00:00,False,False,False,False,False,,False,0.8431249999999997,False,,,,,-0.11241666666666666,False,False,0.617,48.3,False
ARPAV::199,Longarone,46.26152058,12.30351169,ARPAV,ARPAV,0.0,2026-06-21 14:00:00+00:00,28.9,2026-06-21 15:00:00+00:00,,,,,44.0,2026-06-21 14:00:00+00:00,False,False,False,False,False,,False,-0.299777777777778,False,,,,,0.22483333333333333,False,False,0.362,91.4,False
ARPAV::200,Lamon - Sala,46.04985912,11.74647606,ARPAV,ARPAV,1.6,2026-06-21 14:00:00+00:00,31.0,2026-06-21 15:00:00+00:00,,,,,41.0,2026-06-21 14:00:00+00:00,False,False,False,False,False,,False,0.09368055555555552,False,,,,,-0.11241666666666666,False,False,0.42,81.5,False
ARPAV::201,Monte Grande (Teolo),45.36192058,11.67281842,ARPAV,ARPAV,,,30.0,2026-06-21 15:00:00+00:00,,,,,,,False,False,False,False,False,,,-0.09368055555555552,False,,,,,,,False,0.595,52.0,False
ARPAV::203,Passo Valles,46.33914263,11.80160227,ARPAV,ARPAV,5.0,2026-06-21 14:00:00+00:00,18.2,2026-06-21 15:00:00+00:00,,,,,54.0,2026-06-21 14:00:00+00:00,False,False,False,False,False,,False,-2.304541666666666,False,,,,,1.349,False,False,0.263,108.0,False
ARPAV::204,Ponte di Piave,45.71711766,12.5239352,ARPAV,ARPAV,0.0,2026-06-21 14:00:00+00:00,34.7,2026-06-21 15:00:00+00:00,,,,,40.0,2026-06-21 14:00:00+00:00,False,False,False,False,False,,False,0.7869166666666668,False,,,,,-0.22483333333333333,False,False,0.7,34.3,False
ARPAV::21,Sant'Andrea (Gosaldo),46.22965097,11.95772698,ARPAV,ARPAV,3.2,2026-06-21 14:00:00+00:00,23.7,2026-06-21 15:00:00+00:00,,,,,59.0,2026-06-21 14:00:00+00:00,False,False,False,False,False,,False,-1.2740555555555553,False,,,,,1.9110833333333332,False,False,0.356,92.4,False
ARPAV::211,Codevigo - Ca' di Mezzo,45.22690363,12.14506095,ARPAV,ARPAV,0.0,2026-06-21 14:00:00+00:00,33.5,2026-06-21 15:00:00+00:00,,,,,46.0,2026-06-21 14:00:00+00:00,False,False,False,False,False,,False,0.562083333333333,False,,,,,0.44966666666666666,False,False,0.739,27.8,False
ARPAV::216,Cansiglio - Tramedere,46.07747932,12.41476528,ARPAV,ARPAV,0.6,2026-06-21 14:00:00+00:00,26.3,2026-06-21 15:00:00+00:00,,,,,55.0,2026-06-21 14:00:00+00:00,False,False,False,False,False,,False,-0.7869166666666663,False,,,,,1.4614166666666666,False,False,0.481,71.2,False
ARPAV::217,Feltre,46.01620135,11.89462516,ARPAV,ARPAV,0.0,2026-06-21 14:00:00+00:00,33.6,2026-06-21 15:00:00+00:00,,,,,40.0,2026-06-21 14:00:00+00:00,False,False,False,False,False,,False,0.5808194444444444,False,,,,,-0.22483333333333333,False,False,0.474,72.4,False
ARPAV::218,Asiago - aeroporto,45.88342502,11.51100804,ARPAV,ARPAV,3.4,2026-06-21 14:00:00+00:00,26.8,2026-06-21 15:00:00+00:00,1020.7,2026-06-21 14:00:00+00:00,,,49.0,2026-06-21 14:00:00+00:00,False,False,False,False,False,,False,-0.6932361111111107,False,0.5518636363636533,False,,,0.7869166666666666,False,False,0.426,80.5,False
ARPAV::219,Rovina di Cancia (Borca di Cadore Q1373),46.43717725,12.24264349,ARPAV,ARPAV,0.0,2026-06-21 14:00:00+00:00,,,,,,,,,False,False,False,False,False,,False,,,,,,,,,False,0.245,111.1,False
ARPAV::22,Sant'Antonio Tortal,46.04834616,12.15448034,ARPAV,ARPAV,0.0,2026-06-21 14:00:00+00:00,30.3,2026-06-21 15:00:00+00:00,,,,,,,False,False,False,False,False,,False,-0.037472222222222074,False,,,,,,,False,0.494,69.0,False
ARPAV::220,Treviso,45.68093386,12.22154715,ARPAV,ARPAV,0.0,2026-06-21 14:00:00+00:00,35.7,2026-06-21 15:00:00+00:00,1020.9,2026-06-21 14:00:00+00:00,,,35.0,2026-06-21 14:00:00+00:00,False,False,False,False,False,,False,0.9742777777777779,False,0.5927424242424277,False,,,-0.7869166666666666,False,False,0.737,28.1,False
ARPAV::221,Trecenta,45.02166616,11.42663109,ARPAV,ARPAV,0.0,2026-06-21 14:00:00+00:00,36.2,2026-06-21 15:00:00+00:00,,,,,34.0,2026-06-21 14:00:00+00:00,False,False,False,False,False,,False,1.0679583333333333,False,,,,,-0.8993333333333333,False,False,0.402,84.7,False
ARPAV::223,Falcade,46.355567,11.869723,ARPAV,ARPAV,5.8,2026-06-21 14:00:00+00:00,24.4,2026-06-21 15:00:00+00:00,,,,,47.0,2026-06-21 14:00:00+00:00,False,False,False,False,False,,False,-1.1429027777777776,False,,,,,0.5620833333333334,False,False,0.264,107.9,False
ARPAV::224,Valle di Cadore,46.41544389,12.3323414,ARPAV,ARPAV,0.2,2026-06-21 14:00:00+00:00,17.1,2026-06-21 15:00:00+00:00,,,,,,,False,False,False,False,False,,False,-2.510638888888888,False,,,,,,,False,0.261,108.5,False
ARPAV::227,Mogliano Veneto,45.5807425,12.30779083,ARPAV,ARPAV,0.0,2026-06-21 14:00:00+00:00,35.3,2026-06-21 15:00:00+00:00,,,,,34.0,2026-06-21 14:00:00+00:00,False,False,False,False,False,,False,0.8993333333333323,False,,,,,-0.8993333333333333,False,False,0.81,15.7,False
ARPAV::230,Campagna Lupia - Valle Averto,45.34941987,12.14155693,ARPAV,ARPAV,0.0,2026-06-21 14:00:00+00:00,36.0,2026-06-21 15:00:00+00:00,,,,,39.0,2026-06-21 14:00:00+00:00,False,False,False,False,False,,False,1.0304861111111108,False,,,,,-0.33725,False,False,0.797,17.8,False
ARPAV::231,Sant'Apollinare (Rovigo),45.03340149,11.8259685,ARPAV,ARPAV,0.0,2026-06-21 14:00:00+00:00,36.6,2026-06-21 15:00:00+00:00,,,,,36.0,2026-06-21 14:00:00+00:00,False,False,False,False,False,,False,1.1429027777777776,False,,,,,-0.6745,False,False,0.548,60.0,False
ARPAV::232,Bassano del Grappa,45.78504906,11.73017735,ARPAV,ARPAV,0.0,2026-06-21 14:00:00+00:00,33.3,2026-06-21 15:00:00+00:00,,,,,35.0,2026-06-21 14:00:00+00:00,False,False,False,False,False,,False,0.5246111111111104,False,,,,,-0.7869166666666666,False,False,0.545,60.4,False
ARPAV::234,Padova,45.397192,11.845461,ARPAV,ARPAV,0.0,2026-06-21 14:00:00+00:00,35.5,2026-06-21 15:00:00+00:00,,,,,45.0,2026-06-21 14:00:00+00:00,False,False,False,False,False,,False,0.9368055555555552,False,,,,,0.33725,False,False,0.677,38.1,False
ARPAV::235,Soffranco,46.278202,12.24278045,ARPAV,ARPAV,0.0,2026-06-21 14:00:00+00:00,29.7,2026-06-21 15:00:00+00:00,,,,,,,False,False,False,False,False,,False,-0.149888888888889,False,,,,,,,False,0.35,93.4,False
ARPAV::236,San Martino d'Alpago,46.18043287,12.39682227,ARPAV,ARPAV,0.2,2026-06-21 14:00:00+00:00,28.8,2026-06-21 15:00:00+00:00,,,,,,,False,False,False,False,False,,False,-0.31851388888888865,False,,,,,,,False,0.415,82.5,False
ARPAV::237,Cortina d'Ampezzo - Gilardon,46.53668964,12.12739699,ARPAV,ARPAV,0.2,2026-06-21 14:00:00+00:00,24.3,2026-06-21 15:00:00+00:00,,,,,42.0,2026-06-21 14:00:00+00:00,False,False,False,False,False,,False,-1.1616388888888884,False,,,,,0.0,False,False,0.175,122.9,False
ARPAV::238,Misurina,46.5764122,12.25007045,ARPAV,ARPAV,0.0,2026-06-21 14:00:00+00:00,19.3,2026-06-21 15:00:00+00:00,,,,,42.0,2026-06-21 14:00:00+00:00,False,False,False,False,False,,False,-2.0984444444444432,False,,,,,0.0,False,False,0.154,126.5,False
ARPAV::239,Col di Pra',46.29588807,11.92891208,ARPAV,ARPAV,2.6,2026-06-21 14:00:00+00:00,23.0,2026-06-21 15:00:00+00:00,,,,,52.0,2026-06-21 14:00:00+00:00,False,False,False,False,False,,False,-1.4052083333333327,False,,,,,1.1241666666666668,False,False,0.31,100.1,False
ARPAV::240,Vittorio Veneto,45.98539025,12.30760378,ARPAV,ARPAV,0.4,2026-06-21 14:00:00+00:00,34.8,2026-06-21 15:00:00+00:00,,,,,34.0,2026-06-21 14:00:00+00:00,False,False,False,False,False,,False,0.805652777777777,False,,,,,-0.8993333333333333,False,False,0.544,60.7,False
ARPAV::245,Quero,45.9255196,11.93977502,ARPAV,ARPAV,0.0,2026-06-21 14:00:00+00:00,32.1,2026-06-21 15:00:00+00:00,,,,,45.0,2026-06-21 14:00:00+00:00,False,False,False,False,False,,False,0.299777777777778,False,,,,,0.33725,False,False,0.536,61.9,False
ARPAV::246,Costalta,46.57877599,12.57556615,ARPAV,ARPAV,0.0,2026-06-21 14:00:00+00:00,19.5,2026-06-21 15:00:00+00:00,,,,,,,False,False,False,False,False,,False,-2.0609722222222215,False,,,,,,,False,0.145,128.0,False
ARPAV::247,Casamazzagno,46.59389393,12.51561664,ARPAV,ARPAV,0.0,2026-06-21 14:00:00+00:00,22.1,2026-06-21 15:00:00+00:00,,,,,50.0,2026-06-21 14:00:00+00:00,False,False,False,False,False,,False,-1.5738333333333325,False,,,,,0.8993333333333333,False,False,0.138,129.1,False
ARPAV::248,Piana di Marcesina - Rendole,45.94933182,11.61226574,ARPAV,ARPAV,3.2,2026-06-21 14:00:00+00:00,24.6,2026-06-21 15:00:00+00:00,,,,,49.0,2026-06-21 14:00:00+00:00,False,False,False,False,False,,False,-1.1054305555555548,False,,,,,0.7869166666666666,False,False,0.432,79.5,False
ARPAV::25,Sospirolo,46.14063559,12.07539462,ARPAV,ARPAV,0.0,2026-06-21 14:00:00+00:00,30.4,2026-06-21 15:00:00+00:00,,,,,,,False,False,False,False,False,,False,-0.01873611111111137,False,,,,,,,False,0.427,80.4,False
ARPAV::251,Bosco Chiesanuova,45.61935401,11.03859258,ARPAV,ARPAV,0.0,2026-06-21 14:00:00+00:00,26.8,2026-06-21 15:00:00+00:00,,,,,54.0,2026-06-21 14:00:00+00:00,False,False,False,False,False,,False,-0.6932361111111107,False,,,,,1.349,False,False,0.296,102.6,False
ARPAV::252,Venezia - Istituto Cavanis,45.42996715,12.32809643,ARPAV,ARPAV,0.0,2026-06-21 14:00:00+00:00,33.7,2026-06-21 15:00:00+00:00,1021.2,2026-06-21 14:00:00+00:00,,,48.0,2026-06-21 14:00:00+00:00,False,False,False,False,False,,False,0.599555555555556,False,0.6540606060606243,False,,,0.6745,False,False,0.896,1.1,False
ARPAV::253,Valeggio sul Mincio,45.36036737,10.73179344,ARPAV,ARPAV,9.4,2026-06-21 14:00:00+00:00,34.4,2026-06-21 15:00:00+00:00,,,,,49.0,2026-06-21 14:00:00+00:00,False,False,False,False,False,,False,0.7307083333333327,False,,,,,0.7869166666666666,False,False,0.162,125.1,False
ARPAV::260,Colognola ai Colli,45.42497835,11.22419922,ARPAV,ARPAV,0.0,2026-06-21 14:00:00+00:00,35.6,2026-06-21 15:00:00+00:00,,,,,34.0,2026-06-21 14:00:00+00:00,False,False,False,False,False,,False,0.9555416666666665,False,,,,,-0.8993333333333333,False,False,0.392,86.3,False
ARPAV::262,Valpore (Seren del Grappa),45.89728311,11.80606051,ARPAV,ARPAV,0.0,2026-06-21 14:00:00+00:00,24.6,2026-06-21 15:00:00+00:00,,,,,,,False,False,False,False,False,,False,-1.1054305555555548,False,,,,,,,False,0.517,65.1,False
ARPAV::264,Belluno - aeroporto,46.16467858,12.24470834,ARPAV,ARPAV,0.0,2026-06-21 14:00:00+00:00,31.5,2026-06-21 15:00:00+00:00,1021.1,2026-06-21 14:00:00+00:00,,,43.0,2026-06-21 14:00:00+00:00,False,False,False,False,False,,False,0.18736111111111103,False,0.6336212121212256,False,,,0.11241666666666666,False,False,0.424,80.9,False
ARPAV::265,Galzignano - Ca' Demia,45.30014284,11.74268777,ARPAV,ARPAV,0.0,2026-06-21 14:00:00+00:00,36.2,2026-06-21 15:00:00+00:00,,,,,39.0,2026-06-21 14:00:00+00:00,False,False,False,False,False,,False,1.0679583333333333,False,,,,,-0.33725,False,False,0.616,48.4,False
ARPAV::266,Santa Giustina Bellunese,46.07841194,12.07247911,ARPAV,ARPAV,1.0,2026-06-21 14:00:00+00:00,33.4,2026-06-21 15:00:00+00:00,,,,,57.0,2026-06-21 14:00:00+00:00,False,False,False,False,False,,False,0.5433472222222218,False,,,,,1.68625,False,False,0.466,73.7,False
ARPAV::268,Sella Ciampigotto,46.48692303,12.58466111,ARPAV,ARPAV,0.0,2026-06-21 14:00:00+00:00,14.0,2026-06-21 15:00:00+00:00,,,,,54.0,2026-06-21 14:00:00+00:00,False,False,False,False,False,,False,-3.091458333333332,False,,,,,1.349,False,False,0.204,118.1,False
ARPAV::278,Agno a Recoaro Terme,45.70199328,11.21470019,ARPAV,ARPAV,0.0,2026-06-21 14:00:00+00:00,25.8,2026-06-21 15:00:00+00:00,,,,,,,False,False,False,False,False,,False,-0.8805972222222218,False,,,,,,,False,0.361,91.6,False
ARPAV::28,Monte Cesen,45.945242,12.020877,ARPAV,ARPAV,,,20.7,2026-06-21 15:00:00+00:00,,,,,65.0,2026-06-21 14:00:00+00:00,False,False,False,False,False,,,-1.836138888888888,False,,,,,2.5855833333333336,False,False,0.541,61.1,False
ARPAV::292,Muson dei Sassi a Castelfranco Veneto,45.66983651,11.92027581,ARPAV,ARPAV,0.0,2026-06-21 14:00:00+00:00,,,,,,,,,False,False,False,False,False,,False,,,,,,,,,False,0.661,40.9,False
ARPAV::295,Gua' a Cologna Veneta,45.31652621,11.38324121,ARPAV,ARPAV,0.0,2026-06-21 14:00:00+00:00,34.3,2026-06-21 15:00:00+00:00,,,,,,,False,False,False,False,False,,False,0.7119722222222215,False,,,,,,,False,0.458,75.2,False
ARPAV::298,Monticano a Fontanelle,45.83694613,12.43991791,ARPAV,ARPAV,0.0,2026-06-21 14:00:00+00:00,,,,,,,,,False,False,False,False,False,,False,,,,,,,,,False,0.637,45.0,False
ARPAV::299,Monticano a Gorgo al Monticano,45.78572084,12.53899329,ARPAV,ARPAV,0.0,2026-06-21 14:00:00+00:00,34.8,2026-06-21 15:00:00+00:00,,,,,47.0,2026-06-21 14:00:00+00:00,False,False,False,False,False,,False,0.805652777777777,False,,,,,0.5620833333333334,False,False,0.656,41.7,False
ARPAV::3,Arabba,46.49998395,11.87607301,ARPAV,ARPAV,1.2,2026-06-21 14:00:00+00:00,20.7,2026-06-21 15:00:00+00:00,,,,,39.0,2026-06-21 14:00:00+00:00,False,False,False,False,False,,False,-1.836138888888888,False,,,,,-0.33725,False,False,0.175,123.0,False
ARPAV::305,Astico a Lugo di Vicenza,45.74036652,11.52328382,ARPAV,ARPAV,0.0,2026-06-21 14:00:00+00:00,,,,,,,,,False,False,False,False,False,,False,,,,,,,,,False,0.482,71.1,False
ARPAV::315,Agno a Ponte Brogliano,45.59010662,11.3697627,ARPAV,ARPAV,0.0,2026-06-21 14:00:00+00:00,33.0,2026-06-21 15:00:00+00:00,,,,,,,False,False,False,False,False,,False,0.4684027777777776,False,,,,,,,False,0.449,76.7,False
ARPAV::317,Gua' a Ponte Gua',45.4921808,11.39176197,ARPAV,ARPAV,0.0,2026-06-21 14:00:00+00:00,34.0,2026-06-21 15:00:00+00:00,,,,,,,False,False,False,False,False,,False,0.6557638888888886,False,,,,,,,False,0.468,73.4,False
ARPAV::321,Retrone a Vicenza S.Agostino,45.52548627,11.52144451,ARPAV,ARPAV,0.0,2026-06-21 14:00:00+00:00,33.0,2026-06-21 15:00:00+00:00,,,,,,,False,False,False,False,False,,False,0.4684027777777776,False,,,,,,,False,0.526,63.7,False
ARPAV::334,Bacchiglione a Padova Voltabarozzo,45.38613829,11.9056263,ARPAV,ARPAV,0.0,2026-06-21 14:00:00+00:00,,,,,,,,,False,False,False,False,False,,False,,,,,,,,,False,0.704,33.7,False
ARPAV::345,Gallio,45.88022083,11.55281023,ARPAV,ARPAV,3.0,2026-06-21 14:00:00+00:00,26.0,2026-06-21 15:00:00+00:00,,,,,52.0,2026-06-21 14:00:00+00:00,False,False,False,False,False,,False,-0.8431249999999997,False,,,,,1.1241666666666668,False,False,0.443,77.7,False
ARPAV::346,La Secca,46.12987309,12.31830088,ARPAV,ARPAV,0.0,2026-06-21 14:00:00+00:00,30.2,2026-06-21 15:00:00+00:00,,,,,59.0,2026-06-21 14:00:00+00:00,False,False,False,False,False,,False,-0.05620833333333344,False,,,,,1.9110833333333332,False,False,0.449,76.7,False
ARPAV::347,Passo Falzarego nivo (Q1988),46.52016977,12.02802485,ARPAV,ARPAV,1.2,2026-06-21 14:00:00+00:00,,,1018.9,2026-06-21 14:00:00+00:00,,,,,False,False,False,False,False,,False,,,0.18395454545454334,False,,,,,False,0.178,122.4,False
ARPAV::348,Roncadin (Chies d'Alpago),46.19073266,12.40789032,ARPAV,ARPAV,0.0,2026-06-21 14:00:00+00:00,,,,,,,,,False,False,False,False,False,,False,,,,,,,,,False,0.407,83.7,False
ARPAV::350,Valstagna,45.86245484,11.65923289,ARPAV,ARPAV,1.2,2026-06-21 14:00:00+00:00,,,,,,,,,False,False,False,False,False,,False,,,,,,,,,False,0.487,70.2,False
ARPAV::351,Solagna Villaggio del sole,45.84011076,11.72922641,ARPAV,ARPAV,0.2,2026-06-21 14:00:00+00:00,26.1,2026-06-21 15:00:00+00:00,,,,,,,False,False,False,False,False,,False,-0.8243888888888883,False,,,,,,,False,0.521,64.5,False
ARPAV::37,Passo Falzarego,46.51873107,12.00683651,ARPAV,ARPAV,1.4,2026-06-21 14:00:00+00:00,18.8,2026-06-21 15:00:00+00:00,,,,,,,False,False,False,False,False,,False,-2.192124999999999,False,,,,,,,False,0.177,122.5,False
ARPAV::384,Col dei Baldi,46.41521667,12.07313333,ARPAV,ARPAV,,,,,1020.0,2026-06-21 14:00:00+00:00,,,,,False,False,False,False,False,,,,,0.4087878787878844,False,,,,,False,0.25,110.2,False
ARPAV::386,Monte Lisser,45.95425001,11.65097222,ARPAV,ARPAV,,,,,1019.5,2026-06-21 14:00:00+00:00,,,,,False,False,False,False,False,,,,,0.3065909090909133,False,,,,,False,0.442,77.8,False
ARPAV::387,Monte Baldo,45.77313889,10.86569445,ARPAV,ARPAV,,,,,1017.0,2026-06-21 14:00:00+00:00,,,,,False,False,False,False,False,,,,,-0.2043939393939422,False,,,,,False,0.194,119.8,False
ARPAV::391,Monte Grappa,45.86939886,11.78246745,ARPAV,ARPAV,,,,,1018.6,2026-06-21 14:00:00+00:00,,,,,False,False,False,False,False,,,,,0.12263636363636997,False,,,,,False,0.524,64.0,False
ARPAV::402,Biois a Cencenighe,46.35236803,11.96646096,ARPAV,ARPAV,2.4,2026-06-21 14:00:00+00:00,23.5,2026-06-21 15:00:00+00:00,,,,,,,False,False,False,False,False,,False,-1.3115277777777772,False,,,,,,,False,0.28,105.3,False
ARPAV::404,Astico a Pedescala,45.84468696,11.36725287,ARPAV,ARPAV,0.8,2026-06-21 14:00:00+00:00,25.6,2026-06-21 15:00:00+00:00,,,,,63.0,2026-06-21 14:00:00+00:00,False,False,False,False,False,,False,-0.9180694444444438,False,,,,,2.36075,False,False,0.386,87.3,False
ARPAV::409,Chiampo,45.53646508,11.29382418,ARPAV,ARPAV,0.0,2026-06-21 14:00:00+00:00,33.7,2026-06-21 15:00:00+00:00,,,,,27.0,2026-06-21 14:00:00+00:00,False,False,False,False,False,,False,0.599555555555556,False,,,,,-1.68625,False,False,0.421,81.5,False
ARPAV::41,Marmolada - Punta Rocca,46.4335743,11.86279487,ARPAV,ARPAV,,,8.7,2026-06-21 15:00:00+00:00,,,,,,,False,False,False,False,False,,,-4.084472222222221,True,,,,,,,True,0.215,116.2,False
ARPAV::425,Bibione,45.64137219,13.07746832,ARPAV,ARPAV,0.0,2026-06-21 14:00:00+00:00,32.2,2026-06-21 15:00:00+00:00,,,,,52.0,2026-06-21 14:00:00+00:00,False,False,False,False,False,,False,0.3185138888888893,False,,,,,1.1241666666666668,False,False,0.584,53.8,False
ARPAV::451,Vicenza - Sant'Agostino,45.52434984,11.52039317,ARPAV,ARPAV,0.0,2026-06-21 14:00:00+00:00,33.6,2026-06-21 15:00:00+00:00,,,,,39.0,2026-06-21 14:00:00+00:00,False,False,False,False,False,,False,0.5808194444444444,False,,,,,-0.33725,False,False,0.525,63.8,False
ARPAV::454,Favaro Veneto,45.51730828,12.2784802,ARPAV,ARPAV,0.0,2026-06-21 14:00:00+00:00,34.1,2026-06-21 15:00:00+00:00,,,,,43.0,2026-06-21 14:00:00+00:00,False,False,False,False,False,,False,0.6745,False,,,,,0.11241666666666666,False,False,0.847,9.5,False
ARPAV::464,Nogarolo di Tarzo,45.98658333,12.24608334,ARPAV,ARPAV,0.0,2026-06-21 14:00:00+00:00,33.2,2026-06-21 15:00:00+00:00,,,,,,,False,False,False,False,False,,False,0.5058750000000003,False,,,,,,,False,0.541,61.1,False
ARPAV::47,Faloria,46.52744551,12.17508664,ARPAV,ARPAV,0.0,2026-06-21 14:00:00+00:00,17.2,2026-06-21 15:00:00+00:00,,,,,56.0,2026-06-21 14:00:00+00:00,False,False,False,False,False,,False,-2.491902777777777,False,,,,,1.5738333333333332,False,False,0.183,121.5,False
ARPAV::48,Podestagno (Cortina d'Ampezzo),46.59362172,12.11232905,ARPAV,ARPAV,0.2,2026-06-21 14:00:00+00:00,22.8,2026-06-21 15:00:00+00:00,,,,,,,False,False,False,False,False,,False,-1.4426805555555546,False,,,,,,,False,0.137,129.4,False
ARPAV::50,Villanova (Borca di Cadore),46.44327375,12.20626034,ARPAV,ARPAV,0.2,2026-06-21 14:00:00+00:00,19.0,2026-06-21 15:00:00+00:00,,,,,43.0,2026-06-21 14:00:00+00:00,False,False,False,False,False,,False,-2.154652777777777,False,,,,,0.11241666666666666,False,False,0.24,112.0,False
ARPAV::501,Dolina Campoluzzo (Monte Lozze),45.99327673,11.51869973,ARPAV,ARPAV,,,21.5,2026-06-21 15:00:00+00:00,,,,,60.0,2026-06-21 14:00:00+00:00,False,False,False,False,False,,,-1.6862499999999994,False,,,,,2.0235,False,False,0.382,88.0,False
ARPAV::505,Ponte Rio Cordon (Selva di Cadore),46.45098415,12.09595652,ARPAV,ARPAV,1.0,2026-06-21 14:00:00+00:00,17.8,2026-06-21 15:00:00+00:00,,,,,,,False,False,False,False,False,,False,-2.3794861111111096,False,,,,,,,False,0.229,113.9,False
ARPAV::510,Caprino Veronese - Platano,45.60804812,10.81463468,ARPAV,ARPAV,0.0,2026-06-21 14:00:00+00:00,29.4,2026-06-21 15:00:00+00:00,,,,,43.0,2026-06-21 14:00:00+00:00,False,False,False,False,False,,False,-0.20609722222222243,False,,,,,0.11241666666666666,False,False,0.195,119.5,False
ARPAV::53,Auronzo,46.55625348,12.42593677,ARPAV,ARPAV,1.4,2026-06-21 14:00:00+00:00,19.5,2026-06-21 15:00:00+00:00,,,,,81.0,2026-06-21 14:00:00+00:00,False,False,False,False,False,,False,-2.0609722222222215,False,,,,,4.38425,True,True,0.167,124.3,False
ARPAV::55,Pian del Crep (Val di Zoldo),46.37934829,12.09312208,ARPAV,ARPAV,1.0,2026-06-21 14:00:00+00:00,20.9,2026-06-21 15:00:00+00:00,,,,,,,False,False,False,False,False,,False,-1.7986666666666662,False,,,,,,,False,0.275,106.0,False
ARPAV::551,Sant'Elena,45.196595,11.69453713,ARPAV,ARPAV,0.0,2026-06-21 14:00:00+00:00,36.1,2026-06-21 15:00:00+00:00,,,,,33.0,2026-06-21 14:00:00+00:00,False,False,False,False,False,,False,1.049222222222222,False,,,,,-1.01175,False,False,0.568,56.6,False
ARPAV::554,Muson dei Sassi ad Asolo,45.78576616,11.89466078,ARPAV,ARPAV,0.0,2026-06-21 14:00:00+00:00,,,,,,,,,False,False,False,False,False,,False,,,,,,,,,False,0.6,51.2,False
ARPAV::56,Forno di Zoldo - Campo,46.34666725,12.1845653,ARPAV,ARPAV,0.8,2026-06-21 14:00:00+00:00,25.4,2026-06-21 15:00:00+00:00,,,,,63.0,2026-06-21 14:00:00+00:00,False,False,False,False,False,,False,-0.9555416666666665,False,,,,,2.36075,False,False,0.302,101.4,False
ARPAV::568,Rovina di Cancia (Q2267),46.44743181,12.2504163,ARPAV,ARPAV,0.2,2026-06-21 14:00:00+00:00,,,,,,,,,False,False,False,False,False,,False,,,,,,,,,False,0.239,112.2,False
ARPAV::569,Rovina di Cancia (Q1690),46.44219886,12.24555485,ARPAV,ARPAV,0.0,2026-06-21 14:00:00+00:00,,,,,,,,,False,False,False,False,False,,False,,,,,,,,,False,0.242,111.6,False
ARPAV::572,Ospedaletto Euganeo,45.2345589,11.60648596,ARPAV,ARPAV,0.0,2026-06-21 14:00:00+00:00,35.0,2026-06-21 15:00:00+00:00,,,,,35.0,2026-06-21 14:00:00+00:00,False,False,False,False,False,,False,0.8431249999999997,False,,,,,-0.7869166666666666,False,False,0.542,61.0,False
ARPAV::574,Follina,45.96032669,12.12185345,ARPAV,ARPAV,0.2,2026-06-21 14:00:00+00:00,27.4,2026-06-21 15:00:00+00:00,,,,,64.0,2026-06-21 14:00:00+00:00,False,False,False,False,False,,False,-0.5808194444444444,False,,,,,2.4731666666666667,False,False,0.547,60.1,False
ARPAV::575,Rio Chiesa Alto (Livinallongo),46.48945123,11.96341809,ARPAV,ARPAV,1.6,2026-06-21 14:00:00+00:00,,,,,,,,,False,False,False,False,False,,False,,,,,,,,,False,0.192,120.1,False
ARPAV::577,Breda di Piave - Via Bovon,45.7232319,12.37967204,ARPAV,ARPAV,0.0,2026-06-21 14:00:00+00:00,34.5,2026-06-21 15:00:00+00:00,,,,,40.0,2026-06-21 14:00:00+00:00,False,False,False,False,False,,False,0.7494444444444441,False,,,,,-0.22483333333333333,False,False,0.715,31.7,False
ARPAV::58,Santo Stefano di Cadore,46.55719592,12.55254488,ARPAV,ARPAV,0.0,2026-06-21 14:00:00+00:00,20.4,2026-06-21 15:00:00+00:00,,,,,61.0,2026-06-21 14:00:00+00:00,False,False,False,False,False,,False,-1.8923472222222217,False,,,,,2.1359166666666667,False,False,0.16,125.4,False
ARPAV::59,Domegge di Cadore,46.46094955,12.41035969,ARPAV,ARPAV,0.2,2026-06-21 14:00:00+00:00,22.0,2026-06-21 15:00:00+00:00,,,,,48.0,2026-06-21 14:00:00+00:00,False,False,False,False,False,,False,-1.5925694444444438,False,,,,,0.6745,False,False,0.23,113.7,False
ARPAV::60,Malga Campobon (San Pietro di Cadore),46.64463814,12.60365549,ARPAV,ARPAV,0.0,2026-06-21 14:00:00+00:00,19.4,2026-06-21 15:00:00+00:00,,,,,,,False,False,False,False,False,,False,-2.0797083333333326,False,,,,,,,False,0.1,135.6,False
ARPAV::600,Grumolo delle Abbadesse,45.51669272,11.65407532,ARPAV,ARPAV,0.0,2026-06-21 14:00:00+00:00,34.7,2026-06-21 15:00:00+00:00,,,,,36.0,2026-06-21 14:00:00+00:00,False,False,False,False,False,,False,0.7869166666666668,False,,,,,-0.6745,False,False,0.587,53.4,False
ARPAV::608,Rio Rudan (Antelao),46.442017,12.264492,ARPAV,ARPAV,0.0,2026-06-21 14:00:00+00:00,,,,,,,,,False,False,False,False,False,,False,,,,,,,,,False,0.243,111.5,False
ARPAV::61,Cordevole di Visdende a Cima Canale,46.6020538,12.63080725,ARPAV,ARPAV,0.2,2026-06-21 14:00:00+00:00,22.5,2026-06-21 15:00:00+00:00,,,,,,,False,False,False,False,False,,False,-1.4988888888888883,False,,,,,,,False,0.126,131.3,False
ARPAV::610,Fener,45.898557,11.946735,ARPAV,ARPAV,0.0,2026-06-21 14:00:00+00:00,30.5,2026-06-21 15:00:00+00:00,,,,,,,False,False,False,False,False,,False,0.0,False,,,,,,,False,0.553,59.0,False
ARPAV::611,Bovolenta,45.276565,11.932629,ARPAV,ARPAV,0.0,2026-06-21 14:00:00+00:00,34.6,2026-06-21 15:00:00+00:00,,,,,,,False,False,False,False,False,,False,0.7681805555555555,False,,,,,,,False,0.69,36.0,False
ARPAV::612,La Guarda (Cesiomaggiore),46.12827704,11.94469992,ARPAV,ARPAV,1.8,2026-06-21 14:00:00+00:00,24.3,2026-06-21 15:00:00+00:00,,,,,,,False,False,False,False,False,,False,-1.1616388888888884,False,,,,,,,False,0.417,82.2,False
ARPAV::613,Chioggia (centro),45.218127,12.283051,ARPAV,ARPAV,0.0,2026-06-21 14:00:00+00:00,32.3,2026-06-21 15:00:00+00:00,,,,,,,False,False,False,False,False,,False,0.3372499999999993,False,,,,,,,False,0.755,24.9,False
ARPAV::614,Isola Vicentina,45.62061319,11.45476825,ARPAV,ARPAV,0.0,2026-06-21 14:00:00+00:00,33.6,2026-06-21 15:00:00+00:00,,,,,,,False,False,False,False,False,,False,0.5808194444444444,False,,,,,,,False,0.482,71.1,False
ARPAV::615,Jesolo - Cortellazzo,45.535854,12.65882,ARPAV,ARPAV,0.0,2026-06-21 14:00:00+00:00,33.8,2026-06-21 15:00:00+00:00,,,,,47.0,2026-06-21 14:00:00+00:00,False,False,False,False,False,,False,0.6182916666666659,False,,,,,0.5620833333333334,False,False,0.739,27.8,False
ARPAV::616,Fortogna (Longarone),46.231666,12.29032,ARPAV,ARPAV,0.0,2026-06-21 14:00:00+00:00,30.2,2026-06-21 15:00:00+00:00,,,,,,,False,False,False,False,False,,False,-0.05620833333333344,False,,,,,,,False,0.381,88.1,False
ARPAV::617,Marcon loc. Zuccarello,45.537387,12.378313,ARPAV,ARPAV,0.0,2026-06-21 14:00:00+00:00,34.0,2026-06-21 15:00:00+00:00,,,,,36.0,2026-06-21 14:00:00+00:00,False,False,False,False,False,,False,0.6557638888888886,False,,,,,-0.6745,False,False,0.835,11.5,False
ARPAV::618,Crosara (Marostica),45.774361,11.61748,ARPAV,ARPAV,0.0,2026-06-21 14:00:00+00:00,29.2,2026-06-21 15:00:00+00:00,,,,,,,False,False,False,False,False,,False,-0.24356944444444448,False,,,,,,,False,0.508,66.7,False
ARPAV::619,Montebelluna loc. Contea,45.771498,12.005757,ARPAV,ARPAV,0.0,2026-06-21 14:00:00+00:00,35.0,2026-06-21 15:00:00+00:00,,,,,,,False,False,False,False,False,,False,0.8431249999999997,False,,,,,,,False,0.639,44.7,False
ARPAV::620,Nervesa della Battaglia,45.816843,12.201804,ARPAV,ARPAV,0.0,2026-06-21 14:00:00+00:00,35.4,2026-06-21 15:00:00+00:00,,,,,,,False,False,False,False,False,,False,0.9180694444444438,False,,,,,,,False,0.648,43.1,False
ARPAV::621,Peschiera - Dolci,45.424275,10.687142,ARPAV,ARPAV,15.2,2026-06-21 14:00:00+00:00,32.4,2026-06-21 15:00:00+00:00,,,,,36.0,2026-06-21 14:00:00+00:00,False,False,False,False,False,,False,0.3559861111111107,False,,,,,-0.6745,False,False,0.144,128.2,False
ARPAV::622,Pettorazza Grimani loc. Botti Barbarighe,45.116383,12.024446,ARPAV,ARPAV,0.0,2026-06-21 14:00:00+00:00,34.9,2026-06-21 15:00:00+00:00,,,,,,,False,False,False,False,False,,False,0.8243888888888883,False,,,,,,,False,0.647,43.2,False
ARPAV::623,Stra,45.40837847,11.99930835,ARPAV,ARPAV,0.0,2026-06-21 14:00:00+00:00,35.0,2026-06-21 15:00:00+00:00,,,,,,,False,False,False,False,False,,False,0.8431249999999997,False,,,,,,,False,0.749,26.0,False
ARPAV::624,Tonezza del Cimone,45.867081,11.335586,ARPAV,ARPAV,2.4,2026-06-21 14:00:00+00:00,25.6,2026-06-21 15:00:00+00:00,,,,,,,False,False,False,False,False,,False,-0.9180694444444438,False,,,,,,,False,0.366,90.7,False
ARPAV::625,Staro (Valli del Pasubio),45.725723,11.226352,ARPAV,ARPAV,0.0,2026-06-21 14:00:00+00:00,25.4,2026-06-21 15:00:00+00:00,,,,,,,False,False,False,False,False,,False,-0.9555416666666665,False,,,,,,,False,0.361,91.6,False
ARPAV::631,Rio Rudan INADEF Sentiero CAI 230,46.43264,12.259591,ARPAV,ARPAV,0.0,2026-06-21 14:00:00+00:00,,,,,,,,,False,False,False,False,False,,False,,,,,,,,,False,0.249,110.5,False
ARPAV::632,Rio Rudan INADEF DX briglia,46.416987,12.258785,ARPAV,ARPAV,0.0,2026-06-21 14:00:00+00:00,,,,,,,,,False,False,False,False,False,,False,,,,,,,,,False,0.259,108.8,False
ARPAV::633,Verona - Santa Caterina,45.41626803,11.01758925,ARPAV,ARPAV,0.0,2026-06-21 14:00:00+00:00,35.3,2026-06-21 15:00:00+00:00,,,,,35.0,2026-06-21 14:00:00+00:00,False,False,False,False,False,,False,0.8993333333333323,False,,,,,-0.7869166666666666,False,False,0.296,102.4,False
ARPAV::662,Eraclea - Torre di Fine,45.57572,12.79133,ARPAV,ARPAV,0.0,2026-06-21 14:00:00+00:00,33.5,2026-06-21 15:00:00+00:00,1021.2,2026-06-21 14:00:00+00:00,,,51.0,2026-06-21 14:00:00+00:00,False,False,False,False,False,,False,0.562083333333333,False,0.6540606060606243,False,,,1.01175,False,False,0.672,39.0,False
ARPAV::663,Pila - Porto Peschereccio (Porto Tolle),44.978047,12.479594,ARPAV,ARPAV,0.0,2026-06-21 14:00:00+00:00,33.4,2026-06-21 15:00:00+00:00,1018.0,2026-06-21 14:00:00+00:00,,,53.0,2026-06-21 14:00:00+00:00,False,False,False,False,False,,False,0.5433472222222218,False,0.0,False,,,1.2365833333333334,False,False,0.791,18.9,False
ARPAV::667,Fiames (Punta Fiames),46.576893,12.128897,ARPAV,ARPAV,0.0,2026-06-21 14:00:00+00:00,,,,,,,,,False,False,False,False,False,,False,,,,,,,,,False,0.149,127.4,False
ARPAV::669,Ru Secco (Antelao),46.461167,12.247337,ARPAV,ARPAV,0.2,2026-06-21 14:00:00+00:00,,,,,,,,,False,False,False,False,False,,False,,,,,,,,,False,0.23,113.7,False
ARPAV::67,Monte Avena,46.03210396,11.82713557,ARPAV,ARPAV,0.4,2026-06-21 14:00:00+00:00,23.1,2026-06-21 15:00:00+00:00,,,,,53.0,2026-06-21 14:00:00+00:00,False,False,False,False,False,,False,-1.3864722222222214,False,,,,,1.2365833333333334,False,False,0.45,76.5,False
ARPAV::670,Ru de Vaccia (Monte Campoduro),46.557619,12.294154,ARPAV,ARPAV,0.8,2026-06-21 14:00:00+00:00,,,,,,,,,False,False,False,False,False,,False,,,,,,,,,False,0.167,124.3,False
ARPAV::671,Rio Gravasecca (Pra dell'Agnello),46.600176,12.365311,ARPAV,ARPAV,0.0,2026-06-21 14:00:00+00:00,,,,,,,,,False,False,False,False,False,,False,,,,,,,,,False,0.139,129.0,False
ARPAV::672,Rio Popena (Val delle Barache),46.583167,12.224516,ARPAV,ARPAV,0.0,2026-06-21 14:00:00+00:00,,,,,,,,,False,False,False,False,False,,False,,,,,,,,,False,0.149,127.4,False
ARPAV::673,Ru de le Roe (Passo Duran),46.330666,12.099559,ARPAV,ARPAV,1.2,2026-06-21 14:00:00+00:00,,,,,,,,,False,False,False,False,False,,False,,,,,,,,,False,0.307,100.6,False
ARPAV::674,Roa Bianca (Lastia di Framont),46.315801,12.03431,ARPAV,ARPAV,2.6,2026-06-21 14:00:00+00:00,,,,,,,,,False,False,False,False,False,,False,,,,,,,,,False,0.311,100.0,False
ARPAV::675,Rio di Valbona (Cime di Pezza),46.399676,11.926066,ARPAV,ARPAV,2.8,2026-06-21 14:00:00+00:00,,,,,,,,,False,False,False,False,False,,False,,,,,,,,,False,0.245,111.2,False
ARPAV::676,Ru de Rocia (Ronch),46.447872,11.972195,ARPAV,ARPAV,2.2,2026-06-21 14:00:00+00:00,,,,,,,,,False,False,False,False,False,,False,,,,,,,,,False,0.219,115.4,False
ARPAV::68,Castana,45.81551626,11.30843985,ARPAV,ARPAV,0.0,2026-06-21 14:00:00+00:00,28.7,2026-06-21 15:00:00+00:00,,,,,66.0,2026-06-21 14:00:00+00:00,False,False,False,False,False,,False,-0.33725,False,,,,,2.698,False,False,0.372,89.7,False
ARPAV::71,San Giovanni Ilarione,45.54832483,11.22486099,ARPAV,ARPAV,0.0,2026-06-21 14:00:00+00:00,28.9,2026-06-21 15:00:00+00:00,,,,,,,False,False,False,False,False,,False,-0.299777777777778,False,,,,,,,False,0.388,87.0,False
ARPAV::73,Contra' Doppio (Posina),45.80699205,11.2251192,ARPAV,ARPAV,0.0,2026-06-21 14:00:00+00:00,22.8,2026-06-21 15:00:00+00:00,,,,,,,False,False,False,False,False,,False,-1.4426805555555546,False,,,,,,,False,0.34,95.1,False
ARPAV::74,Monte Verena,45.93058669,11.41388886,ARPAV,ARPAV,,,19.1,2026-06-21 15:00:00+00:00,,,,,,,False,False,False,False,False,,,-2.1359166666666654,False,,,,,,,False,0.372,89.7,False
ARPAV::76,Turcati (Recoaro Terme),45.70401092,11.18480016,ARPAV,ARPAV,0.0,2026-06-21 14:00:00+00:00,25.7,2026-06-21 15:00:00+00:00,,,,,45.0,2026-06-21 14:00:00+00:00,False,False,False,False,False,,False,-0.8993333333333331,False,,,,,0.33725,False,False,0.347,93.8,False
ARPAV::77,Recoaro Mille,45.68038956,11.2255215,ARPAV,ARPAV,0.0,2026-06-21 14:00:00+00:00,24.6,2026-06-21 15:00:00+00:00,,,,,42.0,2026-06-21 14:00:00+00:00,False,False,False,False,False,,False,-1.1054305555555548,False,,,,,0.0,False,False,0.37,90.0,False
ARPAV::79,Valdagno,45.63129614,11.30863411,ARPAV,ARPAV,0.0,2026-06-21 14:00:00+00:00,32.7,2026-06-21 15:00:00+00:00,,,,,,,False,False,False,False,False,,False,0.41219444444444486,False,,,,,,,False,0.415,82.3,False
ARPAV::80,Passo Pordoi,46.48343791,11.82249512,ARPAV,ARPAV,1.4,2026-06-21 14:00:00+00:00,17.6,2026-06-21 15:00:00+00:00,,,,,45.0,2026-06-21 14:00:00+00:00,False,False,False,False,False,,False,-2.416958333333332,False,,,,,0.33725,False,False,0.178,122.5,False
ARPAV::81,Monte Summano,45.7509777,11.41482813,ARPAV,ARPAV,0.0,2026-06-21 14:00:00+00:00,26.1,2026-06-21 15:00:00+00:00,,,,,57.0,2026-06-21 14:00:00+00:00,False,False,False,False,False,,False,-0.8243888888888883,False,,,,,1.68625,False,False,0.434,79.2,False
ARPAV::82,Pove del Grappa - Costalunga,45.80571942,11.74011907,ARPAV,ARPAV,0.2,2026-06-21 14:00:00+00:00,30.0,2026-06-21 15:00:00+00:00,,,,,41.0,2026-06-21 14:00:00+00:00,False,False,False,False,False,,False,-0.09368055555555552,False,,,,,-0.11241666666666666,False,False,0.54,61.3,False
ARPAV::83,Montecchio Precalcino,45.65882861,11.54773196,ARPAV,ARPAV,0.0,2026-06-21 14:00:00+00:00,32.4,2026-06-21 15:00:00+00:00,,,,,39.0,2026-06-21 14:00:00+00:00,False,False,False,False,False,,False,0.3559861111111107,False,,,,,-0.33725,False,False,0.515,65.6,False
ARPAV::87,San Bortolo,45.6085427,11.18136996,ARPAV,ARPAV,0.0,2026-06-21 14:00:00+00:00,27.0,2026-06-21 15:00:00+00:00,,,,,,,False,False,False,False,False,,False,-0.6557638888888886,False,,,,,,,False,0.362,91.4,False
ARPAV::88,Crespadoro,45.62621136,11.20907007,ARPAV,ARPAV,0.0,2026-06-21 14:00:00+00:00,28.1,2026-06-21 15:00:00+00:00,,,,,58.0,2026-06-21 14:00:00+00:00,False,False,False,False,False,,False,-0.44966666666666616,False,,,,,1.7986666666666666,False,False,0.372,89.7,False
ARPAV::91,Passo Monte Croce Comelico,46.65215334,12.42397152,ARPAV,ARPAV,0.0,2026-06-21 14:00:00+00:00,19.9,2026-06-21 15:00:00+00:00,,,,,44.0,2026-06-21 14:00:00+00:00,False,False,False,False,False,,False,-1.9860277777777773,False,,,,,0.22483333333333333,False,False,0.104,135.0,False
ARPAV::92,Col Indes (Tambre),46.11907392,12.44015627,ARPAV,ARPAV,0.4,2026-06-21 14:00:00+00:00,25.9,2026-06-21 15:00:00+00:00,,,,,49.0,2026-06-21 14:00:00+00:00,False,False,False,False,False,,False,-0.861861111111111,False,,,,,0.7869166666666666,False,False,0.453,76.0,False
ARPAV::93,Torch,46.15155195,12.36301566,ARPAV,ARPAV,0.0,2026-06-21 14:00:00+00:00,29.9,2026-06-21 15:00:00+00:00,,,,,50.0,2026-06-21 14:00:00+00:00,False,False,False,False,False,,False,-0.11241666666666689,False,,,,,0.8993333333333333,False,False,0.434,79.2,False
ARPAV::96,Bagnolo di Po - Pellizzare,44.98944662,11.52950565,ARPAV,ARPAV,0.0,2026-06-21 14:00:00+00:00,35.5,2026-06-21 15:00:00+00:00,,,,,34.0,2026-06-21 14:00:00+00:00,False,False,False,False,False,,False,0.9368055555555552,False,,,,,-0.8993333333333333,False,False,0.428,80.3,False
ARPAV::98,Concadirame (Rovigo),45.09313663,11.72081886,ARPAV,ARPAV,0.0,2026-06-21 14:00:00+00:00,34.8,2026-06-21 15:00:00+00:00,,,,,32.0,2026-06-21 14:00:00+00:00,False,False,False,False,False,,False,0.805652777777777,False,,,,,-1.1241666666666668,False,False,0.54,61.3,False
ARPAV::99,San Bellino,45.03150148,11.57662814,ARPAV,ARPAV,0.0,2026-06-21 14:00:00+00:00,35.9,2026-06-21 15:00:00+00:00,,,,,33.0,2026-06-21 14:00:00+00:00,False,False,False,False,False,,False,1.0117499999999993,False,,,,,-1.01175,False,False,0.462,74.5,False
DPC::1,Adegliacco,46.115211,13.229024,DPC,DPC,0.0,2026-06-21 14:00:00+00:00,,,,,,,,,False,False,False,False,False,,False,,,,,,,,,False,0.509,66.6,False
DPC::10,Barcis,46.192811,12.563615,DPC,DPC,0.0,2026-06-21 14:15:00+00:00,28.8266666666667,2026-06-21 14:15:00+00:00,,,0.106666666666667,2026-06-21 14:15:00+00:00,,,False,False,False,False,False,,False,-0.31351759259258627,False,,,-1.3433791666666666,False,,,False,0.396,85.6,False
DPC::101,Orzano,46.06176,13.357942,DPC,DPC,0.0,2026-06-21 14:15:00+00:00,34.7,2026-06-21 14:15:00+00:00,,,0.2,2026-06-21 14:15:00+00:00,,,False,False,False,False,False,,False,0.7869166666666668,False,,,-1.2646875,False,,,False,0.573,55.8,False
DPC::102,Osoppo,46.236426,13.071473,DPC,DPC,0.0,2026-06-21 14:15:00+00:00,34.1,2026-06-21 14:15:00+00:00,,,3.9,2026-06-21 14:15:00+00:00,,,False,False,False,False,False,,False,0.6745,False,,,1.854875,False,,,False,0.402,84.7,False
DPC::103,Pala Barzana,46.196015,12.659225,DPC,DPC,0.0,2026-06-21 14:15:00+00:00,26.1,2026-06-21 14:15:00+00:00,,,,,,,False,False,False,False,False,,False,-0.8243888888888883,False,,,,,,,False,0.383,87.9,False
DPC::105,Paluzza,46.527965,13.012166,DPC,DPC,0.0,2026-06-21 14:15:00+00:00,28.7,2026-06-21 14:15:00+00:00,,,,,,,False,False,False,False,False,,False,-0.33725,False,,,,,,,False,0.229,113.8,False
DPC::107,Pantianicco,46.014152,13.039319,DPC,DPC,0.0,2026-06-21 14:15:00+00:00,34.2,2026-06-21 14:15:00+00:00,,,3.3,2026-06-21 14:15:00+00:00,,,False,False,False,False,False,,False,0.6932361111111113,False,,,1.349,False,,,False,0.491,69.6,False
DPC::108,Passo Pramollo,46.559887,13.275248,DPC,DPC,0.0,2026-06-21 14:15:00+00:00,22.8,2026-06-21 14:15:00+00:00,,,1.8,2026-06-21 14:15:00+00:00,,,False,False,False,False,False,,False,-1.4426805555555546,False,,,0.0843125000000001,False,,,False,0.263,108.1,False
DPC::109,Passo Predil,46.419232,13.573856,DPC,DPC,0.0,2026-06-21 14:15:00+00:00,25.9,2026-06-21 14:15:00+00:00,,,0.7,2026-06-21 14:15:00+00:00,,,False,False,False,False,False,,False,-0.861861111111111,False,,,-0.843125,False,,,False,0.389,86.9,False
DPC::110,Paularo,46.526109,13.121217,DPC,DPC,0.0,2026-06-21 14:15:00+00:00,29.7,2026-06-21 14:15:00+00:00,,,,,,,False,False,False,False,False,,False,-0.149888888888889,False,,,,,,,False,0.254,109.5,False
DPC::111,Pavia di Udine,45.992595,13.295932,DPC,DPC,0.0,2026-06-21 14:15:00+00:00,34.2,2026-06-21 14:15:00+00:00,,,,,,,False,False,False,False,False,,False,0.6932361111111113,False,,,,,,,False,0.59,52.9,False
DPC::113,Pesariis,46.521834,12.775128,DPC,DPC,0.0,2026-06-21 14:30:00+00:00,25.8,2026-06-21 14:30:00+00:00,,,,,,,False,False,False,False,False,,False,-0.8805972222222218,False,,,,,,,False,0.171,123.6,False
DPC::116,Platischis,46.242752,13.378085,DPC,DPC,0.0,2026-06-21 14:15:00+00:00,28.8,2026-06-21 14:15:00+00:00,,,,,,,False,False,False,False,False,,False,-0.31851388888888865,False,,,,,,,False,0.473,72.5,False
DPC::120,Ponte Delizia,45.965073,12.901054,DPC,DPC,0.0,2026-06-21 14:15:00+00:00,,,,,,,,,False,False,False,False,False,,False,,,,,,,,,False,0.469,73.3,False
DPC::124,Ponte Sambo,46.267018,13.329246,DPC,DPC,0.0,2026-06-21 14:15:00+00:00,29.0,2026-06-21 14:15:00+00:00,,,,,,,False,False,False,False,False,,False,-0.2810416666666665,False,,,,,,,False,0.449,76.6,False
DPC::127,Pontebba T. P.,46.506062,13.307569,DPC,DPC,0.0,2026-06-21 14:15:00+00:00,26.0,2026-06-21 14:15:00+00:00,,,,,,,False,False,False,False,False,,False,-0.8431249999999997,False,,,,,,,False,0.301,101.7,False
DPC::129,Porcia,45.921867,12.614163,DPC,DPC,0.0,2026-06-21 14:15:00+00:00,34.1,2026-06-21 14:15:00+00:00,,,,,,,False,False,False,False,False,,False,0.6745,False,,,,,,,False,0.56,58.0,False
DPC::13,Basaldella di Vivaro,46.088296,12.790575,DPC,DPC,0.0,2026-06-21 14:15:00+00:00,35.0,2026-06-21 14:15:00+00:00,,,,,,,False,False,False,False,False,,False,0.8431249999999997,False,,,,,,,False,0.427,80.5,False
DPC::131,Pordenone meteo,45.958694,12.649633,DPC,DPC,0.0,2026-06-21 14:15:00+00:00,36.1,2026-06-21 14:15:00+00:00,,,1.7,2026-06-21 14:15:00+00:00,,,False,False,False,False,False,,False,1.049222222222222,False,,,0.0,False,,,False,0.531,62.8,False
DPC::133,Povoletto,46.122873,13.309328,DPC,DPC,0.0,2026-06-21 14:15:00+00:00,34.9,2026-06-21 14:15:00+00:00,,,,,,,False,False,False,False,False,,False,0.8243888888888883,False,,,,,,,False,0.527,63.5,False
DPC::135,Pramollo,46.529829,13.303484,DPC,DPC,0.0,2026-06-21 14:15:00+00:00,24.2,2026-06-21 14:15:00+00:00,,,,,,,False,False,False,False,False,,False,-1.1803749999999997,False,,,,,,,False,0.286,104.2,False
DPC::136,Pramosio,46.587240514442,13.02948474884,DPC,DPC,0.0,2026-06-21 14:15:00+00:00,22.5,2026-06-21 14:15:00+00:00,,,0.8,2026-06-21 14:15:00+00:00,,,False,False,False,False,False,,False,-1.4988888888888883,False,,,-0.7588125,False,,,False,0.199,118.8,False
DPC::139,Prato Carnico,46.51879,12.80572,DPC,DPC,0.0,2026-06-21 14:15:00+00:00,26.5,2026-06-21 14:15:00+00:00,,,,,,,False,False,False,False,False,,False,-0.7494444444444441,False,,,,,,,False,0.181,121.9,False
DPC::14,Bevorchians,46.485876,13.189084,DPC,DPC,0.0,2026-06-21 14:15:00+00:00,25.3,2026-06-21 14:15:00+00:00,,,,,,,False,False,False,False,False,,False,-0.9742777777777772,False,,,,,,,False,0.292,103.2,False
DPC::141,Prepotto,46.048288,13.489992,DPC,DPC,0.0,2026-06-21 14:15:00+00:00,33.4,2026-06-21 14:15:00+00:00,,,,,,,False,False,False,False,False,,False,0.5433472222222218,False,,,,,,,False,0.611,49.3,False
DPC::142,Prescudin,46.192728,12.489222,DPC,DPC,0.0,2026-06-21 14:30:00+00:00,24.2,2026-06-21 14:30:00+00:00,,,0.2,2026-06-21 14:30:00+00:00,,,False,False,False,False,False,,False,-1.1803749999999997,False,,,-1.2646875,False,,,False,0.402,84.6,False
DPC::143,Prosecco,45.703935,13.756735,DPC,DPC,0.0,2026-06-21 14:15:00+00:00,30.8,2026-06-21 14:15:00+00:00,,,2.1,2026-06-21 14:00:00+00:00,,,False,False,False,False,False,,False,0.05620833333333344,False,,,0.33725000000000016,False,,,False,0.867,6.1,False
DPC::144,Pulfero,46.173298,13.483116,DPC,DPC,0.0,2026-06-21 14:15:00+00:00,28.2,2026-06-21 14:15:00+00:00,,,,,,,False,False,False,False,False,,False,-0.4309305555555555,False,,,,,,,False,0.534,62.3,False
DPC::145,Ravascletto,46.519455,12.917373,DPC,DPC,0.0,2026-06-21 14:15:00+00:00,26.2,2026-06-21 14:15:00+00:00,,,,,,,False,False,False,False,False,,False,-0.8056527777777776,False,,,,,,,False,0.211,116.9,False
DPC::146,Resia,46.375891,13.295677,DPC,DPC,0.0,2026-06-21 14:15:00+00:00,31.4,2026-06-21 14:15:00+00:00,,,,,,,False,False,False,False,False,,False,0.16862499999999964,False,,,,,,,False,0.378,88.6,False
DPC::147,Resiutta,46.388879,13.221205,DPC,DPC,0.0,2026-06-21 14:15:00+00:00,30.5,2026-06-21 14:15:00+00:00,,,,,,,False,False,False,False,False,,False,0.0,False,,,,,,,False,0.356,92.4,False
DPC::148,Rest,46.35198,12.802418,DPC,DPC,,,18.6,2026-06-21 14:15:00+00:00,,,5.9,2026-06-21 14:15:00+00:00,,,False,False,False,False,False,,,-2.229597222222221,False,,,3.541125,True,,,True,0.265,107.8,False
DPC::149,Rifugio Maniago,46.321547,12.394367,DPC,DPC,0.0266666666666667,2026-06-21 14:30:00+00:00,17.4,2026-06-21 14:30:00+00:00,,,0.9,2026-06-21 14:30:00+00:00,,,False,False,False,False,False,,False,-2.454430555555555,False,,,-0.6745,False,,,False,0.322,98.2,False
DPC::150,Rifugio Marinelli,46.595027,12.894828,DPC,DPC,,,16.1,2026-06-21 14:15:00+00:00,,,0.8,2026-06-21 14:15:00+00:00,,,False,False,False,False,False,,,-2.6979999999999986,False,,,-0.7588125,False,,,False,0.164,124.9,False
DPC::151,Rifugio Pordenone,46.378862,12.489489,DPC,DPC,0.4,2026-06-21 14:15:00+00:00,17.7,2026-06-21 14:15:00+00:00,,,1.9,2026-06-21 14:15:00+00:00,,,False,False,False,False,False,,False,-2.398222222222221,False,,,0.16862499999999997,False,,,False,0.281,105.1,False
DPC::152,Rifugio Tamai - Zoncolan,46.501455,12.931593,DPC,DPC,0.0,2026-06-21 14:15:00+00:00,20.0,2026-06-21 14:15:00+00:00,,,,,,,False,False,False,False,False,,False,-1.967291666666666,False,,,,,,,False,0.224,114.7,False
DPC::153,Ruda,45.832037,13.404023,DPC,DPC,0.0,2026-06-21 14:15:00+00:00,35.9,2026-06-21 14:15:00+00:00,,,,,,,False,False,False,False,False,,False,1.0117499999999993,False,,,,,,,False,0.696,34.9,False
DPC::154,Sant'Andrat del Cormor,45.914405,13.161958,DPC,DPC,0.0,2026-06-21 14:15:00+00:00,34.6,2026-06-21 14:15:00+00:00,,,3.0,2026-06-21 14:15:00+00:00,,,False,False,False,False,False,,False,0.7681805555555555,False,,,1.0960625000000002,False,,,False,0.574,55.6,False
DPC::157,San Francesco T. P.,46.312548,12.9365,DPC,DPC,0.0,2026-06-21 14:15:00+00:00,30.6,2026-06-21 14:15:00+00:00,,,,,,,False,False,False,False,False,,False,0.01873611111111137,False,,,,,,,False,0.324,97.9,False
DPC::158,San Volfango,46.165041,13.642786,DPC,DPC,0.0,2026-06-21 14:15:00+00:00,28.0,2026-06-21 14:15:00+00:00,,,,,,,False,False,False,False,False,,False,-0.4684027777777776,False,,,,,,,False,0.559,58.1,False
DPC::159,Saletto,46.40277,13.375257,DPC,DPC,0.0,2026-06-21 14:15:00+00:00,29.9,2026-06-21 14:15:00+00:00,,,,,,,False,False,False,False,False,,False,-0.11241666666666689,False,,,,,,,False,0.376,89.1,False
DPC::16,Cà Selva invaso,46.258478,12.700746,DPC,DPC,0.0,2026-06-21 14:00:00+00:00,29.2,2026-06-21 14:00:00+00:00,,,,,,,False,False,False,False,False,,False,-0.24356944444444448,False,,,,,,,False,0.338,95.4,False
DPC::160,San Daniele del Friuli,46.15697,13.014047,DPC,DPC,0.0,2026-06-21 14:15:00+00:00,33.7,2026-06-21 14:15:00+00:00,,,,,,,False,False,False,False,False,,False,0.599555555555556,False,,,,,,,False,0.422,81.2,False
DPC::161,San Lorenzo,45.766023,13.404773,DPC,DPC,0.0,2026-06-21 14:15:00+00:00,31.8,2026-06-21 14:15:00+00:00,,,,,,,False,False,False,False,False,,False,0.24356944444444448,False,,,,,,,False,0.719,31.2,False
DPC::162,San Pelagio,45.765502,13.686825,DPC,DPC,0.0,2026-06-21 14:30:00+00:00,30.1,2026-06-21 14:30:00+00:00,,,,,,,False,False,False,False,False,,False,-0.07494444444444415,False,,,,,,,False,0.818,14.4,False
DPC::163,San Simeone Meteo,46.344524,13.10502,DPC,DPC,,,21.5,2026-06-21 14:15:00+00:00,,,4.4,2026-06-21 14:15:00+00:00,,,False,False,False,False,False,,,-1.6862499999999994,False,,,2.2764375,False,,,False,0.354,92.7,False
DPC::164,Sauris di sopra,46.467221,12.681982,DPC,DPC,0.0,2026-06-21 14:15:00+00:00,22.7,2026-06-21 14:15:00+00:00,,,,,,,False,False,False,False,False,,False,-1.4614166666666664,False,,,,,,,False,0.208,117.4,False
DPC::166,Sella Chianzutan,46.358906,12.940325,DPC,DPC,0.0,2026-06-21 14:15:00+00:00,25.4,2026-06-21 14:15:00+00:00,,,,,,,False,False,False,False,False,,False,-0.9555416666666665,False,,,,,,,False,0.301,101.6,False
DPC::167,Sella di Sompdogna,46.462104,13.448507,DPC,DPC,0.0,2026-06-21 14:15:00+00:00,24.1,2026-06-21 14:15:00+00:00,,,0.2,2026-06-21 14:15:00+00:00,,,False,False,False,False,False,,False,-1.1991111111111104,False,,,-1.2646875,False,,,False,0.348,93.6,False
DPC::17,Cà Zul invaso,46.292178,12.716113,DPC,DPC,0.0,2026-06-21 14:00:00+00:00,,,,,,,,,False,False,False,False,False,,False,,,,,,,,,False,0.315,99.4,False
DPC::170,Spilimbergo,46.108589,12.882468,DPC,DPC,0.0,2026-06-21 14:15:00+00:00,34.9,2026-06-21 14:15:00+00:00,,,,,,,False,False,False,False,False,,False,0.8243888888888883,False,,,,,,,False,0.396,85.6,False
DPC::171,Squarzare,45.843915,12.617717,DPC,DPC,0.0,2026-06-21 14:15:00+00:00,,,,,,,,,False,False,False,False,False,,False,,,,,,,,,False,0.606,50.2,False
DPC::173,Subit di Attimis,46.204826,13.351728,DPC,DPC,0.0,2026-06-21 14:15:00+00:00,29.2,2026-06-21 14:15:00+00:00,,,,,,,False,False,False,False,False,,False,-0.24356944444444448,False,,,,,,,False,0.491,69.7,False
DPC::174,Tarvisio,46.504294,13.593889,DPC,DPC,0.0,2026-06-21 14:15:00+00:00,28.2,2026-06-21 14:15:00+00:00,,,,,,,False,False,False,False,False,,False,-0.4309305555555555,False,,,,,,,False,0.335,96.0,False
DPC::178,Timau,46.576328649824,13.006825447083,DPC,DPC,0.0,2026-06-21 14:15:00+00:00,24.2,2026-06-21 14:15:00+00:00,,,,,,,False,False,False,False,False,,False,-1.1803749999999997,False,,,,,,,False,0.201,118.6,False
DPC::180,Tolmezzo meteo,46.421783,13.021855,DPC,DPC,0.0,2026-06-21 14:15:00+00:00,31.2,2026-06-21 14:15:00+00:00,,,2.4,2026-06-21 14:15:00+00:00,,,False,False,False,False,False,,False,0.1311527777777776,False,,,0.5901875,False,,,False,0.29,103.4,False
DPC::181,Torreano T. Chiarò,46.125494,13.430038,DPC,DPC,0.0,2026-06-21 14:30:00+00:00,,,,,,,,,False,False,False,False,False,,False,,,,,,,,,False,0.553,59.1,False
DPC::183,Torviscosa,45.818806,13.275533,DPC,DPC,0.0,2026-06-21 14:15:00+00:00,36.3,2026-06-21 14:15:00+00:00,,,3.1,2026-06-21 14:15:00+00:00,,,False,False,False,False,False,,False,1.0866944444444435,False,,,1.1803750000000002,False,,,False,0.65,42.7,False
DPC::184,Tramonti di Sotto,46.298232,12.793013,DPC,DPC,0.0,2026-06-21 14:15:00+00:00,28.7,2026-06-21 14:15:00+00:00,,,,,,,False,False,False,False,False,,False,-0.33725,False,,,,,,,False,0.299,101.9,False
DPC::185,Tramonti invaso,46.240651,12.750119,DPC,DPC,0.0,2026-06-21 14:15:00+00:00,27.9,2026-06-21 14:15:00+00:00,,,,,,,False,False,False,False,False,,False,-0.48713888888888895,False,,,,,,,False,0.342,94.8,False
DPC::189,Tribil inferiore,46.119376554462,13.585106728836,DPC,DPC,0.0,2026-06-21 14:30:00+00:00,28.0,2026-06-21 14:30:00+00:00,,,,,,,False,False,False,False,False,,False,-0.4684027777777776,False,,,,,,,False,0.583,54.1,False
DPC::19,Campone,46.259451,12.831403,DPC,DPC,0.0,2026-06-21 14:15:00+00:00,29.0,2026-06-21 14:15:00+00:00,,,,,,,False,False,False,False,False,,False,-0.2810416666666665,False,,,,,,,False,0.316,99.0,False
DPC::190,Tricesimo,46.151582,13.213877,DPC,DPC,0.0,2026-06-21 14:15:00+00:00,33.7,2026-06-21 14:15:00+00:00,,,,,,,False,False,False,False,False,,False,0.599555555555556,False,,,,,,,False,0.486,70.4,False
DPC::191,Trieste Cattinara,45.635369,13.83295,DPC,DPC,0.0,2026-06-21 14:15:00+00:00,31.6,2026-06-21 14:15:00+00:00,,,1.7,2026-06-21 14:15:00+00:00,,,False,False,False,False,False,,False,0.20609722222222243,False,,,0.0,False,,,False,0.872,5.2,False
DPC::193,Uccea,46.306483,13.400202,DPC,DPC,0.0,2026-06-21 14:15:00+00:00,29.8,2026-06-21 14:15:00+00:00,,,,,,,False,False,False,False,False,,False,-0.1311527777777776,False,,,,,,,False,0.439,78.4,False
DPC::194,Udine,46.064985,13.236595,DPC,DPC,0.0,2026-06-21 14:15:00+00:00,35.3,2026-06-21 14:15:00+00:00,,,,,,,False,False,False,False,False,,False,0.8993333333333323,False,,,,,,,False,0.536,61.9,False
DPC::196,Vacile,46.144543,12.887664,DPC,DPC,0.0,2026-06-21 14:15:00+00:00,34.6,2026-06-21 14:15:00+00:00,,,,,,,False,False,False,False,False,,False,0.7681805555555555,False,,,,,,,False,0.384,87.7,False
DPC::197,Val dei Sass,46.114392,12.492302,DPC,DPC,0.0,2026-06-21 14:15:00+00:00,18.8,2026-06-21 14:15:00+00:00,,,3.9,2026-06-21 14:15:00+00:00,,,False,False,False,False,False,,False,-2.192124999999999,False,,,1.854875,False,,,False,0.453,76.0,False
DPC::198,Val Ugovizza,46.542897,13.474891,DPC,DPC,0.0,2026-06-21 14:15:00+00:00,24.6,2026-06-21 14:15:00+00:00,,,,,,,False,False,False,False,False,,False,-1.1054305555555548,False,,,,,,,False,0.3,101.9,False
DPC::199,Villa Santina T. Degano,46.411276,12.906771,DPC,DPC,0.0,2026-06-21 14:15:00+00:00,,,,,,,,,False,False,False,False,False,,False,,,,,,,,,False,0.265,107.7,False
DPC::2,Alesso,46.309217,13.055607,DPC,DPC,0.0,2026-06-21 14:00:00+00:00,34.1,2026-06-21 14:00:00+00:00,,,,,,,False,False,False,False,False,,False,0.6745,False,,,,,,,False,0.36,91.8,False
DPC::201,Villotta di Chions,45.855064,12.757509,DPC,DPC,0.0,2026-06-21 14:15:00+00:00,35.7,2026-06-21 14:15:00+00:00,,,,,,,False,False,False,False,False,,False,0.9742777777777779,False,,,,,,,False,0.566,56.9,False
DPC::205,Zavattina T. Cormor,45.833708,13.159947,DPC,DPC,0.0,2026-06-21 14:15:00+00:00,,,,,,,,,False,False,False,False,False,,False,,,,,,,,,False,0.598,51.6,False
DPC::206,Zeglianutto,46.195981,13.153527,DPC,DPC,0.0,2026-06-21 14:15:00+00:00,33.6,2026-06-21 14:15:00+00:00,,,,,,,False,False,False,False,False,,False,0.5808194444444444,False,,,,,,,False,0.446,77.2,False
DPC::208,Zompitta meteo,46.171431,13.25473,DPC,DPC,0.0,2026-06-21 14:00:00+00:00,34.5,2026-06-21 14:15:00+00:00,,,0.9,2026-06-21 14:15:00+00:00,,,False,False,False,False,False,,False,0.7494444444444441,False,,,-0.6745,False,,,False,0.486,70.4,False
DPC::209,Zuiano,45.874009,12.713078,DPC,DPC,0.0,2026-06-21 14:15:00+00:00,34.7,2026-06-21 14:15:00+00:00,,,,,,,False,False,False,False,False,,False,0.7869166666666668,False,,,,,,,False,0.567,56.7,False
DPC::21,Casera Pradut,46.256859,12.563928,DPC,DPC,0.0,2026-06-21 14:00:00+00:00,22.2,2026-06-21 14:00:00+00:00,,,2.1,2026-06-21 14:00:00+00:00,,,False,False,False,False,False,,False,-1.555097222222222,False,,,0.33725000000000016,False,,,False,0.355,92.6,False
DPC::210,Capriva,45.958076,13.51241,DPC,DPC,0.0,2026-06-21 14:15:00+00:00,35.1933333333333,2026-06-21 14:15:00+00:00,,,1.53333333333333,2026-06-21 14:15:00+00:00,,,False,False,False,False,False,,False,0.8793481481481414,False,,,-0.14052083333333604,False,,,False,0.668,39.7,False
DPC::211,Cervignano,45.849444,13.337006,DPC,DPC,0.0,2026-06-21 14:15:00+00:00,35.22,2026-06-21 14:15:00+00:00,,,2.0,2026-06-21 14:15:00+00:00,,,False,False,False,False,False,,False,0.8843444444444438,False,,,0.25293750000000004,False,,,False,0.665,40.3,False
DPC::212,Trieste,45.649981,13.752239,DPC,DPC,0.0,2026-06-21 14:15:00+00:00,29.8333333333333,2026-06-21 14:15:00+00:00,,,0.76,2026-06-21 14:15:00+00:00,,,False,False,False,False,False,,False,-0.12490740740741357,False,,,-0.7925375,False,,,False,0.895,1.4,False
DPC::213,Lignano,45.701878,13.147102,DPC,DPC,,,33.2666666666667,2026-06-21 14:15:00+00:00,,,4.30666666666667,2026-06-21 14:15:00+00:00,,,False,False,False,False,False,,,0.518365740740747,False,,,2.1977458333333364,False,,,False,0.614,48.7,False
DPC::214,Monte Zoncolan,46.502413,12.926352,DPC,DPC,,,19.6333333333333,2026-06-21 14:15:00+00:00,,,2.84,2026-06-21 14:15:00+00:00,,,False,False,False,False,False,,,-2.035990740740746,False,,,0.9611624999999999,False,,,False,0.222,115.0,False
DPC::215,Pradamano,46.04425,13.302889,DPC,DPC,0.0,2026-06-21 14:15:00+00:00,34.6533333333333,2026-06-21 14:15:00+00:00,,,2.72,2026-06-21 14:15:00+00:00,,,False,False,False,False,False,,False,0.7781731481481416,False,,,0.8599875000000002,False,,,False,0.566,56.8,False
DPC::216,Lauzacco,45.981902,13.272524,DPC,DPC,0.0,2026-06-21 14:15:00+00:00,34.6,2026-06-21 14:15:00+00:00,,,2.3,2026-06-21 14:15:00+00:00,,,False,False,False,False,False,,False,0.7681805555555555,False,,,0.505875,False,,,False,0.587,53.4,False
DPC::217,Bicinicco,45.928831,13.240113,DPC,DPC,0.0,2026-06-21 14:15:00+00:00,34.7133333333333,2026-06-21 14:15:00+00:00,,,,,,,False,False,False,False,False,,False,0.7894148148148088,False,,,,,,,False,0.598,51.5,False
DPC::218,Gorgo,45.736014,13.021434,DPC,DPC,0.0,2026-06-21 14:15:00+00:00,34.0666666666667,2026-06-21 14:15:00+00:00,,,2.32,2026-06-21 14:15:00+00:00,,,False,False,False,False,False,,False,0.6682546296296353,False,,,0.5227375,False,,,False,0.554,58.9,False
DPC::219,Cave del Predil,46.437058,13.567822,DPC,DPC,0.0,2026-06-21 14:15:00+00:00,27.38,2026-06-21 14:15:00+00:00,,,,,,,False,False,False,False,False,,False,-0.5845666666666667,False,,,,,,,False,0.377,88.9,False
DPC::22,Casera Zoufplan bassa,46.557692,12.983371,DPC,DPC,0.0,2026-06-21 14:00:00+00:00,20.1,2026-06-21 14:00:00+00:00,,,2.5,2026-06-21 14:00:00+00:00,,,False,False,False,False,False,,False,-1.9485555555555545,False,,,0.6745,False,,,False,0.206,117.7,False
DPC::221,Musi,46.312676,13.274721,DPC,DPC,0.0,2026-06-21 14:15:00+00:00,28.3133333333333,2026-06-21 14:15:00+00:00,,,,,,,False,False,False,False,False,,False,-0.4096962962963023,False,,,,,,,False,0.411,83.0,False
DPC::222,Chievolis,46.254593,12.734103,DPC,DPC,0.0,2026-06-21 14:30:00+00:00,26.62,2026-06-21 14:30:00+00:00,,,,,,,False,False,False,False,False,,False,-0.7269611111111107,False,,,,,,,False,0.336,95.8,False
DPC::223,San Pietro al Natisone,46.114254,13.486846,DPC,DPC,0.0,2026-06-21 14:15:00+00:00,34.8266666666667,2026-06-21 14:15:00+00:00,,,1.51333333333333,2026-06-21 14:15:00+00:00,,,False,False,False,False,False,,False,0.8106490740740807,False,,,-0.15738333333333604,False,,,False,0.571,56.1,False
DPC::224,Rivis,46.009008,12.945618,DPC,DPC,0.0,2026-06-21 14:15:00+00:00,33.98,2026-06-21 14:15:00+00:00,,,,,,,False,False,False,False,False,,False,0.6520166666666658,False,,,,,,,False,0.457,75.3,False
DPC::225,Camino,45.919409,12.937408,DPC,DPC,0.0,2026-06-21 14:15:00+00:00,34.2533333333333,2026-06-21 14:15:00+00:00,,,,,,,False,False,False,False,False,,False,0.7032287037036976,False,,,,,,,False,0.482,71.2,False
DPC::227,Scedina San Floriano,45.97707,13.59432,DPC,DPC,0.0,2026-06-21 14:15:00+00:00,33.5,2026-06-21 14:15:00+00:00,,,,,,,False,False,False,False,False,,False,0.562083333333333,False,,,,,,,False,0.673,38.8,False
DPC::228,Fornace Lucinico,45.946762,13.565849,DPC,DPC,0.0,2026-06-21 14:15:00+00:00,35.0,2026-06-21 14:15:00+00:00,,,0.566666666666667,2026-06-21 14:15:00+00:00,,,False,False,False,False,False,,False,0.8431249999999997,False,,,-0.9555416666666663,False,,,False,0.686,36.6,False
DPC::229,Nimis Ramandolo,46.219088,13.263235,DPC,DPC,0.0,2026-06-21 14:30:00+00:00,32.6666666666667,2026-06-21 14:30:00+00:00,,,,,,,False,False,False,False,False,,False,0.4059490740740801,False,,,,,,,False,0.462,74.4,False
DPC::23,Cason di Lanza,46.567936,13.168694,DPC,DPC,0.0,2026-06-21 14:00:00+00:00,22.9,2026-06-21 14:00:00+00:00,,,1.7,2026-06-21 14:00:00+00:00,,,False,False,False,False,False,,False,-1.423944444444444,False,,,0.0,False,,,False,0.239,112.1,False
DPC::230,Savorgnano,46.163634,13.27627,DPC,DPC,0.0,2026-06-21 14:15:00+00:00,34.2,2026-06-21 14:15:00+00:00,,,,,,,False,False,False,False,False,,False,0.6932361111111113,False,,,,,,,False,0.496,68.7,False
DPC::231,Spessa di Cividale,46.033379,13.442843,DPC,DPC,0.0,2026-06-21 14:30:00+00:00,34.1666666666667,2026-06-21 14:30:00+00:00,,,,,,,False,False,False,False,False,,False,0.6869907407407466,False,,,,,,,False,0.609,49.6,False
DPC::232,Mariano del Friuli,45.906572,13.453118,DPC,DPC,0.173333333333333,2026-06-21 14:30:00+00:00,35.1,2026-06-21 14:30:00+00:00,,,1.66666666666667,2026-06-21 14:30:00+00:00,,,False,False,False,False,False,,False,0.861861111111111,False,,,-0.02810416666666376,False,,,False,0.68,37.7,False
DPC::233,Cormons Monte,45.961144,13.478387,DPC,DPC,0.0,2026-06-21 14:15:00+00:00,35.1666666666667,2026-06-21 14:15:00+00:00,,,,,,,False,False,False,False,False,,False,0.8743518518518577,False,,,,,,,False,0.658,41.3,False
DPC::234,Buttrio,46.00439,13.35599,DPC,DPC,0.0,2026-06-21 14:15:00+00:00,34.4333333333333,2026-06-21 14:15:00+00:00,,,,,,,False,False,False,False,False,,False,0.7369537037036974,False,,,,,,,False,0.602,50.8,False
DPC::235,Dolegnano,45.99164,13.41224,DPC,DPC,0.0,2026-06-21 14:30:00+00:00,34.8333333333333,2026-06-21 14:30:00+00:00,,,,,,,False,False,False,False,False,,False,0.8118981481481417,False,,,,,,,False,0.625,47.0,False
DPC::236,Premariacco Ipplis,46.03814,13.42421,DPC,DPC,0.0,2026-06-21 14:30:00+00:00,34.0666666666667,2026-06-21 14:30:00+00:00,,,,,,,False,False,False,False,False,,False,0.6682546296296353,False,,,,,,,False,0.602,50.8,False
DPC::237,Fogliano Redipuglia,45.86692,13.47545,DPC,DPC,0.0,2026-06-21 14:15:00+00:00,33.7333333333333,2026-06-21 14:15:00+00:00,,,1.26666666666667,2026-06-21 14:15:00+00:00,,,False,False,False,False,False,,False,0.6058009259259192,False,,,-0.3653541666666639,False,,,False,0.706,33.2,False
DPC::238,Caneva,45.98485,12.46588,DPC,DPC,0.0,2026-06-21 14:15:00+00:00,33.8666666666667,2026-06-21 14:15:00+00:00,,,,,,,False,False,False,False,False,,False,0.630782407407414,False,,,,,,,False,0.539,61.5,False
DPC::25,Cedarchis,46.456389,13.035886,DPC,DPC,0.0,2026-06-21 14:15:00+00:00,30.7,2026-06-21 14:15:00+00:00,,,,,,,False,False,False,False,False,,False,0.037472222222222074,False,,,,,,,False,0.275,106.1,False
DPC::28,Cellino,46.246394,12.471192,DPC,DPC,0.0,2026-06-21 14:00:00+00:00,26.9,2026-06-21 14:00:00+00:00,,,,,,,False,False,False,False,False,,False,-0.6745,False,,,,,,,False,0.368,90.3,False
DPC::29,Cerneglons,46.055799,13.317992,DPC,DPC,0.0,2026-06-21 14:15:00+00:00,,,,,,,,,False,False,False,False,False,,False,,,,,,,,,False,0.565,57.1,False
DPC::3,Alnicco,46.117875,13.165936,DPC,DPC,0.0,2026-06-21 14:15:00+00:00,33.8,2026-06-21 14:15:00+00:00,,,,,,,False,False,False,False,False,,False,0.6182916666666659,False,,,,,,,False,0.489,69.9,False
DPC::31,Chiout,46.45213,13.371963,DPC,DPC,0.0,2026-06-21 14:15:00+00:00,28.0,2026-06-21 14:15:00+00:00,,,,,,,False,False,False,False,False,,False,-0.4684027777777776,False,,,,,,,False,0.344,94.3,False
DPC::32,Chiusaforte,46.40467,13.317505,DPC,DPC,0.0,2026-06-21 14:15:00+00:00,29.2,2026-06-21 14:15:00+00:00,,,,,,,False,False,False,False,False,,False,-0.24356944444444448,False,,,,,,,False,0.365,90.9,False
DPC::33,Cilia,46.225803,12.795091,DPC,DPC,0.0,2026-06-21 14:15:00+00:00,28.4,2026-06-21 14:15:00+00:00,,,0.5,2026-06-21 14:15:00+00:00,,,False,False,False,False,False,,False,-0.3934583333333334,False,,,-1.0117500000000001,False,,,False,0.343,94.5,False
DPC::34,Cimolais,46.285646,12.440843,DPC,DPC,0.0,2026-06-21 14:30:00+00:00,24.1,2026-06-21 14:30:00+00:00,,,,,,,False,False,False,False,False,,False,-1.1991111111111104,False,,,,,,,False,0.344,94.4,False
DPC::36,Cividale T. P.,46.096666,13.41823,DPC,DPC,0.0,2026-06-21 14:15:00+00:00,34.6,2026-06-21 14:15:00+00:00,,,2.0,2026-06-21 14:15:00+00:00,,,False,False,False,False,False,,False,0.7681805555555555,False,,,0.25293750000000004,False,,,False,0.568,56.6,False
DPC::37,Clauzetto,46.229907,12.917954,DPC,DPC,0.0,2026-06-21 14:15:00+00:00,29.9,2026-06-21 14:15:00+00:00,,,,,,,False,False,False,False,False,,False,-0.11241666666666689,False,,,,,,,False,0.357,92.2,False
DPC::4,Andreis,46.198832,12.611949,DPC,DPC,0.0,2026-06-21 14:15:00+00:00,27.0,2026-06-21 14:15:00+00:00,,,,,,,False,False,False,False,False,,False,-0.6557638888888886,False,,,,,,,False,0.387,87.2,False
DPC::40,Col della Gallina meteo,46.055336,12.462044,DPC,DPC,,,22.9,2026-06-21 14:15:00+00:00,,,2.7,2026-06-21 14:15:00+00:00,,,False,False,False,False,False,,,-1.423944444444444,False,,,0.8431250000000002,False,,,False,0.493,69.2,False
DPC::41,Collalto borgo di sotto,46.19208,13.203442,DPC,DPC,0.0,2026-06-21 14:15:00+00:00,33.0,2026-06-21 14:15:00+00:00,,,,,,,False,False,False,False,False,,False,0.4684027777777776,False,,,,,,,False,0.462,74.5,False
DPC::42,Collina,46.585563,12.839013,DPC,DPC,0.0,2026-06-21 14:00:00+00:00,24.4,2026-06-21 14:00:00+00:00,,,,,,,False,False,False,False,False,,False,-1.1429027777777776,False,,,,,,,False,0.155,126.4,False
DPC::43,Colloredo di Prato,46.057162,13.139608,DPC,DPC,0.0,2026-06-21 14:15:00+00:00,34.1,2026-06-21 14:15:00+00:00,,,,,,,False,False,False,False,False,,False,0.6745,False,,,,,,,False,0.509,66.6,False
DPC::44,Colloredo M. A.,46.166856,13.146103,DPC,DPC,0.0,2026-06-21 14:15:00+00:00,,,,,,,,,False,False,False,False,False,,False,,,,,,,,,False,0.459,75.1,False
DPC::47,Cordenons,46.009192,12.700403,DPC,DPC,0.0,2026-06-21 14:30:00+00:00,33.7,2026-06-21 14:30:00+00:00,,,1.9,2026-06-21 14:30:00+00:00,,,False,False,False,False,False,,False,0.599555555555556,False,,,0.16862499999999997,False,,,False,0.491,69.5,False
DPC::48,Cormons,45.976776,13.453358,DPC,DPC,0.0,2026-06-21 14:00:00+00:00,36.0,2026-06-21 14:00:00+00:00,,,1.5,2026-06-21 14:00:00+00:00,,,False,False,False,False,False,,False,1.0304861111111108,False,,,-0.16862499999999997,False,,,False,0.643,43.8,False
DPC::5,Arba,46.142589,12.808347,DPC,DPC,0.0,2026-06-21 14:15:00+00:00,32.7,2026-06-21 14:15:00+00:00,,,1.3,2026-06-21 14:15:00+00:00,,,False,False,False,False,False,,False,0.41219444444444486,False,,,-0.33724999999999994,False,,,False,0.391,86.5,False
DPC::500,Muggia S+M,45.610448,13.752571,DPC,DPC,,,,,,,1.48666666666667,2026-06-21 14:30:00+00:00,,,False,False,False,False,False,,,,,,,-0.17986666666666393,False,,,False,0.876,4.6,False
DPC::503,Val Sughet,46.118707,12.505972,DPC,DPC,0.0,2026-06-21 14:30:00+00:00,19.5,2026-06-21 14:30:00+00:00,,,3.5,2026-06-21 14:30:00+00:00,,,False,False,False,False,False,,False,-2.0609722222222215,False,,,1.517625,False,,,False,0.449,76.7,False
DPC::504,Trieste Nautico,45.647373,13.764613,DPC,DPC,0.0,2026-06-21 14:30:00+00:00,31.2866666666667,2026-06-21 14:30:00+00:00,,,1.49333333333333,2026-06-21 14:30:00+00:00,,,False,False,False,False,False,,False,0.14739074074074707,False,,,-0.17424583333333607,False,,,False,0.9,0.5,False
DPC::505,Piancavallo,46.114924,12.524263,DPC,DPC,0.0,2026-06-21 14:30:00+00:00,23.72,2026-06-21 14:30:00+00:00,,,0.993333333333333,2026-06-21 14:30:00+00:00,,,False,False,False,False,False,,False,-1.270308333333333,False,,,-0.5958083333333336,False,,,False,0.45,76.5,False
DPC::511,Borgo Grotta Gigante,45.709423,13.76463,DPC,DPC,0.0,2026-06-21 14:30:00+00:00,31.5266666666667,2026-06-21 14:30:00+00:00,,,1.87333333333333,2026-06-21 14:30:00+00:00,,,False,False,False,False,False,,False,0.19235740740741344,False,,,0.14614166666666387,False,,,False,0.864,6.6,False
DPC::512,San Mauro,46.14688,13.026494,DPC,DPC,0.0,2026-06-21 14:15:00+00:00,,,,,,,,,False,False,False,False,False,,False,,,,,,,,,False,0.431,79.8,False
DPC::514,Candaglia,46.064067,12.443082,DPC,DPC,0.0,2026-06-21 14:15:00+00:00,24.4,2026-06-21 14:15:00+00:00,,,0.7,2026-06-21 14:15:00+00:00,,,False,False,False,False,False,,False,-1.1429027777777776,False,,,-0.843125,False,,,False,0.489,69.9,False
DPC::515,Malghe Mersino,46.212423,13.524168,DPC,DPC,0.0,2026-06-21 14:15:00+00:00,22.8,2026-06-21 14:15:00+00:00,,,,,,,False,False,False,False,False,,False,-1.4426805555555546,False,,,,,,,False,0.516,65.4,False
DPC::516,Montemaggiore,46.194466,13.532769,DPC,DPC,0.0,2026-06-21 14:15:00+00:00,28.6,2026-06-21 14:15:00+00:00,,,,,,,False,False,False,False,False,,False,-0.3559861111111107,False,,,,,,,False,0.528,63.3,False
DPC::517,Palmanova,45.91118,13.333072,DPC,DPC,0.0,2026-06-21 14:15:00+00:00,35.7,2026-06-21 14:15:00+00:00,,,2.5,2026-06-21 14:15:00+00:00,,,False,False,False,False,False,,False,0.9742777777777779,False,,,0.6745,False,,,False,0.639,44.6,False
DPC::518,Stadio Biathlon Piani di Luzza,46.571172,12.745465,DPC,DPC,0.0,2026-06-21 14:15:00+00:00,23.4,2026-06-21 14:15:00+00:00,,,0.9,2026-06-21 14:15:00+00:00,,,False,False,False,False,False,,False,-1.3302638888888885,False,,,-0.6745,False,,,False,0.137,129.3,False
DPC::519,Matajur,46.211698,13.529182,DPC,DPC,,,21.1266666666667,2026-06-21 14:00:00+00:00,,,2.88666666666667,2026-06-21 14:00:00+00:00,,,False,False,False,False,False,,,-1.7561981481481412,False,,,1.0005083333333362,False,,,False,0.517,65.2,False
DPC::52,Doberdò,45.842959,13.547246,DPC,DPC,0.0,2026-06-21 14:15:00+00:00,30.2,2026-06-21 14:15:00+00:00,,,2.9,2026-06-21 14:15:00+00:00,,,False,False,False,False,False,,False,-0.05620833333333344,False,,,1.0117500000000001,False,,,False,0.74,27.6,False
DPC::520,Cazzaso,46.43068,12.99673,DPC,DPC,0.0,2026-06-21 14:15:00+00:00,26.3,2026-06-21 14:15:00+00:00,,,,,,,False,False,False,False,False,,False,-0.7869166666666663,False,,,,,,,False,0.279,105.3,False
DPC::521,Fusine Valico,46.495869,13.68666,DPC,DPC,0.0,2026-06-21 14:15:00+00:00,27.8,2026-06-21 14:15:00+00:00,,,1.3,2026-06-21 14:15:00+00:00,,,False,False,False,False,False,,False,-0.5058749999999996,False,,,-0.33724999999999994,False,,,False,0.345,94.3,False
DPC::522,Claut tre pini,46.263452,12.500334,DPC,DPC,0.0,2026-06-21 14:15:00+00:00,27.0,2026-06-21 14:15:00+00:00,,,,,,,False,False,False,False,False,,False,-0.6557638888888886,False,,,,,,,False,0.355,92.5,False
DPC::523,Malga Valine,46.236487,12.675633,DPC,DPC,0.0,2026-06-21 14:15:00+00:00,22.6,2026-06-21 14:15:00+00:00,,,0.7,2026-06-21 14:15:00+00:00,,,False,False,False,False,False,,False,-1.480152777777777,False,,,-0.843125,False,,,False,0.355,92.5,False
DPC::524,Ravedis invaso,46.171862,12.656364,DPC,DPC,0.0,2026-06-21 14:15:00+00:00,29.7,2026-06-21 14:15:00+00:00,,,1.4,2026-06-21 14:15:00+00:00,,,False,False,False,False,False,,False,-0.149888888888889,False,,,-0.25293750000000004,False,,,False,0.398,85.2,False
DPC::526,Venzone Tagliamento,46.335267,13.134807,DPC,DPC,0.0,2026-06-21 14:15:00+00:00,,,,,,,,,False,False,False,False,False,,False,,,,,,,,,False,0.366,90.6,False
DPC::527,Monte Lussari,46.482062,13.520179,DPC,DPC,0.0,2026-06-21 14:15:00+00:00,21.0733333333333,2026-06-21 14:15:00+00:00,,,2.11333333333333,2026-06-21 14:15:00+00:00,,,False,False,False,False,False,,False,-1.7661907407407467,False,,,0.3484916666666641,False,,,False,0.343,94.5,False
DPC::528,Pietratagliata,46.482524,13.299785,DPC,DPC,0.0,2026-06-21 14:15:00+00:00,25.5,2026-06-21 14:15:00+00:00,,,0.7,2026-06-21 14:15:00+00:00,,,False,False,False,False,False,,False,-0.9368055555555552,False,,,-0.843125,False,,,False,0.314,99.4,False
DPC::530,Forni di sopra,46.409755,12.593751,DPC,DPC,0.0,2026-06-21 14:00:00+00:00,24.3866666666667,2026-06-21 14:00:00+00:00,,,3.35333333333333,2026-06-21 14:00:00+00:00,,,False,False,False,False,False,,False,-1.1454009259259195,False,,,1.3939666666666641,False,,,False,0.253,109.7,False
DPC::532,Coritis,46.347423,13.392928,DPC,DPC,0.0,2026-06-21 14:15:00+00:00,30.1,2026-06-21 14:15:00+00:00,,,,,,,False,False,False,False,False,,False,-0.07494444444444415,False,,,,,,,False,0.412,82.8,False
DPC::534,Casera Pieltinis,46.484141,12.72301,DPC,DPC,0.0,2026-06-21 14:15:00+00:00,19.7,2026-06-21 14:15:00+00:00,,,0.8,2026-06-21 14:15:00+00:00,,,False,False,False,False,False,,False,-2.0234999999999994,False,,,-0.7588125,False,,,False,0.192,120.0,False
DPC::535,Chiansaveit,46.451796,12.626534,DPC,DPC,0.0,2026-06-21 14:15:00+00:00,19.6,2026-06-21 14:15:00+00:00,,,0.2,2026-06-21 14:15:00+00:00,,,False,False,False,False,False,,False,-2.04223611111111,False,,,-1.2646875,False,,,False,0.223,114.8,False
DPC::536,Malga Chiampiuz,46.352878,12.67754,DPC,DPC,0.0,2026-06-21 14:15:00+00:00,19.5,2026-06-21 14:15:00+00:00,,,2.3,2026-06-21 14:15:00+00:00,,,False,False,False,False,False,,False,-2.0609722222222215,False,,,0.505875,False,,,False,0.281,105.0,False
DPC::537,Malga Rest,46.348537,12.79841,DPC,DPC,0.0,2026-06-21 14:15:00+00:00,20.6,2026-06-21 14:15:00+00:00,,,2.8,2026-06-21 14:15:00+00:00,,,False,False,False,False,False,,False,-1.854874999999999,False,,,0.9274374999999999,False,,,False,0.267,107.3,False
DPC::538,Rifugio Pussa,46.345945,12.590436,DPC,DPC,0.0,2026-06-21 14:15:00+00:00,22.1,2026-06-21 14:15:00+00:00,,,0.8,2026-06-21 14:15:00+00:00,,,False,False,False,False,False,,False,-1.5738333333333325,False,,,-0.7588125,False,,,False,0.295,102.7,False
DPC::539,Varmost M.te Simone,46.45473,12.559611,DPC,DPC,0.0,2026-06-21 14:30:00+00:00,17.2,2026-06-21 14:30:00+00:00,,,1.2,2026-06-21 14:30:00+00:00,,,False,False,False,False,False,,False,-2.491902777777777,False,,,-0.4215625,False,,,False,0.227,114.2,False
DPC::54,Erto e Casso,46.277792,12.370662,DPC,DPC,0.24,2026-06-21 14:15:00+00:00,21.2,2026-06-21 14:15:00+00:00,,,1.3,2026-06-21 14:15:00+00:00,,,False,False,False,False,False,,False,-1.7424583333333326,False,,,-0.33724999999999994,False,,,False,0.351,93.2,False
DPC::541,Livinal Lunc,46.37434,13.47033,DPC,DPC,0.0,2026-06-21 14:15:00+00:00,19.4,2026-06-21 14:15:00+00:00,,,1.8,2026-06-21 14:15:00+00:00,,,False,False,False,False,False,,False,-2.0797083333333326,False,,,0.0843125000000001,False,,,False,0.407,83.8,False
DPC::542,Sella Nevea,46.3906,13.47604,DPC,DPC,0.0,2026-06-21 14:15:00+00:00,26.1,2026-06-21 14:15:00+00:00,,,,,,,False,False,False,False,False,,False,-0.8243888888888883,False,,,,,,,False,0.397,85.4,False
DPC::543,Sacile,45.950911,12.502155,DPC,DPC,,,35.4,2026-06-21 14:15:00+00:00,,,,,,,False,False,False,False,False,,,0.9180694444444438,False,,,,,,,False,0.557,58.4,False
DPC::544,Prepotto_TS,45.760264,13.692423,DPC,DPC,0.0,2026-06-21 14:15:00+00:00,31.4,2026-06-21 14:15:00+00:00,,,,,,,False,False,False,False,False,,False,0.16862499999999964,False,,,,,,,False,0.822,13.7,False
DPC::545,Contovello,45.702031,13.729317,DPC,DPC,0.0,2026-06-21 14:00:00+00:00,30.8,2026-06-21 14:00:00+00:00,,,,,,,False,False,False,False,False,,False,0.05620833333333344,False,,,,,,,False,0.864,6.6,False
DPC::546,Bivacco Bianchi,46.456698,13.248559,DPC,DPC,0.0,2026-06-21 14:15:00+00:00,20.2,2026-06-21 14:15:00+00:00,,,1.0,2026-06-21 14:15:00+00:00,,,False,False,False,False,False,,False,-1.9298194444444436,False,,,-0.5901875,False,,,False,0.321,98.3,False
DPC::547,Casera del Mestri,46.48154,13.140573,DPC,DPC,0.0,2026-06-21 14:15:00+00:00,22.5,2026-06-21 14:15:00+00:00,,,1.2,2026-06-21 14:15:00+00:00,,,False,False,False,False,False,,False,-1.4988888888888883,False,,,-0.4215625,False,,,False,0.285,104.4,False
DPC::548,Gran Monte,46.290642,13.350665,DPC,DPC,0.0,2026-06-21 14:15:00+00:00,22.3,2026-06-21 14:15:00+00:00,,,0.8,2026-06-21 14:15:00+00:00,,,False,False,False,False,False,,False,-1.5363611111111102,False,,,-0.7588125,False,,,False,0.44,78.3,False
DPC::549,Enemonzo,46.410423,12.862513,DPC,DPC,0.0,2026-06-21 14:30:00+00:00,26.8733333333333,2026-06-21 14:30:00+00:00,,,2.67333333333333,2026-06-21 14:30:00+00:00,,,False,False,False,False,False,,False,-0.6794962962963024,False,,,0.8206416666666637,False,,,False,0.253,109.8,False
DPC::551,Vivaro,46.076489,12.768772,DPC,DPC,0.0,2026-06-21 14:15:00+00:00,32.9866666666667,2026-06-21 14:15:00+00:00,,,2.14,2026-06-21 14:15:00+00:00,,,False,False,False,False,False,,False,0.46590462962963575,False,,,0.37097500000000017,False,,,False,0.438,78.5,False
DPC::552,San Vito al Tagliamento,45.895674,12.815004,DPC,DPC,0.0,2026-06-21 14:15:00+00:00,34.18,2026-06-21 14:15:00+00:00,,,2.51333333333333,2026-06-21 14:15:00+00:00,,,False,False,False,False,False,,False,0.6894888888888886,False,,,0.685741666666664,False,,,False,0.529,63.1,False
DPC::553,Brugnera,45.917922,12.544995,DPC,DPC,0.0,2026-06-21 14:15:00+00:00,34.6466666666667,2026-06-21 14:15:00+00:00,,,2.35333333333333,2026-06-21 14:15:00+00:00,,,False,False,False,False,False,,False,0.7769240740740794,False,,,0.5508416666666639,False,,,False,0.573,55.7,False
DPC::554,Gradisca S+M,45.889803,13.48185,DPC,DPC,0.0,2026-06-21 14:15:00+00:00,35.5733333333333,2026-06-21 14:15:00+00:00,,,3.39333333333333,2026-06-21 14:15:00+00:00,,,False,False,False,False,False,,False,0.9505453703703641,False,,,1.4276916666666641,False,,,False,0.697,34.8,False
DPC::555,Sgonico,45.737831,13.741996,DPC,DPC,0.0,2026-06-21 14:15:00+00:00,31.3066666666667,2026-06-21 14:15:00+00:00,,,1.6,2026-06-21 14:15:00+00:00,,,False,False,False,False,False,,False,0.15113796296296922,False,,,-0.0843124999999999,False,,,False,0.844,10.0,False
DPC::556,Codroipo S+M,45.952356,13.002779,DPC,DPC,0.0,2026-06-21 14:15:00+00:00,34.4066666666667,2026-06-21 14:15:00+00:00,,,1.30666666666667,2026-06-21 14:15:00+00:00,,,False,False,False,False,False,,False,0.7319574074074137,False,,,-0.33162916666666387,False,,,False,0.498,68.3,False
DPC::558,Udine S+M,46.035204,13.226687,DPC,DPC,0.0,2026-06-21 14:15:00+00:00,34.3266666666667,2026-06-21 14:15:00+00:00,,,2.94,2026-06-21 14:15:00+00:00,,,False,False,False,False,False,,False,0.7169685185185252,False,,,1.0454750000000002,False,,,False,0.547,60.0,False
DPC::559,Talmassons,45.882299,13.155793,DPC,DPC,0.0,2026-06-21 14:15:00+00:00,35.3133333333333,2026-06-21 14:15:00+00:00,,,3.35333333333333,2026-06-21 14:15:00+00:00,,,False,False,False,False,False,,False,0.9018314814814743,False,,,1.3939666666666641,False,,,False,0.582,54.2,False
DPC::56,Fagagna,46.1143,13.09823,DPC,DPC,0.0,2026-06-21 14:00:00+00:00,33.5,2026-06-21 14:00:00+00:00,,,,,,,False,False,False,False,False,,False,0.562083333333333,False,,,,,,,False,0.469,73.3,False
DPC::560,Palazzolo S+M,45.805698,13.052581,DPC,DPC,0.0,2026-06-21 14:15:00+00:00,35.1,2026-06-21 14:15:00+00:00,,,3.38,2026-06-21 14:15:00+00:00,,,False,False,False,False,False,,False,0.861861111111111,False,,,1.41645,False,,,False,0.558,58.3,False
DPC::561,Fossalon,45.714761,13.45882,DPC,DPC,0.0,2026-06-21 14:15:00+00:00,31.44,2026-06-21 14:15:00+00:00,,,3.91333333333333,2026-06-21 14:15:00+00:00,,,False,False,False,False,False,,False,0.1761194444444446,False,,,1.8661166666666642,False,,,False,0.754,25.2,False
DPC::562,Gemona S+M,46.261279,13.12209,DPC,DPC,0.0,2026-06-21 14:15:00+00:00,33.82,2026-06-21 14:15:00+00:00,,,2.77333333333333,2026-06-21 14:15:00+00:00,,,False,False,False,False,False,,False,0.6220388888888887,False,,,0.904954166666664,False,,,False,0.403,84.4,False
DPC::563,Cividale S+M,46.080373,13.420006,DPC,DPC,0.0,2026-06-21 14:15:00+00:00,35.4666666666667,2026-06-21 14:15:00+00:00,,,1.84,2026-06-21 14:15:00+00:00,,,False,False,False,False,False,,False,0.9305601851851905,False,,,0.11803750000000011,False,,,False,0.577,55.0,False
DPC::564,Ariis,45.871692,13.083567,DPC,DPC,0.0,2026-06-21 14:15:00+00:00,33.4533333333333,2026-06-21 14:15:00+00:00,,,,,,,False,False,False,False,False,,False,0.5533398148148079,False,,,,,,,False,0.556,58.7,False
DPC::565,Baldass,46.243419,12.572656,DPC,DPC,0.0,2026-06-21 14:15:00+00:00,18.8,2026-06-21 14:15:00+00:00,,,1.7,2026-06-21 14:15:00+00:00,,,False,False,False,False,False,,False,-2.192124999999999,False,,,0.0,False,,,False,0.362,91.3,False
DPC::566,Casera Podestine,46.297487,12.601825,DPC,DPC,0.0,2026-06-21 14:15:00+00:00,23.1,2026-06-21 14:15:00+00:00,,,0.0,2026-06-21 14:15:00+00:00,,,False,False,False,False,False,,False,-1.3864722222222214,False,,,-1.4333125,False,,,False,0.325,97.6,False
DPC::568,Pala d'Altei,46.157276,12.597008,DPC,DPC,,,22.4933333333333,2026-06-21 14:15:00+00:00,,,3.24,2026-06-21 14:15:00+00:00,,,False,False,False,False,False,,,-1.5001379629629685,False,,,1.2984125000000002,False,,,False,0.415,82.4,False
DPC::569,Fagagna S+M,46.101703,13.0739,DPC,DPC,0.0,2026-06-21 14:15:00+00:00,33.9133333333333,2026-06-21 14:15:00+00:00,,,3.28666666666667,2026-06-21 14:15:00+00:00,,,False,False,False,False,False,,False,0.6395259259259192,False,,,1.3377583333333363,False,,,False,0.467,73.7,False
DPC::57,Farra d'Isonzo,45.908252,13.5343,DPC,DPC,0.0,2026-06-21 14:00:00+00:00,,,,,,,,,False,False,False,False,False,,False,,,,,,,,,False,0.701,34.0,False
DPC::570,Tarvisio S+M,46.510736,13.552011,DPC,DPC,0.0,2026-06-21 14:15:00+00:00,28.5,2026-06-21 14:15:00+00:00,,,3.1,2026-06-21 14:15:00+00:00,,,False,False,False,False,False,,False,-0.37472222222222207,False,,,1.1803750000000002,False,,,False,0.328,97.2,False
DPC::571,Tarvisio Coccau,46.52803,13.63821,DPC,DPC,0.0,2026-06-21 14:30:00+00:00,,,,,,,,,False,False,False,False,False,,False,,,,,,,,,False,0.322,98.2,False
DPC::572,Tarvisio Cave,46.46133,13.57348,DPC,DPC,0.0,2026-06-21 14:00:00+00:00,,,,,,,,,False,False,False,False,False,,False,,,,,,,,,False,0.361,91.5,False
DPC::574,Boa Paloma,45.61858,13.5653,DPC,DPC,,,28.4266666666667,2026-06-21 14:15:00+00:00,,,4.96,2026-06-21 14:15:00+00:00,,,False,False,False,False,False,,,-0.38846203703703036,False,,,2.7485875,False,,,False,0.807,16.3,False
DPC::578,Grado Boa Meteo,45.59447,13.34381,DPC,DPC,,,28.0,2026-06-21 14:15:00+00:00,,,3.2,2026-06-21 14:15:00+00:00,,,False,False,False,False,False,,,-0.4684027777777776,False,,,1.2646875000000002,False,,,False,0.703,33.7,False
DPC::580,Attimis B.go Faris,46.173115,13.317904,DPC,DPC,0.0,2026-06-21 14:15:00+00:00,33.1,2026-06-21 14:15:00+00:00,,,,,,,False,False,False,False,False,,False,0.48713888888888895,False,,,,,,,False,0.501,67.9,False
DPC::581,Clodig,46.155714,13.592415,DPC,DPC,0.0,2026-06-21 14:15:00+00:00,27.5,2026-06-21 14:15:00+00:00,,,,,,,False,False,False,False,False,,False,-0.562083333333333,False,,,,,,,False,0.56,57.9,False
DPC::582,Savogna,46.155630081339,13.527176678181,DPC,DPC,0.0,2026-06-21 14:15:00+00:00,29.6,2026-06-21 14:15:00+00:00,,,,,,,False,False,False,False,False,,False,-0.16862499999999964,False,,,,,,,False,0.552,59.3,False
DPC::584,Gorgazzo,46.036896805409,12.496647834778,DPC,DPC,0.0,2026-06-21 14:00:00+00:00,33.9,2026-06-21 14:00:00+00:00,,,,,,,False,False,False,False,False,,False,0.6370277777777773,False,,,,,,,False,0.503,67.6,False
DPC::585,Gorizia ARPA,45.93043,13.62839,DPC,DPC,0.0,2026-06-21 14:15:00+00:00,35.4,2026-06-21 14:15:00+00:00,,,,,,,False,False,False,False,False,,False,0.9180694444444438,False,,,,,,,False,0.707,33.1,False
DPC::586,Rigolato,46.554586,12.853858,DPC,DPC,0.0,2026-06-21 14:15:00+00:00,28.5,2026-06-21 14:15:00+00:00,,,,,,,False,False,False,False,False,,False,-0.37472222222222207,False,,,,,,,False,0.175,122.9,False
DPC::588,Tarcento Meteo,46.21651923701,13.224266767502,DPC,DPC,0.0,2026-06-21 14:00:00+00:00,33.5,2026-06-21 14:00:00+00:00,,,,,,,False,False,False,False,False,,False,0.562083333333333,False,,,,,,,False,0.454,75.8,False
DPC::59,Forcate,45.998401,12.588671,DPC,DPC,0.0,2026-06-21 14:00:00+00:00,33.9,2026-06-21 14:00:00+00:00,,,,,,,False,False,False,False,False,,False,0.6370277777777773,False,,,,,,,False,0.517,65.3,False
DPC::594,Gorizia Consorzio di Bonifica,45.93393,13.59649,DPC,DPC,0.0,2026-06-21 14:15:00+00:00,35.2,2026-06-21 14:15:00+00:00,,,,,,,False,False,False,False,False,,False,0.8805972222222224,False,,,,,,,False,0.7,34.3,False
DPC::596,Ovaro Muina,46.45983,12.87169,DPC,DPC,0.0,2026-06-21 14:15:00+00:00,,,,,,,,,False,False,False,False,False,,False,,,,,,,,,False,0.23,113.6,False
DPC::598,Ampezzo,46.414287,12.804309,DPC,DPC,0.0,2026-06-21 14:15:00+00:00,28.2,2026-06-21 14:15:00+00:00,,,,,,,False,False,False,False,False,,False,-0.4309305555555555,False,,,,,,,False,0.234,113.0,False
DPC::599,Avosacco,46.475051,13.017616,DPC,DPC,0.0,2026-06-21 14:15:00+00:00,,,,,,,,,False,False,False,False,False,,False,,,,,,,,,False,0.26,108.6,False
DPC::6,Arzenutto,46.016584,12.870542,DPC,DPC,0.0,2026-06-21 14:30:00+00:00,33.6,2026-06-21 14:30:00+00:00,,,,,,,False,False,False,False,False,,False,0.5808194444444444,False,,,,,,,False,0.449,76.6,False
DPC::60,Forcella Savalons,46.349772,12.486019,DPC,DPC,0.0,2026-06-21 14:30:00+00:00,15.9,2026-06-21 14:30:00+00:00,,,0.5,2026-06-21 14:30:00+00:00,,,False,False,False,False,False,,False,-2.735472222222221,False,,,-1.0117500000000001,False,,,False,0.3,101.9,False
DPC::600,Canebola,46.181545,13.393231,DPC,DPC,0.0,2026-06-21 14:15:00+00:00,29.5,2026-06-21 14:15:00+00:00,,,,,,,False,False,False,False,False,,False,-0.18736111111111103,False,,,,,,,False,0.513,65.9,False
DPC::601,Faedis,46.1315,13.352652,DPC,DPC,0.0,2026-06-21 14:15:00+00:00,34.7733333333333,2026-06-21 14:15:00+00:00,,,1.2,2026-06-21 14:15:00+00:00,,,False,False,False,False,False,,False,0.8006564814814745,False,,,-0.4215625,False,,,False,0.533,62.5,False
DPC::603,Oseacco,46.363551,13.313233,DPC,DPC,0.0,2026-06-21 14:15:00+00:00,30.5,2026-06-21 14:15:00+00:00,,,,,,,False,False,False,False,False,,False,0.0,False,,,,,,,False,0.389,86.8,False
DPC::604,Passo della Mauria,46.454024,12.514507,DPC,DPC,0.0,2026-06-21 14:15:00+00:00,16.6,2026-06-21 14:15:00+00:00,,,,,,,False,False,False,False,False,,False,-2.604319444444443,False,,,,,,,False,0.23,113.7,False
DPC::605,Stupizza,46.201317,13.469899,DPC,DPC,0.0,2026-06-21 14:15:00+00:00,28.2,2026-06-21 14:15:00+00:00,,,,,,,False,False,False,False,False,,False,-0.4309305555555555,False,,,,,,,False,0.515,65.6,False
DPC::606,Basovizza,45.644008,13.876164,DPC,DPC,0.0,2026-06-21 14:30:00+00:00,30.6,2026-06-21 14:30:00+00:00,,,,,,,False,False,False,False,False,,False,0.01873611111111137,False,,,,,,,False,0.854,8.3,False
DPC::607,Pinzano,46.181142,12.950781,DPC,DPC,0.0,2026-06-21 14:15:00+00:00,33.6,2026-06-21 14:15:00+00:00,,,,,,,False,False,False,False,False,,False,0.5808194444444444,False,,,,,,,False,0.39,86.6,False
DPC::608,Poffabro,46.215047,12.707587,DPC,DPC,0.0,2026-06-21 14:15:00+00:00,27.9,2026-06-21 14:15:00+00:00,,,,,,,False,False,False,False,False,,False,-0.48713888888888895,False,,,,,,,False,0.364,91.0,False
DPC::609,Val Saisera,46.46771,13.49666,DPC,DPC,0.0,2026-06-21 14:15:00+00:00,29.2,2026-06-21 14:15:00+00:00,,,,,,,False,False,False,False,False,,False,-0.24356944444444448,False,,,,,,,False,0.35,93.3,False
DPC::61,Forni Avoltri,46.586742,12.773752,DPC,DPC,0.0,2026-06-21 14:15:00+00:00,24.8,2026-06-21 14:15:00+00:00,,,,,,,False,False,False,False,False,,False,-1.0679583333333327,False,,,,,,,False,0.137,129.4,False
DPC::610,Vedronza,46.261776,13.256179,DPC,DPC,0.0,2026-06-21 14:15:00+00:00,32.2,2026-06-21 14:15:00+00:00,,,,,,,False,False,False,False,False,,False,0.3185138888888893,False,,,,,,,False,0.437,78.8,False
DPC::612,Comeglians (new),46.516967210607,12.864919432694,DPC,DPC,0.200000000000045,2026-06-21 14:30:00+00:00,24.2,2026-06-21 14:30:00+00:00,,,,,,,False,False,False,False,False,,False,-1.1803749999999997,False,,,,,,,False,0.198,119.0,False
DPC::613,Padriciano,45.65504,13.844509,DPC,DPC,0.0,2026-06-21 14:15:00+00:00,30.1,2026-06-21 14:15:00+00:00,,,,,,,False,False,False,False,False,,False,-0.07494444444444415,False,,,,,,,False,0.869,5.8,False
DPC::615,Cavasso Nuovo,46.194425,12.775264,DPC,DPC,0.0,2026-06-21 14:00:00+00:00,32.8,2026-06-21 14:00:00+00:00,,,,,,,False,False,False,False,False,,False,0.4309305555555548,False,,,,,,,False,0.366,90.7,False
DPC::616,Sauris di sotto,46.466196,12.710435,DPC,DPC,0.0,2026-06-21 14:15:00+00:00,22.2,2026-06-21 14:15:00+00:00,,,,,,,False,False,False,False,False,,False,-1.555097222222222,False,,,,,,,False,0.205,117.8,False
DPC::62,Forni di sotto,46.392896,12.714826,DPC,DPC,0.0,2026-06-21 14:15:00+00:00,23.9,2026-06-21 14:15:00+00:00,,,,,,,False,False,False,False,False,,False,-1.236583333333333,False,,,,,,,False,0.251,110.1,False
DPC::627,Amaro,46.371503,13.071209,DPC,DPC,0.0,2026-06-21 14:30:00+00:00,31.4333333333333,2026-06-21 14:30:00+00:00,,,1.74,2026-06-21 14:30:00+00:00,,,False,False,False,False,False,,False,0.17487037037036438,False,,,0.03372500000000003,False,,,False,0.33,96.7,False
DPC::629,Pordenone Comina,45.98689,12.65388,DPC,DPC,0.0,2026-06-21 14:00:00+00:00,34.6133333333333,2026-06-21 14:00:00+00:00,,,2.63333333333333,2026-06-21 14:00:00+00:00,,,False,False,False,False,False,,False,0.7706787037036974,False,,,0.7869166666666642,False,,,False,0.513,65.8,False
DPC::63,Fusine Alpe del lago,46.467944,13.663756,DPC,DPC,0.0,2026-06-21 14:30:00+00:00,25.5,2026-06-21 14:30:00+00:00,,,0.9,2026-06-21 14:30:00+00:00,,,False,False,False,False,False,,False,-0.9368055555555552,False,,,-0.6745,False,,,False,0.362,91.3,False
DPC::632,Sacile Pluvio,45.95106,12.50068,DPC,DPC,0.0,2026-06-21 14:30:00+00:00,,,,,,,,,False,False,False,False,False,,False,,,,,,,,,False,0.557,58.4,False
DPC::64,Gemona del Friuli,46.278771,13.141196,DPC,DPC,0.0,2026-06-21 14:15:00+00:00,32.6,2026-06-21 14:15:00+00:00,,,,,,,False,False,False,False,False,,False,0.3934583333333334,False,,,,,,,False,0.399,85.1,False
DPC::65,Gorizia aeroporto,45.910395,13.595503,DPC,DPC,0.0,2026-06-21 14:00:00+00:00,35.9,2026-06-21 14:00:00+00:00,,,2.0,2026-06-21 14:00:00+00:00,,,False,False,False,False,False,,False,1.0117499999999993,False,,,0.25293750000000004,False,,,False,0.714,32.0,False
DPC::68,Grado Marea,45.683121,13.38345,DPC,DPC,0.0,2026-06-21 14:00:00+00:00,,,,,,,,,False,False,False,False,False,,False,,,,,,,,,False,0.724,30.3,False
DPC::69,Grado Meteo,45.680255,13.373272,DPC,DPC,,,29.4333333333333,2026-06-21 14:15:00+00:00,,,5.4,2026-06-21 14:15:00+00:00,,,False,False,False,False,False,,,-0.1998518518518577,False,,,3.1195625000000002,False,,,False,0.719,31.0,False
DPC::70,Grions,46.047548,12.981692,DPC,DPC,0.0,2026-06-21 14:15:00+00:00,33.2,2026-06-21 14:15:00+00:00,,,,,,,False,False,False,False,False,,False,0.5058750000000003,False,,,,,,,False,0.457,75.4,False
DPC::72,La Baita Meteo,45.946833,13.512472,DPC,DPC,0.0,2026-06-21 14:15:00+00:00,33.2,2026-06-21 14:15:00+00:00,,,0.6,2026-06-21 14:15:00+00:00,,,False,False,False,False,False,,False,0.5058750000000003,False,,,-0.9274375,False,,,False,0.675,38.6,False
DPC::74,Latisana 1,45.772858,12.996778,DPC,DPC,0.0,2026-06-21 14:15:00+00:00,34.7,2026-06-21 14:15:00+00:00,,,1.5,2026-06-21 14:15:00+00:00,,,False,False,False,False,False,,False,0.7869166666666668,False,,,-0.16862499999999997,False,,,False,0.538,61.6,False
DPC::75,Lesis (ex Claut),46.272132,12.5446,DPC,DPC,0.0,2026-06-21 14:15:00+00:00,23.3,2026-06-21 14:15:00+00:00,,,,,,,False,False,False,False,False,,False,-1.3489999999999993,False,,,,,,,False,0.346,94.0,False
DPC::76,Lestizza,45.951091,13.135254,DPC,DPC,0.0,2026-06-21 14:15:00+00:00,34.8,2026-06-21 14:15:00+00:00,,,2.8,2026-06-21 14:15:00+00:00,,,False,False,False,False,False,,False,0.805652777777777,False,,,0.9274374999999999,False,,,False,0.551,59.5,False
DPC::78,Lignano Sabbiadoro,45.686555,13.121167,DPC,DPC,0.0,2026-06-21 14:15:00+00:00,33.9,2026-06-21 14:15:00+00:00,,,2.6,2026-06-21 14:15:00+00:00,,,False,False,False,False,False,,False,0.6370277777777773,False,,,0.7588125000000002,False,,,False,0.603,50.6,False
DPC::8,Aviano,46.064625,12.603369,DPC,DPC,0.0,2026-06-21 14:00:00+00:00,33.6,2026-06-21 14:00:00+00:00,,,,,,,False,False,False,False,False,,False,0.5808194444444444,False,,,,,,,False,0.473,72.6,False
DPC::80,Magnano in Riviera,46.228391,13.161542,DPC,DPC,0.0,2026-06-21 14:15:00+00:00,33.3,2026-06-21 14:15:00+00:00,,,,,,,False,False,False,False,False,,False,0.5246111111111104,False,,,,,,,False,0.431,79.7,False
DPC::81,Malborghetto F. Fella,46.505812,13.440331,DPC,DPC,0.0,2026-06-21 14:15:00+00:00,29.6,2026-06-21 14:15:00+00:00,,,,,,,False,False,False,False,False,,False,-0.16862499999999964,False,,,,,,,False,0.32,98.5,False
DPC::82,Malga Acomizza,46.547986,13.515642,DPC,DPC,0.0,2026-06-21 14:15:00+00:00,20.5,2026-06-21 14:15:00+00:00,,,5.1,2026-06-21 14:15:00+00:00,,,False,False,False,False,False,,False,-1.8736111111111104,False,,,2.8666249999999995,False,,,False,0.3,101.8,False
DPC::83,Malga Cjariguart,46.360224,13.187742,DPC,DPC,0.0,2026-06-21 14:30:00+00:00,20.5,2026-06-21 14:30:00+00:00,,,2.3,2026-06-21 14:30:00+00:00,,,False,False,False,False,False,,False,-1.8736111111111104,False,,,0.505875,False,,,False,0.365,90.9,False
DPC::84,Malga Plotta,46.594863,12.8996,DPC,DPC,0.0,2026-06-21 14:15:00+00:00,18.2,2026-06-21 14:15:00+00:00,,,0.3,2026-06-21 14:15:00+00:00,,,False,False,False,False,False,,False,-2.304541666666666,False,,,-1.180375,False,,,False,0.165,124.7,False
DPC::85,Maniago,46.173929,12.718688,DPC,DPC,0.0,2026-06-21 14:15:00+00:00,32.7,2026-06-21 14:15:00+00:00,,,,,,,False,False,False,False,False,,False,0.41219444444444486,False,,,,,,,False,0.388,87.0,False
DPC::86,Manzano,45.99165,13.390948,DPC,DPC,0.0,2026-06-21 14:15:00+00:00,,,,,,,,,False,False,False,False,False,,False,,,,,,,,,False,0.619,48.0,False
DPC::89,Meduno,46.217903,12.77291,DPC,DPC,0.0,2026-06-21 14:15:00+00:00,28.9,2026-06-21 14:15:00+00:00,,,,,,,False,False,False,False,False,,False,-0.299777777777778,False,,,,,,,False,0.352,93.1,False
DPC::9,Azzida,46.118391,13.494746,DPC,DPC,0.0,2026-06-21 14:00:00+00:00,33.4,2026-06-21 14:00:00+00:00,,,,,,,False,False,False,False,False,,False,0.5433472222222218,False,,,,,,,False,0.57,56.3,False
DPC::90,Moggio Udinese,46.399703,13.186236,DPC,DPC,0.0,2026-06-21 14:15:00+00:00,31.6,2026-06-21 14:15:00+00:00,,,,,,,False,False,False,False,False,,False,0.20609722222222243,False,,,,,,,False,0.342,94.8,False
DPC::92,Monfalcone,45.780302,13.54963,DPC,DPC,,,27.6733333333333,2026-06-21 14:15:00+00:00,,,6.12666666666667,2026-06-21 14:15:00+00:00,,,False,False,False,False,False,,,-0.5296074074074134,False,,,3.732233333333336,True,,,True,0.77,22.4,False
DPC::93,Monfalcone pluvio,45.796465,13.511528,DPC,DPC,0.0,2026-06-21 14:15:00+00:00,29.5,2026-06-21 14:15:00+00:00,,,,,,,False,False,False,False,False,,False,-0.18736111111111103,False,,,,,,,False,0.75,25.8,False
DPC::94,Monte Prat,46.241361,12.993028,DPC,DPC,0.0,2026-06-21 14:15:00+00:00,28.1,2026-06-21 14:15:00+00:00,,,3.6,2026-06-21 14:15:00+00:00,,,False,False,False,False,False,,False,-0.44966666666666616,False,,,1.6019375,False,,,False,0.376,89.1,False
DPC::95,Muggia,45.600676,13.775738,DPC,DPC,0.0,2026-06-21 14:15:00+00:00,30.5,2026-06-21 14:15:00+00:00,,,,,,,False,False,False,False,False,,False,0.0,False,,,,,,,False,0.87,5.5,False
DPC::96,Mure,45.840301,12.80522,DPC,DPC,0.0,2026-06-21 14:15:00+00:00,33.9,2026-06-21 14:15:00+00:00,,,,,,,False,False,False,False,False,,False,0.6370277777777773,False,,,,,,,False,0.56,57.8,False
DPC::98,Musi (nivometrica),46.307212,13.27273,DPC,DPC,0.0,2026-06-21 14:30:00+00:00,26.3,2026-06-21 14:30:00+00:00,,,,,,,False,False,False,False,False,,False,-0.7869166666666663,False,,,,,,,False,0.414,82.6,False
