station_id,sensor_name,sensor_code,quantity,unit,dt,value,lat,lon,codseqst,point,quota,aggiornamento,gestore,provincia
VIRT_ADR_N01,Virtual - ADR N01,TARIA2M,Temperatura aria a 2m,°C,2026-04-23T21:30,15.7,45.5,13.2,99455132,"{""type"": ""Point"", ""coordinates"": [13.2, 45.5]}",10.0,2026-04-23T21:42:07,VIRTUAL_ADRIATIC_SEA,Adriatic_Sea
VIRT_ADR_N01,Virtual - ADR N01,PRESS,Pressione atmosferica,hPa,2026-04-23T21:30,1018.9,45.5,13.2,99455132,"{""type"": ""Point"", ""coordinates"": [13.2, 45.5]}",10.0,2026-04-23T21:42:07,VIRTUAL_ADRIATIC_SEA,Adriatic_Sea
VIRT_ADR_N01,Virtual - ADR N01,VV,Velocità vento,m/s,2026-04-23T21:30,3.11,45.5,13.2,99455132,"{""type"": ""Point"", ""coordinates"": [13.2, 45.5]}",10.0,2026-04-23T21:42:07,VIRTUAL_ADRIATIC_SEA,Adriatic_Sea
VIRT_ADR_N01,Virtual - ADR N01,PREC,Precipitazione,mm,2026-04-23T21:30,0.0,45.5,13.2,99455132,"{""type"": ""Point"", ""coordinates"": [13.2, 45.5]}",10.0,2026-04-23T21:42:07,VIRTUAL_ADRIATIC_SEA,Adriatic_Sea
VIRT_ADR_N02,Virtual - ADR N02,TARIA2M,Temperatura aria a 2m,°C,2026-04-23T21:30,13.8,45.4,13.5,99454135,"{""type"": ""Point"", ""coordinates"": [13.5, 45.4]}",10.0,2026-04-23T21:42:07,VIRTUAL_ADRIATIC_SEA,Adriatic_Sea
VIRT_ADR_N02,Virtual - ADR N02,PRESS,Pressione atmosferica,hPa,2026-04-23T21:30,1019.3,45.4,13.5,99454135,"{""type"": ""Point"", ""coordinates"": [13.5, 45.4]}",10.0,2026-04-23T21:42:07,VIRTUAL_ADRIATIC_SEA,Adriatic_Sea
VIRT_ADR_N02,Virtual - ADR N02,VV,Velocità vento,m/s,2026-04-23T21:30,2.08,45.4,13.5,99454135,"{""type"": ""Point"", ""coordinates"": [13.5, 45.4]}",10.0,2026-04-23T21:42:07,VIRTUAL_ADRIATIC_SEA,Adriatic_Sea
VIRT_ADR_N02,Virtual - ADR N02,PREC,Precipitazione,mm,2026-04-23T21:30,0.0,45.4,13.5,99454135,"{""type"": ""Point"", ""coordinates"": [13.5, 45.4]}",10.0,2026-04-23T21:42:07,VIRTUAL_ADRIATIC_SEA,Adriatic_Sea
VIRT_ADR_N03,Virtual - ADR N03,TARIA2M,Temperatura aria a 2m,°C,2026-04-23T21:30,16.4,45.3,13.0,99453130,"{""type"": ""Point"", ""coordinates"": [13.0, 45.3]}",10.0,2026-04-23T21:42:07,VIRTUAL_ADRIATIC_SEA,Adriatic_Sea
VIRT_ADR_N03,Virtual - ADR N03,PRESS,Pressione atmosferica,hPa,2026-04-23T21:30,1018.9,45.3,13.0,99453130,"{""type"": ""Point"", ""coordinates"": [13.0, 45.3]}",10.0,2026-04-23T21:42:07,VIRTUAL_ADRIATIC_SEA,Adriatic_Sea
VIRT_ADR_N03,Virtual - ADR N03,VV,Velocità vento,m/s,2026-04-23T21:30,2.53,45.3,13.0,99453130,"{""type"": ""Point"", ""coordinates"": [13.0, 45.3]}",10.0,2026-04-23T21:42:07,VIRTUAL_ADRIATIC_SEA,Adriatic_Sea
VIRT_ADR_N03,Virtual - ADR N03,PREC,Precipitazione,mm,2026-04-23T21:30,0.0,45.3,13.0,99453130,"{""type"": ""Point"", ""coordinates"": [13.0, 45.3]}",10.0,2026-04-23T21:42:07,VIRTUAL_ADRIATIC_SEA,Adriatic_Sea
VIRT_ADR_N04,Virtual - ADR N04,TARIA2M,Temperatura aria a 2m,°C,2026-04-23T21:30,16.1,45.2,13.3,99452133,"{""type"": ""Point"", ""coordinates"": [13.3, 45.2]}",10.0,2026-04-23T21:42:07,VIRTUAL_ADRIATIC_SEA,Adriatic_Sea
VIRT_ADR_N04,Virtual - ADR N04,PRESS,Pressione atmosferica,hPa,2026-04-23T21:30,1019.0,45.2,13.3,99452133,"{""type"": ""Point"", ""coordinates"": [13.3, 45.2]}",10.0,2026-04-23T21:42:07,VIRTUAL_ADRIATIC_SEA,Adriatic_Sea
VIRT_ADR_N04,Virtual - ADR N04,VV,Velocità vento,m/s,2026-04-23T21:30,2.67,45.2,13.3,99452133,"{""type"": ""Point"", ""coordinates"": [13.3, 45.2]}",10.0,2026-04-23T21:42:07,VIRTUAL_ADRIATIC_SEA,Adriatic_Sea
VIRT_ADR_N04,Virtual - ADR N04,PREC,Precipitazione,mm,2026-04-23T21:30,0.0,45.2,13.3,99452133,"{""type"": ""Point"", ""coordinates"": [13.3, 45.2]}",10.0,2026-04-23T21:42:07,VIRTUAL_ADRIATIC_SEA,Adriatic_Sea
VIRT_ADR_N05,Virtual - ADR N05,TARIA2M,Temperatura aria a 2m,°C,2026-04-23T21:30,13.3,45.1,13.6,99451136,"{""type"": ""Point"", ""coordinates"": [13.6, 45.1]}",10.0,2026-04-23T21:42:07,VIRTUAL_ADRIATIC_SEA,Adriatic_Sea
VIRT_ADR_N05,Virtual - ADR N05,PRESS,Pressione atmosferica,hPa,2026-04-23T21:30,1019.4,45.1,13.6,99451136,"{""type"": ""Point"", ""coordinates"": [13.6, 45.1]}",10.0,2026-04-23T21:42:07,VIRTUAL_ADRIATIC_SEA,Adriatic_Sea
VIRT_ADR_N05,Virtual - ADR N05,VV,Velocità vento,m/s,2026-04-23T21:30,1.44,45.1,13.6,99451136,"{""type"": ""Point"", ""coordinates"": [13.6, 45.1]}",10.0,2026-04-23T21:42:07,VIRTUAL_ADRIATIC_SEA,Adriatic_Sea
VIRT_ADR_N05,Virtual - ADR N05,PREC,Precipitazione,mm,2026-04-23T21:30,0.0,45.1,13.6,99451136,"{""type"": ""Point"", ""coordinates"": [13.6, 45.1]}",10.0,2026-04-23T21:42:07,VIRTUAL_ADRIATIC_SEA,Adriatic_Sea
VIRT_ADR_N06,Virtual - ADR N06,TARIA2M,Temperatura aria a 2m,°C,2026-04-23T21:30,16.3,45.0,13.1,99450131,"{""type"": ""Point"", ""coordinates"": [13.1, 45.0]}",10.0,2026-04-23T21:42:07,VIRTUAL_ADRIATIC_SEA,Adriatic_Sea
VIRT_ADR_N06,Virtual - ADR N06,PRESS,Pressione atmosferica,hPa,2026-04-23T21:30,1019.1,45.0,13.1,99450131,"{""type"": ""Point"", ""coordinates"": [13.1, 45.0]}",10.0,2026-04-23T21:42:07,VIRTUAL_ADRIATIC_SEA,Adriatic_Sea
VIRT_ADR_N06,Virtual - ADR N06,VV,Velocità vento,m/s,2026-04-23T21:30,3.94,45.0,13.1,99450131,"{""type"": ""Point"", ""coordinates"": [13.1, 45.0]}",10.0,2026-04-23T21:42:07,VIRTUAL_ADRIATIC_SEA,Adriatic_Sea
VIRT_ADR_N06,Virtual - ADR N06,PREC,Precipitazione,mm,2026-04-23T21:30,0.0,45.0,13.1,99450131,"{""type"": ""Point"", ""coordinates"": [13.1, 45.0]}",10.0,2026-04-23T21:42:07,VIRTUAL_ADRIATIC_SEA,Adriatic_Sea
VIRT_ADR_N07,Virtual - ADR N07,TARIA2M,Temperatura aria a 2m,°C,2026-04-23T21:30,15.4,44.9,13.4,99449134,"{""type"": ""Point"", ""coordinates"": [13.4, 44.9]}",10.0,2026-04-23T21:42:07,VIRTUAL_ADRIATIC_SEA,Adriatic_Sea
VIRT_ADR_N07,Virtual - ADR N07,PRESS,Pressione atmosferica,hPa,2026-04-23T21:30,1019.3,44.9,13.4,99449134,"{""type"": ""Point"", ""coordinates"": [13.4, 44.9]}",10.0,2026-04-23T21:42:07,VIRTUAL_ADRIATIC_SEA,Adriatic_Sea
VIRT_ADR_N07,Virtual - ADR N07,VV,Velocità vento,m/s,2026-04-23T21:30,3.0,44.9,13.4,99449134,"{""type"": ""Point"", ""coordinates"": [13.4, 44.9]}",10.0,2026-04-23T21:42:07,VIRTUAL_ADRIATIC_SEA,Adriatic_Sea
VIRT_ADR_N07,Virtual - ADR N07,PREC,Precipitazione,mm,2026-04-23T21:30,0.0,44.9,13.4,99449134,"{""type"": ""Point"", ""coordinates"": [13.4, 44.9]}",10.0,2026-04-23T21:42:07,VIRTUAL_ADRIATIC_SEA,Adriatic_Sea
VIRT_ADR_N08,Virtual - ADR N08,TARIA2M,Temperatura aria a 2m,°C,2026-04-23T21:30,15.0,44.8,13.7,99448137,"{""type"": ""Point"", ""coordinates"": [13.7, 44.8]}",10.0,2026-04-23T21:42:07,VIRTUAL_ADRIATIC_SEA,Adriatic_Sea
VIRT_ADR_N08,Virtual - ADR N08,PRESS,Pressione atmosferica,hPa,2026-04-23T21:30,1019.3,44.8,13.7,99448137,"{""type"": ""Point"", ""coordinates"": [13.7, 44.8]}",10.0,2026-04-23T21:42:07,VIRTUAL_ADRIATIC_SEA,Adriatic_Sea
VIRT_ADR_N08,Virtual - ADR N08,VV,Velocità vento,m/s,2026-04-23T21:30,2.86,44.8,13.7,99448137,"{""type"": ""Point"", ""coordinates"": [13.7, 44.8]}",10.0,2026-04-23T21:42:07,VIRTUAL_ADRIATIC_SEA,Adriatic_Sea
VIRT_ADR_N08,Virtual - ADR N08,PREC,Precipitazione,mm,2026-04-23T21:30,0.0,44.8,13.7,99448137,"{""type"": ""Point"", ""coordinates"": [13.7, 44.8]}",10.0,2026-04-23T21:42:07,VIRTUAL_ADRIATIC_SEA,Adriatic_Sea
VIRT_ADR_N09,Virtual - ADR N09,TARIA2M,Temperatura aria a 2m,°C,2026-04-23T21:30,15.5,44.7,13.2,99447132,"{""type"": ""Point"", ""coordinates"": [13.2, 44.7]}",10.0,2026-04-23T21:42:07,VIRTUAL_ADRIATIC_SEA,Adriatic_Sea
VIRT_ADR_N09,Virtual - ADR N09,PRESS,Pressione atmosferica,hPa,2026-04-23T21:30,1019.3,44.7,13.2,99447132,"{""type"": ""Point"", ""coordinates"": [13.2, 44.7]}",10.0,2026-04-23T21:42:07,VIRTUAL_ADRIATIC_SEA,Adriatic_Sea
VIRT_ADR_N09,Virtual - ADR N09,VV,Velocità vento,m/s,2026-04-23T21:30,3.83,44.7,13.2,99447132,"{""type"": ""Point"", ""coordinates"": [13.2, 44.7]}",10.0,2026-04-23T21:42:07,VIRTUAL_ADRIATIC_SEA,Adriatic_Sea
VIRT_ADR_N09,Virtual - ADR N09,PREC,Precipitazione,mm,2026-04-23T21:30,0.0,44.7,13.2,99447132,"{""type"": ""Point"", ""coordinates"": [13.2, 44.7]}",10.0,2026-04-23T21:42:07,VIRTUAL_ADRIATIC_SEA,Adriatic_Sea
VIRT_ADR_N10,Virtual - ADR N10,TARIA2M,Temperatura aria a 2m,°C,2026-04-23T21:30,15.4,44.6,13.5,99446135,"{""type"": ""Point"", ""coordinates"": [13.5, 44.6]}",10.0,2026-04-23T21:42:07,VIRTUAL_ADRIATIC_SEA,Adriatic_Sea
VIRT_ADR_N10,Virtual - ADR N10,PRESS,Pressione atmosferica,hPa,2026-04-23T21:30,1019.2,44.6,13.5,99446135,"{""type"": ""Point"", ""coordinates"": [13.5, 44.6]}",10.0,2026-04-23T21:42:07,VIRTUAL_ADRIATIC_SEA,Adriatic_Sea
VIRT_ADR_N10,Virtual - ADR N10,VV,Velocità vento,m/s,2026-04-23T21:30,3.61,44.6,13.5,99446135,"{""type"": ""Point"", ""coordinates"": [13.5, 44.6]}",10.0,2026-04-23T21:42:07,VIRTUAL_ADRIATIC_SEA,Adriatic_Sea
VIRT_ADR_N10,Virtual - ADR N10,PREC,Precipitazione,mm,2026-04-23T21:30,0.0,44.6,13.5,99446135,"{""type"": ""Point"", ""coordinates"": [13.5, 44.6]}",10.0,2026-04-23T21:42:07,VIRTUAL_ADRIATIC_SEA,Adriatic_Sea
VIRT_ADR_N11,Virtual - ADR N11,TARIA2M,Temperatura aria a 2m,°C,2026-04-23T21:30,9.9,45.35,13.7,994535137,"{""type"": ""Point"", ""coordinates"": [13.7, 45.35]}",10.0,2026-04-23T21:42:07,VIRTUAL_ADRIATIC_SEA,Adriatic_Sea
VIRT_ADR_N11,Virtual - ADR N11,PRESS,Pressione atmosferica,hPa,2026-04-23T21:30,1015.6,45.35,13.7,994535137,"{""type"": ""Point"", ""coordinates"": [13.7, 45.35]}",10.0,2026-04-23T21:42:07,VIRTUAL_ADRIATIC_SEA,Adriatic_Sea
VIRT_ADR_N11,Virtual - ADR N11,VV,Velocità vento,m/s,2026-04-23T21:30,0.92,45.35,13.7,994535137,"{""type"": ""Point"", ""coordinates"": [13.7, 45.35]}",10.0,2026-04-23T21:42:07,VIRTUAL_ADRIATIC_SEA,Adriatic_Sea
VIRT_ADR_N11,Virtual - ADR N11,PREC,Precipitazione,mm,2026-04-23T21:30,0.0,45.35,13.7,994535137,"{""type"": ""Point"", ""coordinates"": [13.7, 45.35]}",10.0,2026-04-23T21:42:07,VIRTUAL_ADRIATIC_SEA,Adriatic_Sea
VIRT_ADR_N12,Virtual - ADR N12,TARIA2M,Temperatura aria a 2m,°C,2026-04-23T21:30,15.6,45.15,13.45,9945151345,"{""type"": ""Point"", ""coordinates"": [13.45, 45.15]}",10.0,2026-04-23T21:42:07,VIRTUAL_ADRIATIC_SEA,Adriatic_Sea
VIRT_ADR_N12,Virtual - ADR N12,PRESS,Pressione atmosferica,hPa,2026-04-23T21:30,1019.2,45.15,13.45,9945151345,"{""type"": ""Point"", ""coordinates"": [13.45, 45.15]}",10.0,2026-04-23T21:42:07,VIRTUAL_ADRIATIC_SEA,Adriatic_Sea
VIRT_ADR_N12,Virtual - ADR N12,VV,Velocità vento,m/s,2026-04-23T21:30,1.31,45.15,13.45,9945151345,"{""type"": ""Point"", ""coordinates"": [13.45, 45.15]}",10.0,2026-04-23T21:42:07,VIRTUAL_ADRIATIC_SEA,Adriatic_Sea
VIRT_ADR_N12,Virtual - ADR N12,PREC,Precipitazione,mm,2026-04-23T21:30,0.0,45.15,13.45,9945151345,"{""type"": ""Point"", ""coordinates"": [13.45, 45.15]}",10.0,2026-04-23T21:42:07,VIRTUAL_ADRIATIC_SEA,Adriatic_Sea
VIRT_ADR_N13,Virtual - ADR N13,TARIA2M,Temperatura aria a 2m,°C,2026-04-23T21:30,15.9,44.95,13.15,9944951315,"{""type"": ""Point"", ""coordinates"": [13.15, 44.95]}",10.0,2026-04-23T21:42:07,VIRTUAL_ADRIATIC_SEA,Adriatic_Sea
VIRT_ADR_N13,Virtual - ADR N13,PRESS,Pressione atmosferica,hPa,2026-04-23T21:30,1019.1,44.95,13.15,9944951315,"{""type"": ""Point"", ""coordinates"": [13.15, 44.95]}",10.0,2026-04-23T21:42:07,VIRTUAL_ADRIATIC_SEA,Adriatic_Sea
VIRT_ADR_N13,Virtual - ADR N13,VV,Velocità vento,m/s,2026-04-23T21:30,3.61,44.95,13.15,9944951315,"{""type"": ""Point"", ""coordinates"": [13.15, 44.95]}",10.0,2026-04-23T21:42:07,VIRTUAL_ADRIATIC_SEA,Adriatic_Sea
VIRT_ADR_N13,Virtual - ADR N13,PREC,Precipitazione,mm,2026-04-23T21:30,0.0,44.95,13.15,9944951315,"{""type"": ""Point"", ""coordinates"": [13.15, 44.95]}",10.0,2026-04-23T21:42:07,VIRTUAL_ADRIATIC_SEA,Adriatic_Sea
VIRT_ADR_N14,Virtual - ADR N14,TARIA2M,Temperatura aria a 2m,°C,2026-04-23T21:30,15.1,44.75,13.55,9944751355,"{""type"": ""Point"", ""coordinates"": [13.55, 44.75]}",10.0,2026-04-23T21:42:07,VIRTUAL_ADRIATIC_SEA,Adriatic_Sea
VIRT_ADR_N14,Virtual - ADR N14,PRESS,Pressione atmosferica,hPa,2026-04-23T21:30,1019.3,44.75,13.55,9944751355,"{""type"": ""Point"", ""coordinates"": [13.55, 44.75]}",10.0,2026-04-23T21:42:07,VIRTUAL_ADRIATIC_SEA,Adriatic_Sea
VIRT_ADR_N14,Virtual - ADR N14,VV,Velocità vento,m/s,2026-04-23T21:30,3.11,44.75,13.55,9944751355,"{""type"": ""Point"", ""coordinates"": [13.55, 44.75]}",10.0,2026-04-23T21:42:07,VIRTUAL_ADRIATIC_SEA,Adriatic_Sea
VIRT_ADR_N14,Virtual - ADR N14,PREC,Precipitazione,mm,2026-04-23T21:30,0.0,44.75,13.55,9944751355,"{""type"": ""Point"", ""coordinates"": [13.55, 44.75]}",10.0,2026-04-23T21:42:07,VIRTUAL_ADRIATIC_SEA,Adriatic_Sea
VIRT_ADR_N15,Virtual - ADR N15,TARIA2M,Temperatura aria a 2m,°C,2026-04-23T21:30,13.2,44.85,13.85,9944851385,"{""type"": ""Point"", ""coordinates"": [13.85, 44.85]}",10.0,2026-04-23T21:42:07,VIRTUAL_ADRIATIC_SEA,Adriatic_Sea
VIRT_ADR_N15,Virtual - ADR N15,PRESS,Pressione atmosferica,hPa,2026-04-23T21:30,1015.5,44.85,13.85,9944851385,"{""type"": ""Point"", ""coordinates"": [13.85, 44.85]}",10.0,2026-04-23T21:42:07,VIRTUAL_ADRIATIC_SEA,Adriatic_Sea
VIRT_ADR_N15,Virtual - ADR N15,VV,Velocità vento,m/s,2026-04-23T21:30,2.14,44.85,13.85,9944851385,"{""type"": ""Point"", ""coordinates"": [13.85, 44.85]}",10.0,2026-04-23T21:42:07,VIRTUAL_ADRIATIC_SEA,Adriatic_Sea
VIRT_ADR_N15,Virtual - ADR N15,PREC,Precipitazione,mm,2026-04-23T21:30,0.0,44.85,13.85,9944851385,"{""type"": ""Point"", ""coordinates"": [13.85, 44.85]}",10.0,2026-04-23T21:42:07,VIRTUAL_ADRIATIC_SEA,Adriatic_Sea
VIRT_ADR_CN01,Virtual - ADR CN01,TARIA2M,Temperatura aria a 2m,°C,2026-04-23T21:30,15.5,44.5,13.8,99445138,"{""type"": ""Point"", ""coordinates"": [13.8, 44.5]}",10.0,2026-04-23T21:42:07,VIRTUAL_ADRIATIC_SEA,Adriatic_Sea
VIRT_ADR_CN01,Virtual - ADR CN01,PRESS,Pressione atmosferica,hPa,2026-04-23T21:30,1019.2,44.5,13.8,99445138,"{""type"": ""Point"", ""coordinates"": [13.8, 44.5]}",10.0,2026-04-23T21:42:07,VIRTUAL_ADRIATIC_SEA,Adriatic_Sea
VIRT_ADR_CN01,Virtual - ADR CN01,VV,Velocità vento,m/s,2026-04-23T21:30,4.28,44.5,13.8,99445138,"{""type"": ""Point"", ""coordinates"": [13.8, 44.5]}",10.0,2026-04-23T21:42:07,VIRTUAL_ADRIATIC_SEA,Adriatic_Sea
VIRT_ADR_CN01,Virtual - ADR CN01,PREC,Precipitazione,mm,2026-04-23T21:30,0.0,44.5,13.8,99445138,"{""type"": ""Point"", ""coordinates"": [13.8, 44.5]}",10.0,2026-04-23T21:42:07,VIRTUAL_ADRIATIC_SEA,Adriatic_Sea
VIRT_ADR_CN02,Virtual - ADR CN02,TARIA2M,Temperatura aria a 2m,°C,2026-04-23T21:30,15.8,44.4,14.1,99444141,"{""type"": ""Point"", ""coordinates"": [14.1, 44.4]}",10.0,2026-04-23T21:42:07,VIRTUAL_ADRIATIC_SEA,Adriatic_Sea
VIRT_ADR_CN02,Virtual - ADR CN02,PRESS,Pressione atmosferica,hPa,2026-04-23T21:30,1019.1,44.4,14.1,99444141,"{""type"": ""Point"", ""coordinates"": [14.1, 44.4]}",10.0,2026-04-23T21:42:07,VIRTUAL_ADRIATIC_SEA,Adriatic_Sea
VIRT_ADR_CN02,Virtual - ADR CN02,VV,Velocità vento,m/s,2026-04-23T21:30,5.31,44.4,14.1,99444141,"{""type"": ""Point"", ""coordinates"": [14.1, 44.4]}",10.0,2026-04-23T21:42:07,VIRTUAL_ADRIATIC_SEA,Adriatic_Sea
VIRT_ADR_CN02,Virtual - ADR CN02,PREC,Precipitazione,mm,2026-04-23T21:30,0.0,44.4,14.1,99444141,"{""type"": ""Point"", ""coordinates"": [14.1, 44.4]}",10.0,2026-04-23T21:42:07,VIRTUAL_ADRIATIC_SEA,Adriatic_Sea
VIRT_ADR_CN03,Virtual - ADR CN03,TARIA2M,Temperatura aria a 2m,°C,2026-04-23T21:30,15.8,44.3,13.6,99443136,"{""type"": ""Point"", ""coordinates"": [13.6, 44.3]}",10.0,2026-04-23T21:42:07,VIRTUAL_ADRIATIC_SEA,Adriatic_Sea
VIRT_ADR_CN03,Virtual - ADR CN03,PRESS,Pressione atmosferica,hPa,2026-04-23T21:30,1019.3,44.3,13.6,99443136,"{""type"": ""Point"", ""coordinates"": [13.6, 44.3]}",10.0,2026-04-23T21:42:07,VIRTUAL_ADRIATIC_SEA,Adriatic_Sea
VIRT_ADR_CN03,Virtual - ADR CN03,VV,Velocità vento,m/s,2026-04-23T21:30,3.72,44.3,13.6,99443136,"{""type"": ""Point"", ""coordinates"": [13.6, 44.3]}",10.0,2026-04-23T21:42:07,VIRTUAL_ADRIATIC_SEA,Adriatic_Sea
VIRT_ADR_CN03,Virtual - ADR CN03,PREC,Precipitazione,mm,2026-04-23T21:30,0.0,44.3,13.6,99443136,"{""type"": ""Point"", ""coordinates"": [13.6, 44.3]}",10.0,2026-04-23T21:42:07,VIRTUAL_ADRIATIC_SEA,Adriatic_Sea
VIRT_ADR_CN04,Virtual - ADR CN04,TARIA2M,Temperatura aria a 2m,°C,2026-04-23T21:30,15.9,44.2,14.0,99442140,"{""type"": ""Point"", ""coordinates"": [14.0, 44.2]}",10.0,2026-04-23T21:42:07,VIRTUAL_ADRIATIC_SEA,Adriatic_Sea
VIRT_ADR_CN04,Virtual - ADR CN04,PRESS,Pressione atmosferica,hPa,2026-04-23T21:30,1019.1,44.2,14.0,99442140,"{""type"": ""Point"", ""coordinates"": [14.0, 44.2]}",10.0,2026-04-23T21:42:07,VIRTUAL_ADRIATIC_SEA,Adriatic_Sea
VIRT_ADR_CN04,Virtual - ADR CN04,VV,Velocità vento,m/s,2026-04-23T21:30,4.64,44.2,14.0,99442140,"{""type"": ""Point"", ""coordinates"": [14.0, 44.2]}",10.0,2026-04-23T21:42:07,VIRTUAL_ADRIATIC_SEA,Adriatic_Sea
VIRT_ADR_CN04,Virtual - ADR CN04,PREC,Precipitazione,mm,2026-04-23T21:30,0.0,44.2,14.0,99442140,"{""type"": ""Point"", ""coordinates"": [14.0, 44.2]}",10.0,2026-04-23T21:42:07,VIRTUAL_ADRIATIC_SEA,Adriatic_Sea
VIRT_ADR_CN05,Virtual - ADR CN05,TARIA2M,Temperatura aria a 2m,°C,2026-04-23T21:30,15.9,44.1,14.3,99441143,"{""type"": ""Point"", ""coordinates"": [14.3, 44.1]}",10.0,2026-04-23T21:42:07,VIRTUAL_ADRIATIC_SEA,Adriatic_Sea
VIRT_ADR_CN05,Virtual - ADR CN05,PRESS,Pressione atmosferica,hPa,2026-04-23T21:30,1019.0,44.1,14.3,99441143,"{""type"": ""Point"", ""coordinates"": [14.3, 44.1]}",10.0,2026-04-23T21:42:07,VIRTUAL_ADRIATIC_SEA,Adriatic_Sea
VIRT_ADR_CN05,Virtual - ADR CN05,VV,Velocità vento,m/s,2026-04-23T21:30,5.94,44.1,14.3,99441143,"{""type"": ""Point"", ""coordinates"": [14.3, 44.1]}",10.0,2026-04-23T21:42:07,VIRTUAL_ADRIATIC_SEA,Adriatic_Sea
VIRT_ADR_CN05,Virtual - ADR CN05,PREC,Precipitazione,mm,2026-04-23T21:30,0.0,44.1,14.3,99441143,"{""type"": ""Point"", ""coordinates"": [14.3, 44.1]}",10.0,2026-04-23T21:42:07,VIRTUAL_ADRIATIC_SEA,Adriatic_Sea
VIRT_ADR_CN06,Virtual - ADR CN06,TARIA2M,Temperatura aria a 2m,°C,2026-04-23T21:30,15.9,44.0,13.8,99440138,"{""type"": ""Point"", ""coordinates"": [13.8, 44.0]}",10.0,2026-04-23T21:42:07,VIRTUAL_ADRIATIC_SEA,Adriatic_Sea
VIRT_ADR_CN06,Virtual - ADR CN06,PRESS,Pressione atmosferica,hPa,2026-04-23T21:30,1019.3,44.0,13.8,99440138,"{""type"": ""Point"", ""coordinates"": [13.8, 44.0]}",10.0,2026-04-23T21:42:07,VIRTUAL_ADRIATIC_SEA,Adriatic_Sea
VIRT_ADR_CN06,Virtual - ADR CN06,VV,Velocità vento,m/s,2026-04-23T21:30,4.11,44.0,13.8,99440138,"{""type"": ""Point"", ""coordinates"": [13.8, 44.0]}",10.0,2026-04-23T21:42:07,VIRTUAL_ADRIATIC_SEA,Adriatic_Sea
VIRT_ADR_CN06,Virtual - ADR CN06,PREC,Precipitazione,mm,2026-04-23T21:30,0.0,44.0,13.8,99440138,"{""type"": ""Point"", ""coordinates"": [13.8, 44.0]}",10.0,2026-04-23T21:42:07,VIRTUAL_ADRIATIC_SEA,Adriatic_Sea
VIRT_ADR_CN07,Virtual - ADR CN07,TARIA2M,Temperatura aria a 2m,°C,2026-04-23T21:30,15.9,43.9,14.2,99439142,"{""type"": ""Point"", ""coordinates"": [14.2, 43.9]}",10.0,2026-04-23T21:42:07,VIRTUAL_ADRIATIC_SEA,Adriatic_Sea
VIRT_ADR_CN07,Virtual - ADR CN07,PRESS,Pressione atmosferica,hPa,2026-04-23T21:30,1019.2,43.9,14.2,99439142,"{""type"": ""Point"", ""coordinates"": [14.2, 43.9]}",10.0,2026-04-23T21:42:07,VIRTUAL_ADRIATIC_SEA,Adriatic_Sea
VIRT_ADR_CN07,Virtual - ADR CN07,VV,Velocità vento,m/s,2026-04-23T21:30,5.56,43.9,14.2,99439142,"{""type"": ""Point"", ""coordinates"": [14.2, 43.9]}",10.0,2026-04-23T21:42:07,VIRTUAL_ADRIATIC_SEA,Adriatic_Sea
VIRT_ADR_CN07,Virtual - ADR CN07,PREC,Precipitazione,mm,2026-04-23T21:30,0.0,43.9,14.2,99439142,"{""type"": ""Point"", ""coordinates"": [14.2, 43.9]}",10.0,2026-04-23T21:42:07,VIRTUAL_ADRIATIC_SEA,Adriatic_Sea
VIRT_ADR_CN08,Virtual - ADR CN08,TARIA2M,Temperatura aria a 2m,°C,2026-04-23T21:30,15.8,43.8,14.5,99438145,"{""type"": ""Point"", ""coordinates"": [14.5, 43.8]}",10.0,2026-04-23T21:42:07,VIRTUAL_ADRIATIC_SEA,Adriatic_Sea
VIRT_ADR_CN08,Virtual - ADR CN08,PRESS,Pressione atmosferica,hPa,2026-04-23T21:30,1019.0,43.8,14.5,99438145,"{""type"": ""Point"", ""coordinates"": [14.5, 43.8]}",10.0,2026-04-23T21:42:07,VIRTUAL_ADRIATIC_SEA,Adriatic_Sea
VIRT_ADR_CN08,Virtual - ADR CN08,VV,Velocità vento,m/s,2026-04-23T21:30,6.61,43.8,14.5,99438145,"{""type"": ""Point"", ""coordinates"": [14.5, 43.8]}",10.0,2026-04-23T21:42:07,VIRTUAL_ADRIATIC_SEA,Adriatic_Sea
VIRT_ADR_CN08,Virtual - ADR CN08,PREC,Precipitazione,mm,2026-04-23T21:30,0.0,43.8,14.5,99438145,"{""type"": ""Point"", ""coordinates"": [14.5, 43.8]}",10.0,2026-04-23T21:42:07,VIRTUAL_ADRIATIC_SEA,Adriatic_Sea
VIRT_ADR_CN09,Virtual - ADR CN09,TARIA2M,Temperatura aria a 2m,°C,2026-04-23T21:30,15.1,44.5,14.3,99445143,"{""type"": ""Point"", ""coordinates"": [14.3, 44.5]}",10.0,2026-04-23T21:42:07,VIRTUAL_ADRIATIC_SEA,Adriatic_Sea
VIRT_ADR_CN09,Virtual - ADR CN09,PRESS,Pressione atmosferica,hPa,2026-04-23T21:30,1016.3,44.5,14.3,99445143,"{""type"": ""Point"", ""coordinates"": [14.3, 44.5]}",10.0,2026-04-23T21:42:07,VIRTUAL_ADRIATIC_SEA,Adriatic_Sea
VIRT_ADR_CN09,Virtual - ADR CN09,VV,Velocità vento,m/s,2026-04-23T21:30,5.22,44.5,14.3,99445143,"{""type"": ""Point"", ""coordinates"": [14.3, 44.5]}",10.0,2026-04-23T21:42:07,VIRTUAL_ADRIATIC_SEA,Adriatic_Sea
VIRT_ADR_CN09,Virtual - ADR CN09,PREC,Precipitazione,mm,2026-04-23T21:30,0.0,44.5,14.3,99445143,"{""type"": ""Point"", ""coordinates"": [14.3, 44.5]}",10.0,2026-04-23T21:42:07,VIRTUAL_ADRIATIC_SEA,Adriatic_Sea
VIRT_ADR_CN10,Virtual - ADR CN10,TARIA2M,Temperatura aria a 2m,°C,2026-04-23T21:30,15.9,44.3,14.5,99443145,"{""type"": ""Point"", ""coordinates"": [14.5, 44.3]}",10.0,2026-04-23T21:42:07,VIRTUAL_ADRIATIC_SEA,Adriatic_Sea
VIRT_ADR_CN10,Virtual - ADR CN10,PRESS,Pressione atmosferica,hPa,2026-04-23T21:30,1018.8,44.3,14.5,99443145,"{""type"": ""Point"", ""coordinates"": [14.5, 44.3]}",10.0,2026-04-23T21:42:07,VIRTUAL_ADRIATIC_SEA,Adriatic_Sea
VIRT_ADR_CN10,Virtual - ADR CN10,VV,Velocità vento,m/s,2026-04-23T21:30,6.97,44.3,14.5,99443145,"{""type"": ""Point"", ""coordinates"": [14.5, 44.3]}",10.0,2026-04-23T21:42:07,VIRTUAL_ADRIATIC_SEA,Adriatic_Sea
VIRT_ADR_CN10,Virtual - ADR CN10,PREC,Precipitazione,mm,2026-04-23T21:30,0.0,44.3,14.5,99443145,"{""type"": ""Point"", ""coordinates"": [14.5, 44.3]}",10.0,2026-04-23T21:42:07,VIRTUAL_ADRIATIC_SEA,Adriatic_Sea
VIRT_ADR_CN11,Virtual - ADR CN11,TARIA2M,Temperatura aria a 2m,°C,2026-04-23T21:30,15.9,44.1,13.9,99441139,"{""type"": ""Point"", ""coordinates"": [13.9, 44.1]}",10.0,2026-04-23T21:42:07,VIRTUAL_ADRIATIC_SEA,Adriatic_Sea
VIRT_ADR_CN11,Virtual - ADR CN11,PRESS,Pressione atmosferica,hPa,2026-04-23T21:30,1019.2,44.1,13.9,99441139,"{""type"": ""Point"", ""coordinates"": [13.9, 44.1]}",10.0,2026-04-23T21:42:07,VIRTUAL_ADRIATIC_SEA,Adriatic_Sea
VIRT_ADR_CN11,Virtual - ADR CN11,VV,Velocità vento,m/s,2026-04-23T21:30,4.5,44.1,13.9,99441139,"{""type"": ""Point"", ""coordinates"": [13.9, 44.1]}",10.0,2026-04-23T21:42:07,VIRTUAL_ADRIATIC_SEA,Adriatic_Sea
VIRT_ADR_CN11,Virtual - ADR CN11,PREC,Precipitazione,mm,2026-04-23T21:30,0.0,44.1,13.9,99441139,"{""type"": ""Point"", ""coordinates"": [13.9, 44.1]}",10.0,2026-04-23T21:42:07,VIRTUAL_ADRIATIC_SEA,Adriatic_Sea
VIRT_ADR_CN12,Virtual - ADR CN12,TARIA2M,Temperatura aria a 2m,°C,2026-04-23T21:30,15.9,43.9,14.6,99439146,"{""type"": ""Point"", ""coordinates"": [14.6, 43.9]}",10.0,2026-04-23T21:42:07,VIRTUAL_ADRIATIC_SEA,Adriatic_Sea
VIRT_ADR_CN12,Virtual - ADR CN12,PRESS,Pressione atmosferica,hPa,2026-04-23T21:30,1018.9,43.9,14.6,99439146,"{""type"": ""Point"", ""coordinates"": [14.6, 43.9]}",10.0,2026-04-23T21:42:07,VIRTUAL_ADRIATIC_SEA,Adriatic_Sea
VIRT_ADR_CN12,Virtual - ADR CN12,VV,Velocità vento,m/s,2026-04-23T21:30,6.83,43.9,14.6,99439146,"{""type"": ""Point"", ""coordinates"": [14.6, 43.9]}",10.0,2026-04-23T21:42:07,VIRTUAL_ADRIATIC_SEA,Adriatic_Sea
VIRT_ADR_CN12,Virtual - ADR CN12,PREC,Precipitazione,mm,2026-04-23T21:30,0.0,43.9,14.6,99439146,"{""type"": ""Point"", ""coordinates"": [14.6, 43.9]}",10.0,2026-04-23T21:42:07,VIRTUAL_ADRIATIC_SEA,Adriatic_Sea
VIRT_ADR_CN13,Virtual - ADR CN13,TARIA2M,Temperatura aria a 2m,°C,2026-04-23T21:30,15.9,44.2,14.7,99442147,"{""type"": ""Point"", ""coordinates"": [14.7, 44.2]}",10.0,2026-04-23T21:42:07,VIRTUAL_ADRIATIC_SEA,Adriatic_Sea
VIRT_ADR_CN13,Virtual - ADR CN13,PRESS,Pressione atmosferica,hPa,2026-04-23T21:30,1018.7,44.2,14.7,99442147,"{""type"": ""Point"", ""coordinates"": [14.7, 44.2]}",10.0,2026-04-23T21:42:07,VIRTUAL_ADRIATIC_SEA,Adriatic_Sea
VIRT_ADR_CN13,Virtual - ADR CN13,VV,Velocità vento,m/s,2026-04-23T21:30,7.86,44.2,14.7,99442147,"{""type"": ""Point"", ""coordinates"": [14.7, 44.2]}",10.0,2026-04-23T21:42:07,VIRTUAL_ADRIATIC_SEA,Adriatic_Sea
VIRT_ADR_CN13,Virtual - ADR CN13,PREC,Precipitazione,mm,2026-04-23T21:30,0.0,44.2,14.7,99442147,"{""type"": ""Point"", ""coordinates"": [14.7, 44.2]}",10.0,2026-04-23T21:42:07,VIRTUAL_ADRIATIC_SEA,Adriatic_Sea
VIRT_ADR_CN14,Virtual - ADR CN14,TARIA2M,Temperatura aria a 2m,°C,2026-04-23T21:30,14.8,44.4,14.8,99444148,"{""type"": ""Point"", ""coordinates"": [14.8, 44.4]}",10.0,2026-04-23T21:42:07,VIRTUAL_ADRIATIC_SEA,Adriatic_Sea
VIRT_ADR_CN14,Virtual - ADR CN14,PRESS,Pressione atmosferica,hPa,2026-04-23T21:30,1017.5,44.4,14.8,99444148,"{""type"": ""Point"", ""coordinates"": [14.8, 44.4]}",10.0,2026-04-23T21:42:07,VIRTUAL_ADRIATIC_SEA,Adriatic_Sea
VIRT_ADR_CN14,Virtual - ADR CN14,VV,Velocità vento,m/s,2026-04-23T21:30,3.97,44.4,14.8,99444148,"{""type"": ""Point"", ""coordinates"": [14.8, 44.4]}",10.0,2026-04-23T21:42:07,VIRTUAL_ADRIATIC_SEA,Adriatic_Sea
VIRT_ADR_CN14,Virtual - ADR CN14,PREC,Precipitazione,mm,2026-04-23T21:30,0.0,44.4,14.8,99444148,"{""type"": ""Point"", ""coordinates"": [14.8, 44.4]}",10.0,2026-04-23T21:42:07,VIRTUAL_ADRIATIC_SEA,Adriatic_Sea
VIRT_ADR_CN15,Virtual - ADR CN15,TARIA2M,Temperatura aria a 2m,°C,2026-04-23T21:30,15.9,44.0,14.1,99440141,"{""type"": ""Point"", ""coordinates"": [14.1, 44.0]}",10.0,2026-04-23T21:42:07,VIRTUAL_ADRIATIC_SEA,Adriatic_Sea
VIRT_ADR_CN15,Virtual - ADR CN15,PRESS,Pressione atmosferica,hPa,2026-04-23T21:30,1019.2,44.0,14.1,99440141,"{""type"": ""Point"", ""coordinates"": [14.1, 44.0]}",10.0,2026-04-23T21:42:07,VIRTUAL_ADRIATIC_SEA,Adriatic_Sea
VIRT_ADR_CN15,Virtual - ADR CN15,VV,Velocità vento,m/s,2026-04-23T21:30,4.97,44.0,14.1,99440141,"{""type"": ""Point"", ""coordinates"": [14.1, 44.0]}",10.0,2026-04-23T21:42:07,VIRTUAL_ADRIATIC_SEA,Adriatic_Sea
VIRT_ADR_CN15,Virtual - ADR CN15,PREC,Precipitazione,mm,2026-04-23T21:30,0.0,44.0,14.1,99440141,"{""type"": ""Point"", ""coordinates"": [14.1, 44.0]}",10.0,2026-04-23T21:42:07,VIRTUAL_ADRIATIC_SEA,Adriatic_Sea
VIRT_ADR_CM01,Virtual - ADR CM01,TARIA2M,Temperatura aria a 2m,°C,2026-04-23T21:30,16.2,43.7,14.3,99437143,"{""type"": ""Point"", ""coordinates"": [14.3, 43.7]}",10.0,2026-04-23T21:42:07,VIRTUAL_ADRIATIC_SEA,Adriatic_Sea
VIRT_ADR_CM01,Virtual - ADR CM01,PRESS,Pressione atmosferica,hPa,2026-04-23T21:30,1019.2,43.7,14.3,99437143,"{""type"": ""Point"", ""coordinates"": [14.3, 43.7]}",10.0,2026-04-23T21:42:07,VIRTUAL_ADRIATIC_SEA,Adriatic_Sea
VIRT_ADR_CM01,Virtual - ADR CM01,VV,Velocità vento,m/s,2026-04-23T21:30,6.03,43.7,14.3,99437143,"{""type"": ""Point"", ""coordinates"": [14.3, 43.7]}",10.0,2026-04-23T21:42:07,VIRTUAL_ADRIATIC_SEA,Adriatic_Sea
VIRT_ADR_CM01,Virtual - ADR CM01,PREC,Precipitazione,mm,2026-04-23T21:30,0.0,43.7,14.3,99437143,"{""type"": ""Point"", ""coordinates"": [14.3, 43.7]}",10.0,2026-04-23T21:42:07,VIRTUAL_ADRIATIC_SEA,Adriatic_Sea
VIRT_ADR_CM02,Virtual - ADR CM02,TARIA2M,Temperatura aria a 2m,°C,2026-04-23T21:30,16.2,43.6,14.7,99436147,"{""type"": ""Point"", ""coordinates"": [14.7, 43.6]}",10.0,2026-04-23T21:42:07,VIRTUAL_ADRIATIC_SEA,Adriatic_Sea
VIRT_ADR_CM02,Virtual - ADR CM02,PRESS,Pressione atmosferica,hPa,2026-04-23T21:30,1019.0,43.6,14.7,99436147,"{""type"": ""Point"", ""coordinates"": [14.7, 43.6]}",10.0,2026-04-23T21:42:07,VIRTUAL_ADRIATIC_SEA,Adriatic_Sea
VIRT_ADR_CM02,Virtual - ADR CM02,VV,Velocità vento,m/s,2026-04-23T21:30,7.03,43.6,14.7,99436147,"{""type"": ""Point"", ""coordinates"": [14.7, 43.6]}",10.0,2026-04-23T21:42:07,VIRTUAL_ADRIATIC_SEA,Adriatic_Sea
VIRT_ADR_CM02,Virtual - ADR CM02,PREC,Precipitazione,mm,2026-04-23T21:30,0.0,43.6,14.7,99436147,"{""type"": ""Point"", ""coordinates"": [14.7, 43.6]}",10.0,2026-04-23T21:42:07,VIRTUAL_ADRIATIC_SEA,Adriatic_Sea
VIRT_ADR_CM03,Virtual - ADR CM03,TARIA2M,Temperatura aria a 2m,°C,2026-04-23T21:30,16.2,43.5,14.4,99435144,"{""type"": ""Point"", ""coordinates"": [14.4, 43.5]}",10.0,2026-04-23T21:42:07,VIRTUAL_ADRIATIC_SEA,Adriatic_Sea
VIRT_ADR_CM03,Virtual - ADR CM03,PRESS,Pressione atmosferica,hPa,2026-04-23T21:30,1019.1,43.5,14.4,99435144,"{""type"": ""Point"", ""coordinates"": [14.4, 43.5]}",10.0,2026-04-23T21:42:07,VIRTUAL_ADRIATIC_SEA,Adriatic_Sea
VIRT_ADR_CM03,Virtual - ADR CM03,VV,Velocità vento,m/s,2026-04-23T21:30,6.06,43.5,14.4,99435144,"{""type"": ""Point"", ""coordinates"": [14.4, 43.5]}",10.0,2026-04-23T21:42:07,VIRTUAL_ADRIATIC_SEA,Adriatic_Sea
VIRT_ADR_CM03,Virtual - ADR CM03,PREC,Precipitazione,mm,2026-04-23T21:30,0.0,43.5,14.4,99435144,"{""type"": ""Point"", ""coordinates"": [14.4, 43.5]}",10.0,2026-04-23T21:42:07,VIRTUAL_ADRIATIC_SEA,Adriatic_Sea
VIRT_ADR_CM04,Virtual - ADR CM04,TARIA2M,Temperatura aria a 2m,°C,2026-04-23T21:30,16.1,43.4,14.8,99434148,"{""type"": ""Point"", ""coordinates"": [14.8, 43.4]}",10.0,2026-04-23T21:42:07,VIRTUAL_ADRIATIC_SEA,Adriatic_Sea
VIRT_ADR_CM04,Virtual - ADR CM04,PRESS,Pressione atmosferica,hPa,2026-04-23T21:30,1018.9,43.4,14.8,99434148,"{""type"": ""Point"", ""coordinates"": [14.8, 43.4]}",10.0,2026-04-23T21:42:07,VIRTUAL_ADRIATIC_SEA,Adriatic_Sea
VIRT_ADR_CM04,Virtual - ADR CM04,VV,Velocità vento,m/s,2026-04-23T21:30,7.42,43.4,14.8,99434148,"{""type"": ""Point"", ""coordinates"": [14.8, 43.4]}",10.0,2026-04-23T21:42:07,VIRTUAL_ADRIATIC_SEA,Adriatic_Sea
VIRT_ADR_CM04,Virtual - ADR CM04,PREC,Precipitazione,mm,2026-04-23T21:30,0.0,43.4,14.8,99434148,"{""type"": ""Point"", ""coordinates"": [14.8, 43.4]}",10.0,2026-04-23T21:42:07,VIRTUAL_ADRIATIC_SEA,Adriatic_Sea
VIRT_ADR_CM05,Virtual - ADR CM05,TARIA2M,Temperatura aria a 2m,°C,2026-04-23T21:30,16.0,43.3,15.1,99433151,"{""type"": ""Point"", ""coordinates"": [15.1, 43.3]}",10.0,2026-04-23T21:42:07,VIRTUAL_ADRIATIC_SEA,Adriatic_Sea
VIRT_ADR_CM05,Virtual - ADR CM05,PRESS,Pressione atmosferica,hPa,2026-04-23T21:30,1018.6,43.3,15.1,99433151,"{""type"": ""Point"", ""coordinates"": [15.1, 43.3]}",10.0,2026-04-23T21:42:07,VIRTUAL_ADRIATIC_SEA,Adriatic_Sea
VIRT_ADR_CM05,Virtual - ADR CM05,VV,Velocità vento,m/s,2026-04-23T21:30,8.47,43.3,15.1,99433151,"{""type"": ""Point"", ""coordinates"": [15.1, 43.3]}",10.0,2026-04-23T21:42:07,VIRTUAL_ADRIATIC_SEA,Adriatic_Sea
VIRT_ADR_CM05,Virtual - ADR CM05,PREC,Precipitazione,mm,2026-04-23T21:30,0.0,43.3,15.1,99433151,"{""type"": ""Point"", ""coordinates"": [15.1, 43.3]}",10.0,2026-04-23T21:42:07,VIRTUAL_ADRIATIC_SEA,Adriatic_Sea
VIRT_ADR_CM06,Virtual - ADR CM06,TARIA2M,Temperatura aria a 2m,°C,2026-04-23T21:30,16.0,43.2,14.6,99432146,"{""type"": ""Point"", ""coordinates"": [14.6, 43.2]}",10.0,2026-04-23T21:42:07,VIRTUAL_ADRIATIC_SEA,Adriatic_Sea
VIRT_ADR_CM06,Virtual - ADR CM06,PRESS,Pressione atmosferica,hPa,2026-04-23T21:30,1019.1,43.2,14.6,99432146,"{""type"": ""Point"", ""coordinates"": [14.6, 43.2]}",10.0,2026-04-23T21:42:07,VIRTUAL_ADRIATIC_SEA,Adriatic_Sea
VIRT_ADR_CM06,Virtual - ADR CM06,VV,Velocità vento,m/s,2026-04-23T21:30,6.92,43.2,14.6,99432146,"{""type"": ""Point"", ""coordinates"": [14.6, 43.2]}",10.0,2026-04-23T21:42:07,VIRTUAL_ADRIATIC_SEA,Adriatic_Sea
VIRT_ADR_CM06,Virtual - ADR CM06,PREC,Precipitazione,mm,2026-04-23T21:30,0.0,43.2,14.6,99432146,"{""type"": ""Point"", ""coordinates"": [14.6, 43.2]}",10.0,2026-04-23T21:42:07,VIRTUAL_ADRIATIC_SEA,Adriatic_Sea
VIRT_ADR_CM07,Virtual - ADR CM07,TARIA2M,Temperatura aria a 2m,°C,2026-04-23T21:30,16.1,43.1,15.0,99431150,"{""type"": ""Point"", ""coordinates"": [15.0, 43.1]}",10.0,2026-04-23T21:42:07,VIRTUAL_ADRIATIC_SEA,Adriatic_Sea
VIRT_ADR_CM07,Virtual - ADR CM07,PRESS,Pressione atmosferica,hPa,2026-04-23T21:30,1018.8,43.1,15.0,99431150,"{""type"": ""Point"", ""coordinates"": [15.0, 43.1]}",10.0,2026-04-23T21:42:07,VIRTUAL_ADRIATIC_SEA,Adriatic_Sea
VIRT_ADR_CM07,Virtual - ADR CM07,VV,Velocità vento,m/s,2026-04-23T21:30,8.39,43.1,15.0,99431150,"{""type"": ""Point"", ""coordinates"": [15.0, 43.1]}",10.0,2026-04-23T21:42:07,VIRTUAL_ADRIATIC_SEA,Adriatic_Sea
VIRT_ADR_CM07,Virtual - ADR CM07,PREC,Precipitazione,mm,2026-04-23T21:30,0.0,43.1,15.0,99431150,"{""type"": ""Point"", ""coordinates"": [15.0, 43.1]}",10.0,2026-04-23T21:42:07,VIRTUAL_ADRIATIC_SEA,Adriatic_Sea
VIRT_ADR_CM08,Virtual - ADR CM08,TARIA2M,Temperatura aria a 2m,°C,2026-04-23T21:30,16.0,43.0,14.7,99430147,"{""type"": ""Point"", ""coordinates"": [14.7, 43.0]}",10.0,2026-04-23T21:42:07,VIRTUAL_ADRIATIC_SEA,Adriatic_Sea
VIRT_ADR_CM08,Virtual - ADR CM08,PRESS,Pressione atmosferica,hPa,2026-04-23T21:30,1019.1,43.0,14.7,99430147,"{""type"": ""Point"", ""coordinates"": [14.7, 43.0]}",10.0,2026-04-23T21:42:07,VIRTUAL_ADRIATIC_SEA,Adriatic_Sea
VIRT_ADR_CM08,Virtual - ADR CM08,VV,Velocità vento,m/s,2026-04-23T21:30,7.58,43.0,14.7,99430147,"{""type"": ""Point"", ""coordinates"": [14.7, 43.0]}",10.0,2026-04-23T21:42:07,VIRTUAL_ADRIATIC_SEA,Adriatic_Sea
VIRT_ADR_CM08,Virtual - ADR CM08,PREC,Precipitazione,mm,2026-04-23T21:30,0.0,43.0,14.7,99430147,"{""type"": ""Point"", ""coordinates"": [14.7, 43.0]}",10.0,2026-04-23T21:42:07,VIRTUAL_ADRIATIC_SEA,Adriatic_Sea
VIRT_ADR_CM09,Virtual - ADR CM09,TARIA2M,Temperatura aria a 2m,°C,2026-04-23T21:30,16.1,42.9,15.2,99429152,"{""type"": ""Point"", ""coordinates"": [15.2, 42.9]}",10.0,2026-04-23T21:42:07,VIRTUAL_ADRIATIC_SEA,Adriatic_Sea
VIRT_ADR_CM09,Virtual - ADR CM09,PRESS,Pressione atmosferica,hPa,2026-04-23T21:30,1018.7,42.9,15.2,99429152,"{""type"": ""Point"", ""coordinates"": [15.2, 42.9]}",10.0,2026-04-23T21:42:07,VIRTUAL_ADRIATIC_SEA,Adriatic_Sea
VIRT_ADR_CM09,Virtual - ADR CM09,VV,Velocità vento,m/s,2026-04-23T21:30,9.0,42.9,15.2,99429152,"{""type"": ""Point"", ""coordinates"": [15.2, 42.9]}",10.0,2026-04-23T21:42:07,VIRTUAL_ADRIATIC_SEA,Adriatic_Sea
VIRT_ADR_CM09,Virtual - ADR CM09,PREC,Precipitazione,mm,2026-04-23T21:30,0.0,42.9,15.2,99429152,"{""type"": ""Point"", ""coordinates"": [15.2, 42.9]}",10.0,2026-04-23T21:42:07,VIRTUAL_ADRIATIC_SEA,Adriatic_Sea
VIRT_ADR_CM10,Virtual - ADR CM10,TARIA2M,Temperatura aria a 2m,°C,2026-04-23T21:30,16.0,42.8,14.9,99428149,"{""type"": ""Point"", ""coordinates"": [14.9, 42.8]}",10.0,2026-04-23T21:42:07,VIRTUAL_ADRIATIC_SEA,Adriatic_Sea
VIRT_ADR_CM10,Virtual - ADR CM10,PRESS,Pressione atmosferica,hPa,2026-04-23T21:30,1019.0,42.8,14.9,99428149,"{""type"": ""Point"", ""coordinates"": [14.9, 42.8]}",10.0,2026-04-23T21:42:07,VIRTUAL_ADRIATIC_SEA,Adriatic_Sea
VIRT_ADR_CM10,Virtual - ADR CM10,VV,Velocità vento,m/s,2026-04-23T21:30,8.31,42.8,14.9,99428149,"{""type"": ""Point"", ""coordinates"": [14.9, 42.8]}",10.0,2026-04-23T21:42:07,VIRTUAL_ADRIATIC_SEA,Adriatic_Sea
VIRT_ADR_CM10,Virtual - ADR CM10,PREC,Precipitazione,mm,2026-04-23T21:30,0.0,42.8,14.9,99428149,"{""type"": ""Point"", ""coordinates"": [14.9, 42.8]}",10.0,2026-04-23T21:42:07,VIRTUAL_ADRIATIC_SEA,Adriatic_Sea
VIRT_ADR_CM11,Virtual - ADR CM11,TARIA2M,Temperatura aria a 2m,°C,2026-04-23T21:30,15.9,43.6,15.1,99436151,"{""type"": ""Point"", ""coordinates"": [15.1, 43.6]}",10.0,2026-04-23T21:42:07,VIRTUAL_ADRIATIC_SEA,Adriatic_Sea
VIRT_ADR_CM11,Virtual - ADR CM11,PRESS,Pressione atmosferica,hPa,2026-04-23T21:30,1018.7,43.6,15.1,99436151,"{""type"": ""Point"", ""coordinates"": [15.1, 43.6]}",10.0,2026-04-23T21:42:07,VIRTUAL_ADRIATIC_SEA,Adriatic_Sea
VIRT_ADR_CM11,Virtual - ADR CM11,VV,Velocità vento,m/s,2026-04-23T21:30,8.14,43.6,15.1,99436151,"{""type"": ""Point"", ""coordinates"": [15.1, 43.6]}",10.0,2026-04-23T21:42:07,VIRTUAL_ADRIATIC_SEA,Adriatic_Sea
VIRT_ADR_CM11,Virtual - ADR CM11,PREC,Precipitazione,mm,2026-04-23T21:30,0.0,43.6,15.1,99436151,"{""type"": ""Point"", ""coordinates"": [15.1, 43.6]}",10.0,2026-04-23T21:42:07,VIRTUAL_ADRIATIC_SEA,Adriatic_Sea
VIRT_ADR_CM12,Virtual - ADR CM12,TARIA2M,Temperatura aria a 2m,°C,2026-04-23T21:30,15.9,43.4,15.4,99434154,"{""type"": ""Point"", ""coordinates"": [15.4, 43.4]}",10.0,2026-04-23T21:42:07,VIRTUAL_ADRIATIC_SEA,Adriatic_Sea
VIRT_ADR_CM12,Virtual - ADR CM12,PRESS,Pressione atmosferica,hPa,2026-04-23T21:30,1018.3,43.4,15.4,99434154,"{""type"": ""Point"", ""coordinates"": [15.4, 43.4]}",10.0,2026-04-23T21:42:07,VIRTUAL_ADRIATIC_SEA,Adriatic_Sea
VIRT_ADR_CM12,Virtual - ADR CM12,VV,Velocità vento,m/s,2026-04-23T21:30,9.5,43.4,15.4,99434154,"{""type"": ""Point"", ""coordinates"": [15.4, 43.4]}",10.0,2026-04-23T21:42:07,VIRTUAL_ADRIATIC_SEA,Adriatic_Sea
VIRT_ADR_CM12,Virtual - ADR CM12,PREC,Precipitazione,mm,2026-04-23T21:30,0.0,43.4,15.4,99434154,"{""type"": ""Point"", ""coordinates"": [15.4, 43.4]}",10.0,2026-04-23T21:42:07,VIRTUAL_ADRIATIC_SEA,Adriatic_Sea
VIRT_ADR_CM13,Virtual - ADR CM13,TARIA2M,Temperatura aria a 2m,°C,2026-04-23T21:30,16.1,43.2,15.5,99432155,"{""type"": ""Point"", ""coordinates"": [15.5, 43.2]}",10.0,2026-04-23T21:42:07,VIRTUAL_ADRIATIC_SEA,Adriatic_Sea
VIRT_ADR_CM13,Virtual - ADR CM13,PRESS,Pressione atmosferica,hPa,2026-04-23T21:30,1018.2,43.2,15.5,99432155,"{""type"": ""Point"", ""coordinates"": [15.5, 43.2]}",10.0,2026-04-23T21:42:07,VIRTUAL_ADRIATIC_SEA,Adriatic_Sea
VIRT_ADR_CM13,Virtual - ADR CM13,VV,Velocità vento,m/s,2026-04-23T21:30,10.14,43.2,15.5,99432155,"{""type"": ""Point"", ""coordinates"": [15.5, 43.2]}",10.0,2026-04-23T21:42:07,VIRTUAL_ADRIATIC_SEA,Adriatic_Sea
VIRT_ADR_CM13,Virtual - ADR CM13,PREC,Precipitazione,mm,2026-04-23T21:30,0.0,43.2,15.5,99432155,"{""type"": ""Point"", ""coordinates"": [15.5, 43.2]}",10.0,2026-04-23T21:42:07,VIRTUAL_ADRIATIC_SEA,Adriatic_Sea
VIRT_ADR_CM14,Virtual - ADR CM14,TARIA2M,Temperatura aria a 2m,°C,2026-04-23T21:30,16.2,43.0,15.6,99430156,"{""type"": ""Point"", ""coordinates"": [15.6, 43.0]}",10.0,2026-04-23T21:42:07,VIRTUAL_ADRIATIC_SEA,Adriatic_Sea
VIRT_ADR_CM14,Virtual - ADR CM14,PRESS,Pressione atmosferica,hPa,2026-04-23T21:30,1018.1,43.0,15.6,99430156,"{""type"": ""Point"", ""coordinates"": [15.6, 43.0]}",10.0,2026-04-23T21:42:07,VIRTUAL_ADRIATIC_SEA,Adriatic_Sea
VIRT_ADR_CM14,Virtual - ADR CM14,VV,Velocità vento,m/s,2026-04-23T21:30,10.33,43.0,15.6,99430156,"{""type"": ""Point"", ""coordinates"": [15.6, 43.0]}",10.0,2026-04-23T21:42:07,VIRTUAL_ADRIATIC_SEA,Adriatic_Sea
VIRT_ADR_CM14,Virtual - ADR CM14,PREC,Precipitazione,mm,2026-04-23T21:30,0.0,43.0,15.6,99430156,"{""type"": ""Point"", ""coordinates"": [15.6, 43.0]}",10.0,2026-04-23T21:42:07,VIRTUAL_ADRIATIC_SEA,Adriatic_Sea
VIRT_ADR_CM15,Virtual - ADR CM15,TARIA2M,Temperatura aria a 2m,°C,2026-04-23T21:30,16.1,42.8,15.4,99428154,"{""type"": ""Point"", ""coordinates"": [15.4, 42.8]}",10.0,2026-04-23T21:42:07,VIRTUAL_ADRIATIC_SEA,Adriatic_Sea
VIRT_ADR_CM15,Virtual - ADR CM15,PRESS,Pressione atmosferica,hPa,2026-04-23T21:30,1018.5,42.8,15.4,99428154,"{""type"": ""Point"", ""coordinates"": [15.4, 42.8]}",10.0,2026-04-23T21:42:07,VIRTUAL_ADRIATIC_SEA,Adriatic_Sea
VIRT_ADR_CM15,Virtual - ADR CM15,VV,Velocità vento,m/s,2026-04-23T21:30,9.56,42.8,15.4,99428154,"{""type"": ""Point"", ""coordinates"": [15.4, 42.8]}",10.0,2026-04-23T21:42:07,VIRTUAL_ADRIATIC_SEA,Adriatic_Sea
VIRT_ADR_CM15,Virtual - ADR CM15,PREC,Precipitazione,mm,2026-04-23T21:30,0.0,42.8,15.4,99428154,"{""type"": ""Point"", ""coordinates"": [15.4, 42.8]}",10.0,2026-04-23T21:42:07,VIRTUAL_ADRIATIC_SEA,Adriatic_Sea
VIRT_ADR_CS01,Virtual - ADR CS01,TARIA2M,Temperatura aria a 2m,°C,2026-04-23T21:30,16.1,42.7,15.6,99427156,"{""type"": ""Point"", ""coordinates"": [15.6, 42.7]}",10.0,2026-04-23T21:42:07,VIRTUAL_ADRIATIC_SEA,Adriatic_Sea
VIRT_ADR_CS01,Virtual - ADR CS01,PRESS,Pressione atmosferica,hPa,2026-04-23T21:30,1018.3,42.7,15.6,99427156,"{""type"": ""Point"", ""coordinates"": [15.6, 42.7]}",10.0,2026-04-23T21:42:07,VIRTUAL_ADRIATIC_SEA,Adriatic_Sea
VIRT_ADR_CS01,Virtual - ADR CS01,VV,Velocità vento,m/s,2026-04-23T21:30,10.11,42.7,15.6,99427156,"{""type"": ""Point"", ""coordinates"": [15.6, 42.7]}",10.0,2026-04-23T21:42:07,VIRTUAL_ADRIATIC_SEA,Adriatic_Sea
VIRT_ADR_CS01,Virtual - ADR CS01,PREC,Precipitazione,mm,2026-04-23T21:30,0.0,42.7,15.6,99427156,"{""type"": ""Point"", ""coordinates"": [15.6, 42.7]}",10.0,2026-04-23T21:42:07,VIRTUAL_ADRIATIC_SEA,Adriatic_Sea
VIRT_ADR_CS02,Virtual - ADR CS02,TARIA2M,Temperatura aria a 2m,°C,2026-04-23T21:30,16.2,42.6,15.9,99426159,"{""type"": ""Point"", ""coordinates"": [15.9, 42.6]}",10.0,2026-04-23T21:42:07,VIRTUAL_ADRIATIC_SEA,Adriatic_Sea
VIRT_ADR_CS02,Virtual - ADR CS02,PRESS,Pressione atmosferica,hPa,2026-04-23T21:30,1018.1,42.6,15.9,99426159,"{""type"": ""Point"", ""coordinates"": [15.9, 42.6]}",10.0,2026-04-23T21:42:07,VIRTUAL_ADRIATIC_SEA,Adriatic_Sea
VIRT_ADR_CS02,Virtual - ADR CS02,VV,Velocità vento,m/s,2026-04-23T21:30,9.53,42.6,15.9,99426159,"{""type"": ""Point"", ""coordinates"": [15.9, 42.6]}",10.0,2026-04-23T21:42:07,VIRTUAL_ADRIATIC_SEA,Adriatic_Sea
VIRT_ADR_CS02,Virtual - ADR CS02,PREC,Precipitazione,mm,2026-04-23T21:30,0.0,42.6,15.9,99426159,"{""type"": ""Point"", ""coordinates"": [15.9, 42.6]}",10.0,2026-04-23T21:42:07,VIRTUAL_ADRIATIC_SEA,Adriatic_Sea
VIRT_ADR_CS03,Virtual - ADR CS03,TARIA2M,Temperatura aria a 2m,°C,2026-04-23T21:30,15.9,42.5,15.5,99425155,"{""type"": ""Point"", ""coordinates"": [15.5, 42.5]}",10.0,2026-04-23T21:42:07,VIRTUAL_ADRIATIC_SEA,Adriatic_Sea
VIRT_ADR_CS03,Virtual - ADR CS03,PRESS,Pressione atmosferica,hPa,2026-04-23T21:30,1018.7,42.5,15.5,99425155,"{""type"": ""Point"", ""coordinates"": [15.5, 42.5]}",10.0,2026-04-23T21:42:07,VIRTUAL_ADRIATIC_SEA,Adriatic_Sea
VIRT_ADR_CS03,Virtual - ADR CS03,VV,Velocità vento,m/s,2026-04-23T21:30,8.81,42.5,15.5,99425155,"{""type"": ""Point"", ""coordinates"": [15.5, 42.5]}",10.0,2026-04-23T21:42:07,VIRTUAL_ADRIATIC_SEA,Adriatic_Sea
VIRT_ADR_CS03,Virtual - ADR CS03,PREC,Precipitazione,mm,2026-04-23T21:30,0.0,42.5,15.5,99425155,"{""type"": ""Point"", ""coordinates"": [15.5, 42.5]}",10.0,2026-04-23T21:42:07,VIRTUAL_ADRIATIC_SEA,Adriatic_Sea
VIRT_ADR_CS04,Virtual - ADR CS04,TARIA2M,Temperatura aria a 2m,°C,2026-04-23T21:30,16.1,42.4,16.0,99424160,"{""type"": ""Point"", ""coordinates"": [16.0, 42.4]}",10.0,2026-04-23T21:42:07,VIRTUAL_ADRIATIC_SEA,Adriatic_Sea
VIRT_ADR_CS04,Virtual - ADR CS04,PRESS,Pressione atmosferica,hPa,2026-04-23T21:30,1018.2,42.4,16.0,99424160,"{""type"": ""Point"", ""coordinates"": [16.0, 42.4]}",10.0,2026-04-23T21:42:07,VIRTUAL_ADRIATIC_SEA,Adriatic_Sea
VIRT_ADR_CS04,Virtual - ADR CS04,VV,Velocità vento,m/s,2026-04-23T21:30,10.06,42.4,16.0,99424160,"{""type"": ""Point"", ""coordinates"": [16.0, 42.4]}",10.0,2026-04-23T21:42:07,VIRTUAL_ADRIATIC_SEA,Adriatic_Sea
VIRT_ADR_CS04,Virtual - ADR CS04,PREC,Precipitazione,mm,2026-04-23T21:30,0.0,42.4,16.0,99424160,"{""type"": ""Point"", ""coordinates"": [16.0, 42.4]}",10.0,2026-04-23T21:42:07,VIRTUAL_ADRIATIC_SEA,Adriatic_Sea
VIRT_ADR_CS05,Virtual - ADR CS05,TARIA2M,Temperatura aria a 2m,°C,2026-04-23T21:30,16.0,42.3,15.7,99423157,"{""type"": ""Point"", ""coordinates"": [15.7, 42.3]}",10.0,2026-04-23T21:42:07,VIRTUAL_ADRIATIC_SEA,Adriatic_Sea
VIRT_ADR_CS05,Virtual - ADR CS05,PRESS,Pressione atmosferica,hPa,2026-04-23T21:30,1018.6,42.3,15.7,99423157,"{""type"": ""Point"", ""coordinates"": [15.7, 42.3]}",10.0,2026-04-23T21:42:07,VIRTUAL_ADRIATIC_SEA,Adriatic_Sea
VIRT_ADR_CS05,Virtual - ADR CS05,VV,Velocità vento,m/s,2026-04-23T21:30,9.17,42.3,15.7,99423157,"{""type"": ""Point"", ""coordinates"": [15.7, 42.3]}",10.0,2026-04-23T21:42:07,VIRTUAL_ADRIATIC_SEA,Adriatic_Sea
VIRT_ADR_CS05,Virtual - ADR CS05,PREC,Precipitazione,mm,2026-04-23T21:30,0.0,42.3,15.7,99423157,"{""type"": ""Point"", ""coordinates"": [15.7, 42.3]}",10.0,2026-04-23T21:42:07,VIRTUAL_ADRIATIC_SEA,Adriatic_Sea
VIRT_ADR_CS06,Virtual - ADR CS06,TARIA2M,Temperatura aria a 2m,°C,2026-04-23T21:30,16.1,42.2,16.2,99422162,"{""type"": ""Point"", ""coordinates"": [16.2, 42.2]}",10.0,2026-04-23T21:42:07,VIRTUAL_ADRIATIC_SEA,Adriatic_Sea
VIRT_ADR_CS06,Virtual - ADR CS06,PRESS,Pressione atmosferica,hPa,2026-04-23T21:30,1018.0,42.2,16.2,99422162,"{""type"": ""Point"", ""coordinates"": [16.2, 42.2]}",10.0,2026-04-23T21:42:07,VIRTUAL_ADRIATIC_SEA,Adriatic_Sea
VIRT_ADR_CS06,Virtual - ADR CS06,VV,Velocità vento,m/s,2026-04-23T21:30,10.69,42.2,16.2,99422162,"{""type"": ""Point"", ""coordinates"": [16.2, 42.2]}",10.0,2026-04-23T21:42:07,VIRTUAL_ADRIATIC_SEA,Adriatic_Sea
VIRT_ADR_CS06,Virtual - ADR CS06,PREC,Precipitazione,mm,2026-04-23T21:30,0.0,42.2,16.2,99422162,"{""type"": ""Point"", ""coordinates"": [16.2, 42.2]}",10.0,2026-04-23T21:42:07,VIRTUAL_ADRIATIC_SEA,Adriatic_Sea
VIRT_ADR_CS07,Virtual - ADR CS07,TARIA2M,Temperatura aria a 2m,°C,2026-04-23T21:30,16.0,42.1,15.9,99421159,"{""type"": ""Point"", ""coordinates"": [15.9, 42.1]}",10.0,2026-04-23T21:42:07,VIRTUAL_ADRIATIC_SEA,Adriatic_Sea
VIRT_ADR_CS07,Virtual - ADR CS07,PRESS,Pressione atmosferica,hPa,2026-04-23T21:30,1018.5,42.1,15.9,99421159,"{""type"": ""Point"", ""coordinates"": [15.9, 42.1]}",10.0,2026-04-23T21:42:07,VIRTUAL_ADRIATIC_SEA,Adriatic_Sea
VIRT_ADR_CS07,Virtual - ADR CS07,VV,Velocità vento,m/s,2026-04-23T21:30,9.81,42.1,15.9,99421159,"{""type"": ""Point"", ""coordinates"": [15.9, 42.1]}",10.0,2026-04-23T21:42:07,VIRTUAL_ADRIATIC_SEA,Adriatic_Sea
VIRT_ADR_CS07,Virtual - ADR CS07,PREC,Precipitazione,mm,2026-04-23T21:30,0.0,42.1,15.9,99421159,"{""type"": ""Point"", ""coordinates"": [15.9, 42.1]}",10.0,2026-04-23T21:42:07,VIRTUAL_ADRIATIC_SEA,Adriatic_Sea
VIRT_ADR_CS08,Virtual - ADR CS08,TARIA2M,Temperatura aria a 2m,°C,2026-04-23T21:30,16.1,42.0,16.4,99420164,"{""type"": ""Point"", ""coordinates"": [16.4, 42.0]}",10.0,2026-04-23T21:42:07,VIRTUAL_ADRIATIC_SEA,Adriatic_Sea
VIRT_ADR_CS08,Virtual - ADR CS08,PRESS,Pressione atmosferica,hPa,2026-04-23T21:30,1018.0,42.0,16.4,99420164,"{""type"": ""Point"", ""coordinates"": [16.4, 42.0]}",10.0,2026-04-23T21:42:07,VIRTUAL_ADRIATIC_SEA,Adriatic_Sea
VIRT_ADR_CS08,Virtual - ADR CS08,VV,Velocità vento,m/s,2026-04-23T21:30,10.83,42.0,16.4,99420164,"{""type"": ""Point"", ""coordinates"": [16.4, 42.0]}",10.0,2026-04-23T21:42:07,VIRTUAL_ADRIATIC_SEA,Adriatic_Sea
VIRT_ADR_CS08,Virtual - ADR CS08,PREC,Precipitazione,mm,2026-04-23T21:30,0.0,42.0,16.4,99420164,"{""type"": ""Point"", ""coordinates"": [16.4, 42.0]}",10.0,2026-04-23T21:42:07,VIRTUAL_ADRIATIC_SEA,Adriatic_Sea
VIRT_ADR_CS09,Virtual - ADR CS09,TARIA2M,Temperatura aria a 2m,°C,2026-04-23T21:30,13.8,41.9,16.1,99419161,"{""type"": ""Point"", ""coordinates"": [16.1, 41.9]}",10.0,2026-04-23T21:42:07,VIRTUAL_ADRIATIC_SEA,Adriatic_Sea
VIRT_ADR_CS09,Virtual - ADR CS09,PRESS,Pressione atmosferica,hPa,2026-04-23T21:30,1014.3,41.9,16.1,99419161,"{""type"": ""Point"", ""coordinates"": [16.1, 41.9]}",10.0,2026-04-23T21:42:07,VIRTUAL_ADRIATIC_SEA,Adriatic_Sea
VIRT_ADR_CS09,Virtual - ADR CS09,VV,Velocità vento,m/s,2026-04-23T21:30,4.81,41.9,16.1,99419161,"{""type"": ""Point"", ""coordinates"": [16.1, 41.9]}",10.0,2026-04-23T21:42:07,VIRTUAL_ADRIATIC_SEA,Adriatic_Sea
VIRT_ADR_CS09,Virtual - ADR CS09,PREC,Precipitazione,mm,2026-04-23T21:30,0.0,41.9,16.1,99419161,"{""type"": ""Point"", ""coordinates"": [16.1, 41.9]}",10.0,2026-04-23T21:42:07,VIRTUAL_ADRIATIC_SEA,Adriatic_Sea
VIRT_ADR_CS10,Virtual - ADR CS10,TARIA2M,Temperatura aria a 2m,°C,2026-04-23T21:30,15.9,41.8,16.5,99418165,"{""type"": ""Point"", ""coordinates"": [16.5, 41.8]}",10.0,2026-04-23T21:42:07,VIRTUAL_ADRIATIC_SEA,Adriatic_Sea
VIRT_ADR_CS10,Virtual - ADR CS10,PRESS,Pressione atmosferica,hPa,2026-04-23T21:30,1017.9,41.8,16.5,99418165,"{""type"": ""Point"", ""coordinates"": [16.5, 41.8]}",10.0,2026-04-23T21:42:07,VIRTUAL_ADRIATIC_SEA,Adriatic_Sea
VIRT_ADR_CS10,Virtual - ADR CS10,VV,Velocità vento,m/s,2026-04-23T21:30,11.25,41.8,16.5,99418165,"{""type"": ""Point"", ""coordinates"": [16.5, 41.8]}",10.0,2026-04-23T21:42:07,VIRTUAL_ADRIATIC_SEA,Adriatic_Sea
VIRT_ADR_CS10,Virtual - ADR CS10,PREC,Precipitazione,mm,2026-04-23T21:30,0.0,41.8,16.5,99418165,"{""type"": ""Point"", ""coordinates"": [16.5, 41.8]}",10.0,2026-04-23T21:42:07,VIRTUAL_ADRIATIC_SEA,Adriatic_Sea
VIRT_ADR_CS11,Virtual - ADR CS11,TARIA2M,Temperatura aria a 2m,°C,2026-04-23T21:30,16.4,42.6,16.3,99426163,"{""type"": ""Point"", ""coordinates"": [16.3, 42.6]}",10.0,2026-04-23T21:42:07,VIRTUAL_ADRIATIC_SEA,Adriatic_Sea
VIRT_ADR_CS11,Virtual - ADR CS11,PRESS,Pressione atmosferica,hPa,2026-04-23T21:30,1017.5,42.6,16.3,99426163,"{""type"": ""Point"", ""coordinates"": [16.3, 42.6]}",10.0,2026-04-23T21:42:07,VIRTUAL_ADRIATIC_SEA,Adriatic_Sea
VIRT_ADR_CS11,Virtual - ADR CS11,VV,Velocità vento,m/s,2026-04-23T21:30,10.31,42.6,16.3,99426163,"{""type"": ""Point"", ""coordinates"": [16.3, 42.6]}",10.0,2026-04-23T21:42:07,VIRTUAL_ADRIATIC_SEA,Adriatic_Sea
VIRT_ADR_CS11,Virtual - ADR CS11,PREC,Precipitazione,mm,2026-04-23T21:30,0.0,42.6,16.3,99426163,"{""type"": ""Point"", ""coordinates"": [16.3, 42.6]}",10.0,2026-04-23T21:42:07,VIRTUAL_ADRIATIC_SEA,Adriatic_Sea
VIRT_ADR_CS12,Virtual - ADR CS12,TARIA2M,Temperatura aria a 2m,°C,2026-04-23T21:30,16.4,42.4,16.5,99424165,"{""type"": ""Point"", ""coordinates"": [16.5, 42.4]}",10.0,2026-04-23T21:42:07,VIRTUAL_ADRIATIC_SEA,Adriatic_Sea
VIRT_ADR_CS12,Virtual - ADR CS12,PRESS,Pressione atmosferica,hPa,2026-04-23T21:30,1017.4,42.4,16.5,99424165,"{""type"": ""Point"", ""coordinates"": [16.5, 42.4]}",10.0,2026-04-23T21:42:07,VIRTUAL_ADRIATIC_SEA,Adriatic_Sea
VIRT_ADR_CS12,Virtual - ADR CS12,VV,Velocità vento,m/s,2026-04-23T21:30,11.47,42.4,16.5,99424165,"{""type"": ""Point"", ""coordinates"": [16.5, 42.4]}",10.0,2026-04-23T21:42:07,VIRTUAL_ADRIATIC_SEA,Adriatic_Sea
VIRT_ADR_CS12,Virtual - ADR CS12,PREC,Precipitazione,mm,2026-04-23T21:30,0.0,42.4,16.5,99424165,"{""type"": ""Point"", ""coordinates"": [16.5, 42.4]}",10.0,2026-04-23T21:42:07,VIRTUAL_ADRIATIC_SEA,Adriatic_Sea
VIRT_ADR_CS13,Virtual - ADR CS13,TARIA2M,Temperatura aria a 2m,°C,2026-04-23T21:30,16.4,42.2,16.7,99422167,"{""type"": ""Point"", ""coordinates"": [16.7, 42.2]}",10.0,2026-04-23T21:42:07,VIRTUAL_ADRIATIC_SEA,Adriatic_Sea
VIRT_ADR_CS13,Virtual - ADR CS13,PRESS,Pressione atmosferica,hPa,2026-04-23T21:30,1017.3,42.2,16.7,99422167,"{""type"": ""Point"", ""coordinates"": [16.7, 42.2]}",10.0,2026-04-23T21:42:07,VIRTUAL_ADRIATIC_SEA,Adriatic_Sea
VIRT_ADR_CS13,Virtual - ADR CS13,VV,Velocità vento,m/s,2026-04-23T21:30,11.11,42.2,16.7,99422167,"{""type"": ""Point"", ""coordinates"": [16.7, 42.2]}",10.0,2026-04-23T21:42:07,VIRTUAL_ADRIATIC_SEA,Adriatic_Sea
VIRT_ADR_CS13,Virtual - ADR CS13,PREC,Precipitazione,mm,2026-04-23T21:30,0.0,42.2,16.7,99422167,"{""type"": ""Point"", ""coordinates"": [16.7, 42.2]}",10.0,2026-04-23T21:42:07,VIRTUAL_ADRIATIC_SEA,Adriatic_Sea
VIRT_ADR_CS14,Virtual - ADR CS14,TARIA2M,Temperatura aria a 2m,°C,2026-04-23T21:30,16.3,42.0,16.8,99420168,"{""type"": ""Point"", ""coordinates"": [16.8, 42.0]}",10.0,2026-04-23T21:42:07,VIRTUAL_ADRIATIC_SEA,Adriatic_Sea
VIRT_ADR_CS14,Virtual - ADR CS14,PRESS,Pressione atmosferica,hPa,2026-04-23T21:30,1017.3,42.0,16.8,99420168,"{""type"": ""Point"", ""coordinates"": [16.8, 42.0]}",10.0,2026-04-23T21:42:07,VIRTUAL_ADRIATIC_SEA,Adriatic_Sea
VIRT_ADR_CS14,Virtual - ADR CS14,VV,Velocità vento,m/s,2026-04-23T21:30,11.25,42.0,16.8,99420168,"{""type"": ""Point"", ""coordinates"": [16.8, 42.0]}",10.0,2026-04-23T21:42:07,VIRTUAL_ADRIATIC_SEA,Adriatic_Sea
VIRT_ADR_CS14,Virtual - ADR CS14,PREC,Precipitazione,mm,2026-04-23T21:30,0.0,42.0,16.8,99420168,"{""type"": ""Point"", ""coordinates"": [16.8, 42.0]}",10.0,2026-04-23T21:42:07,VIRTUAL_ADRIATIC_SEA,Adriatic_Sea
VIRT_ADR_CS15,Virtual - ADR CS15,TARIA2M,Temperatura aria a 2m,°C,2026-04-23T21:30,14.4,41.8,16.2,99418162,"{""type"": ""Point"", ""coordinates"": [16.2, 41.8]}",10.0,2026-04-23T21:42:07,VIRTUAL_ADRIATIC_SEA,Adriatic_Sea
VIRT_ADR_CS15,Virtual - ADR CS15,PRESS,Pressione atmosferica,hPa,2026-04-23T21:30,1018.3,41.8,16.2,99418162,"{""type"": ""Point"", ""coordinates"": [16.2, 41.8]}",10.0,2026-04-23T21:42:07,VIRTUAL_ADRIATIC_SEA,Adriatic_Sea
VIRT_ADR_CS15,Virtual - ADR CS15,VV,Velocità vento,m/s,2026-04-23T21:30,6.69,41.8,16.2,99418162,"{""type"": ""Point"", ""coordinates"": [16.2, 41.8]}",10.0,2026-04-23T21:42:07,VIRTUAL_ADRIATIC_SEA,Adriatic_Sea
VIRT_ADR_CS15,Virtual - ADR CS15,PREC,Precipitazione,mm,2026-04-23T21:30,0.0,41.8,16.2,99418162,"{""type"": ""Point"", ""coordinates"": [16.2, 41.8]}",10.0,2026-04-23T21:42:07,VIRTUAL_ADRIATIC_SEA,Adriatic_Sea
VIRT_ADR_SD01,Virtual - ADR SD01,TARIA2M,Temperatura aria a 2m,°C,2026-04-23T21:30,16.1,41.7,16.8,99417168,"{""type"": ""Point"", ""coordinates"": [16.8, 41.7]}",10.0,2026-04-23T21:42:07,VIRTUAL_ADRIATIC_SEA,Adriatic_Sea
VIRT_ADR_SD01,Virtual - ADR SD01,PRESS,Pressione atmosferica,hPa,2026-04-23T21:30,1017.5,41.7,16.8,99417168,"{""type"": ""Point"", ""coordinates"": [16.8, 41.7]}",10.0,2026-04-23T21:42:07,VIRTUAL_ADRIATIC_SEA,Adriatic_Sea
VIRT_ADR_SD01,Virtual - ADR SD01,VV,Velocità vento,m/s,2026-04-23T21:30,11.86,41.7,16.8,99417168,"{""type"": ""Point"", ""coordinates"": [16.8, 41.7]}",10.0,2026-04-23T21:42:07,VIRTUAL_ADRIATIC_SEA,Adriatic_Sea
VIRT_ADR_SD01,Virtual - ADR SD01,PREC,Precipitazione,mm,2026-04-23T21:30,0.0,41.7,16.8,99417168,"{""type"": ""Point"", ""coordinates"": [16.8, 41.7]}",10.0,2026-04-23T21:42:07,VIRTUAL_ADRIATIC_SEA,Adriatic_Sea
VIRT_ADR_SD02,Virtual - ADR SD02,TARIA2M,Temperatura aria a 2m,°C,2026-04-23T21:30,16.2,41.6,17.1,99416171,"{""type"": ""Point"", ""coordinates"": [17.1, 41.6]}",10.0,2026-04-23T21:42:07,VIRTUAL_ADRIATIC_SEA,Adriatic_Sea
VIRT_ADR_SD02,Virtual - ADR SD02,PRESS,Pressione atmosferica,hPa,2026-04-23T21:30,1016.9,41.6,17.1,99416171,"{""type"": ""Point"", ""coordinates"": [17.1, 41.6]}",10.0,2026-04-23T21:42:07,VIRTUAL_ADRIATIC_SEA,Adriatic_Sea
VIRT_ADR_SD02,Virtual - ADR SD02,VV,Velocità vento,m/s,2026-04-23T21:30,12.89,41.6,17.1,99416171,"{""type"": ""Point"", ""coordinates"": [17.1, 41.6]}",10.0,2026-04-23T21:42:07,VIRTUAL_ADRIATIC_SEA,Adriatic_Sea
VIRT_ADR_SD02,Virtual - ADR SD02,PREC,Precipitazione,mm,2026-04-23T21:30,0.0,41.6,17.1,99416171,"{""type"": ""Point"", ""coordinates"": [17.1, 41.6]}",10.0,2026-04-23T21:42:07,VIRTUAL_ADRIATIC_SEA,Adriatic_Sea
VIRT_ADR_SD03,Virtual - ADR SD03,TARIA2M,Temperatura aria a 2m,°C,2026-04-23T21:30,15.8,41.5,16.7,99415167,"{""type"": ""Point"", ""coordinates"": [16.7, 41.5]}",10.0,2026-04-23T21:42:07,VIRTUAL_ADRIATIC_SEA,Adriatic_Sea
VIRT_ADR_SD03,Virtual - ADR SD03,PRESS,Pressione atmosferica,hPa,2026-04-23T21:30,1017.7,41.5,16.7,99415167,"{""type"": ""Point"", ""coordinates"": [16.7, 41.5]}",10.0,2026-04-23T21:42:07,VIRTUAL_ADRIATIC_SEA,Adriatic_Sea
VIRT_ADR_SD03,Virtual - ADR SD03,VV,Velocità vento,m/s,2026-04-23T21:30,12.22,41.5,16.7,99415167,"{""type"": ""Point"", ""coordinates"": [16.7, 41.5]}",10.0,2026-04-23T21:42:07,VIRTUAL_ADRIATIC_SEA,Adriatic_Sea
VIRT_ADR_SD03,Virtual - ADR SD03,PREC,Precipitazione,mm,2026-04-23T21:30,0.0,41.5,16.7,99415167,"{""type"": ""Point"", ""coordinates"": [16.7, 41.5]}",10.0,2026-04-23T21:42:07,VIRTUAL_ADRIATIC_SEA,Adriatic_Sea
VIRT_ADR_SD04,Virtual - ADR SD04,TARIA2M,Temperatura aria a 2m,°C,2026-04-23T21:30,16.1,41.4,17.2,99414172,"{""type"": ""Point"", ""coordinates"": [17.2, 41.4]}",10.0,2026-04-23T21:42:07,VIRTUAL_ADRIATIC_SEA,Adriatic_Sea
VIRT_ADR_SD04,Virtual - ADR SD04,PRESS,Pressione atmosferica,hPa,2026-04-23T21:30,1017.0,41.4,17.2,99414172,"{""type"": ""Point"", ""coordinates"": [17.2, 41.4]}",10.0,2026-04-23T21:42:07,VIRTUAL_ADRIATIC_SEA,Adriatic_Sea
VIRT_ADR_SD04,Virtual - ADR SD04,VV,Velocità vento,m/s,2026-04-23T21:30,12.56,41.4,17.2,99414172,"{""type"": ""Point"", ""coordinates"": [17.2, 41.4]}",10.0,2026-04-23T21:42:07,VIRTUAL_ADRIATIC_SEA,Adriatic_Sea
VIRT_ADR_SD04,Virtual - ADR SD04,PREC,Precipitazione,mm,2026-04-23T21:30,0.0,41.4,17.2,99414172,"{""type"": ""Point"", ""coordinates"": [17.2, 41.4]}",10.0,2026-04-23T21:42:07,VIRTUAL_ADRIATIC_SEA,Adriatic_Sea
VIRT_ADR_SD05,Virtual - ADR SD05,TARIA2M,Temperatura aria a 2m,°C,2026-04-23T21:30,15.9,41.3,16.9,99413169,"{""type"": ""Point"", ""coordinates"": [16.9, 41.3]}",10.0,2026-04-23T21:42:07,VIRTUAL_ADRIATIC_SEA,Adriatic_Sea
VIRT_ADR_SD05,Virtual - ADR SD05,PRESS,Pressione atmosferica,hPa,2026-04-23T21:30,1017.4,41.3,16.9,99413169,"{""type"": ""Point"", ""coordinates"": [16.9, 41.3]}",10.0,2026-04-23T21:42:07,VIRTUAL_ADRIATIC_SEA,Adriatic_Sea
VIRT_ADR_SD05,Virtual - ADR SD05,VV,Velocità vento,m/s,2026-04-23T21:30,12.31,41.3,16.9,99413169,"{""type"": ""Point"", ""coordinates"": [16.9, 41.3]}",10.0,2026-04-23T21:42:07,VIRTUAL_ADRIATIC_SEA,Adriatic_Sea
VIRT_ADR_SD05,Virtual - ADR SD05,PREC,Precipitazione,mm,2026-04-23T21:30,0.0,41.3,16.9,99413169,"{""type"": ""Point"", ""coordinates"": [16.9, 41.3]}",10.0,2026-04-23T21:42:07,VIRTUAL_ADRIATIC_SEA,Adriatic_Sea
VIRT_ADR_SD06,Virtual - ADR SD06,TARIA2M,Temperatura aria a 2m,°C,2026-04-23T21:30,16.1,41.2,17.4,99412174,"{""type"": ""Point"", ""coordinates"": [17.4, 41.2]}",10.0,2026-04-23T21:42:07,VIRTUAL_ADRIATIC_SEA,Adriatic_Sea
VIRT_ADR_SD06,Virtual - ADR SD06,PRESS,Pressione atmosferica,hPa,2026-04-23T21:30,1017.0,41.2,17.4,99412174,"{""type"": ""Point"", ""coordinates"": [17.4, 41.2]}",10.0,2026-04-23T21:42:07,VIRTUAL_ADRIATIC_SEA,Adriatic_Sea
VIRT_ADR_SD06,Virtual - ADR SD06,VV,Velocità vento,m/s,2026-04-23T21:30,11.75,41.2,17.4,99412174,"{""type"": ""Point"", ""coordinates"": [17.4, 41.2]}",10.0,2026-04-23T21:42:07,VIRTUAL_ADRIATIC_SEA,Adriatic_Sea
VIRT_ADR_SD06,Virtual - ADR SD06,PREC,Precipitazione,mm,2026-04-23T21:30,0.0,41.2,17.4,99412174,"{""type"": ""Point"", ""coordinates"": [17.4, 41.2]}",10.0,2026-04-23T21:42:07,VIRTUAL_ADRIATIC_SEA,Adriatic_Sea
VIRT_ADR_SD07,Virtual - ADR SD07,TARIA2M,Temperatura aria a 2m,°C,2026-04-23T21:30,14.6,41.1,17.1,99411171,"{""type"": ""Point"", ""coordinates"": [17.1, 41.1]}",10.0,2026-04-23T21:42:07,VIRTUAL_ADRIATIC_SEA,Adriatic_Sea
VIRT_ADR_SD07,Virtual - ADR SD07,PRESS,Pressione atmosferica,hPa,2026-04-23T21:30,1017.5,41.1,17.1,99411171,"{""type"": ""Point"", ""coordinates"": [17.1, 41.1]}",10.0,2026-04-23T21:42:07,VIRTUAL_ADRIATIC_SEA,Adriatic_Sea
VIRT_ADR_SD07,Virtual - ADR SD07,VV,Velocità vento,m/s,2026-04-23T21:30,7.75,41.1,17.1,99411171,"{""type"": ""Point"", ""coordinates"": [17.1, 41.1]}",10.0,2026-04-23T21:42:07,VIRTUAL_ADRIATIC_SEA,Adriatic_Sea
VIRT_ADR_SD07,Virtual - ADR SD07,PREC,Precipitazione,mm,2026-04-23T21:30,0.0,41.1,17.1,99411171,"{""type"": ""Point"", ""coordinates"": [17.1, 41.1]}",10.0,2026-04-23T21:42:07,VIRTUAL_ADRIATIC_SEA,Adriatic_Sea
VIRT_ADR_SD08,Virtual - ADR SD08,TARIA2M,Temperatura aria a 2m,°C,2026-04-23T21:30,16.1,41.0,17.5,99410175,"{""type"": ""Point"", ""coordinates"": [17.5, 41.0]}",10.0,2026-04-23T21:42:07,VIRTUAL_ADRIATIC_SEA,Adriatic_Sea
VIRT_ADR_SD08,Virtual - ADR SD08,PRESS,Pressione atmosferica,hPa,2026-04-23T21:30,1016.9,41.0,17.5,99410175,"{""type"": ""Point"", ""coordinates"": [17.5, 41.0]}",10.0,2026-04-23T21:42:07,VIRTUAL_ADRIATIC_SEA,Adriatic_Sea
VIRT_ADR_SD08,Virtual - ADR SD08,VV,Velocità vento,m/s,2026-04-23T21:30,11.83,41.0,17.5,99410175,"{""type"": ""Point"", ""coordinates"": [17.5, 41.0]}",10.0,2026-04-23T21:42:07,VIRTUAL_ADRIATIC_SEA,Adriatic_Sea
VIRT_ADR_SD08,Virtual - ADR SD08,PREC,Precipitazione,mm,2026-04-23T21:30,0.0,41.0,17.5,99410175,"{""type"": ""Point"", ""coordinates"": [17.5, 41.0]}",10.0,2026-04-23T21:42:07,VIRTUAL_ADRIATIC_SEA,Adriatic_Sea
VIRT_ADR_SD09,Virtual - ADR SD09,TARIA2M,Temperatura aria a 2m,°C,2026-04-23T21:30,10.4,40.9,17.2,99409172,"{""type"": ""Point"", ""coordinates"": [17.2, 40.9]}",10.0,2026-04-23T21:42:07,VIRTUAL_ADRIATIC_SEA,Adriatic_Sea
VIRT_ADR_SD09,Virtual - ADR SD09,PRESS,Pressione atmosferica,hPa,2026-04-23T21:30,983.4,40.9,17.2,99409172,"{""type"": ""Point"", ""coordinates"": [17.2, 40.9]}",10.0,2026-04-23T21:42:07,VIRTUAL_ADRIATIC_SEA,Adriatic_Sea
VIRT_ADR_SD09,Virtual - ADR SD09,VV,Velocità vento,m/s,2026-04-23T21:30,4.67,40.9,17.2,99409172,"{""type"": ""Point"", ""coordinates"": [17.2, 40.9]}",10.0,2026-04-23T21:42:07,VIRTUAL_ADRIATIC_SEA,Adriatic_Sea
VIRT_ADR_SD09,Virtual - ADR SD09,PREC,Precipitazione,mm,2026-04-23T21:30,0.0,40.9,17.2,99409172,"{""type"": ""Point"", ""coordinates"": [17.2, 40.9]}",10.0,2026-04-23T21:42:07,VIRTUAL_ADRIATIC_SEA,Adriatic_Sea
VIRT_ADR_SD10,Virtual - ADR SD10,TARIA2M,Temperatura aria a 2m,°C,2026-04-23T21:30,14.8,40.8,17.6,99408176,"{""type"": ""Point"", ""coordinates"": [17.6, 40.8]}",10.0,2026-04-23T21:42:07,VIRTUAL_ADRIATIC_SEA,Adriatic_Sea
VIRT_ADR_SD10,Virtual - ADR SD10,PRESS,Pressione atmosferica,hPa,2026-04-23T21:30,1016.8,40.8,17.6,99408176,"{""type"": ""Point"", ""coordinates"": [17.6, 40.8]}",10.0,2026-04-23T21:42:07,VIRTUAL_ADRIATIC_SEA,Adriatic_Sea
VIRT_ADR_SD10,Virtual - ADR SD10,VV,Velocità vento,m/s,2026-04-23T21:30,7.89,40.8,17.6,99408176,"{""type"": ""Point"", ""coordinates"": [17.6, 40.8]}",10.0,2026-04-23T21:42:07,VIRTUAL_ADRIATIC_SEA,Adriatic_Sea
VIRT_ADR_SD10,Virtual - ADR SD10,PREC,Precipitazione,mm,2026-04-23T21:30,0.0,40.8,17.6,99408176,"{""type"": ""Point"", ""coordinates"": [17.6, 40.8]}",10.0,2026-04-23T21:42:07,VIRTUAL_ADRIATIC_SEA,Adriatic_Sea
VIRT_ADR_SD11,Virtual - ADR SD11,TARIA2M,Temperatura aria a 2m,°C,2026-04-23T21:30,16.2,41.6,17.5,99416175,"{""type"": ""Point"", ""coordinates"": [17.5, 41.6]}",10.0,2026-04-23T21:42:07,VIRTUAL_ADRIATIC_SEA,Adriatic_Sea
VIRT_ADR_SD11,Virtual - ADR SD11,PRESS,Pressione atmosferica,hPa,2026-04-23T21:30,1016.4,41.6,17.5,99416175,"{""type"": ""Point"", ""coordinates"": [17.5, 41.6]}",10.0,2026-04-23T21:42:07,VIRTUAL_ADRIATIC_SEA,Adriatic_Sea
VIRT_ADR_SD11,Virtual - ADR SD11,VV,Velocità vento,m/s,2026-04-23T21:30,12.75,41.6,17.5,99416175,"{""type"": ""Point"", ""coordinates"": [17.5, 41.6]}",10.0,2026-04-23T21:42:07,VIRTUAL_ADRIATIC_SEA,Adriatic_Sea
VIRT_ADR_SD11,Virtual - ADR SD11,PREC,Precipitazione,mm,2026-04-23T21:30,0.0,41.6,17.5,99416175,"{""type"": ""Point"", ""coordinates"": [17.5, 41.6]}",10.0,2026-04-23T21:42:07,VIRTUAL_ADRIATIC_SEA,Adriatic_Sea
VIRT_ADR_SD12,Virtual - ADR SD12,TARIA2M,Temperatura aria a 2m,°C,2026-04-23T21:30,16.2,41.4,17.6,99414176,"{""type"": ""Point"", ""coordinates"": [17.6, 41.4]}",10.0,2026-04-23T21:42:07,VIRTUAL_ADRIATIC_SEA,Adriatic_Sea
VIRT_ADR_SD12,Virtual - ADR SD12,PRESS,Pressione atmosferica,hPa,2026-04-23T21:30,1016.5,41.4,17.6,99414176,"{""type"": ""Point"", ""coordinates"": [17.6, 41.4]}",10.0,2026-04-23T21:42:07,VIRTUAL_ADRIATIC_SEA,Adriatic_Sea
VIRT_ADR_SD12,Virtual - ADR SD12,VV,Velocità vento,m/s,2026-04-23T21:30,11.53,41.4,17.6,99414176,"{""type"": ""Point"", ""coordinates"": [17.6, 41.4]}",10.0,2026-04-23T21:42:07,VIRTUAL_ADRIATIC_SEA,Adriatic_Sea
VIRT_ADR_SD12,Virtual - ADR SD12,PREC,Precipitazione,mm,2026-04-23T21:30,0.0,41.4,17.6,99414176,"{""type"": ""Point"", ""coordinates"": [17.6, 41.4]}",10.0,2026-04-23T21:42:07,VIRTUAL_ADRIATIC_SEA,Adriatic_Sea
VIRT_ADR_SD13,Virtual - ADR SD13,TARIA2M,Temperatura aria a 2m,°C,2026-04-23T21:30,16.2,41.2,17.7,99412177,"{""type"": ""Point"", ""coordinates"": [17.7, 41.2]}",10.0,2026-04-23T21:42:07,VIRTUAL_ADRIATIC_SEA,Adriatic_Sea
VIRT_ADR_SD13,Virtual - ADR SD13,PRESS,Pressione atmosferica,hPa,2026-04-23T21:30,1016.6,41.2,17.7,99412177,"{""type"": ""Point"", ""coordinates"": [17.7, 41.2]}",10.0,2026-04-23T21:42:07,VIRTUAL_ADRIATIC_SEA,Adriatic_Sea
VIRT_ADR_SD13,Virtual - ADR SD13,VV,Velocità vento,m/s,2026-04-23T21:30,11.75,41.2,17.7,99412177,"{""type"": ""Point"", ""coordinates"": [17.7, 41.2]}",10.0,2026-04-23T21:42:07,VIRTUAL_ADRIATIC_SEA,Adriatic_Sea
VIRT_ADR_SD13,Virtual - ADR SD13,PREC,Precipitazione,mm,2026-04-23T21:30,0.0,41.2,17.7,99412177,"{""type"": ""Point"", ""coordinates"": [17.7, 41.2]}",10.0,2026-04-23T21:42:07,VIRTUAL_ADRIATIC_SEA,Adriatic_Sea
VIRT_ADR_SD14,Virtual - ADR SD14,TARIA2M,Temperatura aria a 2m,°C,2026-04-23T21:30,16.2,41.0,17.8,99410178,"{""type"": ""Point"", ""coordinates"": [17.8, 41.0]}",10.0,2026-04-23T21:42:07,VIRTUAL_ADRIATIC_SEA,Adriatic_Sea
VIRT_ADR_SD14,Virtual - ADR SD14,PRESS,Pressione atmosferica,hPa,2026-04-23T21:30,1016.5,41.0,17.8,99410178,"{""type"": ""Point"", ""coordinates"": [17.8, 41.0]}",10.0,2026-04-23T21:42:07,VIRTUAL_ADRIATIC_SEA,Adriatic_Sea
VIRT_ADR_SD14,Virtual - ADR SD14,VV,Velocità vento,m/s,2026-04-23T21:30,11.56,41.0,17.8,99410178,"{""type"": ""Point"", ""coordinates"": [17.8, 41.0]}",10.0,2026-04-23T21:42:07,VIRTUAL_ADRIATIC_SEA,Adriatic_Sea
VIRT_ADR_SD14,Virtual - ADR SD14,PREC,Precipitazione,mm,2026-04-23T21:30,0.0,41.0,17.8,99410178,"{""type"": ""Point"", ""coordinates"": [17.8, 41.0]}",10.0,2026-04-23T21:42:07,VIRTUAL_ADRIATIC_SEA,Adriatic_Sea
VIRT_ADR_SD15,Virtual - ADR SD15,TARIA2M,Temperatura aria a 2m,°C,2026-04-23T21:30,12.3,40.8,17.4,99408174,"{""type"": ""Point"", ""coordinates"": [17.4, 40.8]}",10.0,2026-04-23T21:42:07,VIRTUAL_ADRIATIC_SEA,Adriatic_Sea
VIRT_ADR_SD15,Virtual - ADR SD15,PRESS,Pressione atmosferica,hPa,2026-04-23T21:30,1002.5,40.8,17.4,99408174,"{""type"": ""Point"", ""coordinates"": [17.4, 40.8]}",10.0,2026-04-23T21:42:07,VIRTUAL_ADRIATIC_SEA,Adriatic_Sea
VIRT_ADR_SD15,Virtual - ADR SD15,VV,Velocità vento,m/s,2026-04-23T21:30,5.94,40.8,17.4,99408174,"{""type"": ""Point"", ""coordinates"": [17.4, 40.8]}",10.0,2026-04-23T21:42:07,VIRTUAL_ADRIATIC_SEA,Adriatic_Sea
VIRT_ADR_SD15,Virtual - ADR SD15,PREC,Precipitazione,mm,2026-04-23T21:30,0.0,40.8,17.4,99408174,"{""type"": ""Point"", ""coordinates"": [17.4, 40.8]}",10.0,2026-04-23T21:42:07,VIRTUAL_ADRIATIC_SEA,Adriatic_Sea
VIRT_ADR_OT01,Virtual - ADR OT01,TARIA2M,Temperatura aria a 2m,°C,2026-04-23T21:30,13.9,40.6,17.8,99406178,"{""type"": ""Point"", ""coordinates"": [17.8, 40.6]}",10.0,2026-04-23T21:42:07,VIRTUAL_ADRIATIC_SEA,Adriatic_Sea
VIRT_ADR_OT01,Virtual - ADR OT01,PRESS,Pressione atmosferica,hPa,2026-04-23T21:30,1010.0,40.6,17.8,99406178,"{""type"": ""Point"", ""coordinates"": [17.8, 40.6]}",10.0,2026-04-23T21:42:07,VIRTUAL_ADRIATIC_SEA,Adriatic_Sea
VIRT_ADR_OT01,Virtual - ADR OT01,VV,Velocità vento,m/s,2026-04-23T21:30,6.28,40.6,17.8,99406178,"{""type"": ""Point"", ""coordinates"": [17.8, 40.6]}",10.0,2026-04-23T21:42:07,VIRTUAL_ADRIATIC_SEA,Adriatic_Sea
VIRT_ADR_OT01,Virtual - ADR OT01,PREC,Precipitazione,mm,2026-04-23T21:30,0.0,40.6,17.8,99406178,"{""type"": ""Point"", ""coordinates"": [17.8, 40.6]}",10.0,2026-04-23T21:42:07,VIRTUAL_ADRIATIC_SEA,Adriatic_Sea
VIRT_ADR_OT02,Virtual - ADR OT02,TARIA2M,Temperatura aria a 2m,°C,2026-04-23T21:30,15.2,40.5,18.1,99405181,"{""type"": ""Point"", ""coordinates"": [18.1, 40.5]}",10.0,2026-04-23T21:42:07,VIRTUAL_ADRIATIC_SEA,Adriatic_Sea
VIRT_ADR_OT02,Virtual - ADR OT02,PRESS,Pressione atmosferica,hPa,2026-04-23T21:30,1015.5,40.5,18.1,99405181,"{""type"": ""Point"", ""coordinates"": [18.1, 40.5]}",10.0,2026-04-23T21:42:07,VIRTUAL_ADRIATIC_SEA,Adriatic_Sea
VIRT_ADR_OT02,Virtual - ADR OT02,VV,Velocità vento,m/s,2026-04-23T21:30,8.19,40.5,18.1,99405181,"{""type"": ""Point"", ""coordinates"": [18.1, 40.5]}",10.0,2026-04-23T21:42:07,VIRTUAL_ADRIATIC_SEA,Adriatic_Sea
VIRT_ADR_OT02,Virtual - ADR OT02,PREC,Precipitazione,mm,2026-04-23T21:30,0.0,40.5,18.1,99405181,"{""type"": ""Point"", ""coordinates"": [18.1, 40.5]}",10.0,2026-04-23T21:42:07,VIRTUAL_ADRIATIC_SEA,Adriatic_Sea
VIRT_ADR_OT03,Virtual - ADR OT03,TARIA2M,Temperatura aria a 2m,°C,2026-04-23T21:30,12.8,40.4,17.9,99404179,"{""type"": ""Point"", ""coordinates"": [17.9, 40.4]}",10.0,2026-04-23T21:42:07,VIRTUAL_ADRIATIC_SEA,Adriatic_Sea
VIRT_ADR_OT03,Virtual - ADR OT03,PRESS,Pressione atmosferica,hPa,2026-04-23T21:30,1010.4,40.4,17.9,99404179,"{""type"": ""Point"", ""coordinates"": [17.9, 40.4]}",10.0,2026-04-23T21:42:07,VIRTUAL_ADRIATIC_SEA,Adriatic_Sea
VIRT_ADR_OT03,Virtual - ADR OT03,VV,Velocità vento,m/s,2026-04-23T21:30,5.08,40.4,17.9,99404179,"{""type"": ""Point"", ""coordinates"": [17.9, 40.4]}",10.0,2026-04-23T21:42:07,VIRTUAL_ADRIATIC_SEA,Adriatic_Sea
VIRT_ADR_OT03,Virtual - ADR OT03,PREC,Precipitazione,mm,2026-04-23T21:30,0.0,40.4,17.9,99404179,"{""type"": ""Point"", ""coordinates"": [17.9, 40.4]}",10.0,2026-04-23T21:42:07,VIRTUAL_ADRIATIC_SEA,Adriatic_Sea
VIRT_ADR_OT04,Virtual - ADR OT04,TARIA2M,Temperatura aria a 2m,°C,2026-04-23T21:30,14.0,40.3,18.3,99403183,"{""type"": ""Point"", ""coordinates"": [18.3, 40.3]}",10.0,2026-04-23T21:42:07,VIRTUAL_ADRIATIC_SEA,Adriatic_Sea
VIRT_ADR_OT04,Virtual - ADR OT04,PRESS,Pressione atmosferica,hPa,2026-04-23T21:30,1011.0,40.3,18.3,99403183,"{""type"": ""Point"", ""coordinates"": [18.3, 40.3]}",10.0,2026-04-23T21:42:07,VIRTUAL_ADRIATIC_SEA,Adriatic_Sea
VIRT_ADR_OT04,Virtual - ADR OT04,VV,Velocità vento,m/s,2026-04-23T21:30,6.22,40.3,18.3,99403183,"{""type"": ""Point"", ""coordinates"": [18.3, 40.3]}",10.0,2026-04-23T21:42:07,VIRTUAL_ADRIATIC_SEA,Adriatic_Sea
VIRT_ADR_OT04,Virtual - ADR OT04,PREC,Precipitazione,mm,2026-04-23T21:30,0.0,40.3,18.3,99403183,"{""type"": ""Point"", ""coordinates"": [18.3, 40.3]}",10.0,2026-04-23T21:42:07,VIRTUAL_ADRIATIC_SEA,Adriatic_Sea
VIRT_ADR_OT05,Virtual - ADR OT05,TARIA2M,Temperatura aria a 2m,°C,2026-04-23T21:30,12.5,40.2,18.0,99402180,"{""type"": ""Point"", ""coordinates"": [18.0, 40.2]}",10.0,2026-04-23T21:42:07,VIRTUAL_ADRIATIC_SEA,Adriatic_Sea
VIRT_ADR_OT05,Virtual - ADR OT05,PRESS,Pressione atmosferica,hPa,2026-04-23T21:30,1011.9,40.2,18.0,99402180,"{""type"": ""Point"", ""coordinates"": [18.0, 40.2]}",10.0,2026-04-23T21:42:07,VIRTUAL_ADRIATIC_SEA,Adriatic_Sea
VIRT_ADR_OT05,Virtual - ADR OT05,VV,Velocità vento,m/s,2026-04-23T21:30,4.53,40.2,18.0,99402180,"{""type"": ""Point"", ""coordinates"": [18.0, 40.2]}",10.0,2026-04-23T21:42:07,VIRTUAL_ADRIATIC_SEA,Adriatic_Sea
VIRT_ADR_OT05,Virtual - ADR OT05,PREC,Precipitazione,mm,2026-04-23T21:30,0.0,40.2,18.0,99402180,"{""type"": ""Point"", ""coordinates"": [18.0, 40.2]}",10.0,2026-04-23T21:42:07,VIRTUAL_ADRIATIC_SEA,Adriatic_Sea
VIRT_ADR_OT06,Virtual - ADR OT06,TARIA2M,Temperatura aria a 2m,°C,2026-04-23T21:30,11.8,40.1,18.4,99401184,"{""type"": ""Point"", ""coordinates"": [18.4, 40.1]}",10.0,2026-04-23T21:42:07,VIRTUAL_ADRIATIC_SEA,Adriatic_Sea
VIRT_ADR_OT06,Virtual - ADR OT06,PRESS,Pressione atmosferica,hPa,2026-04-23T21:30,1002.7,40.1,18.4,99401184,"{""type"": ""Point"", ""coordinates"": [18.4, 40.1]}",10.0,2026-04-23T21:42:07,VIRTUAL_ADRIATIC_SEA,Adriatic_Sea
VIRT_ADR_OT06,Virtual - ADR OT06,VV,Velocità vento,m/s,2026-04-23T21:30,3.86,40.1,18.4,99401184,"{""type"": ""Point"", ""coordinates"": [18.4, 40.1]}",10.0,2026-04-23T21:42:07,VIRTUAL_ADRIATIC_SEA,Adriatic_Sea
VIRT_ADR_OT06,Virtual - ADR OT06,PREC,Precipitazione,mm,2026-04-23T21:30,0.0,40.1,18.4,99401184,"{""type"": ""Point"", ""coordinates"": [18.4, 40.1]}",10.0,2026-04-23T21:42:07,VIRTUAL_ADRIATIC_SEA,Adriatic_Sea
VIRT_ADR_OT07,Virtual - ADR OT07,TARIA2M,Temperatura aria a 2m,°C,2026-04-23T21:30,11.2,40.0,18.2,99400182,"{""type"": ""Point"", ""coordinates"": [18.2, 40.0]}",10.0,2026-04-23T21:42:07,VIRTUAL_ADRIATIC_SEA,Adriatic_Sea
VIRT_ADR_OT07,Virtual - ADR OT07,PRESS,Pressione atmosferica,hPa,2026-04-23T21:30,997.1,40.0,18.2,99400182,"{""type"": ""Point"", ""coordinates"": [18.2, 40.0]}",10.0,2026-04-23T21:42:07,VIRTUAL_ADRIATIC_SEA,Adriatic_Sea
VIRT_ADR_OT07,Virtual - ADR OT07,VV,Velocità vento,m/s,2026-04-23T21:30,4.25,40.0,18.2,99400182,"{""type"": ""Point"", ""coordinates"": [18.2, 40.0]}",10.0,2026-04-23T21:42:07,VIRTUAL_ADRIATIC_SEA,Adriatic_Sea
VIRT_ADR_OT07,Virtual - ADR OT07,PREC,Precipitazione,mm,2026-04-23T21:30,0.0,40.0,18.2,99400182,"{""type"": ""Point"", ""coordinates"": [18.2, 40.0]}",10.0,2026-04-23T21:42:07,VIRTUAL_ADRIATIC_SEA,Adriatic_Sea
VIRT_ADR_OT08,Virtual - ADR OT08,TARIA2M,Temperatura aria a 2m,°C,2026-04-23T21:30,14.8,39.9,18.5,99399185,"{""type"": ""Point"", ""coordinates"": [18.5, 39.9]}",10.0,2026-04-23T21:42:07,VIRTUAL_ADRIATIC_SEA,Adriatic_Sea
VIRT_ADR_OT08,Virtual - ADR OT08,PRESS,Pressione atmosferica,hPa,2026-04-23T21:30,1015.4,39.9,18.5,99399185,"{""type"": ""Point"", ""coordinates"": [18.5, 39.9]}",10.0,2026-04-23T21:42:07,VIRTUAL_ADRIATIC_SEA,Adriatic_Sea
VIRT_ADR_OT08,Virtual - ADR OT08,VV,Velocità vento,m/s,2026-04-23T21:30,8.97,39.9,18.5,99399185,"{""type"": ""Point"", ""coordinates"": [18.5, 39.9]}",10.0,2026-04-23T21:42:07,VIRTUAL_ADRIATIC_SEA,Adriatic_Sea
VIRT_ADR_OT08,Virtual - ADR OT08,PREC,Precipitazione,mm,2026-04-23T21:30,0.0,39.9,18.5,99399185,"{""type"": ""Point"", ""coordinates"": [18.5, 39.9]}",10.0,2026-04-23T21:42:07,VIRTUAL_ADRIATIC_SEA,Adriatic_Sea
VIRT_ADR_OT09,Virtual - ADR OT09,TARIA2M,Temperatura aria a 2m,°C,2026-04-23T21:30,13.5,39.8,18.3,99398183,"{""type"": ""Point"", ""coordinates"": [18.3, 39.8]}",10.0,2026-04-23T21:42:07,VIRTUAL_ADRIATIC_SEA,Adriatic_Sea
VIRT_ADR_OT09,Virtual - ADR OT09,PRESS,Pressione atmosferica,hPa,2026-04-23T21:30,1015.5,39.8,18.3,99398183,"{""type"": ""Point"", ""coordinates"": [18.3, 39.8]}",10.0,2026-04-23T21:42:07,VIRTUAL_ADRIATIC_SEA,Adriatic_Sea
VIRT_ADR_OT09,Virtual - ADR OT09,VV,Velocità vento,m/s,2026-04-23T21:30,7.08,39.8,18.3,99398183,"{""type"": ""Point"", ""coordinates"": [18.3, 39.8]}",10.0,2026-04-23T21:42:07,VIRTUAL_ADRIATIC_SEA,Adriatic_Sea
VIRT_ADR_OT09,Virtual - ADR OT09,PREC,Precipitazione,mm,2026-04-23T21:30,0.0,39.8,18.3,99398183,"{""type"": ""Point"", ""coordinates"": [18.3, 39.8]}",10.0,2026-04-23T21:42:07,VIRTUAL_ADRIATIC_SEA,Adriatic_Sea
VIRT_ADR_OT10,Virtual - ADR OT10,TARIA2M,Temperatura aria a 2m,°C,2026-04-23T21:30,15.8,39.7,18.6,99397186,"{""type"": ""Point"", ""coordinates"": [18.6, 39.7]}",10.0,2026-04-23T21:42:07,VIRTUAL_ADRIATIC_SEA,Adriatic_Sea
VIRT_ADR_OT10,Virtual - ADR OT10,PRESS,Pressione atmosferica,hPa,2026-04-23T21:30,1015.2,39.7,18.6,99397186,"{""type"": ""Point"", ""coordinates"": [18.6, 39.7]}",10.0,2026-04-23T21:42:07,VIRTUAL_ADRIATIC_SEA,Adriatic_Sea
VIRT_ADR_OT10,Virtual - ADR OT10,VV,Velocità vento,m/s,2026-04-23T21:30,11.64,39.7,18.6,99397186,"{""type"": ""Point"", ""coordinates"": [18.6, 39.7]}",10.0,2026-04-23T21:42:07,VIRTUAL_ADRIATIC_SEA,Adriatic_Sea
VIRT_ADR_OT10,Virtual - ADR OT10,PREC,Precipitazione,mm,2026-04-23T21:30,0.0,39.7,18.6,99397186,"{""type"": ""Point"", ""coordinates"": [18.6, 39.7]}",10.0,2026-04-23T21:42:07,VIRTUAL_ADRIATIC_SEA,Adriatic_Sea
VIRT_ADR_OT11,Virtual - ADR OT11,TARIA2M,Temperatura aria a 2m,°C,2026-04-23T21:30,16.0,40.5,18.5,99405185,"{""type"": ""Point"", ""coordinates"": [18.5, 40.5]}",10.0,2026-04-23T21:42:07,VIRTUAL_ADRIATIC_SEA,Adriatic_Sea
VIRT_ADR_OT11,Virtual - ADR OT11,PRESS,Pressione atmosferica,hPa,2026-04-23T21:30,1015.6,40.5,18.5,99405185,"{""type"": ""Point"", ""coordinates"": [18.5, 40.5]}",10.0,2026-04-23T21:42:07,VIRTUAL_ADRIATIC_SEA,Adriatic_Sea
VIRT_ADR_OT11,Virtual - ADR OT11,VV,Velocità vento,m/s,2026-04-23T21:30,11.97,40.5,18.5,99405185,"{""type"": ""Point"", ""coordinates"": [18.5, 40.5]}",10.0,2026-04-23T21:42:07,VIRTUAL_ADRIATIC_SEA,Adriatic_Sea
VIRT_ADR_OT11,Virtual - ADR OT11,PREC,Precipitazione,mm,2026-04-23T21:30,0.0,40.5,18.5,99405185,"{""type"": ""Point"", ""coordinates"": [18.5, 40.5]}",10.0,2026-04-23T21:42:07,VIRTUAL_ADRIATIC_SEA,Adriatic_Sea
VIRT_ADR_OT12,Virtual - ADR OT12,TARIA2M,Temperatura aria a 2m,°C,2026-04-23T21:30,16.1,40.3,18.7,99403187,"{""type"": ""Point"", ""coordinates"": [18.7, 40.3]}",10.0,2026-04-23T21:42:07,VIRTUAL_ADRIATIC_SEA,Adriatic_Sea
VIRT_ADR_OT12,Virtual - ADR OT12,PRESS,Pressione atmosferica,hPa,2026-04-23T21:30,1015.2,40.3,18.7,99403187,"{""type"": ""Point"", ""coordinates"": [18.7, 40.3]}",10.0,2026-04-23T21:42:07,VIRTUAL_ADRIATIC_SEA,Adriatic_Sea
VIRT_ADR_OT12,Virtual - ADR OT12,VV,Velocità vento,m/s,2026-04-23T21:30,12.36,40.3,18.7,99403187,"{""type"": ""Point"", ""coordinates"": [18.7, 40.3]}",10.0,2026-04-23T21:42:07,VIRTUAL_ADRIATIC_SEA,Adriatic_Sea
VIRT_ADR_OT12,Virtual - ADR OT12,PREC,Precipitazione,mm,2026-04-23T21:30,0.0,40.3,18.7,99403187,"{""type"": ""Point"", ""coordinates"": [18.7, 40.3]}",10.0,2026-04-23T21:42:07,VIRTUAL_ADRIATIC_SEA,Adriatic_Sea
VIRT_ADR_OT13,Virtual - ADR OT13,TARIA2M,Temperatura aria a 2m,°C,2026-04-23T21:30,16.1,40.1,18.8,99401188,"{""type"": ""Point"", ""coordinates"": [18.8, 40.1]}",10.0,2026-04-23T21:42:07,VIRTUAL_ADRIATIC_SEA,Adriatic_Sea
VIRT_ADR_OT13,Virtual - ADR OT13,PRESS,Pressione atmosferica,hPa,2026-04-23T21:30,1015.4,40.1,18.8,99401188,"{""type"": ""Point"", ""coordinates"": [18.8, 40.1]}",10.0,2026-04-23T21:42:07,VIRTUAL_ADRIATIC_SEA,Adriatic_Sea
VIRT_ADR_OT13,Virtual - ADR OT13,VV,Velocità vento,m/s,2026-04-23T21:30,10.86,40.1,18.8,99401188,"{""type"": ""Point"", ""coordinates"": [18.8, 40.1]}",10.0,2026-04-23T21:42:07,VIRTUAL_ADRIATIC_SEA,Adriatic_Sea
VIRT_ADR_OT13,Virtual - ADR OT13,PREC,Precipitazione,mm,2026-04-23T21:30,0.0,40.1,18.8,99401188,"{""type"": ""Point"", ""coordinates"": [18.8, 40.1]}",10.0,2026-04-23T21:42:07,VIRTUAL_ADRIATIC_SEA,Adriatic_Sea
VIRT_ADR_OT14,Virtual - ADR OT14,TARIA2M,Temperatura aria a 2m,°C,2026-04-23T21:30,16.2,39.9,18.9,99399189,"{""type"": ""Point"", ""coordinates"": [18.9, 39.9]}",10.0,2026-04-23T21:42:07,VIRTUAL_ADRIATIC_SEA,Adriatic_Sea
VIRT_ADR_OT14,Virtual - ADR OT14,PRESS,Pressione atmosferica,hPa,2026-04-23T21:30,1015.2,39.9,18.9,99399189,"{""type"": ""Point"", ""coordinates"": [18.9, 39.9]}",10.0,2026-04-23T21:42:07,VIRTUAL_ADRIATIC_SEA,Adriatic_Sea
VIRT_ADR_OT14,Virtual - ADR OT14,VV,Velocità vento,m/s,2026-04-23T21:30,11.72,39.9,18.9,99399189,"{""type"": ""Point"", ""coordinates"": [18.9, 39.9]}",10.0,2026-04-23T21:42:07,VIRTUAL_ADRIATIC_SEA,Adriatic_Sea
VIRT_ADR_OT14,Virtual - ADR OT14,PREC,Precipitazione,mm,2026-04-23T21:30,0.0,39.9,18.9,99399189,"{""type"": ""Point"", ""coordinates"": [18.9, 39.9]}",10.0,2026-04-23T21:42:07,VIRTUAL_ADRIATIC_SEA,Adriatic_Sea
VIRT_ADR_OT15,Virtual - ADR OT15,TARIA2M,Temperatura aria a 2m,°C,2026-04-23T21:30,16.3,39.7,19.0,99397190,"{""type"": ""Point"", ""coordinates"": [19.0, 39.7]}",10.0,2026-04-23T21:42:07,VIRTUAL_ADRIATIC_SEA,Adriatic_Sea
VIRT_ADR_OT15,Virtual - ADR OT15,PRESS,Pressione atmosferica,hPa,2026-04-23T21:30,1014.6,39.7,19.0,99397190,"{""type"": ""Point"", ""coordinates"": [19.0, 39.7]}",10.0,2026-04-23T21:42:07,VIRTUAL_ADRIATIC_SEA,Adriatic_Sea
VIRT_ADR_OT15,Virtual - ADR OT15,VV,Velocità vento,m/s,2026-04-23T21:30,13.25,39.7,19.0,99397190,"{""type"": ""Point"", ""coordinates"": [19.0, 39.7]}",10.0,2026-04-23T21:42:07,VIRTUAL_ADRIATIC_SEA,Adriatic_Sea
VIRT_ADR_OT15,Virtual - ADR OT15,PREC,Precipitazione,mm,2026-04-23T21:30,0.0,39.7,19.0,99397190,"{""type"": ""Point"", ""coordinates"": [19.0, 39.7]}",10.0,2026-04-23T21:42:07,VIRTUAL_ADRIATIC_SEA,Adriatic_Sea
VIRT_ADR_T01,Virtual - ADR T01,TARIA2M,Temperatura aria a 2m,°C,2026-04-23T21:30,15.5,44.5,14.6,99445146,"{""type"": ""Point"", ""coordinates"": [14.6, 44.5]}",10.0,2026-04-23T21:42:07,VIRTUAL_ADRIATIC_SEA,Adriatic_Sea
VIRT_ADR_T01,Virtual - ADR T01,PRESS,Pressione atmosferica,hPa,2026-04-23T21:30,1018.7,44.5,14.6,99445146,"{""type"": ""Point"", ""coordinates"": [14.6, 44.5]}",10.0,2026-04-23T21:42:07,VIRTUAL_ADRIATIC_SEA,Adriatic_Sea
VIRT_ADR_T01,Virtual - ADR T01,VV,Velocità vento,m/s,2026-04-23T21:30,6.61,44.5,14.6,99445146,"{""type"": ""Point"", ""coordinates"": [14.6, 44.5]}",10.0,2026-04-23T21:42:07,VIRTUAL_ADRIATIC_SEA,Adriatic_Sea
VIRT_ADR_T01,Virtual - ADR T01,PREC,Precipitazione,mm,2026-04-23T21:30,0.0,44.5,14.6,99445146,"{""type"": ""Point"", ""coordinates"": [14.6, 44.5]}",10.0,2026-04-23T21:42:07,VIRTUAL_ADRIATIC_SEA,Adriatic_Sea
VIRT_ADR_T02,Virtual - ADR T02,TARIA2M,Temperatura aria a 2m,°C,2026-04-23T21:30,16.0,44.0,14.8,99440148,"{""type"": ""Point"", ""coordinates"": [14.8, 44.0]}",10.0,2026-04-23T21:42:07,VIRTUAL_ADRIATIC_SEA,Adriatic_Sea
VIRT_ADR_T02,Virtual - ADR T02,PRESS,Pressione atmosferica,hPa,2026-04-23T21:30,1018.7,44.0,14.8,99440148,"{""type"": ""Point"", ""coordinates"": [14.8, 44.0]}",10.0,2026-04-23T21:42:07,VIRTUAL_ADRIATIC_SEA,Adriatic_Sea
VIRT_ADR_T02,Virtual - ADR T02,VV,Velocità vento,m/s,2026-04-23T21:30,7.92,44.0,14.8,99440148,"{""type"": ""Point"", ""coordinates"": [14.8, 44.0]}",10.0,2026-04-23T21:42:07,VIRTUAL_ADRIATIC_SEA,Adriatic_Sea
VIRT_ADR_T02,Virtual - ADR T02,PREC,Precipitazione,mm,2026-04-23T21:30,0.0,44.0,14.8,99440148,"{""type"": ""Point"", ""coordinates"": [14.8, 44.0]}",10.0,2026-04-23T21:42:07,VIRTUAL_ADRIATIC_SEA,Adriatic_Sea
VIRT_ADR_T03,Virtual - ADR T03,TARIA2M,Temperatura aria a 2m,°C,2026-04-23T21:30,15.9,43.5,15.3,99435153,"{""type"": ""Point"", ""coordinates"": [15.3, 43.5]}",10.0,2026-04-23T21:42:07,VIRTUAL_ADRIATIC_SEA,Adriatic_Sea
VIRT_ADR_T03,Virtual - ADR T03,PRESS,Pressione atmosferica,hPa,2026-04-23T21:30,1018.5,43.5,15.3,99435153,"{""type"": ""Point"", ""coordinates"": [15.3, 43.5]}",10.0,2026-04-23T21:42:07,VIRTUAL_ADRIATIC_SEA,Adriatic_Sea
VIRT_ADR_T03,Virtual - ADR T03,VV,Velocità vento,m/s,2026-04-23T21:30,9.03,43.5,15.3,99435153,"{""type"": ""Point"", ""coordinates"": [15.3, 43.5]}",10.0,2026-04-23T21:42:07,VIRTUAL_ADRIATIC_SEA,Adriatic_Sea
VIRT_ADR_T03,Virtual - ADR T03,PREC,Precipitazione,mm,2026-04-23T21:30,0.0,43.5,15.3,99435153,"{""type"": ""Point"", ""coordinates"": [15.3, 43.5]}",10.0,2026-04-23T21:42:07,VIRTUAL_ADRIATIC_SEA,Adriatic_Sea
VIRT_ADR_T04,Virtual - ADR T04,TARIA2M,Temperatura aria a 2m,°C,2026-04-23T21:30,16.2,43.0,15.8,99430158,"{""type"": ""Point"", ""coordinates"": [15.8, 43.0]}",10.0,2026-04-23T21:42:07,VIRTUAL_ADRIATIC_SEA,Adriatic_Sea
VIRT_ADR_T04,Virtual - ADR T04,PRESS,Pressione atmosferica,hPa,2026-04-23T21:30,1017.9,43.0,15.8,99430158,"{""type"": ""Point"", ""coordinates"": [15.8, 43.0]}",10.0,2026-04-23T21:42:07,VIRTUAL_ADRIATIC_SEA,Adriatic_Sea
VIRT_ADR_T04,Virtual - ADR T04,VV,Velocità vento,m/s,2026-04-23T21:30,8.92,43.0,15.8,99430158,"{""type"": ""Point"", ""coordinates"": [15.8, 43.0]}",10.0,2026-04-23T21:42:07,VIRTUAL_ADRIATIC_SEA,Adriatic_Sea
VIRT_ADR_T04,Virtual - ADR T04,PREC,Precipitazione,mm,2026-04-23T21:30,0.0,43.0,15.8,99430158,"{""type"": ""Point"", ""coordinates"": [15.8, 43.0]}",10.0,2026-04-23T21:42:07,VIRTUAL_ADRIATIC_SEA,Adriatic_Sea
VIRT_ADR_T05,Virtual - ADR T05,TARIA2M,Temperatura aria a 2m,°C,2026-04-23T21:30,16.3,42.5,16.3,99425163,"{""type"": ""Point"", ""coordinates"": [16.3, 42.5]}",10.0,2026-04-23T21:42:07,VIRTUAL_ADRIATIC_SEA,Adriatic_Sea
VIRT_ADR_T05,Virtual - ADR T05,PRESS,Pressione atmosferica,hPa,2026-04-23T21:30,1017.6,42.5,16.3,99425163,"{""type"": ""Point"", ""coordinates"": [16.3, 42.5]}",10.0,2026-04-23T21:42:07,VIRTUAL_ADRIATIC_SEA,Adriatic_Sea
VIRT_ADR_T05,Virtual - ADR T05,VV,Velocità vento,m/s,2026-04-23T21:30,10.78,42.5,16.3,99425163,"{""type"": ""Point"", ""coordinates"": [16.3, 42.5]}",10.0,2026-04-23T21:42:07,VIRTUAL_ADRIATIC_SEA,Adriatic_Sea
VIRT_ADR_T05,Virtual - ADR T05,PREC,Precipitazione,mm,2026-04-23T21:30,0.0,42.5,16.3,99425163,"{""type"": ""Point"", ""coordinates"": [16.3, 42.5]}",10.0,2026-04-23T21:42:07,VIRTUAL_ADRIATIC_SEA,Adriatic_Sea
VIRT_ADR_T06,Virtual - ADR T06,TARIA2M,Temperatura aria a 2m,°C,2026-04-23T21:30,16.2,42.0,16.6,99420166,"{""type"": ""Point"", ""coordinates"": [16.6, 42.0]}",10.0,2026-04-23T21:42:07,VIRTUAL_ADRIATIC_SEA,Adriatic_Sea
VIRT_ADR_T06,Virtual - ADR T06,PRESS,Pressione atmosferica,hPa,2026-04-23T21:30,1017.6,42.0,16.6,99420166,"{""type"": ""Point"", ""coordinates"": [16.6, 42.0]}",10.0,2026-04-23T21:42:07,VIRTUAL_ADRIATIC_SEA,Adriatic_Sea
VIRT_ADR_T06,Virtual - ADR T06,VV,Velocità vento,m/s,2026-04-23T21:30,11.03,42.0,16.6,99420166,"{""type"": ""Point"", ""coordinates"": [16.6, 42.0]}",10.0,2026-04-23T21:42:07,VIRTUAL_ADRIATIC_SEA,Adriatic_Sea
VIRT_ADR_T06,Virtual - ADR T06,PREC,Precipitazione,mm,2026-04-23T21:30,0.0,42.0,16.6,99420166,"{""type"": ""Point"", ""coordinates"": [16.6, 42.0]}",10.0,2026-04-23T21:42:07,VIRTUAL_ADRIATIC_SEA,Adriatic_Sea
VIRT_ADR_T07,Virtual - ADR T07,TARIA2M,Temperatura aria a 2m,°C,2026-04-23T21:30,16.1,41.5,17.0,99415170,"{""type"": ""Point"", ""coordinates"": [17.0, 41.5]}",10.0,2026-04-23T21:42:07,VIRTUAL_ADRIATIC_SEA,Adriatic_Sea
VIRT_ADR_T07,Virtual - ADR T07,PRESS,Pressione atmosferica,hPa,2026-04-23T21:30,1017.1,41.5,17.0,99415170,"{""type"": ""Point"", ""coordinates"": [17.0, 41.5]}",10.0,2026-04-23T21:42:07,VIRTUAL_ADRIATIC_SEA,Adriatic_Sea
VIRT_ADR_T07,Virtual - ADR T07,VV,Velocità vento,m/s,2026-04-23T21:30,12.94,41.5,17.0,99415170,"{""type"": ""Point"", ""coordinates"": [17.0, 41.5]}",10.0,2026-04-23T21:42:07,VIRTUAL_ADRIATIC_SEA,Adriatic_Sea
VIRT_ADR_T07,Virtual - ADR T07,PREC,Precipitazione,mm,2026-04-23T21:30,0.0,41.5,17.0,99415170,"{""type"": ""Point"", ""coordinates"": [17.0, 41.5]}",10.0,2026-04-23T21:42:07,VIRTUAL_ADRIATIC_SEA,Adriatic_Sea
VIRT_ADR_T08,Virtual - ADR T08,TARIA2M,Temperatura aria a 2m,°C,2026-04-23T21:30,16.1,41.0,17.6,99410176,"{""type"": ""Point"", ""coordinates"": [17.6, 41.0]}",10.0,2026-04-23T21:42:07,VIRTUAL_ADRIATIC_SEA,Adriatic_Sea
VIRT_ADR_T08,Virtual - ADR T08,PRESS,Pressione atmosferica,hPa,2026-04-23T21:30,1016.8,41.0,17.6,99410176,"{""type"": ""Point"", ""coordinates"": [17.6, 41.0]}",10.0,2026-04-23T21:42:07,VIRTUAL_ADRIATIC_SEA,Adriatic_Sea
VIRT_ADR_T08,Virtual - ADR T08,VV,Velocità vento,m/s,2026-04-23T21:30,11.69,41.0,17.6,99410176,"{""type"": ""Point"", ""coordinates"": [17.6, 41.0]}",10.0,2026-04-23T21:42:07,VIRTUAL_ADRIATIC_SEA,Adriatic_Sea
VIRT_ADR_T08,Virtual - ADR T08,PREC,Precipitazione,mm,2026-04-23T21:30,0.0,41.0,17.6,99410176,"{""type"": ""Point"", ""coordinates"": [17.6, 41.0]}",10.0,2026-04-23T21:42:07,VIRTUAL_ADRIATIC_SEA,Adriatic_Sea
VIRT_ADR_T09,Virtual - ADR T09,TARIA2M,Temperatura aria a 2m,°C,2026-04-23T21:30,15.5,40.5,18.3,99405183,"{""type"": ""Point"", ""coordinates"": [18.3, 40.5]}",10.0,2026-04-23T21:42:07,VIRTUAL_ADRIATIC_SEA,Adriatic_Sea
VIRT_ADR_T09,Virtual - ADR T09,PRESS,Pressione atmosferica,hPa,2026-04-23T21:30,1015.9,40.5,18.3,99405183,"{""type"": ""Point"", ""coordinates"": [18.3, 40.5]}",10.0,2026-04-23T21:42:07,VIRTUAL_ADRIATIC_SEA,Adriatic_Sea
VIRT_ADR_T09,Virtual - ADR T09,VV,Velocità vento,m/s,2026-04-23T21:30,9.03,40.5,18.3,99405183,"{""type"": ""Point"", ""coordinates"": [18.3, 40.5]}",10.0,2026-04-23T21:42:07,VIRTUAL_ADRIATIC_SEA,Adriatic_Sea
VIRT_ADR_T09,Virtual - ADR T09,PREC,Precipitazione,mm,2026-04-23T21:30,0.0,40.5,18.3,99405183,"{""type"": ""Point"", ""coordinates"": [18.3, 40.5]}",10.0,2026-04-23T21:42:07,VIRTUAL_ADRIATIC_SEA,Adriatic_Sea
VIRT_ADR_T10,Virtual - ADR T10,TARIA2M,Temperatura aria a 2m,°C,2026-04-23T21:30,16.0,40.0,18.7,99400187,"{""type"": ""Point"", ""coordinates"": [18.7, 40.0]}",10.0,2026-04-23T21:42:07,VIRTUAL_ADRIATIC_SEA,Adriatic_Sea
VIRT_ADR_T10,Virtual - ADR T10,PRESS,Pressione atmosferica,hPa,2026-04-23T21:30,1015.4,40.0,18.7,99400187,"{""type"": ""Point"", ""coordinates"": [18.7, 40.0]}",10.0,2026-04-23T21:42:07,VIRTUAL_ADRIATIC_SEA,Adriatic_Sea
VIRT_ADR_T10,Virtual - ADR T10,VV,Velocità vento,m/s,2026-04-23T21:30,11.17,40.0,18.7,99400187,"{""type"": ""Point"", ""coordinates"": [18.7, 40.0]}",10.0,2026-04-23T21:42:07,VIRTUAL_ADRIATIC_SEA,Adriatic_Sea
VIRT_ADR_T10,Virtual - ADR T10,PREC,Precipitazione,mm,2026-04-23T21:30,0.0,40.0,18.7,99400187,"{""type"": ""Point"", ""coordinates"": [18.7, 40.0]}",10.0,2026-04-23T21:42:07,VIRTUAL_ADRIATIC_SEA,Adriatic_Sea
VIRT_ADR_X01,Virtual - ADR X01,TARIA2M,Temperatura aria a 2m,°C,2026-04-23T21:30,15.7,45.45,13.35,9945451335,"{""type"": ""Point"", ""coordinates"": [13.35, 45.45]}",10.0,2026-04-23T21:42:07,VIRTUAL_ADRIATIC_SEA,Adriatic_Sea
VIRT_ADR_X01,Virtual - ADR X01,PRESS,Pressione atmosferica,hPa,2026-04-23T21:30,1019.0,45.45,13.35,9945451335,"{""type"": ""Point"", ""coordinates"": [13.35, 45.45]}",10.0,2026-04-23T21:42:07,VIRTUAL_ADRIATIC_SEA,Adriatic_Sea
VIRT_ADR_X01,Virtual - ADR X01,VV,Velocità vento,m/s,2026-04-23T21:30,2.25,45.45,13.35,9945451335,"{""type"": ""Point"", ""coordinates"": [13.35, 45.45]}",10.0,2026-04-23T21:42:07,VIRTUAL_ADRIATIC_SEA,Adriatic_Sea
VIRT_ADR_X01,Virtual - ADR X01,PREC,Precipitazione,mm,2026-04-23T21:30,0.0,45.45,13.35,9945451335,"{""type"": ""Point"", ""coordinates"": [13.35, 45.45]}",10.0,2026-04-23T21:42:07,VIRTUAL_ADRIATIC_SEA,Adriatic_Sea
VIRT_ADR_X02,Virtual - ADR X02,TARIA2M,Temperatura aria a 2m,°C,2026-04-23T21:30,15.3,44.65,13.95,9944651395,"{""type"": ""Point"", ""coordinates"": [13.95, 44.65]}",10.0,2026-04-23T21:42:07,VIRTUAL_ADRIATIC_SEA,Adriatic_Sea
VIRT_ADR_X02,Virtual - ADR X02,PRESS,Pressione atmosferica,hPa,2026-04-23T21:30,1019.2,44.65,13.95,9944651395,"{""type"": ""Point"", ""coordinates"": [13.95, 44.65]}",10.0,2026-04-23T21:42:07,VIRTUAL_ADRIATIC_SEA,Adriatic_Sea
VIRT_ADR_X02,Virtual - ADR X02,VV,Velocità vento,m/s,2026-04-23T21:30,4.42,44.65,13.95,9944651395,"{""type"": ""Point"", ""coordinates"": [13.95, 44.65]}",10.0,2026-04-23T21:42:07,VIRTUAL_ADRIATIC_SEA,Adriatic_Sea
VIRT_ADR_X02,Virtual - ADR X02,PREC,Precipitazione,mm,2026-04-23T21:30,0.0,44.65,13.95,9944651395,"{""type"": ""Point"", ""coordinates"": [13.95, 44.65]}",10.0,2026-04-23T21:42:07,VIRTUAL_ADRIATIC_SEA,Adriatic_Sea
VIRT_ADR_X03,Virtual - ADR X03,TARIA2M,Temperatura aria a 2m,°C,2026-04-23T21:30,16.0,44.15,14.45,9944151445,"{""type"": ""Point"", ""coordinates"": [14.45, 44.15]}",10.0,2026-04-23T21:42:07,VIRTUAL_ADRIATIC_SEA,Adriatic_Sea
VIRT_ADR_X03,Virtual - ADR X03,PRESS,Pressione atmosferica,hPa,2026-04-23T21:30,1018.9,44.15,14.45,9944151445,"{""type"": ""Point"", ""coordinates"": [14.45, 44.15]}",10.0,2026-04-23T21:42:07,VIRTUAL_ADRIATIC_SEA,Adriatic_Sea
VIRT_ADR_X03,Virtual - ADR X03,VV,Velocità vento,m/s,2026-04-23T21:30,6.81,44.15,14.45,9944151445,"{""type"": ""Point"", ""coordinates"": [14.45, 44.15]}",10.0,2026-04-23T21:42:07,VIRTUAL_ADRIATIC_SEA,Adriatic_Sea
VIRT_ADR_X03,Virtual - ADR X03,PREC,Precipitazione,mm,2026-04-23T21:30,0.0,44.15,14.45,9944151445,"{""type"": ""Point"", ""coordinates"": [14.45, 44.15]}",10.0,2026-04-23T21:42:07,VIRTUAL_ADRIATIC_SEA,Adriatic_Sea
VIRT_ADR_X04,Virtual - ADR X04,TARIA2M,Temperatura aria a 2m,°C,2026-04-23T21:30,15.9,43.65,14.95,9943651495,"{""type"": ""Point"", ""coordinates"": [14.95, 43.65]}",10.0,2026-04-23T21:42:07,VIRTUAL_ADRIATIC_SEA,Adriatic_Sea
VIRT_ADR_X04,Virtual - ADR X04,PRESS,Pressione atmosferica,hPa,2026-04-23T21:30,1018.7,43.65,14.95,9943651495,"{""type"": ""Point"", ""coordinates"": [14.95, 43.65]}",10.0,2026-04-23T21:42:07,VIRTUAL_ADRIATIC_SEA,Adriatic_Sea
VIRT_ADR_X04,Virtual - ADR X04,VV,Velocità vento,m/s,2026-04-23T21:30,7.86,43.65,14.95,9943651495,"{""type"": ""Point"", ""coordinates"": [14.95, 43.65]}",10.0,2026-04-23T21:42:07,VIRTUAL_ADRIATIC_SEA,Adriatic_Sea
VIRT_ADR_X04,Virtual - ADR X04,PREC,Precipitazione,mm,2026-04-23T21:30,0.0,43.65,14.95,9943651495,"{""type"": ""Point"", ""coordinates"": [14.95, 43.65]}",10.0,2026-04-23T21:42:07,VIRTUAL_ADRIATIC_SEA,Adriatic_Sea
VIRT_ADR_X05,Virtual - ADR X05,TARIA2M,Temperatura aria a 2m,°C,2026-04-23T21:30,16.1,43.15,15.35,9943151535,"{""type"": ""Point"", ""coordinates"": [15.35, 43.15]}",10.0,2026-04-23T21:42:07,VIRTUAL_ADRIATIC_SEA,Adriatic_Sea
VIRT_ADR_X05,Virtual - ADR X05,PRESS,Pressione atmosferica,hPa,2026-04-23T21:30,1018.4,43.15,15.35,9943151535,"{""type"": ""Point"", ""coordinates"": [15.35, 43.15]}",10.0,2026-04-23T21:42:07,VIRTUAL_ADRIATIC_SEA,Adriatic_Sea
VIRT_ADR_X05,Virtual - ADR X05,VV,Velocità vento,m/s,2026-04-23T21:30,9.69,43.15,15.35,9943151535,"{""type"": ""Point"", ""coordinates"": [15.35, 43.15]}",10.0,2026-04-23T21:42:07,VIRTUAL_ADRIATIC_SEA,Adriatic_Sea
VIRT_ADR_X05,Virtual - ADR X05,PREC,Precipitazione,mm,2026-04-23T21:30,0.0,43.15,15.35,9943151535,"{""type"": ""Point"", ""coordinates"": [15.35, 43.15]}",10.0,2026-04-23T21:42:07,VIRTUAL_ADRIATIC_SEA,Adriatic_Sea
VIRT_ADR_X06,Virtual - ADR X06,TARIA2M,Temperatura aria a 2m,°C,2026-04-23T21:30,16.2,42.65,15.75,9942651575,"{""type"": ""Point"", ""coordinates"": [15.75, 42.65]}",10.0,2026-04-23T21:42:07,VIRTUAL_ADRIATIC_SEA,Adriatic_Sea
VIRT_ADR_X06,Virtual - ADR X06,PRESS,Pressione atmosferica,hPa,2026-04-23T21:30,1018.2,42.65,15.75,9942651575,"{""type"": ""Point"", ""coordinates"": [15.75, 42.65]}",10.0,2026-04-23T21:42:07,VIRTUAL_ADRIATIC_SEA,Adriatic_Sea
VIRT_ADR_X06,Virtual - ADR X06,VV,Velocità vento,m/s,2026-04-23T21:30,9.58,42.65,15.75,9942651575,"{""type"": ""Point"", ""coordinates"": [15.75, 42.65]}",10.0,2026-04-23T21:42:07,VIRTUAL_ADRIATIC_SEA,Adriatic_Sea
VIRT_ADR_X06,Virtual - ADR X06,PREC,Precipitazione,mm,2026-04-23T21:30,0.0,42.65,15.75,9942651575,"{""type"": ""Point"", ""coordinates"": [15.75, 42.65]}",10.0,2026-04-23T21:42:07,VIRTUAL_ADRIATIC_SEA,Adriatic_Sea
VIRT_ADR_X07,Virtual - ADR X07,TARIA2M,Temperatura aria a 2m,°C,2026-04-23T21:30,16.1,42.15,16.15,9942151615,"{""type"": ""Point"", ""coordinates"": [16.15, 42.15]}",10.0,2026-04-23T21:42:07,VIRTUAL_ADRIATIC_SEA,Adriatic_Sea
VIRT_ADR_X07,Virtual - ADR X07,PRESS,Pressione atmosferica,hPa,2026-04-23T21:30,1018.2,42.15,16.15,9942151615,"{""type"": ""Point"", ""coordinates"": [16.15, 42.15]}",10.0,2026-04-23T21:42:07,VIRTUAL_ADRIATIC_SEA,Adriatic_Sea
VIRT_ADR_X07,Virtual - ADR X07,VV,Velocità vento,m/s,2026-04-23T21:30,10.42,42.15,16.15,9942151615,"{""type"": ""Point"", ""coordinates"": [16.15, 42.15]}",10.0,2026-04-23T21:42:07,VIRTUAL_ADRIATIC_SEA,Adriatic_Sea
VIRT_ADR_X07,Virtual - ADR X07,PREC,Precipitazione,mm,2026-04-23T21:30,0.0,42.15,16.15,9942151615,"{""type"": ""Point"", ""coordinates"": [16.15, 42.15]}",10.0,2026-04-23T21:42:07,VIRTUAL_ADRIATIC_SEA,Adriatic_Sea
VIRT_ADR_X08,Virtual - ADR X08,TARIA2M,Temperatura aria a 2m,°C,2026-04-23T21:30,15.9,41.65,16.55,9941651655,"{""type"": ""Point"", ""coordinates"": [16.55, 41.65]}",10.0,2026-04-23T21:42:07,VIRTUAL_ADRIATIC_SEA,Adriatic_Sea
VIRT_ADR_X08,Virtual - ADR X08,PRESS,Pressione atmosferica,hPa,2026-04-23T21:30,1017.8,41.65,16.55,9941651655,"{""type"": ""Point"", ""coordinates"": [16.55, 41.65]}",10.0,2026-04-23T21:42:07,VIRTUAL_ADRIATIC_SEA,Adriatic_Sea
VIRT_ADR_X08,Virtual - ADR X08,VV,Velocità vento,m/s,2026-04-23T21:30,11.53,41.65,16.55,9941651655,"{""type"": ""Point"", ""coordinates"": [16.55, 41.65]}",10.0,2026-04-23T21:42:07,VIRTUAL_ADRIATIC_SEA,Adriatic_Sea
VIRT_ADR_X08,Virtual - ADR X08,PREC,Precipitazione,mm,2026-04-23T21:30,0.0,41.65,16.55,9941651655,"{""type"": ""Point"", ""coordinates"": [16.55, 41.65]}",10.0,2026-04-23T21:42:07,VIRTUAL_ADRIATIC_SEA,Adriatic_Sea
VIRT_ADR_X09,Virtual - ADR X09,TARIA2M,Temperatura aria a 2m,°C,2026-04-23T21:30,16.1,41.15,17.25,9941151725,"{""type"": ""Point"", ""coordinates"": [17.25, 41.15]}",10.0,2026-04-23T21:42:07,VIRTUAL_ADRIATIC_SEA,Adriatic_Sea
VIRT_ADR_X09,Virtual - ADR X09,PRESS,Pressione atmosferica,hPa,2026-04-23T21:30,1017.1,41.15,17.25,9941151725,"{""type"": ""Point"", ""coordinates"": [17.25, 41.15]}",10.0,2026-04-23T21:42:07,VIRTUAL_ADRIATIC_SEA,Adriatic_Sea
VIRT_ADR_X09,Virtual - ADR X09,VV,Velocità vento,m/s,2026-04-23T21:30,11.86,41.15,17.25,9941151725,"{""type"": ""Point"", ""coordinates"": [17.25, 41.15]}",10.0,2026-04-23T21:42:07,VIRTUAL_ADRIATIC_SEA,Adriatic_Sea
VIRT_ADR_X09,Virtual - ADR X09,PREC,Precipitazione,mm,2026-04-23T21:30,0.0,41.15,17.25,9941151725,"{""type"": ""Point"", ""coordinates"": [17.25, 41.15]}",10.0,2026-04-23T21:42:07,VIRTUAL_ADRIATIC_SEA,Adriatic_Sea
VIRT_ADR_X10,Virtual - ADR X10,TARIA2M,Temperatura aria a 2m,°C,2026-04-23T21:30,15.0,40.65,17.95,9940651795,"{""type"": ""Point"", ""coordinates"": [17.95, 40.65]}",10.0,2026-04-23T21:42:07,VIRTUAL_ADRIATIC_SEA,Adriatic_Sea
VIRT_ADR_X10,Virtual - ADR X10,PRESS,Pressione atmosferica,hPa,2026-04-23T21:30,1014.9,40.65,17.95,9940651795,"{""type"": ""Point"", ""coordinates"": [17.95, 40.65]}",10.0,2026-04-23T21:42:07,VIRTUAL_ADRIATIC_SEA,Adriatic_Sea
VIRT_ADR_X10,Virtual - ADR X10,VV,Velocità vento,m/s,2026-04-23T21:30,6.03,40.65,17.95,9940651795,"{""type"": ""Point"", ""coordinates"": [17.95, 40.65]}",10.0,2026-04-23T21:42:07,VIRTUAL_ADRIATIC_SEA,Adriatic_Sea
VIRT_ADR_X10,Virtual - ADR X10,PREC,Precipitazione,mm,2026-04-23T21:30,0.0,40.65,17.95,9940651795,"{""type"": ""Point"", ""coordinates"": [17.95, 40.65]}",10.0,2026-04-23T21:42:07,VIRTUAL_ADRIATIC_SEA,Adriatic_Sea
VIRT_ADR_X11,Virtual - ADR X11,TARIA2M,Temperatura aria a 2m,°C,2026-04-23T21:30,15.9,40.15,18.55,9940151855,"{""type"": ""Point"", ""coordinates"": [18.55, 40.15]}",10.0,2026-04-23T21:42:07,VIRTUAL_ADRIATIC_SEA,Adriatic_Sea
VIRT_ADR_X11,Virtual - ADR X11,PRESS,Pressione atmosferica,hPa,2026-04-23T21:30,1015.4,40.15,18.55,9940151855,"{""type"": ""Point"", ""coordinates"": [18.55, 40.15]}",10.0,2026-04-23T21:42:07,VIRTUAL_ADRIATIC_SEA,Adriatic_Sea
VIRT_ADR_X11,Virtual - ADR X11,VV,Velocità vento,m/s,2026-04-23T21:30,10.08,40.15,18.55,9940151855,"{""type"": ""Point"", ""coordinates"": [18.55, 40.15]}",10.0,2026-04-23T21:42:07,VIRTUAL_ADRIATIC_SEA,Adriatic_Sea
VIRT_ADR_X11,Virtual - ADR X11,PREC,Precipitazione,mm,2026-04-23T21:30,0.0,40.15,18.55,9940151855,"{""type"": ""Point"", ""coordinates"": [18.55, 40.15]}",10.0,2026-04-23T21:42:07,VIRTUAL_ADRIATIC_SEA,Adriatic_Sea
VIRT_ADR_X12,Virtual - ADR X12,TARIA2M,Temperatura aria a 2m,°C,2026-04-23T21:30,16.1,39.85,18.75,9939851875,"{""type"": ""Point"", ""coordinates"": [18.75, 39.85]}",10.0,2026-04-23T21:42:07,VIRTUAL_ADRIATIC_SEA,Adriatic_Sea
VIRT_ADR_X12,Virtual - ADR X12,PRESS,Pressione atmosferica,hPa,2026-04-23T21:30,1015.3,39.85,18.75,9939851875,"{""type"": ""Point"", ""coordinates"": [18.75, 39.85]}",10.0,2026-04-23T21:42:07,VIRTUAL_ADRIATIC_SEA,Adriatic_Sea
VIRT_ADR_X12,Virtual - ADR X12,VV,Velocità vento,m/s,2026-04-23T21:30,11.75,39.85,18.75,9939851875,"{""type"": ""Point"", ""coordinates"": [18.75, 39.85]}",10.0,2026-04-23T21:42:07,VIRTUAL_ADRIATIC_SEA,Adriatic_Sea
VIRT_ADR_X12,Virtual - ADR X12,PREC,Precipitazione,mm,2026-04-23T21:30,0.0,39.85,18.75,9939851875,"{""type"": ""Point"", ""coordinates"": [18.75, 39.85]}",10.0,2026-04-23T21:42:07,VIRTUAL_ADRIATIC_SEA,Adriatic_Sea
VIRT_ADR_X13,Virtual - ADR X13,TARIA2M,Temperatura aria a 2m,°C,2026-04-23T21:30,14.9,44.85,14.15,9944851415,"{""type"": ""Point"", ""coordinates"": [14.15, 44.85]}",10.0,2026-04-23T21:42:07,VIRTUAL_ADRIATIC_SEA,Adriatic_Sea
VIRT_ADR_X13,Virtual - ADR X13,PRESS,Pressione atmosferica,hPa,2026-04-23T21:30,1019.1,44.85,14.15,9944851415,"{""type"": ""Point"", ""coordinates"": [14.15, 44.85]}",10.0,2026-04-23T21:42:07,VIRTUAL_ADRIATIC_SEA,Adriatic_Sea
VIRT_ADR_X13,Virtual - ADR X13,VV,Velocità vento,m/s,2026-04-23T21:30,4.86,44.85,14.15,9944851415,"{""type"": ""Point"", ""coordinates"": [14.15, 44.85]}",10.0,2026-04-23T21:42:07,VIRTUAL_ADRIATIC_SEA,Adriatic_Sea
VIRT_ADR_X13,Virtual - ADR X13,PREC,Precipitazione,mm,2026-04-23T21:30,0.0,44.85,14.15,9944851415,"{""type"": ""Point"", ""coordinates"": [14.15, 44.85]}",10.0,2026-04-23T21:42:07,VIRTUAL_ADRIATIC_SEA,Adriatic_Sea
VIRT_ADR_X14,Virtual - ADR X14,TARIA2M,Temperatura aria a 2m,°C,2026-04-23T21:30,15.9,43.85,14.75,9943851475,"{""type"": ""Point"", ""coordinates"": [14.75, 43.85]}",10.0,2026-04-23T21:42:07,VIRTUAL_ADRIATIC_SEA,Adriatic_Sea
VIRT_ADR_X14,Virtual - ADR X14,PRESS,Pressione atmosferica,hPa,2026-04-23T21:30,1018.8,43.85,14.75,9943851475,"{""type"": ""Point"", ""coordinates"": [14.75, 43.85]}",10.0,2026-04-23T21:42:07,VIRTUAL_ADRIATIC_SEA,Adriatic_Sea
VIRT_ADR_X14,Virtual - ADR X14,VV,Velocità vento,m/s,2026-04-23T21:30,7.08,43.85,14.75,9943851475,"{""type"": ""Point"", ""coordinates"": [14.75, 43.85]}",10.0,2026-04-23T21:42:07,VIRTUAL_ADRIATIC_SEA,Adriatic_Sea
VIRT_ADR_X14,Virtual - ADR X14,PREC,Precipitazione,mm,2026-04-23T21:30,0.0,43.85,14.75,9943851475,"{""type"": ""Point"", ""coordinates"": [14.75, 43.85]}",10.0,2026-04-23T21:42:07,VIRTUAL_ADRIATIC_SEA,Adriatic_Sea
VIRT_ADR_X15,Virtual - ADR X15,TARIA2M,Temperatura aria a 2m,°C,2026-04-23T21:30,16.2,42.85,15.65,9942851565,"{""type"": ""Point"", ""coordinates"": [15.65, 42.85]}",10.0,2026-04-23T21:42:07,VIRTUAL_ADRIATIC_SEA,Adriatic_Sea
VIRT_ADR_X15,Virtual - ADR X15,PRESS,Pressione atmosferica,hPa,2026-04-23T21:30,1018.2,42.85,15.65,9942851565,"{""type"": ""Point"", ""coordinates"": [15.65, 42.85]}",10.0,2026-04-23T21:42:07,VIRTUAL_ADRIATIC_SEA,Adriatic_Sea
VIRT_ADR_X15,Virtual - ADR X15,VV,Velocità vento,m/s,2026-04-23T21:30,10.22,42.85,15.65,9942851565,"{""type"": ""Point"", ""coordinates"": [15.65, 42.85]}",10.0,2026-04-23T21:42:07,VIRTUAL_ADRIATIC_SEA,Adriatic_Sea
VIRT_ADR_X15,Virtual - ADR X15,PREC,Precipitazione,mm,2026-04-23T21:30,0.0,42.85,15.65,9942851565,"{""type"": ""Point"", ""coordinates"": [15.65, 42.85]}",10.0,2026-04-23T21:42:07,VIRTUAL_ADRIATIC_SEA,Adriatic_Sea
VIRT_BAL_SLO01,Virtual - BAL SLO01,TARIA2M,Temperatura aria a 2m,°C,2026-04-23T21:30,11.8,45.54,13.72,9945541372,"{""type"": ""Point"", ""coordinates"": [13.72, 45.54]}",10.0,2026-04-23T21:42:07,VIRTUAL_SLOVENIA,Slovenia
VIRT_BAL_SLO01,Virtual - BAL SLO01,PRESS,Pressione atmosferica,hPa,2026-04-23T21:30,1018.9,45.54,13.72,9945541372,"{""type"": ""Point"", ""coordinates"": [13.72, 45.54]}",10.0,2026-04-23T21:42:07,VIRTUAL_SLOVENIA,Slovenia
VIRT_BAL_SLO01,Virtual - BAL SLO01,VV,Velocità vento,m/s,2026-04-23T21:30,1.36,45.54,13.72,9945541372,"{""type"": ""Point"", ""coordinates"": [13.72, 45.54]}",10.0,2026-04-23T21:42:07,VIRTUAL_SLOVENIA,Slovenia
VIRT_BAL_SLO01,Virtual - BAL SLO01,PREC,Precipitazione,mm,2026-04-23T21:30,0.0,45.54,13.72,9945541372,"{""type"": ""Point"", ""coordinates"": [13.72, 45.54]}",10.0,2026-04-23T21:42:07,VIRTUAL_SLOVENIA,Slovenia
VIRT_BAL_SLO02,Virtual - BAL SLO02,TARIA2M,Temperatura aria a 2m,°C,2026-04-23T21:30,13.8,45.5,13.6,99455136,"{""type"": ""Point"", ""coordinates"": [13.6, 45.5]}",10.0,2026-04-23T21:42:07,VIRTUAL_SLOVENIA,Slovenia
VIRT_BAL_SLO02,Virtual - BAL SLO02,PRESS,Pressione atmosferica,hPa,2026-04-23T21:30,1016.4,45.5,13.6,99455136,"{""type"": ""Point"", ""coordinates"": [13.6, 45.5]}",10.0,2026-04-23T21:42:07,VIRTUAL_SLOVENIA,Slovenia
VIRT_BAL_SLO02,Virtual - BAL SLO02,VV,Velocità vento,m/s,2026-04-23T21:30,2.11,45.5,13.6,99455136,"{""type"": ""Point"", ""coordinates"": [13.6, 45.5]}",10.0,2026-04-23T21:42:07,VIRTUAL_SLOVENIA,Slovenia
VIRT_BAL_SLO02,Virtual - BAL SLO02,PREC,Precipitazione,mm,2026-04-23T21:30,0.0,45.5,13.6,99455136,"{""type"": ""Point"", ""coordinates"": [13.6, 45.5]}",10.0,2026-04-23T21:42:07,VIRTUAL_SLOVENIA,Slovenia
VIRT_BAL_CRO01,Virtual - BAL CRO01,TARIA2M,Temperatura aria a 2m,°C,2026-04-23T21:30,16.6,45.33,14.44,9945331444,"{""type"": ""Point"", ""coordinates"": [14.44, 45.33]}",10.0,2026-04-23T21:42:07,VIRTUAL_CROATIA,Croatia
VIRT_BAL_CRO01,Virtual - BAL CRO01,PRESS,Pressione atmosferica,hPa,2026-04-23T21:30,1012.7,45.33,14.44,9945331444,"{""type"": ""Point"", ""coordinates"": [14.44, 45.33]}",10.0,2026-04-23T21:42:07,VIRTUAL_CROATIA,Croatia
VIRT_BAL_CRO01,Virtual - BAL CRO01,VV,Velocità vento,m/s,2026-04-23T21:30,5.39,45.33,14.44,9945331444,"{""type"": ""Point"", ""coordinates"": [14.44, 45.33]}",10.0,2026-04-23T21:42:07,VIRTUAL_CROATIA,Croatia
VIRT_BAL_CRO01,Virtual - BAL CRO01,PREC,Precipitazione,mm,2026-04-23T21:30,0.0,45.33,14.44,9945331444,"{""type"": ""Point"", ""coordinates"": [14.44, 45.33]}",10.0,2026-04-23T21:42:07,VIRTUAL_CROATIA,Croatia
VIRT_BAL_CRO02,Virtual - BAL CRO02,TARIA2M,Temperatura aria a 2m,°C,2026-04-23T21:30,16.2,45.2,14.5,99452145,"{""type"": ""Point"", ""coordinates"": [14.5, 45.2]}",10.0,2026-04-23T21:42:07,VIRTUAL_CROATIA,Croatia
VIRT_BAL_CRO02,Virtual - BAL CRO02,PRESS,Pressione atmosferica,hPa,2026-04-23T21:30,1018.6,45.2,14.5,99452145,"{""type"": ""Point"", ""coordinates"": [14.5, 45.2]}",10.0,2026-04-23T21:42:07,VIRTUAL_CROATIA,Croatia
VIRT_BAL_CRO02,Virtual - BAL CRO02,VV,Velocità vento,m/s,2026-04-23T21:30,2.69,45.2,14.5,99452145,"{""type"": ""Point"", ""coordinates"": [14.5, 45.2]}",10.0,2026-04-23T21:42:07,VIRTUAL_CROATIA,Croatia
VIRT_BAL_CRO02,Virtual - BAL CRO02,PREC,Precipitazione,mm,2026-04-23T21:30,0.0,45.2,14.5,99452145,"{""type"": ""Point"", ""coordinates"": [14.5, 45.2]}",10.0,2026-04-23T21:42:07,VIRTUAL_CROATIA,Croatia
VIRT_BAL_CRO03,Virtual - BAL CRO03,TARIA2M,Temperatura aria a 2m,°C,2026-04-23T21:30,15.3,44.87,14.85,9944871485,"{""type"": ""Point"", ""coordinates"": [14.85, 44.87]}",10.0,2026-04-23T21:42:07,VIRTUAL_CROATIA,Croatia
VIRT_BAL_CRO03,Virtual - BAL CRO03,PRESS,Pressione atmosferica,hPa,2026-04-23T21:30,1018.8,44.87,14.85,9944871485,"{""type"": ""Point"", ""coordinates"": [14.85, 44.87]}",10.0,2026-04-23T21:42:07,VIRTUAL_CROATIA,Croatia
VIRT_BAL_CRO03,Virtual - BAL CRO03,VV,Velocità vento,m/s,2026-04-23T21:30,2.53,44.87,14.85,9944871485,"{""type"": ""Point"", ""coordinates"": [14.85, 44.87]}",10.0,2026-04-23T21:42:07,VIRTUAL_CROATIA,Croatia
VIRT_BAL_CRO03,Virtual - BAL CRO03,PREC,Precipitazione,mm,2026-04-23T21:30,0.0,44.87,14.85,9944871485,"{""type"": ""Point"", ""coordinates"": [14.85, 44.87]}",10.0,2026-04-23T21:42:07,VIRTUAL_CROATIA,Croatia
VIRT_BAL_CRO04,Virtual - BAL CRO04,TARIA2M,Temperatura aria a 2m,°C,2026-04-23T21:30,13.2,44.75,14.7,994475147,"{""type"": ""Point"", ""coordinates"": [14.7, 44.75]}",10.0,2026-04-23T21:42:07,VIRTUAL_CROATIA,Croatia
VIRT_BAL_CRO04,Virtual - BAL CRO04,PRESS,Pressione atmosferica,hPa,2026-04-23T21:30,1018.8,44.75,14.7,994475147,"{""type"": ""Point"", ""coordinates"": [14.7, 44.75]}",10.0,2026-04-23T21:42:07,VIRTUAL_CROATIA,Croatia
VIRT_BAL_CRO04,Virtual - BAL CRO04,VV,Velocità vento,m/s,2026-04-23T21:30,1.06,44.75,14.7,994475147,"{""type"": ""Point"", ""coordinates"": [14.7, 44.75]}",10.0,2026-04-23T21:42:07,VIRTUAL_CROATIA,Croatia
VIRT_BAL_CRO04,Virtual - BAL CRO04,PREC,Precipitazione,mm,2026-04-23T21:30,0.0,44.75,14.7,994475147,"{""type"": ""Point"", ""coordinates"": [14.7, 44.75]}",10.0,2026-04-23T21:42:07,VIRTUAL_CROATIA,Croatia
VIRT_BAL_CRO05,Virtual - BAL CRO05,TARIA2M,Temperatura aria a 2m,°C,2026-04-23T21:30,14.8,44.5,14.9,99445149,"{""type"": ""Point"", ""coordinates"": [14.9, 44.5]}",10.0,2026-04-23T21:42:07,VIRTUAL_CROATIA,Croatia
VIRT_BAL_CRO05,Virtual - BAL CRO05,PRESS,Pressione atmosferica,hPa,2026-04-23T21:30,1018.7,44.5,14.9,99445149,"{""type"": ""Point"", ""coordinates"": [14.9, 44.5]}",10.0,2026-04-23T21:42:07,VIRTUAL_CROATIA,Croatia
VIRT_BAL_CRO05,Virtual - BAL CRO05,VV,Velocità vento,m/s,2026-04-23T21:30,4.28,44.5,14.9,99445149,"{""type"": ""Point"", ""coordinates"": [14.9, 44.5]}",10.0,2026-04-23T21:42:07,VIRTUAL_CROATIA,Croatia
VIRT_BAL_CRO05,Virtual - BAL CRO05,PREC,Precipitazione,mm,2026-04-23T21:30,0.0,44.5,14.9,99445149,"{""type"": ""Point"", ""coordinates"": [14.9, 44.5]}",10.0,2026-04-23T21:42:07,VIRTUAL_CROATIA,Croatia
VIRT_BAL_CRO06,Virtual - BAL CRO06,TARIA2M,Temperatura aria a 2m,°C,2026-04-23T21:30,14.5,44.3,15.1,99443151,"{""type"": ""Point"", ""coordinates"": [15.1, 44.3]}",10.0,2026-04-23T21:42:07,VIRTUAL_CROATIA,Croatia
VIRT_BAL_CRO06,Virtual - BAL CRO06,PRESS,Pressione atmosferica,hPa,2026-04-23T21:30,1017.4,44.3,15.1,99443151,"{""type"": ""Point"", ""coordinates"": [15.1, 44.3]}",10.0,2026-04-23T21:42:07,VIRTUAL_CROATIA,Croatia
VIRT_BAL_CRO06,Virtual - BAL CRO06,VV,Velocità vento,m/s,2026-04-23T21:30,5.44,44.3,15.1,99443151,"{""type"": ""Point"", ""coordinates"": [15.1, 44.3]}",10.0,2026-04-23T21:42:07,VIRTUAL_CROATIA,Croatia
VIRT_BAL_CRO06,Virtual - BAL CRO06,PREC,Precipitazione,mm,2026-04-23T21:30,0.0,44.3,15.1,99443151,"{""type"": ""Point"", ""coordinates"": [15.1, 44.3]}",10.0,2026-04-23T21:42:07,VIRTUAL_CROATIA,Croatia
VIRT_BAL_CRO07,Virtual - BAL CRO07,TARIA2M,Temperatura aria a 2m,°C,2026-04-23T21:30,14.1,44.12,15.23,9944121523,"{""type"": ""Point"", ""coordinates"": [15.23, 44.12]}",10.0,2026-04-23T21:42:07,VIRTUAL_CROATIA,Croatia
VIRT_BAL_CRO07,Virtual - BAL CRO07,PRESS,Pressione atmosferica,hPa,2026-04-23T21:30,1017.6,44.12,15.23,9944121523,"{""type"": ""Point"", ""coordinates"": [15.23, 44.12]}",10.0,2026-04-23T21:42:07,VIRTUAL_CROATIA,Croatia
VIRT_BAL_CRO07,Virtual - BAL CRO07,VV,Velocità vento,m/s,2026-04-23T21:30,4.25,44.12,15.23,9944121523,"{""type"": ""Point"", ""coordinates"": [15.23, 44.12]}",10.0,2026-04-23T21:42:07,VIRTUAL_CROATIA,Croatia
VIRT_BAL_CRO07,Virtual - BAL CRO07,PREC,Precipitazione,mm,2026-04-23T21:30,0.0,44.12,15.23,9944121523,"{""type"": ""Point"", ""coordinates"": [15.23, 44.12]}",10.0,2026-04-23T21:42:07,VIRTUAL_CROATIA,Croatia
VIRT_BAL_CRO08,Virtual - BAL CRO08,TARIA2M,Temperatura aria a 2m,°C,2026-04-23T21:30,14.0,43.95,15.4,994395154,"{""type"": ""Point"", ""coordinates"": [15.4, 43.95]}",10.0,2026-04-23T21:42:07,VIRTUAL_CROATIA,Croatia
VIRT_BAL_CRO08,Virtual - BAL CRO08,PRESS,Pressione atmosferica,hPa,2026-04-23T21:30,1018.3,43.95,15.4,994395154,"{""type"": ""Point"", ""coordinates"": [15.4, 43.95]}",10.0,2026-04-23T21:42:07,VIRTUAL_CROATIA,Croatia
VIRT_BAL_CRO08,Virtual - BAL CRO08,VV,Velocità vento,m/s,2026-04-23T21:30,4.03,43.95,15.4,994395154,"{""type"": ""Point"", ""coordinates"": [15.4, 43.95]}",10.0,2026-04-23T21:42:07,VIRTUAL_CROATIA,Croatia
VIRT_BAL_CRO08,Virtual - BAL CRO08,PREC,Precipitazione,mm,2026-04-23T21:30,0.0,43.95,15.4,994395154,"{""type"": ""Point"", ""coordinates"": [15.4, 43.95]}",10.0,2026-04-23T21:42:07,VIRTUAL_CROATIA,Croatia
VIRT_BAL_CRO09,Virtual - BAL CRO09,TARIA2M,Temperatura aria a 2m,°C,2026-04-23T21:30,13.8,43.8,15.6,99438156,"{""type"": ""Point"", ""coordinates"": [15.6, 43.8]}",10.0,2026-04-23T21:42:07,VIRTUAL_CROATIA,Croatia
VIRT_BAL_CRO09,Virtual - BAL CRO09,PRESS,Pressione atmosferica,hPa,2026-04-23T21:30,1005.7,43.8,15.6,99438156,"{""type"": ""Point"", ""coordinates"": [15.6, 43.8]}",10.0,2026-04-23T21:42:07,VIRTUAL_CROATIA,Croatia
VIRT_BAL_CRO09,Virtual - BAL CRO09,VV,Velocità vento,m/s,2026-04-23T21:30,4.47,43.8,15.6,99438156,"{""type"": ""Point"", ""coordinates"": [15.6, 43.8]}",10.0,2026-04-23T21:42:07,VIRTUAL_CROATIA,Croatia
VIRT_BAL_CRO09,Virtual - BAL CRO09,PREC,Precipitazione,mm,2026-04-23T21:30,0.0,43.8,15.6,99438156,"{""type"": ""Point"", ""coordinates"": [15.6, 43.8]}",10.0,2026-04-23T21:42:07,VIRTUAL_CROATIA,Croatia
VIRT_BAL_CRO10,Virtual - BAL CRO10,TARIA2M,Temperatura aria a 2m,°C,2026-04-23T21:30,16.4,43.51,16.44,9943511644,"{""type"": ""Point"", ""coordinates"": [16.44, 43.51]}",10.0,2026-04-23T21:42:07,VIRTUAL_CROATIA,Croatia
VIRT_BAL_CRO10,Virtual - BAL CRO10,PRESS,Pressione atmosferica,hPa,2026-04-23T21:30,1015.1,43.51,16.44,9943511644,"{""type"": ""Point"", ""coordinates"": [16.44, 43.51]}",10.0,2026-04-23T21:42:07,VIRTUAL_CROATIA,Croatia
VIRT_BAL_CRO10,Virtual - BAL CRO10,VV,Velocità vento,m/s,2026-04-23T21:30,1.28,43.51,16.44,9943511644,"{""type"": ""Point"", ""coordinates"": [16.44, 43.51]}",10.0,2026-04-23T21:42:07,VIRTUAL_CROATIA,Croatia
VIRT_BAL_CRO10,Virtual - BAL CRO10,PREC,Precipitazione,mm,2026-04-23T21:30,0.0,43.51,16.44,9943511644,"{""type"": ""Point"", ""coordinates"": [16.44, 43.51]}",10.0,2026-04-23T21:42:07,VIRTUAL_CROATIA,Croatia
VIRT_BAL_CRO11,Virtual - BAL CRO11,TARIA2M,Temperatura aria a 2m,°C,2026-04-23T21:30,13.5,43.3,16.7,99433167,"{""type"": ""Point"", ""coordinates"": [16.7, 43.3]}",10.0,2026-04-23T21:42:07,VIRTUAL_CROATIA,Croatia
VIRT_BAL_CRO11,Virtual - BAL CRO11,PRESS,Pressione atmosferica,hPa,2026-04-23T21:30,964.6,43.3,16.7,99433167,"{""type"": ""Point"", ""coordinates"": [16.7, 43.3]}",10.0,2026-04-23T21:42:07,VIRTUAL_CROATIA,Croatia
VIRT_BAL_CRO11,Virtual - BAL CRO11,VV,Velocità vento,m/s,2026-04-23T21:30,2.61,43.3,16.7,99433167,"{""type"": ""Point"", ""coordinates"": [16.7, 43.3]}",10.0,2026-04-23T21:42:07,VIRTUAL_CROATIA,Croatia
VIRT_BAL_CRO11,Virtual - BAL CRO11,PREC,Precipitazione,mm,2026-04-23T21:30,0.0,43.3,16.7,99433167,"{""type"": ""Point"", ""coordinates"": [16.7, 43.3]}",10.0,2026-04-23T21:42:07,VIRTUAL_CROATIA,Croatia
VIRT_BAL_CRO12,Virtual - BAL CRO12,TARIA2M,Temperatura aria a 2m,°C,2026-04-23T21:30,16.5,43.15,16.85,9943151685,"{""type"": ""Point"", ""coordinates"": [16.85, 43.15]}",10.0,2026-04-23T21:42:07,VIRTUAL_CROATIA,Croatia
VIRT_BAL_CRO12,Virtual - BAL CRO12,PRESS,Pressione atmosferica,hPa,2026-04-23T21:30,995.1,43.15,16.85,9943151685,"{""type"": ""Point"", ""coordinates"": [16.85, 43.15]}",10.0,2026-04-23T21:42:07,VIRTUAL_CROATIA,Croatia
VIRT_BAL_CRO12,Virtual - BAL CRO12,VV,Velocità vento,m/s,2026-04-23T21:30,2.69,43.15,16.85,9943151685,"{""type"": ""Point"", ""coordinates"": [16.85, 43.15]}",10.0,2026-04-23T21:42:07,VIRTUAL_CROATIA,Croatia
VIRT_BAL_CRO12,Virtual - BAL CRO12,PREC,Precipitazione,mm,2026-04-23T21:30,0.0,43.15,16.85,9943151685,"{""type"": ""Point"", ""coordinates"": [16.85, 43.15]}",10.0,2026-04-23T21:42:07,VIRTUAL_CROATIA,Croatia
VIRT_BAL_CRO13,Virtual - BAL CRO13,TARIA2M,Temperatura aria a 2m,°C,2026-04-23T21:30,16.5,43.07,17.01,9943071701,"{""type"": ""Point"", ""coordinates"": [17.01, 43.07]}",10.0,2026-04-23T21:42:07,VIRTUAL_CROATIA,Croatia
VIRT_BAL_CRO13,Virtual - BAL CRO13,PRESS,Pressione atmosferica,hPa,2026-04-23T21:30,1016.6,43.07,17.01,9943071701,"{""type"": ""Point"", ""coordinates"": [17.01, 43.07]}",10.0,2026-04-23T21:42:07,VIRTUAL_CROATIA,Croatia
VIRT_BAL_CRO13,Virtual - BAL CRO13,VV,Velocità vento,m/s,2026-04-23T21:30,1.08,43.07,17.01,9943071701,"{""type"": ""Point"", ""coordinates"": [17.01, 43.07]}",10.0,2026-04-23T21:42:07,VIRTUAL_CROATIA,Croatia
VIRT_BAL_CRO13,Virtual - BAL CRO13,PREC,Precipitazione,mm,2026-04-23T21:30,0.0,43.07,17.01,9943071701,"{""type"": ""Point"", ""coordinates"": [17.01, 43.07]}",10.0,2026-04-23T21:42:07,VIRTUAL_CROATIA,Croatia
VIRT_BAL_CRO14,Virtual - BAL CRO14,TARIA2M,Temperatura aria a 2m,°C,2026-04-23T21:30,14.5,42.95,17.15,9942951715,"{""type"": ""Point"", ""coordinates"": [17.15, 42.95]}",10.0,2026-04-23T21:42:07,VIRTUAL_CROATIA,Croatia
VIRT_BAL_CRO14,Virtual - BAL CRO14,PRESS,Pressione atmosferica,hPa,2026-04-23T21:30,1016.5,42.95,17.15,9942951715,"{""type"": ""Point"", ""coordinates"": [17.15, 42.95]}",10.0,2026-04-23T21:42:07,VIRTUAL_CROATIA,Croatia
VIRT_BAL_CRO14,Virtual - BAL CRO14,VV,Velocità vento,m/s,2026-04-23T21:30,1.67,42.95,17.15,9942951715,"{""type"": ""Point"", ""coordinates"": [17.15, 42.95]}",10.0,2026-04-23T21:42:07,VIRTUAL_CROATIA,Croatia
VIRT_BAL_CRO14,Virtual - BAL CRO14,PREC,Precipitazione,mm,2026-04-23T21:30,0.0,42.95,17.15,9942951715,"{""type"": ""Point"", ""coordinates"": [17.15, 42.95]}",10.0,2026-04-23T21:42:07,VIRTUAL_CROATIA,Croatia
VIRT_BAL_CRO15,Virtual - BAL CRO15,TARIA2M,Temperatura aria a 2m,°C,2026-04-23T21:30,16.3,42.75,17.4,994275174,"{""type"": ""Point"", ""coordinates"": [17.4, 42.75]}",10.0,2026-04-23T21:42:07,VIRTUAL_CROATIA,Croatia
VIRT_BAL_CRO15,Virtual - BAL CRO15,PRESS,Pressione atmosferica,hPa,2026-04-23T21:30,1016.4,42.75,17.4,994275174,"{""type"": ""Point"", ""coordinates"": [17.4, 42.75]}",10.0,2026-04-23T21:42:07,VIRTUAL_CROATIA,Croatia
VIRT_BAL_CRO15,Virtual - BAL CRO15,VV,Velocità vento,m/s,2026-04-23T21:30,2.06,42.75,17.4,994275174,"{""type"": ""Point"", ""coordinates"": [17.4, 42.75]}",10.0,2026-04-23T21:42:07,VIRTUAL_CROATIA,Croatia
VIRT_BAL_CRO15,Virtual - BAL CRO15,PREC,Precipitazione,mm,2026-04-23T21:30,0.0,42.75,17.4,994275174,"{""type"": ""Point"", ""coordinates"": [17.4, 42.75]}",10.0,2026-04-23T21:42:07,VIRTUAL_CROATIA,Croatia
VIRT_BAL_CRO16,Virtual - BAL CRO16,TARIA2M,Temperatura aria a 2m,°C,2026-04-23T21:30,17.6,42.65,17.95,9942651795,"{""type"": ""Point"", ""coordinates"": [17.95, 42.65]}",10.0,2026-04-23T21:42:07,VIRTUAL_CROATIA,Croatia
VIRT_BAL_CRO16,Virtual - BAL CRO16,PRESS,Pressione atmosferica,hPa,2026-04-23T21:30,1016.1,42.65,17.95,9942651795,"{""type"": ""Point"", ""coordinates"": [17.95, 42.65]}",10.0,2026-04-23T21:42:07,VIRTUAL_CROATIA,Croatia
VIRT_BAL_CRO16,Virtual - BAL CRO16,VV,Velocità vento,m/s,2026-04-23T21:30,3.53,42.65,17.95,9942651795,"{""type"": ""Point"", ""coordinates"": [17.95, 42.65]}",10.0,2026-04-23T21:42:07,VIRTUAL_CROATIA,Croatia
VIRT_BAL_CRO16,Virtual - BAL CRO16,PREC,Precipitazione,mm,2026-04-23T21:30,0.0,42.65,17.95,9942651795,"{""type"": ""Point"", ""coordinates"": [17.95, 42.65]}",10.0,2026-04-23T21:42:07,VIRTUAL_CROATIA,Croatia
VIRT_BAL_CRO17,Virtual - BAL CRO17,TARIA2M,Temperatura aria a 2m,°C,2026-04-23T21:30,16.0,42.65,18.09,9942651809,"{""type"": ""Point"", ""coordinates"": [18.09, 42.65]}",10.0,2026-04-23T21:42:07,VIRTUAL_CROATIA,Croatia
VIRT_BAL_CRO17,Virtual - BAL CRO17,PRESS,Pressione atmosferica,hPa,2026-04-23T21:30,1013.3,42.65,18.09,9942651809,"{""type"": ""Point"", ""coordinates"": [18.09, 42.65]}",10.0,2026-04-23T21:42:07,VIRTUAL_CROATIA,Croatia
VIRT_BAL_CRO17,Virtual - BAL CRO17,VV,Velocità vento,m/s,2026-04-23T21:30,2.14,42.65,18.09,9942651809,"{""type"": ""Point"", ""coordinates"": [18.09, 42.65]}",10.0,2026-04-23T21:42:07,VIRTUAL_CROATIA,Croatia
VIRT_BAL_CRO17,Virtual - BAL CRO17,PREC,Precipitazione,mm,2026-04-23T21:30,0.0,42.65,18.09,9942651809,"{""type"": ""Point"", ""coordinates"": [18.09, 42.65]}",10.0,2026-04-23T21:42:07,VIRTUAL_CROATIA,Croatia
VIRT_BAL_CRO18,Virtual - BAL CRO18,TARIA2M,Temperatura aria a 2m,°C,2026-04-23T21:30,15.5,42.45,18.5,994245185,"{""type"": ""Point"", ""coordinates"": [18.5, 42.45]}",10.0,2026-04-23T21:42:07,VIRTUAL_CROATIA,Croatia
VIRT_BAL_CRO18,Virtual - BAL CRO18,PRESS,Pressione atmosferica,hPa,2026-04-23T21:30,1015.2,42.45,18.5,994245185,"{""type"": ""Point"", ""coordinates"": [18.5, 42.45]}",10.0,2026-04-23T21:42:07,VIRTUAL_CROATIA,Croatia
VIRT_BAL_CRO18,Virtual - BAL CRO18,VV,Velocità vento,m/s,2026-04-23T21:30,2.14,42.45,18.5,994245185,"{""type"": ""Point"", ""coordinates"": [18.5, 42.45]}",10.0,2026-04-23T21:42:07,VIRTUAL_CROATIA,Croatia
VIRT_BAL_CRO18,Virtual - BAL CRO18,PREC,Precipitazione,mm,2026-04-23T21:30,0.0,42.45,18.5,994245185,"{""type"": ""Point"", ""coordinates"": [18.5, 42.45]}",10.0,2026-04-23T21:42:07,VIRTUAL_CROATIA,Croatia
VIRT_BAL_ISL01,Virtual - BAL ISL01,TARIA2M,Temperatura aria a 2m,°C,2026-04-23T21:30,14.7,44.95,14.4,994495144,"{""type"": ""Point"", ""coordinates"": [14.4, 44.95]}",10.0,2026-04-23T21:42:07,VIRTUAL_CROATIA,Croatia
VIRT_BAL_ISL01,Virtual - BAL ISL01,PRESS,Pressione atmosferica,hPa,2026-04-23T21:30,1014.1,44.95,14.4,994495144,"{""type"": ""Point"", ""coordinates"": [14.4, 44.95]}",10.0,2026-04-23T21:42:07,VIRTUAL_CROATIA,Croatia
VIRT_BAL_ISL01,Virtual - BAL ISL01,VV,Velocità vento,m/s,2026-04-23T21:30,1.28,44.95,14.4,994495144,"{""type"": ""Point"", ""coordinates"": [14.4, 44.95]}",10.0,2026-04-23T21:42:07,VIRTUAL_CROATIA,Croatia
VIRT_BAL_ISL01,Virtual - BAL ISL01,PREC,Precipitazione,mm,2026-04-23T21:30,0.0,44.95,14.4,994495144,"{""type"": ""Point"", ""coordinates"": [14.4, 44.95]}",10.0,2026-04-23T21:42:07,VIRTUAL_CROATIA,Croatia
VIRT_BAL_ISL02,Virtual - BAL ISL02,TARIA2M,Temperatura aria a 2m,°C,2026-04-23T21:30,15.7,44.55,14.6,994455146,"{""type"": ""Point"", ""coordinates"": [14.6, 44.55]}",10.0,2026-04-23T21:42:07,VIRTUAL_CROATIA,Croatia
VIRT_BAL_ISL02,Virtual - BAL ISL02,PRESS,Pressione atmosferica,hPa,2026-04-23T21:30,1018.7,44.55,14.6,994455146,"{""type"": ""Point"", ""coordinates"": [14.6, 44.55]}",10.0,2026-04-23T21:42:07,VIRTUAL_CROATIA,Croatia
VIRT_BAL_ISL02,Virtual - BAL ISL02,VV,Velocità vento,m/s,2026-04-23T21:30,6.22,44.55,14.6,994455146,"{""type"": ""Point"", ""coordinates"": [14.6, 44.55]}",10.0,2026-04-23T21:42:07,VIRTUAL_CROATIA,Croatia
VIRT_BAL_ISL02,Virtual - BAL ISL02,PREC,Precipitazione,mm,2026-04-23T21:30,0.0,44.55,14.6,994455146,"{""type"": ""Point"", ""coordinates"": [14.6, 44.55]}",10.0,2026-04-23T21:42:07,VIRTUAL_CROATIA,Croatia
VIRT_BAL_ISL03,Virtual - BAL ISL03,TARIA2M,Temperatura aria a 2m,°C,2026-04-23T21:30,14.2,43.85,15.25,9943851525,"{""type"": ""Point"", ""coordinates"": [15.25, 43.85]}",10.0,2026-04-23T21:42:07,VIRTUAL_CROATIA,Croatia
VIRT_BAL_ISL03,Virtual - BAL ISL03,PRESS,Pressione atmosferica,hPa,2026-04-23T21:30,1008.7,43.85,15.25,9943851525,"{""type"": ""Point"", ""coordinates"": [15.25, 43.85]}",10.0,2026-04-23T21:42:07,VIRTUAL_CROATIA,Croatia
VIRT_BAL_ISL03,Virtual - BAL ISL03,VV,Velocità vento,m/s,2026-04-23T21:30,4.31,43.85,15.25,9943851525,"{""type"": ""Point"", ""coordinates"": [15.25, 43.85]}",10.0,2026-04-23T21:42:07,VIRTUAL_CROATIA,Croatia
VIRT_BAL_ISL03,Virtual - BAL ISL03,PREC,Precipitazione,mm,2026-04-23T21:30,0.0,43.85,15.25,9943851525,"{""type"": ""Point"", ""coordinates"": [15.25, 43.85]}",10.0,2026-04-23T21:42:07,VIRTUAL_CROATIA,Croatia
VIRT_BAL_ISL04,Virtual - BAL ISL04,TARIA2M,Temperatura aria a 2m,°C,2026-04-23T21:30,16.5,43.4,16.2,99434162,"{""type"": ""Point"", ""coordinates"": [16.2, 43.4]}",10.0,2026-04-23T21:42:07,VIRTUAL_CROATIA,Croatia
VIRT_BAL_ISL04,Virtual - BAL ISL04,PRESS,Pressione atmosferica,hPa,2026-04-23T21:30,1017.4,43.4,16.2,99434162,"{""type"": ""Point"", ""coordinates"": [16.2, 43.4]}",10.0,2026-04-23T21:42:07,VIRTUAL_CROATIA,Croatia
VIRT_BAL_ISL04,Virtual - BAL ISL04,VV,Velocità vento,m/s,2026-04-23T21:30,4.33,43.4,16.2,99434162,"{""type"": ""Point"", ""coordinates"": [16.2, 43.4]}",10.0,2026-04-23T21:42:07,VIRTUAL_CROATIA,Croatia
VIRT_BAL_ISL04,Virtual - BAL ISL04,PREC,Precipitazione,mm,2026-04-23T21:30,0.0,43.4,16.2,99434162,"{""type"": ""Point"", ""coordinates"": [16.2, 43.4]}",10.0,2026-04-23T21:42:07,VIRTUAL_CROATIA,Croatia
VIRT_BAL_ISL05,Virtual - BAL ISL05,TARIA2M,Temperatura aria a 2m,°C,2026-04-23T21:30,16.8,43.0,16.5,99430165,"{""type"": ""Point"", ""coordinates"": [16.5, 43.0]}",10.0,2026-04-23T21:42:07,VIRTUAL_CROATIA,Croatia
VIRT_BAL_ISL05,Virtual - BAL ISL05,PRESS,Pressione atmosferica,hPa,2026-04-23T21:30,1017.0,43.0,16.5,99430165,"{""type"": ""Point"", ""coordinates"": [16.5, 43.0]}",10.0,2026-04-23T21:42:07,VIRTUAL_CROATIA,Croatia
VIRT_BAL_ISL05,Virtual - BAL ISL05,VV,Velocità vento,m/s,2026-04-23T21:30,9.19,43.0,16.5,99430165,"{""type"": ""Point"", ""coordinates"": [16.5, 43.0]}",10.0,2026-04-23T21:42:07,VIRTUAL_CROATIA,Croatia
VIRT_BAL_ISL05,Virtual - BAL ISL05,PREC,Precipitazione,mm,2026-04-23T21:30,0.0,43.0,16.5,99430165,"{""type"": ""Point"", ""coordinates"": [16.5, 43.0]}",10.0,2026-04-23T21:42:07,VIRTUAL_CROATIA,Croatia
VIRT_BAL_ISL06,Virtual - BAL ISL06,TARIA2M,Temperatura aria a 2m,°C,2026-04-23T21:30,15.9,42.75,16.9,994275169,"{""type"": ""Point"", ""coordinates"": [16.9, 42.75]}",10.0,2026-04-23T21:42:07,VIRTUAL_CROATIA,Croatia
VIRT_BAL_ISL06,Virtual - BAL ISL06,PRESS,Pressione atmosferica,hPa,2026-04-23T21:30,1010.2,42.75,16.9,994275169,"{""type"": ""Point"", ""coordinates"": [16.9, 42.75]}",10.0,2026-04-23T21:42:07,VIRTUAL_CROATIA,Croatia
VIRT_BAL_ISL06,Virtual - BAL ISL06,VV,Velocità vento,m/s,2026-04-23T21:30,2.83,42.75,16.9,994275169,"{""type"": ""Point"", ""coordinates"": [16.9, 42.75]}",10.0,2026-04-23T21:42:07,VIRTUAL_CROATIA,Croatia
VIRT_BAL_ISL06,Virtual - BAL ISL06,PREC,Precipitazione,mm,2026-04-23T21:30,0.0,42.75,16.9,994275169,"{""type"": ""Point"", ""coordinates"": [16.9, 42.75]}",10.0,2026-04-23T21:42:07,VIRTUAL_CROATIA,Croatia
VIRT_BAL_MNE01,Virtual - BAL MNE01,TARIA2M,Temperatura aria a 2m,°C,2026-04-23T21:30,15.5,42.29,18.84,9942291884,"{""type"": ""Point"", ""coordinates"": [18.84, 42.29]}",10.0,2026-04-23T21:42:07,VIRTUAL_MONTENEGRO,Montenegro
VIRT_BAL_MNE01,Virtual - BAL MNE01,PRESS,Pressione atmosferica,hPa,2026-04-23T21:30,1013.4,42.29,18.84,9942291884,"{""type"": ""Point"", ""coordinates"": [18.84, 42.29]}",10.0,2026-04-23T21:42:07,VIRTUAL_MONTENEGRO,Montenegro
VIRT_BAL_MNE01,Virtual - BAL MNE01,VV,Velocità vento,m/s,2026-04-23T21:30,2.14,42.29,18.84,9942291884,"{""type"": ""Point"", ""coordinates"": [18.84, 42.29]}",10.0,2026-04-23T21:42:07,VIRTUAL_MONTENEGRO,Montenegro
VIRT_BAL_MNE01,Virtual - BAL MNE01,PREC,Precipitazione,mm,2026-04-23T21:30,0.0,42.29,18.84,9942291884,"{""type"": ""Point"", ""coordinates"": [18.84, 42.29]}",10.0,2026-04-23T21:42:07,VIRTUAL_MONTENEGRO,Montenegro
VIRT_BAL_MNE02,Virtual - BAL MNE02,TARIA2M,Temperatura aria a 2m,°C,2026-04-23T21:30,15.2,42.1,19.08,994211908,"{""type"": ""Point"", ""coordinates"": [19.08, 42.1]}",10.0,2026-04-23T21:42:07,VIRTUAL_MONTENEGRO,Montenegro
VIRT_BAL_MNE02,Virtual - BAL MNE02,PRESS,Pressione atmosferica,hPa,2026-04-23T21:30,1015.4,42.1,19.08,994211908,"{""type"": ""Point"", ""coordinates"": [19.08, 42.1]}",10.0,2026-04-23T21:42:07,VIRTUAL_MONTENEGRO,Montenegro
VIRT_BAL_MNE02,Virtual - BAL MNE02,VV,Velocità vento,m/s,2026-04-23T21:30,2.14,42.1,19.08,994211908,"{""type"": ""Point"", ""coordinates"": [19.08, 42.1]}",10.0,2026-04-23T21:42:07,VIRTUAL_MONTENEGRO,Montenegro
VIRT_BAL_MNE02,Virtual - BAL MNE02,PREC,Precipitazione,mm,2026-04-23T21:30,0.0,42.1,19.08,994211908,"{""type"": ""Point"", ""coordinates"": [19.08, 42.1]}",10.0,2026-04-23T21:42:07,VIRTUAL_MONTENEGRO,Montenegro
VIRT_BAL_MNE03,Virtual - BAL MNE03,TARIA2M,Temperatura aria a 2m,°C,2026-04-23T21:30,17.0,42.0,19.0,99420190,"{""type"": ""Point"", ""coordinates"": [19.0, 42.0]}",10.0,2026-04-23T21:42:07,VIRTUAL_MONTENEGRO,Montenegro
VIRT_BAL_MNE03,Virtual - BAL MNE03,PRESS,Pressione atmosferica,hPa,2026-04-23T21:30,1015.2,42.0,19.0,99420190,"{""type"": ""Point"", ""coordinates"": [19.0, 42.0]}",10.0,2026-04-23T21:42:07,VIRTUAL_MONTENEGRO,Montenegro
VIRT_BAL_MNE03,Virtual - BAL MNE03,VV,Velocità vento,m/s,2026-04-23T21:30,3.19,42.0,19.0,99420190,"{""type"": ""Point"", ""coordinates"": [19.0, 42.0]}",10.0,2026-04-23T21:42:07,VIRTUAL_MONTENEGRO,Montenegro
VIRT_BAL_MNE03,Virtual - BAL MNE03,PREC,Precipitazione,mm,2026-04-23T21:30,0.0,42.0,19.0,99420190,"{""type"": ""Point"", ""coordinates"": [19.0, 42.0]}",10.0,2026-04-23T21:42:07,VIRTUAL_MONTENEGRO,Montenegro
VIRT_BAL_MNE04,Virtual - BAL MNE04,TARIA2M,Temperatura aria a 2m,°C,2026-04-23T21:30,14.0,41.85,19.3,994185193,"{""type"": ""Point"", ""coordinates"": [19.3, 41.85]}",10.0,2026-04-23T21:42:07,VIRTUAL_MONTENEGRO,Montenegro
VIRT_BAL_MNE04,Virtual - BAL MNE04,PRESS,Pressione atmosferica,hPa,2026-04-23T21:30,1015.1,41.85,19.3,994185193,"{""type"": ""Point"", ""coordinates"": [19.3, 41.85]}",10.0,2026-04-23T21:42:07,VIRTUAL_MONTENEGRO,Montenegro
VIRT_BAL_MNE04,Virtual - BAL MNE04,VV,Velocità vento,m/s,2026-04-23T21:30,1.39,41.85,19.3,994185193,"{""type"": ""Point"", ""coordinates"": [19.3, 41.85]}",10.0,2026-04-23T21:42:07,VIRTUAL_MONTENEGRO,Montenegro
VIRT_BAL_MNE04,Virtual - BAL MNE04,PREC,Precipitazione,mm,2026-04-23T21:30,0.0,41.85,19.3,994185193,"{""type"": ""Point"", ""coordinates"": [19.3, 41.85]}",10.0,2026-04-23T21:42:07,VIRTUAL_MONTENEGRO,Montenegro
VIRT_BAL_ALB01,Virtual - BAL ALB01,TARIA2M,Temperatura aria a 2m,°C,2026-04-23T21:30,16.5,41.7,19.45,994171945,"{""type"": ""Point"", ""coordinates"": [19.45, 41.7]}",10.0,2026-04-23T21:42:07,VIRTUAL_ALBANIA,Albania
VIRT_BAL_ALB01,Virtual - BAL ALB01,PRESS,Pressione atmosferica,hPa,2026-04-23T21:30,1015.1,41.7,19.45,994171945,"{""type"": ""Point"", ""coordinates"": [19.45, 41.7]}",10.0,2026-04-23T21:42:07,VIRTUAL_ALBANIA,Albania
VIRT_BAL_ALB01,Virtual - BAL ALB01,VV,Velocità vento,m/s,2026-04-23T21:30,6.08,41.7,19.45,994171945,"{""type"": ""Point"", ""coordinates"": [19.45, 41.7]}",10.0,2026-04-23T21:42:07,VIRTUAL_ALBANIA,Albania
VIRT_BAL_ALB01,Virtual - BAL ALB01,PREC,Precipitazione,mm,2026-04-23T21:30,0.0,41.7,19.45,994171945,"{""type"": ""Point"", ""coordinates"": [19.45, 41.7]}",10.0,2026-04-23T21:42:07,VIRTUAL_ALBANIA,Albania
VIRT_BAL_ALB02,Virtual - BAL ALB02,TARIA2M,Temperatura aria a 2m,°C,2026-04-23T21:30,11.6,41.33,19.82,9941331982,"{""type"": ""Point"", ""coordinates"": [19.82, 41.33]}",10.0,2026-04-23T21:42:07,VIRTUAL_ALBANIA,Albania
VIRT_BAL_ALB02,Virtual - BAL ALB02,PRESS,Pressione atmosferica,hPa,2026-04-23T21:30,1001.0,41.33,19.82,9941331982,"{""type"": ""Point"", ""coordinates"": [19.82, 41.33]}",10.0,2026-04-23T21:42:07,VIRTUAL_ALBANIA,Albania
VIRT_BAL_ALB02,Virtual - BAL ALB02,VV,Velocità vento,m/s,2026-04-23T21:30,0.31,41.33,19.82,9941331982,"{""type"": ""Point"", ""coordinates"": [19.82, 41.33]}",10.0,2026-04-23T21:42:07,VIRTUAL_ALBANIA,Albania
VIRT_BAL_ALB02,Virtual - BAL ALB02,PREC,Precipitazione,mm,2026-04-23T21:30,0.0,41.33,19.82,9941331982,"{""type"": ""Point"", ""coordinates"": [19.82, 41.33]}",10.0,2026-04-23T21:42:07,VIRTUAL_ALBANIA,Albania
VIRT_BAL_ALB03,Virtual - BAL ALB03,TARIA2M,Temperatura aria a 2m,°C,2026-04-23T21:30,12.9,41.0,19.8,99410198,"{""type"": ""Point"", ""coordinates"": [19.8, 41.0]}",10.0,2026-04-23T21:42:07,VIRTUAL_ALBANIA,Albania
VIRT_BAL_ALB03,Virtual - BAL ALB03,PRESS,Pressione atmosferica,hPa,2026-04-23T21:30,999.0,41.0,19.8,99410198,"{""type"": ""Point"", ""coordinates"": [19.8, 41.0]}",10.0,2026-04-23T21:42:07,VIRTUAL_ALBANIA,Albania
VIRT_BAL_ALB03,Virtual - BAL ALB03,VV,Velocità vento,m/s,2026-04-23T21:30,1.81,41.0,19.8,99410198,"{""type"": ""Point"", ""coordinates"": [19.8, 41.0]}",10.0,2026-04-23T21:42:07,VIRTUAL_ALBANIA,Albania
VIRT_BAL_ALB03,Virtual - BAL ALB03,PREC,Precipitazione,mm,2026-04-23T21:30,0.0,41.0,19.8,99410198,"{""type"": ""Point"", ""coordinates"": [19.8, 41.0]}",10.0,2026-04-23T21:42:07,VIRTUAL_ALBANIA,Albania
VIRT_BAL_ALB04,Virtual - BAL ALB04,TARIA2M,Temperatura aria a 2m,°C,2026-04-23T21:30,13.3,40.85,19.65,9940851965,"{""type"": ""Point"", ""coordinates"": [19.65, 40.85]}",10.0,2026-04-23T21:42:07,VIRTUAL_ALBANIA,Albania
VIRT_BAL_ALB04,Virtual - BAL ALB04,PRESS,Pressione atmosferica,hPa,2026-04-23T21:30,1014.0,40.85,19.65,9940851965,"{""type"": ""Point"", ""coordinates"": [19.65, 40.85]}",10.0,2026-04-23T21:42:07,VIRTUAL_ALBANIA,Albania
VIRT_BAL_ALB04,Virtual - BAL ALB04,VV,Velocità vento,m/s,2026-04-23T21:30,1.25,40.85,19.65,9940851965,"{""type"": ""Point"", ""coordinates"": [19.65, 40.85]}",10.0,2026-04-23T21:42:07,VIRTUAL_ALBANIA,Albania
VIRT_BAL_ALB04,Virtual - BAL ALB04,PREC,Precipitazione,mm,2026-04-23T21:30,0.0,40.85,19.65,9940851965,"{""type"": ""Point"", ""coordinates"": [19.65, 40.85]}",10.0,2026-04-23T21:42:07,VIRTUAL_ALBANIA,Albania
VIRT_BAL_ALB05,Virtual - BAL ALB05,TARIA2M,Temperatura aria a 2m,°C,2026-04-23T21:30,13.6,40.65,19.5,994065195,"{""type"": ""Point"", ""coordinates"": [19.5, 40.65]}",10.0,2026-04-23T21:42:07,VIRTUAL_ALBANIA,Albania
VIRT_BAL_ALB05,Virtual - BAL ALB05,PRESS,Pressione atmosferica,hPa,2026-04-23T21:30,1014.2,40.65,19.5,994065195,"{""type"": ""Point"", ""coordinates"": [19.5, 40.65]}",10.0,2026-04-23T21:42:07,VIRTUAL_ALBANIA,Albania
VIRT_BAL_ALB05,Virtual - BAL ALB05,VV,Velocità vento,m/s,2026-04-23T21:30,1.03,40.65,19.5,994065195,"{""type"": ""Point"", ""coordinates"": [19.5, 40.65]}",10.0,2026-04-23T21:42:07,VIRTUAL_ALBANIA,Albania
VIRT_BAL_ALB05,Virtual - BAL ALB05,PREC,Precipitazione,mm,2026-04-23T21:30,0.0,40.65,19.5,994065195,"{""type"": ""Point"", ""coordinates"": [19.5, 40.65]}",10.0,2026-04-23T21:42:07,VIRTUAL_ALBANIA,Albania
VIRT_BAL_ALB06,Virtual - BAL ALB06,TARIA2M,Temperatura aria a 2m,°C,2026-04-23T21:30,13.9,40.45,19.48,9940451948,"{""type"": ""Point"", ""coordinates"": [19.48, 40.45]}",10.0,2026-04-23T21:42:07,VIRTUAL_ALBANIA,Albania
VIRT_BAL_ALB06,Virtual - BAL ALB06,PRESS,Pressione atmosferica,hPa,2026-04-23T21:30,1015.8,40.45,19.48,9940451948,"{""type"": ""Point"", ""coordinates"": [19.48, 40.45]}",10.0,2026-04-23T21:42:07,VIRTUAL_ALBANIA,Albania
VIRT_BAL_ALB06,Virtual - BAL ALB06,VV,Velocità vento,m/s,2026-04-23T21:30,1.75,40.45,19.48,9940451948,"{""type"": ""Point"", ""coordinates"": [19.48, 40.45]}",10.0,2026-04-23T21:42:07,VIRTUAL_ALBANIA,Albania
VIRT_BAL_ALB06,Virtual - BAL ALB06,PREC,Precipitazione,mm,2026-04-23T21:30,0.0,40.45,19.48,9940451948,"{""type"": ""Point"", ""coordinates"": [19.48, 40.45]}",10.0,2026-04-23T21:42:07,VIRTUAL_ALBANIA,Albania
VIRT_BAL_ALB07,Virtual - BAL ALB07,TARIA2M,Temperatura aria a 2m,°C,2026-04-23T21:30,14.8,40.3,19.45,994031945,"{""type"": ""Point"", ""coordinates"": [19.45, 40.3]}",10.0,2026-04-23T21:42:07,VIRTUAL_ALBANIA,Albania
VIRT_BAL_ALB07,Virtual - BAL ALB07,PRESS,Pressione atmosferica,hPa,2026-04-23T21:30,1013.1,40.3,19.45,994031945,"{""type"": ""Point"", ""coordinates"": [19.45, 40.3]}",10.0,2026-04-23T21:42:07,VIRTUAL_ALBANIA,Albania
VIRT_BAL_ALB07,Virtual - BAL ALB07,VV,Velocità vento,m/s,2026-04-23T21:30,3.75,40.3,19.45,994031945,"{""type"": ""Point"", ""coordinates"": [19.45, 40.3]}",10.0,2026-04-23T21:42:07,VIRTUAL_ALBANIA,Albania
VIRT_BAL_ALB07,Virtual - BAL ALB07,PREC,Precipitazione,mm,2026-04-23T21:30,0.0,40.3,19.45,994031945,"{""type"": ""Point"", ""coordinates"": [19.45, 40.3]}",10.0,2026-04-23T21:42:07,VIRTUAL_ALBANIA,Albania
VIRT_BAL_ALB08,Virtual - BAL ALB08,TARIA2M,Temperatura aria a 2m,°C,2026-04-23T21:30,12.0,40.1,19.8,99401198,"{""type"": ""Point"", ""coordinates"": [19.8, 40.1]}",10.0,2026-04-23T21:42:07,VIRTUAL_ALBANIA,Albania
VIRT_BAL_ALB08,Virtual - BAL ALB08,PRESS,Pressione atmosferica,hPa,2026-04-23T21:30,978.5,40.1,19.8,99401198,"{""type"": ""Point"", ""coordinates"": [19.8, 40.1]}",10.0,2026-04-23T21:42:07,VIRTUAL_ALBANIA,Albania
VIRT_BAL_ALB08,Virtual - BAL ALB08,VV,Velocità vento,m/s,2026-04-23T21:30,4.22,40.1,19.8,99401198,"{""type"": ""Point"", ""coordinates"": [19.8, 40.1]}",10.0,2026-04-23T21:42:07,VIRTUAL_ALBANIA,Albania
VIRT_BAL_ALB08,Virtual - BAL ALB08,PREC,Precipitazione,mm,2026-04-23T21:30,0.0,40.1,19.8,99401198,"{""type"": ""Point"", ""coordinates"": [19.8, 40.1]}",10.0,2026-04-23T21:42:07,VIRTUAL_ALBANIA,Albania
VIRT_BAL_ALB09,Virtual - BAL ALB09,TARIA2M,Temperatura aria a 2m,°C,2026-04-23T21:30,13.2,39.9,20.0,99399200,"{""type"": ""Point"", ""coordinates"": [20.0, 39.9]}",10.0,2026-04-23T21:42:07,VIRTUAL_ALBANIA,Albania
VIRT_BAL_ALB09,Virtual - BAL ALB09,PRESS,Pressione atmosferica,hPa,2026-04-23T21:30,976.8,39.9,20.0,99399200,"{""type"": ""Point"", ""coordinates"": [20.0, 39.9]}",10.0,2026-04-23T21:42:07,VIRTUAL_ALBANIA,Albania
VIRT_BAL_ALB09,Virtual - BAL ALB09,VV,Velocità vento,m/s,2026-04-23T21:30,1.58,39.9,20.0,99399200,"{""type"": ""Point"", ""coordinates"": [20.0, 39.9]}",10.0,2026-04-23T21:42:07,VIRTUAL_ALBANIA,Albania
VIRT_BAL_ALB09,Virtual - BAL ALB09,PREC,Precipitazione,mm,2026-04-23T21:30,0.0,39.9,20.0,99399200,"{""type"": ""Point"", ""coordinates"": [20.0, 39.9]}",10.0,2026-04-23T21:42:07,VIRTUAL_ALBANIA,Albania
VIRT_BAL_ALB10,Virtual - BAL ALB10,TARIA2M,Temperatura aria a 2m,°C,2026-04-23T21:30,16.6,39.85,19.85,9939851985,"{""type"": ""Point"", ""coordinates"": [19.85, 39.85]}",10.0,2026-04-23T21:42:07,VIRTUAL_ALBANIA,Albania
VIRT_BAL_ALB10,Virtual - BAL ALB10,PRESS,Pressione atmosferica,hPa,2026-04-23T21:30,1013.6,39.85,19.85,9939851985,"{""type"": ""Point"", ""coordinates"": [19.85, 39.85]}",10.0,2026-04-23T21:42:07,VIRTUAL_ALBANIA,Albania
VIRT_BAL_ALB10,Virtual - BAL ALB10,VV,Velocità vento,m/s,2026-04-23T21:30,2.19,39.85,19.85,9939851985,"{""type"": ""Point"", ""coordinates"": [19.85, 39.85]}",10.0,2026-04-23T21:42:07,VIRTUAL_ALBANIA,Albania
VIRT_BAL_ALB10,Virtual - BAL ALB10,PREC,Precipitazione,mm,2026-04-23T21:30,0.0,39.85,19.85,9939851985,"{""type"": ""Point"", ""coordinates"": [19.85, 39.85]}",10.0,2026-04-23T21:42:07,VIRTUAL_ALBANIA,Albania
VIRT_BAL_GRE01,Virtual - BAL GRE01,TARIA2M,Temperatura aria a 2m,°C,2026-04-23T21:30,15.8,39.62,19.92,9939621992,"{""type"": ""Point"", ""coordinates"": [19.92, 39.62]}",10.0,2026-04-23T21:42:07,VIRTUAL_GREECE,Greece
VIRT_BAL_GRE01,Virtual - BAL GRE01,PRESS,Pressione atmosferica,hPa,2026-04-23T21:30,1011.5,39.62,19.92,9939621992,"{""type"": ""Point"", ""coordinates"": [19.92, 39.62]}",10.0,2026-04-23T21:42:07,VIRTUAL_GREECE,Greece
VIRT_BAL_GRE01,Virtual - BAL GRE01,VV,Velocità vento,m/s,2026-04-23T21:30,2.31,39.62,19.92,9939621992,"{""type"": ""Point"", ""coordinates"": [19.92, 39.62]}",10.0,2026-04-23T21:42:07,VIRTUAL_GREECE,Greece
VIRT_BAL_GRE01,Virtual - BAL GRE01,PREC,Precipitazione,mm,2026-04-23T21:30,0.0,39.62,19.92,9939621992,"{""type"": ""Point"", ""coordinates"": [19.92, 39.62]}",10.0,2026-04-23T21:42:07,VIRTUAL_GREECE,Greece
VIRT_BAL_GRE02,Virtual - BAL GRE02,TARIA2M,Temperatura aria a 2m,°C,2026-04-23T21:30,15.8,39.5,19.8,99395198,"{""type"": ""Point"", ""coordinates"": [19.8, 39.5]}",10.0,2026-04-23T21:42:07,VIRTUAL_GREECE,Greece
VIRT_BAL_GRE02,Virtual - BAL GRE02,PRESS,Pressione atmosferica,hPa,2026-04-23T21:30,1013.3,39.5,19.8,99395198,"{""type"": ""Point"", ""coordinates"": [19.8, 39.5]}",10.0,2026-04-23T21:42:07,VIRTUAL_GREECE,Greece
VIRT_BAL_GRE02,Virtual - BAL GRE02,VV,Velocità vento,m/s,2026-04-23T21:30,2.69,39.5,19.8,99395198,"{""type"": ""Point"", ""coordinates"": [19.8, 39.5]}",10.0,2026-04-23T21:42:07,VIRTUAL_GREECE,Greece
VIRT_BAL_GRE02,Virtual - BAL GRE02,PREC,Precipitazione,mm,2026-04-23T21:30,0.0,39.5,19.8,99395198,"{""type"": ""Point"", ""coordinates"": [19.8, 39.5]}",10.0,2026-04-23T21:42:07,VIRTUAL_GREECE,Greece
VIRT_BAL_GRE03,Virtual - BAL GRE03,TARIA2M,Temperatura aria a 2m,°C,2026-04-23T21:30,16.6,39.4,20.0,99394200,"{""type"": ""Point"", ""coordinates"": [20.0, 39.4]}",10.0,2026-04-23T21:42:07,VIRTUAL_GREECE,Greece
VIRT_BAL_GRE03,Virtual - BAL GRE03,PRESS,Pressione atmosferica,hPa,2026-04-23T21:30,1007.7,39.4,20.0,99394200,"{""type"": ""Point"", ""coordinates"": [20.0, 39.4]}",10.0,2026-04-23T21:42:07,VIRTUAL_GREECE,Greece
VIRT_BAL_GRE03,Virtual - BAL GRE03,VV,Velocità vento,m/s,2026-04-23T21:30,2.42,39.4,20.0,99394200,"{""type"": ""Point"", ""coordinates"": [20.0, 39.4]}",10.0,2026-04-23T21:42:07,VIRTUAL_GREECE,Greece
VIRT_BAL_GRE03,Virtual - BAL GRE03,PREC,Precipitazione,mm,2026-04-23T21:30,0.0,39.4,20.0,99394200,"{""type"": ""Point"", ""coordinates"": [20.0, 39.4]}",10.0,2026-04-23T21:42:07,VIRTUAL_GREECE,Greece
VIRT_ION_01,Virtual - ION 01,TARIA2M,Temperatura aria a 2m,°C,2026-04-23T21:30,16.3,39.6,19.0,99396190,"{""type"": ""Point"", ""coordinates"": [19.0, 39.6]}",10.0,2026-04-23T21:42:07,VIRTUAL_IONIAN_SEA,Ionian_Sea
VIRT_ION_01,Virtual - ION 01,PRESS,Pressione atmosferica,hPa,2026-04-23T21:30,1014.5,39.6,19.0,99396190,"{""type"": ""Point"", ""coordinates"": [19.0, 39.6]}",10.0,2026-04-23T21:42:07,VIRTUAL_IONIAN_SEA,Ionian_Sea
VIRT_ION_01,Virtual - ION 01,VV,Velocità vento,m/s,2026-04-23T21:30,13.56,39.6,19.0,99396190,"{""type"": ""Point"", ""coordinates"": [19.0, 39.6]}",10.0,2026-04-23T21:42:07,VIRTUAL_IONIAN_SEA,Ionian_Sea
VIRT_ION_01,Virtual - ION 01,PREC,Precipitazione,mm,2026-04-23T21:30,0.0,39.6,19.0,99396190,"{""type"": ""Point"", ""coordinates"": [19.0, 39.6]}",10.0,2026-04-23T21:42:07,VIRTUAL_IONIAN_SEA,Ionian_Sea
VIRT_ION_02,Virtual - ION 02,TARIA2M,Temperatura aria a 2m,°C,2026-04-23T21:30,16.5,39.5,19.3,99395193,"{""type"": ""Point"", ""coordinates"": [19.3, 39.5]}",10.0,2026-04-23T21:42:07,VIRTUAL_IONIAN_SEA,Ionian_Sea
VIRT_ION_02,Virtual - ION 02,PRESS,Pressione atmosferica,hPa,2026-04-23T21:30,1014.0,39.5,19.3,99395193,"{""type"": ""Point"", ""coordinates"": [19.3, 39.5]}",10.0,2026-04-23T21:42:07,VIRTUAL_IONIAN_SEA,Ionian_Sea
VIRT_ION_02,Virtual - ION 02,VV,Velocità vento,m/s,2026-04-23T21:30,13.5,39.5,19.3,99395193,"{""type"": ""Point"", ""coordinates"": [19.3, 39.5]}",10.0,2026-04-23T21:42:07,VIRTUAL_IONIAN_SEA,Ionian_Sea
VIRT_ION_02,Virtual - ION 02,PREC,Precipitazione,mm,2026-04-23T21:30,0.0,39.5,19.3,99395193,"{""type"": ""Point"", ""coordinates"": [19.3, 39.5]}",10.0,2026-04-23T21:42:07,VIRTUAL_IONIAN_SEA,Ionian_Sea
VIRT_ION_03,Virtual - ION 03,TARIA2M,Temperatura aria a 2m,°C,2026-04-23T21:30,16.5,39.7,19.4,99397194,"{""type"": ""Point"", ""coordinates"": [19.4, 39.7]}",10.0,2026-04-23T21:42:07,VIRTUAL_IONIAN_SEA,Ionian_Sea
VIRT_ION_03,Virtual - ION 03,PRESS,Pressione atmosferica,hPa,2026-04-23T21:30,1014.0,39.7,19.4,99397194,"{""type"": ""Point"", ""coordinates"": [19.4, 39.7]}",10.0,2026-04-23T21:42:07,VIRTUAL_IONIAN_SEA,Ionian_Sea
VIRT_ION_03,Virtual - ION 03,VV,Velocità vento,m/s,2026-04-23T21:30,12.92,39.7,19.4,99397194,"{""type"": ""Point"", ""coordinates"": [19.4, 39.7]}",10.0,2026-04-23T21:42:07,VIRTUAL_IONIAN_SEA,Ionian_Sea
VIRT_ION_03,Virtual - ION 03,PREC,Precipitazione,mm,2026-04-23T21:30,0.0,39.7,19.4,99397194,"{""type"": ""Point"", ""coordinates"": [19.4, 39.7]}",10.0,2026-04-23T21:42:07,VIRTUAL_IONIAN_SEA,Ionian_Sea
VIRT_ION_04,Virtual - ION 04,TARIA2M,Temperatura aria a 2m,°C,2026-04-23T21:30,16.6,39.4,19.5,99394195,"{""type"": ""Point"", ""coordinates"": [19.5, 39.4]}",10.0,2026-04-23T21:42:07,VIRTUAL_IONIAN_SEA,Ionian_Sea
VIRT_ION_04,Virtual - ION 04,PRESS,Pressione atmosferica,hPa,2026-04-23T21:30,1013.5,39.4,19.5,99394195,"{""type"": ""Point"", ""coordinates"": [19.5, 39.4]}",10.0,2026-04-23T21:42:07,VIRTUAL_IONIAN_SEA,Ionian_Sea
VIRT_ION_04,Virtual - ION 04,VV,Velocità vento,m/s,2026-04-23T21:30,12.97,39.4,19.5,99394195,"{""type"": ""Point"", ""coordinates"": [19.5, 39.4]}",10.0,2026-04-23T21:42:07,VIRTUAL_IONIAN_SEA,Ionian_Sea
VIRT_ION_04,Virtual - ION 04,PREC,Precipitazione,mm,2026-04-23T21:30,0.0,39.4,19.5,99394195,"{""type"": ""Point"", ""coordinates"": [19.5, 39.4]}",10.0,2026-04-23T21:42:07,VIRTUAL_IONIAN_SEA,Ionian_Sea
VIRT_ION_05,Virtual - ION 05,TARIA2M,Temperatura aria a 2m,°C,2026-04-23T21:30,15.6,39.8,19.6,99398196,"{""type"": ""Point"", ""coordinates"": [19.6, 39.8]}",10.0,2026-04-23T21:42:07,VIRTUAL_IONIAN_SEA,Ionian_Sea
VIRT_ION_05,Virtual - ION 05,PRESS,Pressione atmosferica,hPa,2026-04-23T21:30,1013.7,39.8,19.6,99398196,"{""type"": ""Point"", ""coordinates"": [19.6, 39.8]}",10.0,2026-04-23T21:42:07,VIRTUAL_IONIAN_SEA,Ionian_Sea
VIRT_ION_05,Virtual - ION 05,VV,Velocità vento,m/s,2026-04-23T21:30,2.5,39.8,19.6,99398196,"{""type"": ""Point"", ""coordinates"": [19.6, 39.8]}",10.0,2026-04-23T21:42:07,VIRTUAL_IONIAN_SEA,Ionian_Sea
VIRT_ION_05,Virtual - ION 05,PREC,Precipitazione,mm,2026-04-23T21:30,0.0,39.8,19.6,99398196,"{""type"": ""Point"", ""coordinates"": [19.6, 39.8]}",10.0,2026-04-23T21:42:07,VIRTUAL_IONIAN_SEA,Ionian_Sea
VIRT_ION_06,Virtual - ION 06,TARIA2M,Temperatura aria a 2m,°C,2026-04-23T21:30,15.1,39.6,19.7,99396197,"{""type"": ""Point"", ""coordinates"": [19.7, 39.6]}",10.0,2026-04-23T21:42:07,VIRTUAL_IONIAN_SEA,Ionian_Sea
VIRT_ION_06,Virtual - ION 06,PRESS,Pressione atmosferica,hPa,2026-04-23T21:30,1013.5,39.6,19.7,99396197,"{""type"": ""Point"", ""coordinates"": [19.7, 39.6]}",10.0,2026-04-23T21:42:07,VIRTUAL_IONIAN_SEA,Ionian_Sea
VIRT_ION_06,Virtual - ION 06,VV,Velocità vento,m/s,2026-04-23T21:30,3.56,39.6,19.7,99396197,"{""type"": ""Point"", ""coordinates"": [19.7, 39.6]}",10.0,2026-04-23T21:42:07,VIRTUAL_IONIAN_SEA,Ionian_Sea
VIRT_ION_06,Virtual - ION 06,PREC,Precipitazione,mm,2026-04-23T21:30,0.0,39.6,19.7,99396197,"{""type"": ""Point"", ""coordinates"": [19.7, 39.6]}",10.0,2026-04-23T21:42:07,VIRTUAL_IONIAN_SEA,Ionian_Sea
VIRT_ION_07,Virtual - ION 07,TARIA2M,Temperatura aria a 2m,°C,2026-04-23T21:30,16.2,39.5,18.8,99395188,"{""type"": ""Point"", ""coordinates"": [18.8, 39.5]}",10.0,2026-04-23T21:42:07,VIRTUAL_IONIAN_SEA,Ionian_Sea
VIRT_ION_07,Virtual - ION 07,PRESS,Pressione atmosferica,hPa,2026-04-23T21:30,1014.7,39.5,18.8,99395188,"{""type"": ""Point"", ""coordinates"": [18.8, 39.5]}",10.0,2026-04-23T21:42:07,VIRTUAL_IONIAN_SEA,Ionian_Sea
VIRT_ION_07,Virtual - ION 07,VV,Velocità vento,m/s,2026-04-23T21:30,13.42,39.5,18.8,99395188,"{""type"": ""Point"", ""coordinates"": [18.8, 39.5]}",10.0,2026-04-23T21:42:07,VIRTUAL_IONIAN_SEA,Ionian_Sea
VIRT_ION_07,Virtual - ION 07,PREC,Precipitazione,mm,2026-04-23T21:30,0.0,39.5,18.8,99395188,"{""type"": ""Point"", ""coordinates"": [18.8, 39.5]}",10.0,2026-04-23T21:42:07,VIRTUAL_IONIAN_SEA,Ionian_Sea
VIRT_ION_08,Virtual - ION 08,TARIA2M,Temperatura aria a 2m,°C,2026-04-23T21:30,16.5,39.4,19.1,99394191,"{""type"": ""Point"", ""coordinates"": [19.1, 39.4]}",10.0,2026-04-23T21:42:07,VIRTUAL_IONIAN_SEA,Ionian_Sea
VIRT_ION_08,Virtual - ION 08,PRESS,Pressione atmosferica,hPa,2026-04-23T21:30,1014.1,39.4,19.1,99394191,"{""type"": ""Point"", ""coordinates"": [19.1, 39.4]}",10.0,2026-04-23T21:42:07,VIRTUAL_IONIAN_SEA,Ionian_Sea
VIRT_ION_08,Virtual - ION 08,VV,Velocità vento,m/s,2026-04-23T21:30,13.75,39.4,19.1,99394191,"{""type"": ""Point"", ""coordinates"": [19.1, 39.4]}",10.0,2026-04-23T21:42:07,VIRTUAL_IONIAN_SEA,Ionian_Sea
VIRT_ION_08,Virtual - ION 08,PREC,Precipitazione,mm,2026-04-23T21:30,0.0,39.4,19.1,99394191,"{""type"": ""Point"", ""coordinates"": [19.1, 39.4]}",10.0,2026-04-23T21:42:07,VIRTUAL_IONIAN_SEA,Ionian_Sea
